cyclone_id,season,name,subbasin,timestamp,lat,lon,wind_speed,pressure,category,sst,wind_u,wind_v,pressure_msl,pre_genesis_favorable
2013130N04093,2013,MAHASEN:VIYARU,BB,2013-05-09 18:00:00,4.4,93.0,,,,29.66,-2.992782592773437,1.96875,1006.9,True
2013130N04093,2013,MAHASEN:VIYARU,BB,2013-05-09 21:00:00,4.4,93.3,,,,29.61,0.8620147705078125,-1.46063232421875,1005.1,True
2013130N04093,2013,MAHASEN:VIYARU,BB,2013-05-10 00:00:00,4.5,93.5,,,,29.32,-5.360870361328125,-10.5531005859375,1003.7,True
2013130N04093,2013,MAHASEN:VIYARU,BB,2013-05-10 03:00:00,4.7,93.3,,,,29.4,6.3885650634765625,-6.5087890625,1005.9,True
2013130N04093,2013,MAHASEN:VIYARU,BB,2013-05-10 06:00:00,4.9,93.0,,,,29.37,9.316986083984377,-5.56158447265625,1004.4,True
2013130N04093,2013,MAHASEN:VIYARU,BB,2013-05-10 09:00:00,5.1,92.6,46.3,1004.0,Depression,29.35,11.9666748046875,-1.6301116943359375,1004.3,True
2013130N04093,2013,MAHASEN:VIYARU,BB,2013-05-10 12:00:00,5.4,92.3,55.6,1002.0,Deep Depression,29.38,12.055816650390623,1.92645263671875,1003.8,True
2013130N04093,2013,MAHASEN:VIYARU,BB,2013-05-10 15:00:00,5.8,92.0,55.6,1001.0,Deep Depression,29.56,8.815444946289062,-0.06329345703125,1005.5,True
2013130N04093,2013,MAHASEN:VIYARU,BB,2013-05-10 18:00:00,6.1,91.7,55.6,1000.0,Deep Depression,29.76,13.341064453125,1.14398193359375,1004.5,True
2013130N04093,2013,MAHASEN:VIYARU,BB,2013-05-10 21:00:00,6.4,91.3,55.6,999.0,Deep Depression,29.98,12.879852294921877,-4.213104248046875,1001.4,True
2013130N04093,2013,MAHASEN:VIYARU,BB,2013-05-11 00:00:00,6.8,91.0,55.6,998.0,Deep Depression,29.89,11.286300659179688,3.385162353515625,1002.8,True
2013130N04093,2013,MAHASEN:VIYARU,BB,2013-05-11 03:00:00,7.3,90.4,64.8,996.0,Cyclonic Storm,29.94,11.895889282226562,-2.9470672607421875,1004.4,False
2013130N04093,2013,MAHASEN:VIYARU,BB,2013-05-11 06:00:00,7.8,90.2,64.8,996.0,Cyclonic Storm,30.02,11.131500244140623,-4.125152587890625,1003.7,False
2013130N04093,2013,MAHASEN:VIYARU,BB,2013-05-11 09:00:00,7.9,89.7,64.8,996.0,Cyclonic Storm,30.2,9.282333374023438,-7.139190673828125,1001.6,False
2013130N04093,2013,MAHASEN:VIYARU,BB,2013-05-11 12:00:00,8.3,89.2,74.1,994.0,Cyclonic Storm,30.45,8.911605834960938,-1.6399993896484375,1001.5,False
2013130N04093,2013,MAHASEN:VIYARU,BB,2013-05-11 15:00:00,8.7,88.8,74.1,994.0,Cyclonic Storm,30.69,8.466018676757812,-3.496810913085937,1003.3,False
2013130N04093,2013,MAHASEN:VIYARU,BB,2013-05-11 18:00:00,9.1,88.7,74.1,994.0,Cyclonic Storm,30.68,8.261810302734375,-2.0396881103515625,1000.5,False
2013130N04093,2013,MAHASEN:VIYARU,BB,2013-05-11 21:00:00,9.4,88.3,74.1,994.0,Cyclonic Storm,30.84,-0.0185699462890625,-8.011398315429688,997.5,False
2013130N04093,2013,MAHASEN:VIYARU,BB,2013-05-12 00:00:00,9.8,87.9,74.1,994.0,Cyclonic Storm,30.53,-6.6409759521484375,0.961700439453125,998.9,False
2013130N04093,2013,MAHASEN:VIYARU,BB,2013-05-12 03:00:00,9.8,87.5,74.1,994.0,Cyclonic Storm,30.53,14.770370483398438,0.82696533203125,1002.1,False
2013130N04093,2013,MAHASEN:VIYARU,BB,2013-05-12 06:00:00,10.0,87.5,74.1,994.0,Cyclonic Storm,30.58,16.385391235351562,3.920822143554688,999.8,False
2013130N04093,2013,MAHASEN:VIYARU,BB,2013-05-12 09:00:00,10.3,87.1,74.1,994.0,Cyclonic Storm,30.76,19.73915100097656,3.609222412109375,997.7,False
2013130N04093,2013,MAHASEN:VIYARU,BB,2013-05-12 12:00:00,10.4,87.0,74.1,994.0,Cyclonic Storm,30.78,16.834609985351562,-2.6822967529296875,994.0,False
2013130N04093,2013,MAHASEN:VIYARU,BB,2013-05-12 15:00:00,10.5,86.7,74.1,994.0,Cyclonic Storm,30.82,19.741973876953125,0.0263519287109375,998.8,False
2013130N04093,2013,MAHASEN:VIYARU,BB,2013-05-12 18:00:00,10.9,86.6,74.1,994.0,Cyclonic Storm,30.9,12.7784423828125,-10.863418579101562,997.0,False
2013130N04093,2013,MAHASEN:VIYARU,BB,2013-05-12 21:00:00,11.0,86.5,74.1,994.0,Cyclonic Storm,30.9,19.6490478515625,-5.878189086914063,996.8,False
2013130N04093,2013,MAHASEN:VIYARU,BB,2013-05-13 00:00:00,11.5,86.5,74.1,994.0,Cyclonic Storm,30.97,11.449630737304688,-3.589599609375,992.4,False
2013130N04093,2013,MAHASEN:VIYARU,BB,2013-05-13 03:00:00,11.8,86.4,74.1,994.0,Cyclonic Storm,30.94,3.0124053955078125,6.730377197265625,995.4,False
2013130N04093,2013,MAHASEN:VIYARU,BB,2013-05-13 06:00:00,12.0,86.4,74.1,994.0,Cyclonic Storm,30.9,2.670257568359375,10.164306640625,995.5,False
2013130N04093,2013,MAHASEN:VIYARU,BB,2013-05-13 09:00:00,12.0,85.9,74.1,994.0,Cyclonic Storm,30.89,8.218551635742188,2.0980987548828125,990.4,False
2013130N04093,2013,MAHASEN:VIYARU,BB,2013-05-13 12:00:00,12.2,85.8,74.1,994.0,Cyclonic Storm,30.88,18.015838623046875,3.558807373046875,992.5,False
2013130N04093,2013,MAHASEN:VIYARU,BB,2013-05-13 15:00:00,12.6,85.7,74.1,994.0,Cyclonic Storm,30.89,17.2059326171875,10.744400024414062,994.0,False
2013130N04093,2013,MAHASEN:VIYARU,BB,2013-05-13 18:00:00,12.8,85.5,74.1,994.0,Cyclonic Storm,30.89,14.303558349609377,-5.032562255859375,994.3,False
2013130N04093,2013,MAHASEN:VIYARU,BB,2013-05-13 21:00:00,13.2,85.4,74.1,994.0,Cyclonic Storm,30.91,8.274932861328125,-3.510650634765625,992.2,False
2013130N04093,2013,MAHASEN:VIYARU,BB,2013-05-14 00:00:00,13.6,85.5,74.1,994.0,Cyclonic Storm,30.28,10.906341552734377,-0.777252197265625,993.2,False
2013130N04093,2013,MAHASEN:VIYARU,BB,2013-05-14 03:00:00,13.7,85.5,74.1,994.0,Cyclonic Storm,30.22,8.156768798828125,1.9864959716796875,993.5,False
2013130N04093,2013,MAHASEN:VIYARU,BB,2013-05-14 06:00:00,14.1,85.7,74.1,994.0,Cyclonic Storm,30.19,1.7725372314453125,-0.5990447998046875,992.5,False
2013130N04093,2013,MAHASEN:VIYARU,BB,2013-05-14 09:00:00,14.2,85.7,74.1,994.0,Cyclonic Storm,30.18,6.0132598876953125,-12.804489135742188,992.8,False
2013130N04093,2013,MAHASEN:VIYARU,BB,2013-05-14 12:00:00,14.6,86.1,74.1,994.0,Cyclonic Storm,30.09,10.067108154296877,-6.424850463867188,993.2,False
2013130N04093,2013,MAHASEN:VIYARU,BB,2013-05-14 15:00:00,14.8,86.2,74.1,994.0,Cyclonic Storm,29.89,8.049362182617188,-5.540863037109375,994.4,False
2013130N04093,2013,MAHASEN:VIYARU,BB,2013-05-14 18:00:00,15.3,86.6,74.1,994.0,Cyclonic Storm,29.71,8.039657592773438,-3.429595947265625,994.0,False
2013130N04093,2013,MAHASEN:VIYARU,BB,2013-05-14 21:00:00,15.8,86.7,74.1,994.0,Cyclonic Storm,29.76,8.97442626953125,1.023284912109375,990.6,False
2013130N04093,2013,MAHASEN:VIYARU,BB,2013-05-15 00:00:00,16.3,87.1,74.1,994.0,Cyclonic Storm,29.47,4.249176025390625,4.97015380859375,992.5,False
2013130N04093,2013,MAHASEN:VIYARU,BB,2013-05-15 03:00:00,16.7,87.2,74.1,992.0,Cyclonic Storm,29.42,5.3946533203125,-6.1829986572265625,994.1,False
2013130N04093,2013,MAHASEN:VIYARU,BB,2013-05-15 06:00:00,17.3,87.6,83.3,990.0,Cyclonic Storm,29.3,1.79052734375,-5.984664916992188,994.2,False
2013130N04093,2013,MAHASEN:VIYARU,BB,2013-05-15 09:00:00,17.7,87.7,83.3,990.0,Cyclonic Storm,29.39,3.478240966796875,-5.982711791992188,993.6,False
2013130N04093,2013,MAHASEN:VIYARU,BB,2013-05-15 12:00:00,18.3,88.2,83.3,990.0,Cyclonic Storm,29.58,7.2080078125,-1.5854644775390625,992.5,False
2013130N04093,2013,MAHASEN:VIYARU,BB,2013-05-15 15:00:00,18.8,88.6,83.3,990.0,Cyclonic Storm,29.58,4.506317138671875,-9.256423950195312,993.9,False
2013130N04093,2013,MAHASEN:VIYARU,BB,2013-05-15 18:00:00,19.3,88.8,83.3,990.0,Cyclonic Storm,29.45,4.3159942626953125,-8.703231811523438,994.9,False
2013130N04093,2013,MAHASEN:VIYARU,BB,2013-05-15 21:00:00,19.8,89.2,83.3,990.0,Cyclonic Storm,29.18,5.9073333740234375,-5.7068634033203125,993.3,False
2013130N04093,2013,MAHASEN:VIYARU,BB,2013-05-16 00:00:00,20.4,89.7,83.3,990.0,Cyclonic Storm,29.01,12.268356323242188,-11.44830322265625,996.3,False
2013130N04093,2013,MAHASEN:VIYARU,BB,2013-05-16 03:00:00,21.2,90.2,83.3,990.0,Cyclonic Storm,28.47,14.2071533203125,-5.189178466796875,997.1,False
2013130N04093,2013,MAHASEN:VIYARU,BB,2013-05-16 06:00:00,22.5,91.0,83.3,990.0,Cyclonic Storm,27.67,-5.7186126708984375,3.684524536132813,995.1,False
2013130N04093,2013,MAHASEN:VIYARU,BB,2013-05-16 09:00:00,23.4,91.9,74.1,994.0,Cyclonic Storm,,-1.230926513671875,-2.3342742919921875,997.3,False
2013130N04093,2013,MAHASEN:VIYARU,BB,2013-05-16 12:00:00,24.1,92.5,55.6,996.0,Deep Depression,,-1.0299530029296875,0.3188018798828125,998.6,False
2013130N04093,2013,MAHASEN:VIYARU,BB,2013-05-16 15:00:00,24.5,93.0,51.9,997.0,Deep Depression,,-0.823577880859375,0.7085418701171875,1000.4,False
2013130N04093,2013,MAHASEN:VIYARU,BB,2013-05-16 18:00:00,25.0,93.5,46.3,998.0,Depression,,-0.3022003173828125,1.124237060546875,1003.6,False
2013149N21090,2013,UNNAMED,BB,2013-05-29 03:00:00,21.0,89.5,46.3,996.0,Depression,28.57,-4.034713745117188,10.419448852539062,993.9,True
2013149N21090,2013,UNNAMED,BB,2013-05-29 06:00:00,21.3,89.3,46.3,996.0,Depression,28.51,-6.40313720703125,8.151107788085938,993.3,True
2013149N21090,2013,UNNAMED,BB,2013-05-29 09:00:00,21.5,89.0,46.3,996.0,Depression,28.52,-6.4033966064453125,5.6932220458984375,991.9,True
2013149N21090,2013,UNNAMED,BB,2013-05-29 12:00:00,21.7,88.8,46.3,994.0,Depression,28.61,-8.125503540039062,-1.9039459228515625,991.6,True
2013149N21090,2013,UNNAMED,BB,2013-05-29 15:00:00,22.0,88.7,37.0,994.0,Depression,,-7.648040771484375,-0.4997711181640625,993.4,False
2013149N21090,2013,UNNAMED,BB,2013-05-29 18:00:00,22.1,88.4,37.0,994.0,Depression,,-5.9926605224609375,3.864166259765625,992.8,False
2013149N21090,2013,UNNAMED,BB,2013-05-29 21:00:00,22.1,88.1,37.0,994.0,Depression,,-3.4133453369140625,-2.821151733398437,989.8,False
2013149N21090,2013,UNNAMED,BB,2013-05-30 00:00:00,22.2,87.8,37.0,994.0,Depression,,-3.570068359375,-4.822280883789063,991.2,False
2013149N21090,2013,UNNAMED,BB,2013-05-30 03:00:00,22.3,87.5,37.0,990.0,Depression,,1.0513458251953125,-3.3496856689453125,992.4,False
2013149N21090,2013,UNNAMED,BB,2013-05-30 06:00:00,22.3,87.5,37.0,990.0,Depression,,4.330978393554688,1.1663970947265625,992.6,False
2013149N21090,2013,UNNAMED,BB,2013-05-30 09:00:00,22.5,87.4,37.0,990.0,Depression,,4.8218536376953125,3.76885986328125,992.0,False
2013149N21090,2013,UNNAMED,BB,2013-05-30 12:00:00,22.7,87.3,37.0,990.0,Depression,,3.816482543945313,0.5522003173828125,991.4,False
2013149N21090,2013,UNNAMED,BB,2013-05-30 15:00:00,22.7,87.2,37.0,990.0,Depression,,4.500747680664063,3.620361328125,993.7,False
2013149N21090,2013,UNNAMED,BB,2013-05-30 18:00:00,22.8,87.2,37.0,990.0,Depression,,5.518814086914063,5.441207885742188,994.6,False
2013149N21090,2013,UNNAMED,BB,2013-05-30 21:00:00,23.1,87.2,37.0,990.0,Depression,,5.6784210205078125,5.59466552734375,993.9,False
2013149N21090,2013,UNNAMED,BB,2013-05-31 00:00:00,23.5,87.1,37.0,990.0,Depression,,5.729766845703125,3.340789794921875,995.7,False
2013149N21090,2013,UNNAMED,BB,2013-05-31 03:00:00,24.0,87.0,37.0,990.0,Depression,,5.5245361328125,3.9660491943359375,998.4,False
2013149N21090,2013,UNNAMED,BB,2013-05-31 06:00:00,24.5,87.0,37.0,994.0,Depression,,5.275848388671875,5.5778350830078125,998.9,False
2013149N21090,2013,UNNAMED,BB,2013-05-31 09:00:00,25.0,87.0,37.0,996.0,Depression,,1.1784210205078125,4.6479034423828125,998.0,False
2013211N21088,2013,UNNAMED,BB,2013-07-30 03:00:00,21.0,88.0,46.3,990.0,Depression,28.97,7.328155517578125,8.952911376953125,994.8,True
2013211N21088,2013,UNNAMED,BB,2013-07-30 06:00:00,21.5,87.5,46.3,990.0,Depression,29.09,-1.3741607666015625,2.0650787353515625,993.9,True
2013211N21088,2013,UNNAMED,BB,2013-07-30 09:00:00,21.7,87.3,46.3,990.0,Depression,,-1.7635650634765625,2.7321319580078125,991.8,False
2013211N21088,2013,UNNAMED,BB,2013-07-30 12:00:00,21.7,87.0,46.3,990.0,Depression,,-0.35662841796875,2.7549591064453125,991.9,False
2013211N21088,2013,UNNAMED,BB,2013-07-30 15:00:00,21.7,86.3,42.6,991.0,Depression,,-0.3011322021484375,1.529083251953125,995.8,False
2013211N21088,2013,UNNAMED,BB,2013-07-30 18:00:00,21.7,85.5,37.0,992.0,Depression,,0.97406005859375,1.2638702392578125,995.3,False
2013211N21088,2013,UNNAMED,BB,2013-07-30 21:00:00,21.8,84.8,37.0,992.0,Depression,,-0.0838165283203125,1.22613525390625,993.3,False
2013211N21088,2013,UNNAMED,BB,2013-07-31 00:00:00,21.8,84.0,37.0,992.0,Depression,,0.053070068359375,2.4090118408203125,993.0,False
2013211N21088,2013,UNNAMED,BB,2013-07-31 03:00:00,21.8,83.0,37.0,992.0,Depression,,-1.0317230224609375,-0.6746978759765625,993.7,False
2013211N21088,2013,UNNAMED,BB,2013-07-31 06:00:00,21.8,82.5,37.0,992.0,Depression,,-1.8655548095703125,-2.279998779296875,993.6,False
2013211N21088,2013,UNNAMED,BB,2013-07-31 09:00:00,21.9,81.5,37.0,992.0,Depression,,-3.3330230712890625,-2.0388946533203125,991.1,False
2013211N21088,2013,UNNAMED,BB,2013-07-31 12:00:00,22.0,80.5,37.0,992.0,Depression,,-1.061370849609375,-1.4656524658203125,992.2,False
2013211N21088,2013,UNNAMED,BB,2013-07-31 15:00:00,22.1,79.9,37.0,992.0,Depression,,-0.0674591064453125,-2.4512481689453125,994.3,False
2013211N21088,2013,UNNAMED,BB,2013-07-31 18:00:00,22.2,79.7,37.0,992.0,Depression,,0.14813232421875,-2.794784545898437,995.7,False
2013211N21088,2013,UNNAMED,BB,2013-07-31 21:00:00,22.4,79.8,37.0,992.0,Depression,,-1.1265411376953125,-2.123809814453125,994.7,False
2013211N21088,2013,UNNAMED,BB,2013-08-01 00:00:00,22.5,80.0,37.0,992.0,Depression,,-1.1552886962890625,-1.12384033203125,995.3,False
2013232N22088,2013,UNNAMED,BB,2013-08-20 00:00:00,22.0,87.5,46.3,990.0,Depression,,-0.2651214599609375,1.46697998046875,994.0,False
2013232N22088,2013,UNNAMED,BB,2013-08-20 03:00:00,22.0,87.5,46.3,990.0,Depression,,0.7327880859375,2.760101318359375,995.3,False
2013232N22088,2013,UNNAMED,BB,2013-08-20 06:00:00,22.0,87.5,46.3,990.0,Depression,,0.5422515869140625,3.85394287109375,994.7,False
2013232N22088,2013,UNNAMED,BB,2013-08-20 09:00:00,22.1,87.5,46.3,990.0,Depression,,1.175567626953125,4.197784423828125,992.0,False
2013232N22088,2013,UNNAMED,BB,2013-08-20 12:00:00,22.3,87.5,46.3,990.0,Depression,,-1.0638580322265625,2.3846435546875,991.9,False
2013232N22088,2013,UNNAMED,BB,2013-08-20 15:00:00,22.4,87.5,46.3,990.0,Depression,,1.19537353515625,1.362548828125,993.6,False
2013232N22088,2013,UNNAMED,BB,2013-08-20 18:00:00,22.5,87.5,46.3,990.0,Depression,,3.0266265869140625,3.44781494140625,994.5,False
2013232N22088,2013,UNNAMED,BB,2013-08-20 21:00:00,22.9,87.4,42.6,990.0,Depression,,1.3240203857421875,2.8789825439453125,992.8,False
2013232N22088,2013,UNNAMED,BB,2013-08-21 00:00:00,23.3,87.0,37.0,990.0,Depression,,-0.43194580078125,2.4166717529296875,992.8,False
2013232N22088,2013,UNNAMED,BB,2013-08-21 03:00:00,23.3,86.0,37.0,992.0,Depression,,0.71435546875,0.4933013916015625,995.1,False
2013232N22088,2013,UNNAMED,BB,2013-08-21 06:00:00,23.2,85.7,37.0,992.0,Depression,,-1.925689697265625,2.063705444335937,995.5,False
2013232N22088,2013,UNNAMED,BB,2013-08-21 09:00:00,23.2,85.0,37.0,992.0,Depression,,-1.101226806640625,2.920394897460937,995.6,False
2013232N22088,2013,UNNAMED,BB,2013-08-21 12:00:00,23.2,84.0,37.0,991.0,Depression,,-0.276885986328125,0.99664306640625,995.1,False
2013232N22088,2013,UNNAMED,BB,2013-08-21 15:00:00,23.2,83.0,37.0,993.0,Depression,,0.8837738037109375,0.68072509765625,996.5,False
2013232N22088,2013,UNNAMED,BB,2013-08-21 18:00:00,23.2,82.2,37.0,994.0,Depression,,1.7315521240234375,-0.4139556884765625,997.5,False
2013232N22088,2013,UNNAMED,BB,2013-08-21 21:00:00,23.2,82.2,37.0,994.0,Depression,,0.549041748046875,0.618865966796875,996.0,False
2013232N22088,2013,UNNAMED,BB,2013-08-22 00:00:00,23.2,82.0,37.0,994.0,Depression,,-0.6725006103515625,0.8658599853515625,996.3,False
2013232N22088,2013,UNNAMED,BB,2013-08-22 03:00:00,23.2,80.7,37.0,994.0,Depression,,0.9783935546875,-3.654953002929688,997.9,False
2013232N22088,2013,UNNAMED,BB,2013-08-22 06:00:00,23.2,80.3,37.0,996.0,Depression,,0.6391143798828125,-4.757476806640625,998.2,False
2013232N22088,2013,UNNAMED,BB,2013-08-22 09:00:00,23.1,80.1,37.0,997.0,Depression,,-0.5470733642578125,-4.9701080322265625,997.0,False
2013232N22088,2013,UNNAMED,BB,2013-08-22 12:00:00,23.0,80.1,37.0,998.0,Depression,,-1.631256103515625,-3.033447265625,996.8,False
2013232N22088,2013,UNNAMED,BB,2013-08-22 15:00:00,22.9,80.1,37.0,998.0,Depression,,-2.11358642578125,-1.7407989501953125,999.0,False
2013232N22088,2013,UNNAMED,BB,2013-08-22 18:00:00,22.9,80.0,37.0,998.0,Depression,,-2.5238800048828125,-1.172576904296875,999.8,False
2013232N22088,2013,UNNAMED,BB,2013-08-22 21:00:00,22.8,79.9,37.0,998.0,Depression,,-2.332260131835937,-1.0789794921875,998.7,False
2013232N22088,2013,UNNAMED,BB,2013-08-23 00:00:00,22.8,79.8,37.0,998.0,Depression,,-2.9539337158203125,-1.941497802734375,999.0,False
2013281N12098,2013,PHAILIN,BB,2013-10-07 12:00:00,11.8,97.6,,,,28.05,9.85577392578125,2.1531524658203125,1006.7,True
2013281N12098,2013,PHAILIN,BB,2013-10-07 15:00:00,12.0,97.0,,,,28.18,10.64898681640625,1.1809234619140625,1008.2,True
2013281N12098,2013,PHAILIN,BB,2013-10-07 18:00:00,12.1,96.4,,,,28.27,11.827606201171877,0.1139678955078125,1006.7,True
2013281N12098,2013,PHAILIN,BB,2013-10-07 21:00:00,12.2,95.9,,,,28.37,11.217926025390623,-2.9286346435546875,1004.5,True
2013281N12098,2013,PHAILIN,BB,2013-10-08 00:00:00,12.3,95.6,,,,28.13,9.131683349609377,-3.97174072265625,1005.6,True
2013281N12098,2013,PHAILIN,BB,2013-10-08 03:00:00,12.4,95.5,46.3,1004.0,Depression,28.14,11.401687622070312,1.1020355224609375,1005.1,True
2013281N12098,2013,PHAILIN,BB,2013-10-08 06:00:00,12.4,95.2,46.3,1004.0,Depression,28.25,7.5293426513671875,10.893035888671877,1003.8,True
2013281N12098,2013,PHAILIN,BB,2013-10-08 09:00:00,12.4,94.9,46.3,1004.0,Depression,28.35,10.669036865234377,10.795074462890623,1000.2,True
2013281N12098,2013,PHAILIN,BB,2013-10-08 12:00:00,12.4,94.5,46.3,1003.0,Depression,28.51,14.571929931640623,10.658432006835938,1001.7,True
2013281N12098,2013,PHAILIN,BB,2013-10-08 15:00:00,12.5,94.2,46.3,1003.0,Depression,28.55,12.618911743164062,2.2891998291015625,1003.3,True
2013281N12098,2013,PHAILIN,BB,2013-10-08 18:00:00,12.7,94.0,46.3,1003.0,Depression,28.64,11.534286499023438,4.700973510742188,1002.4,True
2013281N12098,2013,PHAILIN,BB,2013-10-08 21:00:00,12.9,93.7,51.9,1003.0,Deep Depression,28.61,6.704345703125,7.717742919921875,999.8,True
2013281N12098,2013,PHAILIN,BB,2013-10-09 00:00:00,13.1,93.5,55.6,1002.0,Deep Depression,28.25,0.948394775390625,10.756683349609377,1001.3,True
2013281N12098,2013,PHAILIN,BB,2013-10-09 03:00:00,13.2,93.3,55.6,1001.0,Deep Depression,28.2,-4.3000030517578125,8.823287963867188,1002.4,True
2013281N12098,2013,PHAILIN,BB,2013-10-09 06:00:00,13.2,92.9,55.6,1000.0,Deep Depression,28.13,0.433013916015625,7.967254638671875,1000.6,True
2013281N12098,2013,PHAILIN,BB,2013-10-09 09:00:00,13.5,92.5,55.6,1000.0,Deep Depression,28.35,-3.3556060791015625,-0.5624847412109375,998.1,True
2013281N12098,2013,PHAILIN,BB,2013-10-09 12:00:00,13.6,92.4,64.8,999.0,Cyclonic Storm,28.35,5.9880218505859375,0.653076171875,998.0,False
2013281N12098,2013,PHAILIN,BB,2013-10-09 15:00:00,13.7,92.3,64.8,999.0,Cyclonic Storm,28.46,6.365249633789063,5.064498901367188,1000.1,False
2013281N12098,2013,PHAILIN,BB,2013-10-09 18:00:00,14.0,91.9,74.1,998.0,Cyclonic Storm,28.54,6.997238159179688,6.3297271728515625,998.8,False
2013281N12098,2013,PHAILIN,BB,2013-10-09 21:00:00,14.1,91.8,83.3,996.0,Cyclonic Storm,28.55,13.148635864257812,7.1395416259765625,998.5,False
2013281N12098,2013,PHAILIN,BB,2013-10-10 00:00:00,14.5,91.4,83.3,996.0,Cyclonic Storm,28.46,6.8385772705078125,5.190841674804688,997.8,False
2013281N12098,2013,PHAILIN,BB,2013-10-10 03:00:00,14.6,91.0,101.9,990.0,Severe Cyclonic Storm,28.51,11.182052612304688,5.3807373046875,999.8,False
2013281N12098,2013,PHAILIN,BB,2013-10-10 06:00:00,15.0,90.7,120.4,984.0,Very Severe Cyclonic Storm,28.56,6.294891357421875,6.04058837890625,996.6,False
2013281N12098,2013,PHAILIN,BB,2013-10-10 09:00:00,15.1,90.5,129.6,982.0,Very Severe Cyclonic Storm,28.6,10.577682495117188,5.775146484375,995.3,False
2013281N12098,2013,PHAILIN,BB,2013-10-10 12:00:00,15.4,90.1,138.9,976.0,Very Severe Cyclonic Storm,28.81,-0.42840576171875,1.101593017578125,993.5,False
2013281N12098,2013,PHAILIN,BB,2013-10-10 15:00:00,15.5,89.9,166.7,966.0,Extremely Severe Cyclonic Storm,28.81,2.943878173828125,11.883041381835938,995.7,False
2013281N12098,2013,PHAILIN,BB,2013-10-10 18:00:00,15.6,89.5,175.9,960.0,Extremely Severe Cyclonic Storm,28.98,7.518234252929687,9.161514282226562,994.0,False
2013281N12098,2013,PHAILIN,BB,2013-10-10 21:00:00,15.6,89.0,185.2,954.0,Extremely Severe Cyclonic Storm,29.16,11.233444213867188,4.00091552734375,992.0,False
2013281N12098,2013,PHAILIN,BB,2013-10-11 00:00:00,15.9,88.6,203.7,946.0,Extremely Severe Cyclonic Storm,29.07,-1.7181396484375,-2.727157592773437,990.6,False
2013281N12098,2013,PHAILIN,BB,2013-10-11 03:00:00,15.9,88.5,213.0,940.0,Extremely Severe Cyclonic Storm,29.07,4.1934661865234375,6.541061401367188,991.6,False
2013281N12098,2013,PHAILIN,BB,2013-10-11 06:00:00,16.2,88.3,213.0,940.0,Extremely Severe Cyclonic Storm,29.11,4.1347503662109375,9.804306030273438,989.9,False
2013281N12098,2013,PHAILIN,BB,2013-10-11 09:00:00,16.5,88.0,213.0,940.0,Extremely Severe Cyclonic Storm,29.21,4.937530517578125,11.33258056640625,987.4,False
2013281N12098,2013,PHAILIN,BB,2013-10-11 12:00:00,16.8,87.7,213.0,940.0,Extremely Severe Cyclonic Storm,29.31,-3.11639404296875,12.280303955078123,985.9,False
2013281N12098,2013,PHAILIN,BB,2013-10-11 15:00:00,16.8,87.3,213.0,940.0,Extremely Severe Cyclonic Storm,29.58,2.00048828125,10.330322265625,985.5,False
2013281N12098,2013,PHAILIN,BB,2013-10-11 18:00:00,16.9,87.0,213.0,940.0,Extremely Severe Cyclonic Storm,29.66,1.8033905029296875,9.86651611328125,983.3,False
2013281N12098,2013,PHAILIN,BB,2013-10-11 21:00:00,17.1,86.7,213.0,940.0,Extremely Severe Cyclonic Storm,29.72,7.475616455078125,13.88299560546875,981.3,False
2013281N12098,2013,PHAILIN,BB,2013-10-12 00:00:00,17.5,86.5,213.0,940.0,Extremely Severe Cyclonic Storm,28.58,-3.2117462158203125,10.79888916015625,976.5,False
2013281N12098,2013,PHAILIN,BB,2013-10-12 03:00:00,17.7,86.0,213.0,940.0,Extremely Severe Cyclonic Storm,28.55,-2.6741180419921875,5.879058837890625,975.3,False
2013281N12098,2013,PHAILIN,BB,2013-10-12 06:00:00,18.1,85.8,213.0,940.0,Extremely Severe Cyclonic Storm,28.63,6.59686279296875,9.324661254882812,973.6,False
2013281N12098,2013,PHAILIN,BB,2013-10-12 09:00:00,18.5,85.4,213.0,940.0,Extremely Severe Cyclonic Storm,28.75,0.9850311279296876,13.43499755859375,970.0,False
2013281N12098,2013,PHAILIN,BB,2013-10-12 12:00:00,18.7,85.2,213.0,940.0,Extremely Severe Cyclonic Storm,28.77,6.395721435546875,10.06036376953125,971.6,False
2013281N12098,2013,PHAILIN,BB,2013-10-12 15:00:00,19.1,85.1,213.0,940.0,Extremely Severe Cyclonic Storm,28.81,9.323455810546877,11.552520751953123,976.6,False
2013281N12098,2013,PHAILIN,BB,2013-10-12 18:00:00,19.5,84.9,185.2,956.0,Extremely Severe Cyclonic Storm,,0.989166259765625,15.958740234375,980.9,False
2013281N12098,2013,PHAILIN,BB,2013-10-12 21:00:00,19.9,84.6,166.7,966.0,Extremely Severe Cyclonic Storm,,-4.050506591796875,3.5629425048828125,982.7,False
2013281N12098,2013,PHAILIN,BB,2013-10-13 00:00:00,20.4,84.5,138.9,976.0,Very Severe Cyclonic Storm,,-5.831314086914063,4.835906982421875,986.5,False
2013281N12098,2013,PHAILIN,BB,2013-10-13 03:00:00,20.9,84.1,101.9,990.0,Severe Cyclonic Storm,,-4.4598541259765625,0.7193145751953125,989.0,False
2013281N12098,2013,PHAILIN,BB,2013-10-13 06:00:00,21.5,84.0,74.1,992.0,Cyclonic Storm,,-5.013717651367188,4.49835205078125,991.2,False
2013281N12098,2013,PHAILIN,BB,2013-10-13 09:00:00,22.0,83.9,64.8,993.0,Cyclonic Storm,,-2.882080078125,6.4502716064453125,991.1,False
2013281N12098,2013,PHAILIN,BB,2013-10-13 12:00:00,22.6,83.9,64.8,994.0,Cyclonic Storm,,-3.624954223632813,5.4727935791015625,994.9,False
2013281N12098,2013,PHAILIN,BB,2013-10-13 15:00:00,22.8,83.6,61.1,995.0,Deep Depression,,-0.701385498046875,1.94390869140625,998.1,False
2013281N12098,2013,PHAILIN,BB,2013-10-13 18:00:00,23.0,83.5,55.6,996.0,Deep Depression,,0.99957275390625,2.4290771484375,998.8,False
2013281N12098,2013,PHAILIN,BB,2013-10-13 21:00:00,23.2,83.7,55.6,998.0,Deep Depression,,2.056854248046875,4.238296508789063,998.9,False
2013281N12098,2013,PHAILIN,BB,2013-10-14 00:00:00,23.5,84.0,55.6,1000.0,Deep Depression,,1.6500244140625,3.878463745117188,1000.8,False
2013281N12098,2013,PHAILIN,BB,2013-10-14 03:00:00,23.9,84.2,51.9,1002.0,Deep Depression,,1.25390625,4.01416015625,1002.8,False
2013281N12098,2013,PHAILIN,BB,2013-10-14 06:00:00,24.5,84.2,46.3,1004.0,Depression,,2.041656494140625,5.536651611328125,1002.7,False
2013305N07141,2013,UNNAMED,MM,2013-11-01 06:00:00,7.0,141.0,,,,28.7,-6.323486328125,-1.93634033203125,1010.8,True
2013305N07141,2013,UNNAMED,MM,2013-11-01 09:00:00,7.1,140.3,,,,28.7,-6.365493774414063,-2.451644897460937,1008.5,True
2013305N07141,2013,UNNAMED,MM,2013-11-01 12:00:00,7.1,139.6,,,,28.7,-7.048797607421875,-3.127410888671875,1009.2,True
2013305N07141,2013,UNNAMED,MM,2013-11-01 15:00:00,7.0,138.9,,,,28.7,-6.94097900390625,-2.5019989013671875,1010.7,True
2013305N07141,2013,UNNAMED,MM,2013-11-01 18:00:00,7.0,138.3,,,,28.7,-6.9347076416015625,-2.535552978515625,1009.9,True
2013305N07141,2013,UNNAMED,MM,2013-11-01 21:00:00,7.0,137.6,,,,28.7,-6.9227294921875,-2.40850830078125,1009.0,True
2013305N07141,2013,UNNAMED,MM,2013-11-02 00:00:00,7.1,137.0,,,,28.65,-5.91339111328125,-0.9912872314453124,1010.4,True
2013305N07141,2013,UNNAMED,MM,2013-11-02 03:00:00,7.1,136.4,,,,28.65,-5.8161468505859375,-0.7564697265625,1011.9,True
2013305N07141,2013,UNNAMED,MM,2013-11-02 06:00:00,7.1,135.9,,,,28.65,-6.5421295166015625,-1.401214599609375,1009.9,True
2013305N07141,2013,UNNAMED,MM,2013-11-02 09:00:00,7.2,135.5,,,,28.62,-7.1310577392578125,-3.803878784179688,1007.9,True
2013305N07141,2013,UNNAMED,MM,2013-11-02 12:00:00,7.3,135.1,,,,28.62,-6.9186553955078125,-2.849700927734375,1009.2,True
2013305N07141,2013,UNNAMED,MM,2013-11-02 15:00:00,7.4,134.7,,,,28.62,-6.45697021484375,-3.367950439453125,1011.3,True
2013305N07141,2013,UNNAMED,MM,2013-11-02 18:00:00,7.5,134.2,,,,28.62,-6.31658935546875,-3.379364013671875,1010.3,True
2013305N07141,2013,UNNAMED,MM,2013-11-02 21:00:00,7.8,133.7,,,,28.6,-6.6090240478515625,-2.3874969482421875,1009.3,True
2013305N07141,2013,UNNAMED,MM,2013-11-03 00:00:00,8.2,133.0,,,,28.4,-6.6680450439453125,-1.7126312255859375,1010.9,True
2013305N07141,2013,UNNAMED,MM,2013-11-03 03:00:00,8.4,132.0,,,,28.42,-6.277755737304688,-1.02642822265625,1012.6,True
2013305N07141,2013,UNNAMED,MM,2013-11-03 06:00:00,8.6,131.1,,,,28.42,-5.482223510742188,-1.0680694580078125,1010.2,True
2013305N07141,2013,UNNAMED,MM,2013-11-03 09:00:00,8.7,130.2,,,,,-2.5432281494140625,-1.11529541015625,1008.5,False
2013305N07141,2013,UNNAMED,MM,2013-11-03 12:00:00,8.9,129.4,,,,,-0.5986175537109375,1.071929931640625,1009.7,False
2013305N07141,2013,UNNAMED,MM,2013-11-03 15:00:00,9.0,128.5,,,,,-0.718780517578125,1.0263214111328125,1011.8,False
2013305N07141,2013,UNNAMED,MM,2013-11-03 18:00:00,9.2,127.7,,,,,-1.0832061767578125,1.0429534912109375,1011.3,False
2013305N07141,2013,UNNAMED,MM,2013-11-03 21:00:00,9.3,127.0,,,,,-0.871734619140625,-0.2844085693359375,1009.9,False
2013305N07141,2013,UNNAMED,MM,2013-11-04 00:00:00,9.4,126.4,,,,,-0.445587158203125,0.3448638916015625,1011.6,False
2013305N07141,2013,UNNAMED,MM,2013-11-04 03:00:00,9.6,125.7,,,,,0.67462158203125,-2.66375732421875,1013.0,False
2013305N07141,2013,UNNAMED,MM,2013-11-04 06:00:00,9.8,125.0,,,,,0.0443572998046875,-2.3686981201171875,1010.6,False
2013305N07141,2013,UNNAMED,MM,2013-11-04 09:00:00,9.8,124.1,,,,,-1.021392822265625,-1.7844696044921875,1009.1,False
2013305N07141,2013,UNNAMED,MM,2013-11-04 12:00:00,9.9,123.2,,,,29.17,-1.749114990234375,-0.370819091796875,1010.3,True
2013305N07141,2013,UNNAMED,MM,2013-11-04 15:00:00,10.1,122.3,,,,29.17,-1.20843505859375,1.2968597412109375,1012.3,True
2013305N07141,2013,UNNAMED,MM,2013-11-04 18:00:00,10.4,121.5,,,,,0.06927490234375,-1.20684814453125,1011.6,False
2013305N07141,2013,UNNAMED,MM,2013-11-04 21:00:00,10.6,120.5,,,,,-0.1201171875,-1.5585784912109375,1010.3,False
2013305N07141,2013,UNNAMED,MM,2013-11-05 00:00:00,10.8,119.4,,,,,-0.149566650390625,-2.9587554931640625,1011.3,False
2013305N07141,2013,UNNAMED,MM,2013-11-05 03:00:00,10.8,118.2,,,,,-0.5545806884765625,-3.889205932617188,1012.5,False
2013305N07141,2013,UNNAMED,MM,2013-11-05 06:00:00,10.8,116.9,,,,,-1.00872802734375,-3.441390991210937,1009.7,False
2013305N07141,2013,UNNAMED,MM,2013-11-05 09:00:00,10.9,116.0,,,,,-0.970489501953125,-3.1034088134765625,1008.1,False
2013305N07141,2013,UNNAMED,MM,2013-11-05 12:00:00,11.1,115.1,,,,,0.1300048828125,-2.4741363525390625,1009.8,False
2013305N07141,2013,UNNAMED,MM,2013-11-05 15:00:00,11.4,114.3,,,,,0.510772705078125,-2.645782470703125,1011.5,False
2013305N07141,2013,UNNAMED,MM,2013-11-05 18:00:00,11.6,113.4,,,,,1.2883758544921875,-2.5713043212890625,1010.4,False
2013305N07141,2013,UNNAMED,MM,2013-11-05 21:00:00,11.8,112.4,,,,,0.5262298583984375,-2.998138427734375,1009.6,False
2013305N07141,2013,UNNAMED,MM,2013-11-06 00:00:00,11.8,111.5,,,,,0.8101348876953125,-2.923736572265625,1010.7,False
2013305N07141,2013,UNNAMED,MM,2013-11-06 03:00:00,11.7,110.8,,,,,-2.799057006835937,-3.30621337890625,1011.3,False
2013305N07141,2013,UNNAMED,MM,2013-11-06 06:00:00,11.6,110.1,,,,,-2.2279205322265625,-2.9773101806640625,1008.3,False
2013305N07141,2013,UNNAMED,MM,2013-11-06 09:00:00,11.5,109.5,,,,,-0.1506500244140625,-1.813446044921875,1006.6,False
2013305N07141,2013,UNNAMED,MM,2013-11-06 12:00:00,11.5,108.9,,,,,-0.6039581298828125,-2.2597198486328125,1009.5,False
2013305N07141,2013,UNNAMED,MM,2013-11-06 15:00:00,11.7,108.4,,,,,1.9838714599609373,-2.7276153564453125,1010.1,False
2013305N07141,2013,UNNAMED,MM,2013-11-06 18:00:00,12.0,107.8,,,,,2.0842742919921875,-2.867416381835937,1008.8,False
2013305N07141,2013,UNNAMED,MM,2013-11-06 21:00:00,12.1,107.0,,,,,1.3738861083984375,-3.274932861328125,1007.7,False
2013305N07141,2013,UNNAMED,MM,2013-11-07 00:00:00,12.2,106.0,,,,,0.4073944091796875,-3.0957183837890625,1009.8,False
2013305N07141,2013,UNNAMED,MM,2013-11-07 03:00:00,12.2,104.7,,,,,-0.2759552001953125,-4.689697265625,1010.5,False
2013305N07141,2013,UNNAMED,MM,2013-11-07 06:00:00,12.1,103.5,,,,,-0.21630859375,-3.87603759765625,1009.5,False
2013305N07141,2013,UNNAMED,MM,2013-11-07 09:00:00,11.9,102.7,,,,29.28,0.6893768310546875,-3.756301879882813,1006.4,True
2013305N07141,2013,UNNAMED,MM,2013-11-07 12:00:00,11.8,102.1,,,,29.33,-0.6248931884765625,-8.606353759765625,1007.6,True
2013305N07141,2013,UNNAMED,MM,2013-11-07 15:00:00,11.9,101.5,,,,28.9,-4.3731689453125,-9.133056640625,1008.0,True
2013305N07141,2013,UNNAMED,MM,2013-11-07 18:00:00,12.0,101.0,,,,28.97,-8.19085693359375,-3.44561767578125,1006.9,True
2013305N07141,2013,UNNAMED,MM,2013-11-07 21:00:00,12.1,100.6,,,,28.93,-4.228240966796875,1.6509246826171875,1005.4,True
2013305N07141,2013,UNNAMED,MM,2013-11-08 00:00:00,12.2,100.2,,,,28.59,-6.445953369140625,5.536300659179688,1006.1,True
2013305N07141,2013,UNNAMED,BB,2013-11-08 03:00:00,12.5,99.6,,,,,-1.9717254638671875,-0.5293731689453125,1009.1,False
2013305N07141,2013,UNNAMED,BB,2013-11-08 06:00:00,12.9,99.0,,,,,-2.6216278076171875,-1.89215087890625,1007.9,False
2013305N07141,2013,UNNAMED,BB,2013-11-08 09:00:00,13.2,98.5,,,,28.67,-4.095245361328125,-1.92694091796875,1006.1,True
2013305N07141,2013,UNNAMED,BB,2013-11-08 12:00:00,13.4,98.0,,,,28.98,-4.246841430664063,-3.09454345703125,1006.9,True
2013305N07141,2013,UNNAMED,BB,2013-11-08 15:00:00,13.7,97.3,,,,28.98,-7.3686065673828125,-3.6186676025390634,1008.6,True
2013305N07141,2013,UNNAMED,BB,2013-11-08 18:00:00,13.8,96.5,,,,28.89,-9.695938110351562,-0.4341888427734375,1007.5,True
2013305N07141,2013,UNNAMED,BB,2013-11-08 21:00:00,13.7,95.8,,,,28.76,-8.02313232421875,2.67510986328125,1006.2,True
2013305N07141,2013,UNNAMED,BB,2013-11-09 00:00:00,13.5,95.1,,,,28.74,-6.6345062255859375,2.5843963623046875,1007.0,True
2013305N07141,2013,UNNAMED,BB,2013-11-09 03:00:00,13.4,94.5,,,,28.84,-5.4438018798828125,2.78662109375,1008.8,True
2013305N07141,2013,UNNAMED,BB,2013-11-09 06:00:00,13.3,94.0,,,,28.9,-6.34027099609375,3.5986785888671875,1007.0,True
2013305N07141,2013,UNNAMED,BB,2013-11-09 09:00:00,13.2,93.6,,,,28.96,-5.865478515625,2.1295623779296875,1005.5,True
2013305N07141,2013,UNNAMED,BB,2013-11-09 12:00:00,13.2,93.3,,,,28.91,-5.3255767822265625,-1.8965606689453125,1006.3,True
2013305N07141,2013,UNNAMED,BB,2013-11-09 15:00:00,13.1,93.0,,,,28.88,-6.512115478515625,-0.5834808349609375,1008.1,True
2013305N07141,2013,UNNAMED,BB,2013-11-09 18:00:00,13.0,92.6,,,,28.96,-5.79010009765625,-0.9969940185546876,1006.7,True
2013305N07141,2013,UNNAMED,BB,2013-11-09 21:00:00,12.9,92.2,,,,28.95,-6.6771087646484375,-0.548370361328125,1006.0,True
2013305N07141,2013,UNNAMED,BB,2013-11-10 00:00:00,12.7,91.8,,,,28.86,-6.38031005859375,-0.648834228515625,1005.7,True
2013305N07141,2013,UNNAMED,BB,2013-11-10 03:00:00,12.5,91.4,,,,28.91,-6.931884765625,-0.340576171875,1007.7,True
2013305N07141,2013,UNNAMED,BB,2013-11-10 06:00:00,12.4,91.0,,,,28.9,-6.99700927734375,-1.7247772216796875,1006.3,True
2013305N07141,2013,UNNAMED,BB,2013-11-10 09:00:00,12.2,90.6,,,,28.86,-4.848358154296875,-3.4124298095703125,1004.8,True
2013305N07141,2013,UNNAMED,BB,2013-11-10 12:00:00,12.1,90.3,,,,28.87,-4.9161376953125,-3.504135131835937,1005.6,True
2013305N07141,2013,UNNAMED,BB,2013-11-10 15:00:00,12.0,90.0,,,,28.81,-4.727752685546875,-1.0075836181640625,1006.9,True
2013305N07141,2013,UNNAMED,BB,2013-11-10 18:00:00,12.0,89.8,,,,28.75,-4.8896331787109375,-0.897216796875,1006.4,True
2013305N07141,2013,UNNAMED,BB,2013-11-10 21:00:00,11.9,89.6,,,,28.7,-5.957077026367188,-1.1359710693359375,1005.0,True
2013305N07141,2013,UNNAMED,BB,2013-11-11 00:00:00,11.9,89.5,,,,28.95,-6.390411376953125,0.9960174560546876,1005.6,True
2013305N07141,2013,UNNAMED,BB,2013-11-11 03:00:00,11.9,89.3,,,,28.93,-6.421539306640625,-0.7487030029296875,1007.9,True
2013305N07141,2013,UNNAMED,BB,2013-11-11 06:00:00,11.8,89.1,,,,28.93,-6.562423706054688,-1.90692138671875,1006.3,True
2013305N07141,2013,UNNAMED,BB,2013-11-11 09:00:00,11.6,88.8,,,,28.93,-6.95013427734375,-3.525634765625,1004.1,True
2013305N07141,2013,UNNAMED,BB,2013-11-11 12:00:00,11.4,88.5,,,,28.9,-6.3895111083984375,-4.127944946289063,1004.5,True
2013305N07141,2013,UNNAMED,BB,2013-11-11 15:00:00,11.2,88.2,,,,28.92,-6.852554321289063,-2.1798248291015625,1007.1,True
2013305N07141,2013,UNNAMED,BB,2013-11-11 18:00:00,11.0,87.9,,,,28.93,-6.66546630859375,-2.526840209960937,1006.2,True
2013305N07141,2013,UNNAMED,BB,2013-11-11 21:00:00,10.8,87.6,,,,28.89,-4.992965698242188,-2.239288330078125,1005.0,True
2013305N07141,2013,UNNAMED,BB,2013-11-12 00:00:00,10.6,87.3,,,,28.55,-2.1534881591796875,-1.5096435546875,1005.8,True
2013305N07141,2013,UNNAMED,BB,2013-11-12 03:00:00,10.6,87.1,,,,28.59,-2.743881225585937,-2.85723876953125,1008.0,True
2013305N07141,2013,UNNAMED,BB,2013-11-12 06:00:00,10.6,87.0,,,,28.59,-3.19775390625,-1.9792022705078125,1007.0,True
2013305N07141,2013,UNNAMED,BB,2013-11-12 09:00:00,10.6,86.9,,,,28.59,-2.6781768798828125,-1.4776153564453125,1005.5,True
2013305N07141,2013,UNNAMED,BB,2013-11-12 12:00:00,10.6,86.8,,,,28.66,-2.700469970703125,-5.122650146484375,1006.0,True
2013305N07141,2013,UNNAMED,BB,2013-11-12 15:00:00,10.6,86.8,,,,28.66,-5.6846923828125,-4.757049560546875,1007.7,True
2013305N07141,2013,UNNAMED,BB,2013-11-12 18:00:00,10.7,86.7,,,,28.59,-7.7170562744140625,-2.75872802734375,1006.9,True
2013305N07141,2013,UNNAMED,BB,2013-11-12 21:00:00,10.7,86.6,,,,28.64,-6.835250854492188,-1.8760986328125,1005.4,True
2013305N07141,2013,UNNAMED,BB,2013-11-13 00:00:00,10.9,86.5,46.3,1004.0,Depression,28.51,-5.111846923828125,-2.2863311767578125,1006.0,True
2013305N07141,2013,UNNAMED,BB,2013-11-13 03:00:00,11.1,86.2,46.3,1004.0,Depression,28.55,-6.530731201171875,-1.8370513916015625,1008.7,True
2013305N07141,2013,UNNAMED,BB,2013-11-13 06:00:00,11.2,86.1,46.3,1004.0,Depression,28.54,-7.4846649169921875,0.1499176025390625,1008.2,True
2013305N07141,2013,UNNAMED,BB,2013-11-13 09:00:00,11.2,86.0,46.3,1004.0,Depression,28.54,-7.4610595703125,0.0174407958984375,1005.8,True
2013305N07141,2013,UNNAMED,BB,2013-11-13 12:00:00,11.2,86.0,46.3,1003.0,Depression,28.54,-5.6472930908203125,0.6729736328125,1006.2,True
2013305N07141,2013,UNNAMED,BB,2013-11-13 15:00:00,11.2,85.8,46.3,1003.0,Depression,28.58,-5.1085968017578125,0.3138885498046875,1008.7,True
2013305N07141,2013,UNNAMED,BB,2013-11-13 18:00:00,11.2,85.6,46.3,1003.0,Depression,28.67,-6.8209228515625,0.2479705810546875,1007.6,True
2013305N07141,2013,UNNAMED,BB,2013-11-13 21:00:00,11.1,85.4,46.3,1003.0,Depression,28.67,-4.6847686767578125,1.980712890625,1006.1,True
2013305N07141,2013,UNNAMED,BB,2013-11-14 00:00:00,11.1,85.3,46.3,1003.0,Depression,28.8,-3.30609130859375,-2.317901611328125,1006.9,True
2013305N07141,2013,UNNAMED,BB,2013-11-14 03:00:00,11.1,85.2,46.3,1003.0,Depression,28.8,-6.073013305664063,-1.5917510986328125,1009.5,True
2013305N07141,2013,UNNAMED,BB,2013-11-14 06:00:00,11.0,85.2,46.3,1003.0,Depression,28.8,-5.959136962890625,-0.8932037353515625,1008.5,True
2013305N07141,2013,UNNAMED,BB,2013-11-14 09:00:00,10.7,85.0,46.3,1003.0,Depression,28.86,-5.4140472412109375,-2.681991577148437,1005.7,True
2013305N07141,2013,UNNAMED,BB,2013-11-14 12:00:00,10.4,84.9,46.3,1003.0,Depression,28.85,-5.9643402099609375,-1.7273712158203125,1006.4,True
2013305N07141,2013,UNNAMED,BB,2013-11-14 15:00:00,10.2,84.7,46.3,1003.0,Depression,28.88,-5.304489135742188,-4.554367065429688,1009.1,True
2013305N07141,2013,UNNAMED,BB,2013-11-14 18:00:00,10.1,84.6,46.3,1003.0,Depression,28.96,-6.300994873046875,-5.1024322509765625,1008.4,True
2013305N07141,2013,UNNAMED,BB,2013-11-14 21:00:00,9.9,84.4,46.3,1003.0,Depression,28.96,-6.836471557617188,-3.1822662353515625,1006.7,True
2013305N07141,2013,UNNAMED,BB,2013-11-15 00:00:00,9.7,84.1,46.3,1003.0,Depression,28.62,-7.324630737304687,-3.086898803710937,1005.9,True
2013305N07141,2013,UNNAMED,BB,2013-11-15 03:00:00,9.4,83.7,46.3,1003.0,Depression,28.55,-3.8759613037109375,0.60406494140625,1008.0,True
2013305N07141,2013,UNNAMED,BB,2013-11-15 06:00:00,9.4,83.5,46.3,1003.0,Depression,28.37,-0.594085693359375,-0.129669189453125,1006.8,True
2013305N07141,2013,UNNAMED,BB,2013-11-15 09:00:00,9.5,83.2,46.3,1003.0,Depression,28.23,2.052230834960937,1.03863525390625,1004.7,True
2013305N07141,2013,UNNAMED,BB,2013-11-15 12:00:00,9.6,82.9,46.3,1003.0,Depression,28.13,3.823440551757813,0.9664306640625,1005.0,True
2013305N07141,2013,UNNAMED,BB,2013-11-15 15:00:00,9.9,82.4,46.3,1003.0,Depression,27.94,-5.37811279296875,-1.2066650390625,1007.0,True
2013305N07141,2013,UNNAMED,BB,2013-11-15 18:00:00,10.2,82.0,46.3,1003.0,Depression,27.88,-8.479995727539062,-2.056793212890625,1006.9,True
2013305N07141,2013,UNNAMED,BB,2013-11-15 21:00:00,10.4,81.7,46.3,1003.0,Depression,27.92,-8.489059448242188,-3.18206787109375,1005.6,True
2013305N07141,2013,UNNAMED,BB,2013-11-16 00:00:00,10.6,81.3,46.3,1003.0,Depression,28.17,-8.295867919921875,-0.829925537109375,1005.4,True
2013305N07141,2013,UNNAMED,BB,2013-11-16 03:00:00,10.9,80.5,46.3,1003.0,Depression,27.91,-9.941497802734377,-6.861236572265625,1008.6,True
2013305N07141,2013,UNNAMED,BB,2013-11-16 06:00:00,11.0,80.0,46.3,1003.0,Depression,27.77,-8.306884765625,-10.306869506835938,1008.4,True
2013305N07141,2013,UNNAMED,BB,2013-11-16 09:00:00,11.1,79.5,46.3,1004.0,Depression,,-1.209197998046875,-7.459136962890625,1006.5,False
2013305N07141,2013,UNNAMED,BB,2013-11-16 12:00:00,11.1,78.9,46.3,,Depression,,-1.0033721923828125,-6.4650421142578125,1006.8,False
2013305N07141,2013,UNNAMED,BB,2013-11-16 15:00:00,11.2,78.3,46.3,,Depression,,-0.6125030517578125,-3.015365600585937,1009.9,False
2013305N07141,2013,UNNAMED,AS,2013-11-16 18:00:00,11.3,77.6,46.3,,Depression,,-0.6650543212890625,-3.30706787109375,1010.7,False
2013305N07141,2013,UNNAMED,AS,2013-11-16 21:00:00,11.3,76.9,,,,,0.0469970703125,-1.04437255859375,1010.2,False
2013305N07141,2013,UNNAMED,AS,2013-11-17 00:00:00,11.2,76.3,,,,,-1.0298614501953125,-0.2745361328125,1009.5,False
2013305N07141,2013,UNNAMED,AS,2013-11-17 03:00:00,11.1,75.7,,,,28.92,-4.737228393554688,1.3225250244140625,1010.1,True
2013305N07141,2013,UNNAMED,AS,2013-11-17 06:00:00,11.0,75.1,,,,29.16,-6.0471038818359375,3.91046142578125,1010.1,True
2013305N07141,2013,UNNAMED,AS,2013-11-17 09:00:00,10.9,74.4,,,,29.23,-4.89044189453125,4.467300415039063,1007.5,True
2013305N07141,2013,UNNAMED,AS,2013-11-17 12:00:00,10.9,73.7,,,,29.39,-2.5055389404296875,3.01092529296875,1007.6,True
2013305N07141,2013,UNNAMED,AS,2013-11-17 15:00:00,11.0,73.2,,,,29.44,-1.870941162109375,2.710723876953125,1009.6,True
2013305N07141,2013,UNNAMED,AS,2013-11-17 18:00:00,11.2,72.6,,,,29.23,-4.299163818359375,1.61328125,1009.7,True
2013305N07141,2013,UNNAMED,AS,2013-11-17 21:00:00,11.4,71.9,,,,29.17,-4.400421142578125,0.6302490234375,1008.3,True
2013305N07141,2013,UNNAMED,AS,2013-11-18 00:00:00,11.6,71.2,,,,29.11,-3.650390625,-0.1138458251953125,1007.8,True
2013305N07141,2013,UNNAMED,AS,2013-11-18 03:00:00,11.8,70.7,,,,29.1,-4.4100494384765625,0.25384521484375,1010.5,True
2013305N07141,2013,UNNAMED,AS,2013-11-18 06:00:00,12.1,70.1,,,,29.02,-4.87689208984375,-0.566131591796875,1011.7,True
2013305N07141,2013,UNNAMED,AS,2013-11-18 09:00:00,12.3,69.4,,,,28.93,-3.50189208984375,-1.6132354736328125,1008.8,True
2013305N07141,2013,UNNAMED,AS,2013-11-18 12:00:00,12.5,68.6,,,,28.83,-4.309173583984375,-2.6011505126953125,1008.3,True
2013305N07141,2013,UNNAMED,AS,2013-11-18 15:00:00,12.5,68.0,,,,28.76,-4.068939208984375,-3.022064208984375,1010.0,True
2013305N07141,2013,UNNAMED,AS,2013-11-18 18:00:00,12.5,67.4,,,,28.74,-5.1324462890625,-2.30712890625,1010.9,True
2013305N07141,2013,UNNAMED,AS,2013-11-18 21:00:00,12.5,66.8,,,,28.65,-5.3426513671875,-0.74383544921875,1009.7,True
2013305N07141,2013,UNNAMED,AS,2013-11-19 00:00:00,12.5,66.1,,,,28.65,-4.014801025390625,-0.29864501953125,1009.4,True
2013305N07141,2013,UNNAMED,AS,2013-11-19 03:00:00,12.3,65.3,,,,28.57,-2.8437042236328125,-0.3846588134765625,1011.2,True
2013305N07141,2013,UNNAMED,AS,2013-11-19 06:00:00,12.2,64.5,,,,28.5,-3.058074951171875,-0.5820465087890625,1012.1,True
2013305N07141,2013,UNNAMED,AS,2013-11-19 09:00:00,12.2,63.6,,,,28.27,-3.2320709228515625,-1.126983642578125,1009.6,True
2013305N07141,2013,UNNAMED,AS,2013-11-19 12:00:00,12.3,62.8,,,,28.1,-2.1013946533203125,-2.759262084960937,1008.8,True
2013305N07141,2013,UNNAMED,AS,2013-11-19 15:00:00,12.5,62.1,,,,28.06,-3.3820037841796875,-4.16131591796875,1010.6,True
2013305N07141,2013,UNNAMED,AS,2013-11-19 18:00:00,12.7,61.4,,,,27.9,-4.2826690673828125,-3.648651123046875,1011.6,True
2013305N07141,2013,UNNAMED,AS,2013-11-19 21:00:00,12.8,60.6,,,,27.83,-2.9590301513671875,-3.974319458007813,1010.6,True
2013305N07141,2013,UNNAMED,AS,2013-11-20 00:00:00,12.8,59.9,,,,27.96,-4.7618560791015625,-2.872833251953125,1010.0,True
2013305N07141,2013,UNNAMED,AS,2013-11-20 03:00:00,12.8,59.6,,,,27.92,-5.5588226318359375,-2.87652587890625,1011.3,True
2013305N07141,2013,UNNAMED,AS,2013-11-20 06:00:00,12.8,59.4,,,,27.92,-5.9134063720703125,0.3038482666015625,1012.4,True
2013305N07141,2013,UNNAMED,AS,2013-11-20 09:00:00,12.9,58.9,,,,27.89,-6.2984619140625,0.182037353515625,1009.9,True
2013305N07141,2013,UNNAMED,AS,2013-11-20 12:00:00,13.0,58.3,,,,27.95,-6.2841644287109375,-1.0643310546875,1008.3,True
2013305N07141,2013,UNNAMED,AS,2013-11-20 15:00:00,12.9,57.7,,,,28.13,-6.6408233642578125,-0.42669677734375,1009.3,True
2013305N07141,2013,UNNAMED,AS,2013-11-20 18:00:00,12.8,57.1,,,,28.11,-5.683807373046875,-0.624176025390625,1010.1,True
2013305N07141,2013,UNNAMED,AS,2013-11-20 21:00:00,12.7,56.5,,,,28.0,-5.5142364501953125,-0.3432769775390625,1009.0,True
2013305N07141,2013,UNNAMED,AS,2013-11-21 00:00:00,12.5,56.0,,,,27.91,-4.065338134765625,0.4001312255859375,1008.1,True
2013310N06066,2013,UNNAMED,AS,2013-11-06 00:00:00,5.6,66.4,,,,29.01,-1.3461151123046875,-0.767486572265625,1009.5,True
2013310N06066,2013,UNNAMED,AS,2013-11-06 03:00:00,5.9,66.2,,,,28.91,-2.465072631835937,-2.09722900390625,1011.1,True
2013310N06066,2013,UNNAMED,AS,2013-11-06 06:00:00,6.2,65.9,,,,28.87,-5.1507720947265625,-0.6999664306640625,1011.8,True
2013310N06066,2013,UNNAMED,AS,2013-11-06 09:00:00,6.4,65.5,,,,28.86,-5.855728149414063,-0.109344482421875,1009.2,True
2013310N06066,2013,UNNAMED,AS,2013-11-06 12:00:00,6.7,64.9,,,,28.9,-6.4008331298828125,-0.1444854736328125,1009.1,True
2013310N06066,2013,UNNAMED,AS,2013-11-06 15:00:00,7.1,64.3,,,,28.96,-8.685073852539062,-0.2637481689453125,1009.7,True
2013310N06066,2013,UNNAMED,AS,2013-11-06 18:00:00,7.5,63.6,,,,28.99,-8.328811645507812,-2.811752319335937,1010.8,True
2013310N06066,2013,UNNAMED,AS,2013-11-06 21:00:00,7.6,62.9,,,,29.05,-9.689590454101562,-2.268096923828125,1008.6,True
2013310N06066,2013,UNNAMED,AS,2013-11-07 00:00:00,7.7,62.1,,,,28.77,-7.246902465820312,-1.1621246337890625,1008.7,True
2013310N06066,2013,UNNAMED,AS,2013-11-07 03:00:00,7.8,61.2,,,,28.76,-6.1822052001953125,-3.021728515625,1010.0,True
2013310N06066,2013,UNNAMED,AS,2013-11-07 06:00:00,8.0,60.4,,,,28.81,-6.62939453125,-5.35260009765625,1010.7,True
2013310N06066,2013,UNNAMED,AS,2013-11-07 09:00:00,8.2,59.7,,,,28.8,-7.0742950439453125,-5.6391143798828125,1008.6,True
2013310N06066,2013,UNNAMED,AS,2013-11-07 12:00:00,8.3,59.0,,,,28.76,-3.3797760009765625,-7.864166259765625,1007.5,True
2013310N06066,2013,UNNAMED,AS,2013-11-07 15:00:00,8.3,58.4,,,,28.72,-3.6241455078125,-8.172119140625,1008.3,True
2013310N06066,2013,UNNAMED,AS,2013-11-07 18:00:00,8.2,57.9,,,,28.64,-3.62738037109375,-7.50421142578125,1008.8,True
2013310N06066,2013,UNNAMED,AS,2013-11-07 21:00:00,8.2,57.4,,,,28.49,-4.334686279296875,-7.7865753173828125,1006.8,True
2013310N06066,2013,UNNAMED,AS,2013-11-08 00:00:00,8.1,57.0,,,,28.37,-2.316070556640625,-3.4197540283203125,1006.1,True
2013310N06066,2013,UNNAMED,AS,2013-11-08 03:00:00,8.0,56.6,,,,28.45,-2.3340301513671875,-3.1231231689453125,1007.2,True
2013310N06066,2013,UNNAMED,AS,2013-11-08 06:00:00,7.9,56.2,46.3,1006.0,Depression,28.51,-1.0464324951171875,0.91351318359375,1008.4,True
2013310N06066,2013,UNNAMED,AS,2013-11-08 09:00:00,8.0,55.6,46.3,1005.0,Depression,28.78,-3.111846923828125,-4.73553466796875,1006.1,True
2013310N06066,2013,UNNAMED,AS,2013-11-08 12:00:00,8.1,55.0,46.3,1004.0,Depression,28.8,0.4933929443359375,-5.47540283203125,1005.5,True
2013310N06066,2013,UNNAMED,AS,2013-11-08 15:00:00,8.0,54.5,46.3,1004.0,Depression,28.72,-2.4672393798828125,-8.096206665039062,1006.0,True
2013310N06066,2013,UNNAMED,AS,2013-11-08 18:00:00,8.0,54.0,46.3,1004.0,Depression,28.65,-4.3248443603515625,-9.781845092773438,1007.1,True
2013310N06066,2013,UNNAMED,AS,2013-11-08 21:00:00,8.0,53.5,51.9,1003.0,Deep Depression,28.59,-4.91278076171875,-8.52508544921875,1005.8,True
2013310N06066,2013,UNNAMED,AS,2013-11-09 00:00:00,8.0,53.1,55.6,1002.0,Deep Depression,28.5,-1.1618499755859375,-9.732986450195312,1005.5,True
2013310N06066,2013,UNNAMED,AS,2013-11-09 03:00:00,8.0,52.8,55.6,1002.0,Deep Depression,28.55,-5.3832550048828125,-7.88623046875,1005.8,True
2013310N06066,2013,UNNAMED,AS,2013-11-09 06:00:00,8.0,52.7,55.6,1002.0,Deep Depression,28.55,-4.14007568359375,-3.806594848632813,1005.8,True
2013310N06066,2013,UNNAMED,AS,2013-11-09 09:00:00,8.0,52.4,55.6,1002.0,Deep Depression,28.59,-3.558837890625,-6.0979766845703125,1003.7,True
2013310N06066,2013,UNNAMED,AS,2013-11-09 12:00:00,8.0,52.1,55.6,1002.0,Deep Depression,28.54,-1.0872955322265625,-12.283279418945312,1004.8,True
2013310N06066,2013,UNNAMED,AS,2013-11-09 15:00:00,8.0,51.9,55.6,1002.0,Deep Depression,28.54,-5.505279541015625,-12.626449584960938,1005.2,True
2013310N06066,2013,UNNAMED,AS,2013-11-09 18:00:00,8.0,51.9,55.6,1002.0,Deep Depression,28.54,-1.73248291015625,-14.392501831054688,1006.1,True
2013310N06066,2013,UNNAMED,AS,2013-11-09 21:00:00,8.0,51.8,55.6,1002.0,Deep Depression,28.47,1.5631256103515625,-16.851104736328125,1005.3,True
2013310N06066,2013,UNNAMED,AS,2013-11-10 00:00:00,8.0,51.8,55.6,1002.0,Deep Depression,28.26,5.27496337890625,-14.097076416015623,1002.7,True
2013310N06066,2013,UNNAMED,AS,2013-11-10 03:00:00,8.0,51.6,55.6,1002.0,Deep Depression,28.1,12.164794921875,-12.783935546875,1005.1,True
2013310N06066,2013,UNNAMED,AS,2013-11-10 06:00:00,8.0,51.3,55.6,1002.0,Deep Depression,27.94,11.96881103515625,-10.375167846679688,1008.5,True
2013310N06066,2013,UNNAMED,AS,2013-11-10 09:00:00,8.0,51.2,55.6,1002.0,Deep Depression,27.94,14.074493408203123,-5.4231719970703125,1007.4,True
2013310N06066,2013,UNNAMED,AS,2013-11-10 12:00:00,8.1,51.2,55.6,1002.0,Deep Depression,27.94,13.1522216796875,1.2341461181640625,1005.5,True
2013310N06066,2013,UNNAMED,AS,2013-11-10 15:00:00,8.1,50.9,55.6,1002.0,Deep Depression,27.82,12.338653564453123,2.808822631835937,1006.8,True
2013310N06066,2013,UNNAMED,AS,2013-11-10 18:00:00,8.2,50.6,55.6,1002.0,Deep Depression,27.68,14.018569946289062,3.487548828125,1008.3,True
2013310N06066,2013,UNNAMED,AS,2013-11-10 21:00:00,8.3,50.4,55.6,1002.0,Deep Depression,27.68,11.856399536132812,5.247817993164063,1008.0,True
2013310N06066,2013,UNNAMED,AS,2013-11-11 00:00:00,8.4,50.1,55.6,1002.0,Deep Depression,,8.584197998046875,2.1327362060546875,1006.6,False
2013310N06066,2013,UNNAMED,AS,2013-11-11 03:00:00,8.7,49.7,55.6,1002.0,Deep Depression,,2.893890380859375,6.0989532470703125,1008.7,False
2013310N06066,2013,UNNAMED,AS,2013-11-11 06:00:00,8.9,49.2,46.3,1004.0,Depression,,0.2832794189453125,6.50909423828125,1011.6,False
2013310N06066,2013,UNNAMED,AS,2013-11-11 09:00:00,9.2,48.6,,,,,1.63970947265625,5.900146484375,1010.4,False
2013310N06066,2013,UNNAMED,AS,2013-11-11 12:00:00,9.4,48.0,,,,,-2.238143920898437,3.090805053710937,1009.6,False
2013310N06066,2013,UNNAMED,AS,2013-11-11 15:00:00,9.5,47.4,,,,,-3.6953277587890634,0.4930267333984375,1011.3,False
2013310N06066,2013,UNNAMED,AS,2013-11-11 18:00:00,9.5,46.9,,,,,-3.10491943359375,-1.3910980224609375,1013.6,False
2013310N06066,2013,UNNAMED,AS,2013-11-11 21:00:00,9.6,46.4,,,,,-1.8738250732421875,-1.453155517578125,1012.8,False
2013310N06066,2013,UNNAMED,AS,2013-11-12 00:00:00,9.8,46.0,,,,,-2.2306365966796875,-1.1571044921875,1011.7,False
2013322N13090,2013,HELEN,BB,2013-11-18 00:00:00,13.3,90.0,,,,28.58,-3.3388671875,3.603927612304688,1009.4,True
2013322N13090,2013,HELEN,BB,2013-11-18 03:00:00,13.6,89.5,,,,28.56,-3.7254791259765625,3.02337646484375,1012.0,True
2013322N13090,2013,HELEN,BB,2013-11-18 06:00:00,14.0,88.9,,,,28.53,-6.35833740234375,4.477813720703125,1010.5,True
2013322N13090,2013,HELEN,BB,2013-11-18 09:00:00,14.4,88.3,,,,28.4,-5.29095458984375,1.6523895263671875,1008.0,True
2013322N13090,2013,HELEN,BB,2013-11-18 12:00:00,14.7,87.8,,,,28.3,-6.608001708984375,2.6576385498046875,1007.6,True
2013322N13090,2013,HELEN,BB,2013-11-18 15:00:00,14.8,87.3,,,,28.27,-6.700775146484375,3.065826416015625,1009.2,True
2013322N13090,2013,HELEN,BB,2013-11-18 18:00:00,14.8,86.9,,,,28.24,-4.6910400390625,7.55908203125,1008.0,True
2013322N13090,2013,HELEN,BB,2013-11-18 21:00:00,14.8,86.5,,,,28.14,-1.8953857421875,8.43096923828125,1006.4,True
2013322N13090,2013,HELEN,BB,2013-11-19 00:00:00,14.7,86.2,46.3,1004.0,Depression,28.03,-1.326324462890625,4.34490966796875,1005.8,True
2013322N13090,2013,HELEN,BB,2013-11-19 03:00:00,14.8,85.9,46.3,1004.0,Depression,28.07,-1.6171417236328125,7.459091186523437,1007.7,True
2013322N13090,2013,HELEN,BB,2013-11-19 06:00:00,14.8,85.6,46.3,1004.0,Depression,28.1,-4.126434326171875,4.1132659912109375,1006.7,True
2013322N13090,2013,HELEN,BB,2013-11-19 09:00:00,14.9,85.3,46.3,1004.0,Depression,28.06,-6.9605865478515625,2.415008544921875,1004.2,True
2013322N13090,2013,HELEN,BB,2013-11-19 12:00:00,15.0,85.1,46.3,1004.0,Depression,28.04,-4.7088165283203125,3.0649566650390625,1005.0,True
2013322N13090,2013,HELEN,BB,2013-11-19 15:00:00,15.0,84.9,55.6,1002.0,Deep Depression,28.04,-2.5138397216796875,5.64630126953125,1006.4,True
2013322N13090,2013,HELEN,BB,2013-11-19 18:00:00,15.0,84.5,55.6,1002.0,Deep Depression,27.92,-4.7006378173828125,1.716583251953125,1005.6,True
2013322N13090,2013,HELEN,BB,2013-11-19 21:00:00,15.0,84.2,55.6,1002.0,Deep Depression,27.86,-4.342819213867188,-0.5065460205078125,1003.9,True
2013322N13090,2013,HELEN,BB,2013-11-20 00:00:00,15.1,84.1,55.6,1002.0,Deep Depression,27.93,-0.3751373291015625,-4.973419189453125,1003.2,True
2013322N13090,2013,HELEN,BB,2013-11-20 03:00:00,15.1,84.1,64.8,1000.0,Cyclonic Storm,27.93,3.1521148681640625,0.54241943359375,1003.7,False
2013322N13090,2013,HELEN,BB,2013-11-20 06:00:00,15.3,84.1,74.1,1000.0,Cyclonic Storm,27.74,-5.3245391845703125,3.8067779541015625,1002.8,False
2013322N13090,2013,HELEN,BB,2013-11-20 09:00:00,15.3,84.0,74.1,1000.0,Cyclonic Storm,27.74,-2.3941650390625,2.504302978515625,999.4,False
2013322N13090,2013,HELEN,BB,2013-11-20 12:00:00,15.4,84.0,83.3,998.0,Cyclonic Storm,27.49,-5.8408050537109375,1.7305908203125,998.2,False
2013322N13090,2013,HELEN,BB,2013-11-20 15:00:00,15.4,83.9,83.3,998.0,Cyclonic Storm,27.49,-7.866409301757812,5.30279541015625,1000.1,False
2013322N13090,2013,HELEN,BB,2013-11-20 18:00:00,15.5,83.8,83.3,996.0,Cyclonic Storm,27.5,-6.111541748046875,0.364105224609375,998.8,False
2013322N13090,2013,HELEN,BB,2013-11-20 21:00:00,15.6,83.7,83.3,996.0,Cyclonic Storm,27.5,-3.683181762695313,6.3549652099609375,997.5,False
2013322N13090,2013,HELEN,BB,2013-11-21 00:00:00,15.7,83.6,92.6,994.0,Severe Cyclonic Storm,27.36,-6.554595947265625,5.9655609130859375,997.4,False
2013322N13090,2013,HELEN,BB,2013-11-21 03:00:00,15.8,83.4,92.6,992.0,Severe Cyclonic Storm,27.36,-7.463455200195312,8.014205932617188,1000.5,False
2013322N13090,2013,HELEN,BB,2013-11-21 06:00:00,15.9,83.3,101.9,990.0,Severe Cyclonic Storm,27.42,-9.738021850585938,6.66748046875,1000.2,False
2013322N13090,2013,HELEN,BB,2013-11-21 09:00:00,16.0,83.1,101.9,990.0,Severe Cyclonic Storm,27.4,-4.5599365234375,4.757232666015625,998.1,False
2013322N13090,2013,HELEN,BB,2013-11-21 12:00:00,16.1,83.0,101.9,990.0,Severe Cyclonic Storm,27.4,-3.5937652587890625,10.36041259765625,1000.0,False
2013322N13090,2013,HELEN,BB,2013-11-21 15:00:00,16.1,82.7,101.9,990.0,Severe Cyclonic Storm,27.45,-2.5726776123046875,9.951980590820312,1002.4,False
2013322N13090,2013,HELEN,BB,2013-11-21 18:00:00,16.2,82.6,101.9,990.0,Severe Cyclonic Storm,27.43,-5.918502807617188,11.130630493164062,1002.8,False
2013322N13090,2013,HELEN,BB,2013-11-21 21:00:00,16.1,82.3,101.9,990.0,Severe Cyclonic Storm,27.6,3.9761962890625,10.511947631835938,1003.2,False
2013322N13090,2013,HELEN,BB,2013-11-22 00:00:00,16.2,82.0,101.9,990.0,Severe Cyclonic Storm,27.18,-0.1165771484375,9.719406127929688,1004.2,False
2013322N13090,2013,HELEN,BB,2013-11-22 03:00:00,16.2,81.7,101.9,990.0,Severe Cyclonic Storm,27.22,-0.8088226318359375,8.504714965820312,1007.4,False
2013322N13090,2013,HELEN,BB,2013-11-22 06:00:00,16.2,81.4,101.9,990.0,Severe Cyclonic Storm,27.17,-0.04937744140625,8.024322509765625,1008.9,False
2013322N13090,2013,HELEN,BB,2013-11-22 09:00:00,16.0,81.2,74.1,1000.0,Cyclonic Storm,27.19,0.8152618408203125,6.244644165039063,1007.8,False
2013322N13090,2013,HELEN,BB,2013-11-22 12:00:00,15.8,80.8,55.6,1002.0,Deep Depression,27.38,0.611602783203125,2.74517822265625,1008.6,True
2013322N13090,2013,HELEN,BB,2013-11-22 15:00:00,15.9,80.5,51.9,1003.0,Deep Depression,,-2.314697265625,2.6233367919921875,1009.8,False
2013322N13090,2013,HELEN,BB,2013-11-22 18:00:00,16.1,80.2,46.3,1004.0,Depression,,-1.8963470458984373,2.849090576171875,1010.8,False
2013322N13090,2013,HELEN,BB,2013-11-22 21:00:00,16.3,79.7,,,,,-1.4107513427734375,2.3637847900390625,1009.9,False
2013322N13090,2013,HELEN,BB,2013-11-23 00:00:00,16.5,79.4,,,,,-1.882598876953125,2.540878295898437,1010.2,False
2013322N13090,2013,HELEN,BB,2013-11-23 03:00:00,16.8,79.1,,,,,-2.123321533203125,1.68707275390625,1012.7,False
2013322N13090,2013,HELEN,BB,2013-11-23 06:00:00,17.2,78.8,,,,,-2.629730224609375,2.0032196044921875,1013.3,False
2013324N07103,2013,LEHAR,MM,2013-11-19 18:00:00,7.3,103.3,,,,28.85,-7.1020050048828125,-5.365447998046875,1010.2,True
2013324N07103,2013,LEHAR,MM,2013-11-19 21:00:00,7.0,103.2,,,,28.96,-8.942428588867188,-7.529983520507812,1008.1,True
2013324N07103,2013,LEHAR,MM,2013-11-20 00:00:00,6.8,103.1,,,,29.17,-10.373184204101562,-7.220489501953125,1008.9,True
2013324N07103,2013,LEHAR,MM,2013-11-20 03:00:00,6.8,102.9,,,,29.17,-10.071517944335938,-5.33160400390625,1010.8,True
2013324N07103,2013,LEHAR,MM,2013-11-20 06:00:00,6.9,102.6,,,,29.04,-7.935867309570312,-4.0906829833984375,1009.6,True
2013324N07103,2013,LEHAR,MM,2013-11-20 09:00:00,6.7,102.4,,,,29.22,-6.7154541015625,-4.980072021484375,1007.2,True
2013324N07103,2013,LEHAR,MM,2013-11-20 12:00:00,6.5,102.3,,,,29.33,-3.9316253662109375,-6.0262451171875,1008.5,True
2013324N07103,2013,LEHAR,MM,2013-11-20 15:00:00,6.4,102.2,,,,29.33,-5.4718780517578125,-6.05853271484375,1009.3,True
2013324N07103,2013,LEHAR,MM,2013-11-20 18:00:00,6.3,102.0,,,,29.29,-3.196502685546875,-1.811676025390625,1008.4,True
2013324N07103,2013,LEHAR,MM,2013-11-20 21:00:00,6.3,101.9,,,,29.29,-3.2212677001953125,0.5170745849609375,1006.9,True
2013324N07103,2013,LEHAR,MM,2013-11-21 00:00:00,6.3,101.7,,,,,-0.810455322265625,0.2985687255859375,1008.3,False
2013324N07103,2013,LEHAR,MM,2013-11-21 03:00:00,6.3,101.5,,,,,0.5404510498046875,0.0874481201171875,1009.7,False
2013324N07103,2013,LEHAR,MM,2013-11-21 06:00:00,6.4,101.2,,,,,-0.9802093505859376,-1.42236328125,1007.2,False
2013324N07103,2013,LEHAR,MM,2013-11-21 09:00:00,6.6,100.9,,,,,-1.3275146484375,-1.100189208984375,1005.9,False
2013324N07103,2013,LEHAR,MM,2013-11-21 12:00:00,6.7,100.6,,,,,-1.7314605712890625,-2.27630615234375,1007.4,False
2013324N07103,2013,LEHAR,MM,2013-11-21 15:00:00,6.7,100.2,,,,,-1.4681854248046875,-2.4933319091796875,1009.0,False
2013324N07103,2013,LEHAR,BB,2013-11-21 18:00:00,6.7,99.9,,,,,-1.5054168701171875,-2.529525756835937,1007.6,False
2013324N07103,2013,LEHAR,BB,2013-11-21 21:00:00,6.7,99.6,,,,29.39,-2.6536865234375,-6.466567993164063,1005.6,True
2013324N07103,2013,LEHAR,BB,2013-11-22 00:00:00,6.6,99.4,,,,29.09,-2.8050537109375,-4.6936798095703125,1007.4,True
2013324N07103,2013,LEHAR,BB,2013-11-22 03:00:00,6.4,99.2,,,,29.08,-5.3019866943359375,-3.3195037841796875,1008.4,True
2013324N07103,2013,LEHAR,BB,2013-11-22 06:00:00,6.3,99.0,,,,29.11,-5.47027587890625,-2.756927490234375,1006.8,True
2013324N07103,2013,LEHAR,BB,2013-11-22 09:00:00,6.2,98.7,,,,29.0,-3.1193084716796875,-3.7836761474609375,1005.4,True
2013324N07103,2013,LEHAR,BB,2013-11-22 12:00:00,6.3,98.5,,,,28.78,1.145782470703125,-4.48333740234375,1006.7,True
2013324N07103,2013,LEHAR,BB,2013-11-22 15:00:00,6.5,98.4,,,,28.81,0.451904296875,-6.0543975830078125,1007.6,True
2013324N07103,2013,LEHAR,BB,2013-11-22 18:00:00,6.8,98.3,,,,28.54,-2.863143920898437,-9.441925048828123,1005.8,True
2013324N07103,2013,LEHAR,BB,2013-11-22 21:00:00,7.0,98.1,,,,28.43,1.7044830322265625,-9.465316772460938,1004.5,True
2013324N07103,2013,LEHAR,BB,2013-11-23 00:00:00,7.3,97.8,,,,28.6,6.514862060546875,-2.3829498291015625,1005.4,True
2013324N07103,2013,LEHAR,BB,2013-11-23 03:00:00,7.6,97.5,,,,28.75,8.067108154296875,-1.25433349609375,1006.5,True
2013324N07103,2013,LEHAR,BB,2013-11-23 06:00:00,8.0,97.2,,,,28.85,3.551910400390625,4.689743041992188,1003.2,True
2013324N07103,2013,LEHAR,BB,2013-11-23 09:00:00,8.3,96.9,,,,28.77,0.42755126953125,6.6554718017578125,1001.0,True
2013324N07103,2013,LEHAR,BB,2013-11-23 12:00:00,8.7,96.6,46.3,1004.0,Depression,28.68,-6.519546508789063,-4.920578002929688,1002.7,True
2013324N07103,2013,LEHAR,BB,2013-11-23 15:00:00,8.9,96.3,51.9,1003.0,Deep Depression,28.67,-5.08746337890625,-0.9810333251953124,1003.8,True
2013324N07103,2013,LEHAR,BB,2013-11-23 18:00:00,9.2,96.1,55.6,1002.0,Deep Depression,28.68,-2.087631225585937,3.1096649169921875,1003.1,True
2013324N07103,2013,LEHAR,BB,2013-11-23 21:00:00,9.6,95.6,61.1,1001.0,Deep Depression,28.7,1.10345458984375,-0.4895172119140625,1002.3,True
2013324N07103,2013,LEHAR,BB,2013-11-24 00:00:00,10.0,95.2,64.8,999.0,Cyclonic Storm,28.93,-6.303955078125,5.7877349853515625,1001.9,False
2013324N07103,2013,LEHAR,BB,2013-11-24 03:00:00,10.2,95.0,74.1,998.0,Cyclonic Storm,28.88,-8.57818603515625,6.00128173828125,1003.2,False
2013324N07103,2013,LEHAR,BB,2013-11-24 06:00:00,10.6,94.6,74.1,998.0,Cyclonic Storm,28.81,-10.174270629882812,-5.433990478515625,1001.6,False
2013324N07103,2013,LEHAR,BB,2013-11-24 09:00:00,10.8,94.1,83.3,996.0,Cyclonic Storm,28.92,-2.6062774658203125,-12.739761352539062,1001.2,False
2013324N07103,2013,LEHAR,BB,2013-11-24 12:00:00,11.0,93.7,83.3,996.0,Cyclonic Storm,28.92,-0.396484375,-10.185348510742188,1003.3,False
2013324N07103,2013,LEHAR,BB,2013-11-24 15:00:00,11.1,93.5,83.3,996.0,Cyclonic Storm,28.9,-1.5903778076171875,-11.78662109375,1003.2,False
2013324N07103,2013,LEHAR,BB,2013-11-24 18:00:00,11.5,93.2,83.3,996.0,Cyclonic Storm,28.74,-3.438201904296875,-11.349044799804688,1002.0,False
2013324N07103,2013,LEHAR,BB,2013-11-24 21:00:00,11.5,92.7,83.3,996.0,Cyclonic Storm,28.7,2.137603759765625,-12.222335815429688,1000.7,False
2013324N07103,2013,LEHAR,BB,2013-11-25 00:00:00,11.8,92.6,101.9,992.0,Severe Cyclonic Storm,28.44,0.200897216796875,-11.830856323242188,1001.0,False
2013324N07103,2013,LEHAR,BB,2013-11-25 03:00:00,11.9,92.2,101.9,990.0,Severe Cyclonic Storm,28.66,-3.329833984375,-11.096633911132812,1002.2,False
2013324N07103,2013,LEHAR,BB,2013-11-25 06:00:00,12.0,91.9,101.9,988.0,Severe Cyclonic Storm,28.77,-0.114959716796875,-10.576187133789062,1001.1,False
2013324N07103,2013,LEHAR,BB,2013-11-25 09:00:00,12.0,91.7,111.1,988.0,Severe Cyclonic Storm,28.77,4.7650299072265625,-7.575714111328125,998.3,False
2013324N07103,2013,LEHAR,BB,2013-11-25 12:00:00,12.3,91.6,111.1,988.0,Severe Cyclonic Storm,28.77,0.0668487548828125,-14.520477294921877,998.6,False
2013324N07103,2013,LEHAR,BB,2013-11-25 15:00:00,12.3,91.2,111.1,988.0,Severe Cyclonic Storm,28.77,-3.334625244140625,-12.18841552734375,1001.2,False
2013324N07103,2013,LEHAR,BB,2013-11-25 18:00:00,12.4,91.1,101.9,988.0,Severe Cyclonic Storm,28.81,-5.84405517578125,-11.792709350585938,1001.0,False
2013324N07103,2013,LEHAR,BB,2013-11-25 21:00:00,12.4,90.9,120.4,984.0,Very Severe Cyclonic Storm,28.81,-1.6318359375,-2.7920684814453125,997.9,False
2013324N07103,2013,LEHAR,BB,2013-11-26 00:00:00,12.5,90.5,129.6,982.0,Very Severe Cyclonic Storm,28.52,3.3647003173828125,-7.189498901367188,999.3,False
2013324N07103,2013,LEHAR,BB,2013-11-26 03:00:00,12.5,90.1,129.6,982.0,Very Severe Cyclonic Storm,28.61,9.95989990234375,-8.06756591796875,1001.4,False
2013324N07103,2013,LEHAR,BB,2013-11-26 06:00:00,12.6,89.6,129.6,982.0,Very Severe Cyclonic Storm,28.6,14.67120361328125,-6.7613525390625,999.2,False
2013324N07103,2013,LEHAR,BB,2013-11-26 09:00:00,12.9,89.1,129.6,982.0,Very Severe Cyclonic Storm,28.47,0.7294769287109375,-16.29718017578125,998.7,False
2013324N07103,2013,LEHAR,BB,2013-11-26 12:00:00,13.0,88.7,129.6,982.0,Very Severe Cyclonic Storm,28.4,5.22320556640625,-9.212493896484377,999.0,False
2013324N07103,2013,LEHAR,BB,2013-11-26 15:00:00,13.0,88.5,129.6,982.0,Very Severe Cyclonic Storm,28.39,0.1118316650390625,-2.2958984375,999.8,False
2013324N07103,2013,LEHAR,BB,2013-11-26 18:00:00,13.2,88.1,138.9,980.0,Very Severe Cyclonic Storm,28.4,-1.912353515625,-5.62432861328125,998.9,False
2013324N07103,2013,LEHAR,BB,2013-11-26 21:00:00,13.3,87.5,138.9,980.0,Very Severe Cyclonic Storm,28.33,5.958587646484375,-4.990875244140625,998.1,False
2013324N07103,2013,LEHAR,BB,2013-11-27 00:00:00,13.6,87.0,138.9,980.0,Very Severe Cyclonic Storm,27.97,9.109237670898438,1.1405487060546875,1001.9,False
2013324N07103,2013,LEHAR,BB,2013-11-27 03:00:00,13.6,86.5,138.9,980.0,Very Severe Cyclonic Storm,27.61,10.005538940429688,1.386810302734375,1004.3,False
2013324N07103,2013,LEHAR,BB,2013-11-27 06:00:00,13.9,86.0,129.6,982.0,Very Severe Cyclonic Storm,27.23,-1.8295135498046875,-8.5546875,1003.1,False
2013324N07103,2013,LEHAR,BB,2013-11-27 09:00:00,14.0,85.5,120.4,984.0,Very Severe Cyclonic Storm,27.35,5.094253540039063,-10.037643432617188,1002.0,False
2013324N07103,2013,LEHAR,BB,2013-11-27 12:00:00,14.2,85.1,101.9,988.0,Severe Cyclonic Storm,27.55,2.2057342529296875,-4.8057708740234375,1001.0,False
2013324N07103,2013,LEHAR,BB,2013-11-27 15:00:00,14.2,84.6,101.9,988.0,Severe Cyclonic Storm,27.82,-2.6046905517578125,-2.176132202148437,1004.1,False
2013324N07103,2013,LEHAR,BB,2013-11-27 18:00:00,14.6,84.1,83.3,996.0,Cyclonic Storm,27.85,-7.012542724609375,1.666229248046875,1004.4,False
2013324N07103,2013,LEHAR,BB,2013-11-27 21:00:00,14.7,83.6,74.1,998.0,Cyclonic Storm,27.55,-7.226654052734375,2.811614990234375,1003.7,False
2013324N07103,2013,LEHAR,BB,2013-11-28 00:00:00,15.1,82.5,55.6,1000.0,Deep Depression,27.09,-8.203155517578125,-6.2267913818359375,1005.0,True
2013324N07103,2013,LEHAR,BB,2013-11-28 03:00:00,15.3,82.1,55.6,1000.0,Deep Depression,27.09,-8.303680419921875,-5.0441741943359375,1007.7,True
2013324N07103,2013,LEHAR,BB,2013-11-28 06:00:00,15.3,81.7,55.6,1000.0,Deep Depression,27.15,-9.256088256835938,-3.564849853515625,1007.4,True
2013324N07103,2013,LEHAR,BB,2013-11-28 09:00:00,15.5,81.4,46.3,1002.0,Depression,27.13,-9.02685546875,1.7031097412109375,1005.6,True
2013324N07103,2013,LEHAR,BB,2013-11-28 12:00:00,15.5,81.0,37.0,1004.0,Depression,27.0,-7.328277587890625,1.0233917236328125,1006.7,True
2013324N07103,2013,LEHAR,BB,2013-11-28 15:00:00,15.4,80.6,,,,26.96,-5.581558227539063,2.848419189453125,1010.1,True
2013324N07103,2013,LEHAR,BB,2013-11-28 18:00:00,15.4,80.0,,,,,-2.363616943359375,2.283432006835937,1011.7,False
2013324N07103,2013,LEHAR,BB,2013-11-28 21:00:00,15.7,79.4,,,,,-3.639602661132813,0.0033111572265625,1011.1,False
2013324N07103,2013,LEHAR,BB,2013-11-29 00:00:00,16.1,78.8,,,,,-2.298446655273437,0.6167144775390625,1012.4,False
2013339N09084,2013,MADI,BB,2013-12-05 00:00:00,9.0,84.3,,,,28.08,-9.03997802734375,1.1055908203125,1004.6,True
2013339N09084,2013,MADI,BB,2013-12-05 03:00:00,9.1,84.2,,,,28.08,-1.2768096923828125,8.8369140625,1005.6,True
2013339N09084,2013,MADI,BB,2013-12-05 06:00:00,9.1,84.1,,,,28.15,4.805999755859375,10.656402587890623,1003.9,True
2013339N09084,2013,MADI,BB,2013-12-05 09:00:00,9.1,84.0,,,,28.15,7.964187622070312,7.564651489257812,1001.4,True
2013339N09084,2013,MADI,BB,2013-12-05 12:00:00,9.2,83.9,,,,28.14,5.581939697265625,4.718185424804688,1000.7,True
2013339N09084,2013,MADI,BB,2013-12-05 15:00:00,9.3,83.8,,,,28.17,1.196441650390625,-4.278610229492188,1002.5,True
2013339N09084,2013,MADI,BB,2013-12-05 18:00:00,9.4,83.8,,,,28.13,-1.4593353271484375,-5.231414794921875,1002.2,True
2013339N09084,2013,MADI,BB,2013-12-05 21:00:00,9.5,83.7,,,,28.13,1.59075927734375,-4.455825805664063,1000.8,True
2013339N09084,2013,MADI,BB,2013-12-06 00:00:00,9.6,83.7,,,,28.02,2.369842529296875,-3.178131103515625,999.2,True
2013339N09084,2013,MADI,BB,2013-12-06 03:00:00,9.7,83.7,46.3,1004.0,Depression,27.97,0.391815185546875,-3.55255126953125,1000.9,True
2013339N09084,2013,MADI,BB,2013-12-06 06:00:00,9.8,83.8,46.3,1004.0,Depression,27.97,-0.29888916015625,-0.357025146484375,1000.2,True
2013339N09084,2013,MADI,BB,2013-12-06 09:00:00,9.9,83.9,46.3,1004.0,Depression,27.89,-5.226318359375,4.352447509765625,997.8,True
2013339N09084,2013,MADI,BB,2013-12-06 12:00:00,10.0,83.9,46.3,1004.0,Depression,27.89,-4.9530181884765625,2.5831451416015625,998.0,True
2013339N09084,2013,MADI,BB,2013-12-06 15:00:00,10.1,83.9,51.9,1003.0,Deep Depression,27.89,-2.2843475341796875,4.0522308349609375,998.4,True
2013339N09084,2013,MADI,BB,2013-12-06 18:00:00,10.2,84.0,55.6,1002.0,Deep Depression,27.81,-5.709747314453125,2.732421875,996.6,True
2013339N09084,2013,MADI,BB,2013-12-06 21:00:00,10.3,84.0,61.1,1000.0,Deep Depression,27.81,-5.540817260742188,-1.736114501953125,994.0,True
2013339N09084,2013,MADI,BB,2013-12-07 00:00:00,10.4,84.1,64.8,998.0,Cyclonic Storm,27.74,-8.667266845703125,-4.367279052734375,993.9,False
2013339N09084,2013,MADI,BB,2013-12-07 03:00:00,10.4,84.2,64.8,998.0,Cyclonic Storm,27.8,-8.934097290039062,0.9393157958984376,994.2,False
2013339N09084,2013,MADI,BB,2013-12-07 06:00:00,10.5,84.3,83.3,996.0,Cyclonic Storm,27.8,-0.559356689453125,3.25750732421875,992.0,False
2013339N09084,2013,MADI,BB,2013-12-07 09:00:00,10.7,84.3,101.9,992.0,Severe Cyclonic Storm,27.76,-2.4056396484375,6.2908935546875,988.5,False
2013339N09084,2013,MADI,BB,2013-12-07 12:00:00,10.9,84.4,101.9,992.0,Severe Cyclonic Storm,27.8,-5.4139251708984375,7.62237548828125,989.0,False
2013339N09084,2013,MADI,BB,2013-12-07 15:00:00,11.0,84.5,101.9,992.0,Severe Cyclonic Storm,27.8,3.29302978515625,4.978851318359375,988.8,False
2013339N09084,2013,MADI,BB,2013-12-07 18:00:00,11.3,84.5,101.9,990.0,Severe Cyclonic Storm,27.76,3.1245574951171875,4.278228759765625,986.7,False
2013339N09084,2013,MADI,BB,2013-12-07 21:00:00,11.5,84.5,101.9,990.0,Severe Cyclonic Storm,27.69,3.620895385742188,-1.049072265625,985.9,False
2013339N09084,2013,MADI,BB,2013-12-08 00:00:00,11.9,84.6,111.1,988.0,Severe Cyclonic Storm,27.07,-6.988327026367188,5.5336456298828125,984.9,False
2013339N09084,2013,MADI,BB,2013-12-08 03:00:00,12.1,84.6,111.1,988.0,Severe Cyclonic Storm,27.07,-1.5989227294921875,7.7844085693359375,988.1,False
2013339N09084,2013,MADI,BB,2013-12-08 06:00:00,12.4,84.7,120.4,986.0,Very Severe Cyclonic Storm,26.95,-12.977783203125,11.502044677734377,990.6,False
2013339N09084,2013,MADI,BB,2013-12-08 09:00:00,12.6,84.7,120.4,986.0,Very Severe Cyclonic Storm,26.95,-0.5727691650390625,15.002151489257812,988.0,False
2013339N09084,2013,MADI,BB,2013-12-08 12:00:00,13.0,84.7,120.4,986.0,Very Severe Cyclonic Storm,26.91,-16.315780639648438,7.8307952880859375,993.6,False
2013339N09084,2013,MADI,BB,2013-12-08 15:00:00,13.2,84.7,120.4,986.0,Very Severe Cyclonic Storm,26.92,-18.983551025390625,5.1265869140625,994.8,False
2013339N09084,2013,MADI,BB,2013-12-08 18:00:00,13.4,84.6,120.4,986.0,Very Severe Cyclonic Storm,26.92,-18.116470336914062,-4.3315277099609375,993.9,False
2013339N09084,2013,MADI,BB,2013-12-08 21:00:00,13.6,84.6,120.4,986.0,Very Severe Cyclonic Storm,26.92,-14.680633544921877,-3.061676025390625,991.4,False
2013339N09084,2013,MADI,BB,2013-12-09 00:00:00,13.9,84.6,120.4,986.0,Very Severe Cyclonic Storm,26.59,-12.820632934570312,-11.26617431640625,994.4,False
2013339N09084,2013,MADI,BB,2013-12-09 03:00:00,14.1,84.7,120.4,986.0,Very Severe Cyclonic Storm,26.67,-15.27227783203125,0.3478851318359375,992.1,False
2013339N09084,2013,MADI,BB,2013-12-09 06:00:00,14.3,84.7,120.4,986.0,Very Severe Cyclonic Storm,26.74,-15.716461181640623,1.5905303955078125,993.0,False
2013339N09084,2013,MADI,BB,2013-12-09 09:00:00,14.4,84.7,120.4,986.0,Very Severe Cyclonic Storm,26.8,-16.710479736328125,-0.2648468017578125,992.8,False
2013339N09084,2013,MADI,BB,2013-12-09 12:00:00,14.6,84.8,111.1,988.0,Severe Cyclonic Storm,26.8,-6.4281158447265625,1.2816009521484375,988.2,False
2013339N09084,2013,MADI,BB,2013-12-09 15:00:00,14.7,84.8,111.1,988.0,Severe Cyclonic Storm,26.87,-11.206878662109377,4.169357299804688,990.0,False
2013339N09084,2013,MADI,BB,2013-12-09 18:00:00,14.8,84.9,111.1,988.0,Severe Cyclonic Storm,26.93,-6.5699615478515625,15.279464721679688,994.3,False
2013339N09084,2013,MADI,BB,2013-12-09 21:00:00,14.8,84.9,111.1,988.0,Severe Cyclonic Storm,26.93,-4.0331878662109375,15.48297119140625,994.4,False
2013339N09084,2013,MADI,BB,2013-12-10 00:00:00,15.0,85.1,111.1,988.0,Severe Cyclonic Storm,26.97,-4.516128540039063,14.847579956054688,993.0,False
2013339N09084,2013,MADI,BB,2013-12-10 03:00:00,15.3,85.3,120.4,988.0,Very Severe Cyclonic Storm,26.96,-13.86065673828125,13.907302856445312,998.2,False
2013339N09084,2013,MADI,BB,2013-12-10 06:00:00,15.4,85.3,120.4,988.0,Very Severe Cyclonic Storm,26.96,-15.843154907226562,7.6264801025390625,1000.7,False
2013339N09084,2013,MADI,BB,2013-12-10 09:00:00,15.5,85.2,120.4,988.0,Very Severe Cyclonic Storm,26.96,-13.009246826171877,7.8643798828125,998.9,False
2013339N09084,2013,MADI,BB,2013-12-10 12:00:00,15.3,85.0,101.9,990.0,Severe Cyclonic Storm,26.92,-13.035633087158203,4.96710205078125,998.1,False
2013339N09084,2013,MADI,BB,2013-12-10 15:00:00,15.1,84.7,101.9,990.0,Severe Cyclonic Storm,26.93,-13.756118774414062,3.439453125,999.1,False
2013339N09084,2013,MADI,BB,2013-12-10 18:00:00,14.9,84.6,92.6,992.0,Severe Cyclonic Storm,26.87,-12.944625854492188,-0.9084320068359376,999.6,False
2013339N09084,2013,MADI,BB,2013-12-10 21:00:00,14.7,84.4,83.3,994.0,Cyclonic Storm,26.87,-7.11993408203125,5.9583587646484375,998.0,False
2013339N09084,2013,MADI,BB,2013-12-11 00:00:00,14.4,84.1,74.1,996.0,Cyclonic Storm,26.71,-4.5720977783203125,-1.86895751953125,997.4,False
2013339N09084,2013,MADI,BB,2013-12-11 03:00:00,14.1,83.8,55.6,998.0,Deep Depression,26.57,5.220550537109375,-2.0339813232421875,1001.1,True
2013339N09084,2013,MADI,BB,2013-12-11 06:00:00,13.8,83.6,55.6,998.0,Deep Depression,26.57,8.909332275390625,-1.6961669921875,1001.7,True
2013339N09084,2013,MADI,BB,2013-12-11 09:00:00,13.6,83.4,55.6,1000.0,Deep Depression,26.55,9.309783935546877,2.1680908203125,1000.9,True
2013339N09084,2013,MADI,BB,2013-12-11 12:00:00,13.4,83.3,55.6,1000.0,Deep Depression,26.64,-7.056182861328125,2.710205078125,999.4,True
2013339N09084,2013,MADI,BB,2013-12-11 15:00:00,13.1,83.0,51.9,1000.0,Deep Depression,26.77,-2.9309539794921875,4.3167877197265625,1002.0,True
2013339N09084,2013,MADI,BB,2013-12-11 18:00:00,12.9,82.7,46.3,1000.0,Depression,27.0,-8.054977416992188,4.0377960205078125,1002.8,True
2013339N09084,2013,MADI,BB,2013-12-11 21:00:00,12.6,82.4,46.3,1000.0,Depression,26.84,-5.47833251953125,6.6360931396484375,1001.2,True
2013339N09084,2013,MADI,BB,2013-12-12 00:00:00,12.3,82.0,46.3,1000.0,Depression,26.87,-9.930206298828123,1.933837890625,1001.1,True
2013339N09084,2013,MADI,BB,2013-12-12 03:00:00,11.9,81.5,46.3,1000.0,Depression,26.88,-11.879043579101562,-0.970428466796875,1003.9,True
2013339N09084,2013,MADI,BB,2013-12-12 06:00:00,11.4,81.2,46.3,1000.0,Depression,26.98,-5.485260009765625,3.8946533203125,1003.5,True
2013339N09084,2013,MADI,BB,2013-12-12 09:00:00,10.9,80.8,46.3,1000.0,Depression,26.76,0.5342254638671875,6.822052001953125,1002.2,True
2013339N09084,2013,MADI,BB,2013-12-12 12:00:00,10.4,80.3,46.3,1000.0,Depression,26.66,-0.7411346435546875,8.89422607421875,1004.0,True
2013339N09084,2013,MADI,BB,2013-12-12 15:00:00,10.2,79.6,42.6,1002.0,Depression,26.65,-4.110153198242188,3.517684936523437,1006.6,True
2013339N09084,2013,MADI,BB,2013-12-12 18:00:00,10.0,78.8,37.0,1004.0,Depression,,-3.9012451171875,-0.895599365234375,1007.3,False
2014003N08086,2014,UNNAMED,BB,2014-01-02 18:00:00,7.6,85.5,,,,27.88,-3.064559936523437,3.96380615234375,1009.9,True
2014003N08086,2014,UNNAMED,BB,2014-01-02 21:00:00,7.6,85.3,,,,27.95,-2.445098876953125,2.1340789794921875,1008.2,True
2014003N08086,2014,UNNAMED,BB,2014-01-03 00:00:00,7.7,85.1,,,,27.51,-6.341323852539063,1.402557373046875,1008.8,True
2014003N08086,2014,UNNAMED,BB,2014-01-03 03:00:00,7.8,84.9,,,,27.51,-7.57830810546875,2.7065887451171875,1010.8,True
2014003N08086,2014,UNNAMED,BB,2014-01-03 06:00:00,7.9,84.8,,,,27.46,-8.523208618164062,5.780319213867188,1010.0,True
2014003N08086,2014,UNNAMED,BB,2014-01-03 09:00:00,8.0,84.7,,,,27.46,-8.39935302734375,6.937057495117188,1006.6,True
2014003N08086,2014,UNNAMED,BB,2014-01-03 12:00:00,8.2,84.6,,,,27.38,-6.872161865234375,4.368179321289063,1006.8,True
2014003N08086,2014,UNNAMED,BB,2014-01-03 15:00:00,8.3,84.5,,,,27.38,-2.612289428710937,6.4913482666015625,1008.6,True
2014003N08086,2014,UNNAMED,BB,2014-01-03 18:00:00,8.5,84.3,,,,27.36,-4.954757690429688,6.393218994140625,1007.7,True
2014003N08086,2014,UNNAMED,BB,2014-01-03 21:00:00,8.7,84.1,,,,27.29,-4.2481231689453125,8.215179443359375,1006.0,True
2014003N08086,2014,UNNAMED,BB,2014-01-04 00:00:00,8.8,83.8,,,,27.62,-4.0867462158203125,4.6595611572265625,1003.5,True
2014003N08086,2014,UNNAMED,BB,2014-01-04 03:00:00,8.8,83.5,46.3,1006.0,Depression,27.53,-1.80291748046875,3.487655639648437,1005.4,True
2014003N08086,2014,UNNAMED,BB,2014-01-04 06:00:00,9.0,83.2,46.3,1006.0,Depression,27.41,-9.33306884765625,0.3945465087890625,1004.9,True
2014003N08086,2014,UNNAMED,BB,2014-01-04 09:00:00,9.1,83.0,46.3,1006.0,Depression,27.32,-8.445709228515625,-2.1963348388671875,1002.7,True
2014003N08086,2014,UNNAMED,BB,2014-01-04 12:00:00,9.1,82.9,46.3,1006.0,Depression,27.32,-5.479736328125,3.4351043701171875,1003.8,True
2014003N08086,2014,UNNAMED,BB,2014-01-04 15:00:00,9.1,82.7,46.3,1006.0,Depression,27.16,-2.87744140625,2.55963134765625,1005.3,True
2014003N08086,2014,UNNAMED,BB,2014-01-04 18:00:00,9.2,82.5,46.3,1006.0,Depression,26.96,-10.701583862304688,1.29766845703125,1005.7,True
2014003N08086,2014,UNNAMED,BB,2014-01-04 21:00:00,9.3,82.2,46.3,1006.0,Depression,26.8,-9.750411987304688,-0.4491424560546875,1004.8,True
2014003N08086,2014,UNNAMED,BB,2014-01-05 00:00:00,9.3,82.1,46.3,1006.0,Depression,26.8,-5.2407073974609375,-2.2489013671875,1005.4,True
2014003N08086,2014,UNNAMED,BB,2014-01-05 03:00:00,9.3,82.0,46.3,1006.0,Depression,26.8,-0.271636962890625,2.03131103515625,1007.5,True
2014003N08086,2014,UNNAMED,BB,2014-01-05 06:00:00,9.3,81.9,46.3,1006.0,Depression,26.8,-0.3859405517578125,9.317703247070312,1008.7,True
2014003N08086,2014,UNNAMED,BB,2014-01-05 09:00:00,9.3,81.7,46.3,1005.0,Depression,26.65,-3.3625640869140625,7.720550537109375,1007.0,True
2014003N08086,2014,UNNAMED,BB,2014-01-05 12:00:00,9.3,81.6,46.3,1004.0,Depression,26.53,-7.642730712890625,4.527984619140625,1007.6,True
2014003N08086,2014,UNNAMED,BB,2014-01-05 15:00:00,9.3,81.5,46.3,1004.0,Depression,26.53,-6.111358642578125,4.749786376953125,1010.0,True
2014003N08086,2014,UNNAMED,BB,2014-01-05 18:00:00,9.3,81.4,46.3,1004.0,Depression,26.53,-5.436859130859375,3.658294677734375,1010.0,True
2014003N08086,2014,UNNAMED,BB,2014-01-05 21:00:00,9.3,81.4,46.3,1004.0,Depression,26.53,-4.1240234375,0.84320068359375,1008.5,True
2014003N08086,2014,UNNAMED,BB,2014-01-06 00:00:00,9.3,81.3,46.3,1004.0,Depression,26.37,-2.948577880859375,-1.2657928466796875,1008.8,False
2014003N08086,2014,UNNAMED,BB,2014-01-06 03:00:00,9.3,81.1,46.3,1006.0,Depression,26.21,-2.8756256103515625,-1.210357666015625,1011.2,False
2014003N08086,2014,UNNAMED,BB,2014-01-06 06:00:00,9.1,80.9,46.3,1006.0,Depression,26.24,-0.579132080078125,1.9945831298828125,1010.7,False
2014003N08086,2014,UNNAMED,BB,2014-01-06 09:00:00,8.9,80.7,46.3,1006.0,Depression,,-0.855499267578125,-0.0713653564453125,1008.2,False
2014003N08086,2014,UNNAMED,BB,2014-01-06 12:00:00,8.8,80.6,46.3,1006.0,Depression,,-1.339385986328125,-0.7042999267578125,1008.3,False
2014003N08086,2014,UNNAMED,BB,2014-01-06 15:00:00,8.7,80.5,46.3,1006.0,Depression,,-2.1526641845703125,-0.527496337890625,1010.6,False
2014003N08086,2014,UNNAMED,BB,2014-01-06 18:00:00,8.4,80.3,46.3,1006.0,Depression,,-2.3188934326171875,-0.6295623779296875,1010.0,False
2014003N08086,2014,UNNAMED,BB,2014-01-06 21:00:00,8.2,80.1,46.3,1006.0,Depression,,-2.490447998046875,-0.456085205078125,1008.1,False
2014003N08086,2014,UNNAMED,BB,2014-01-07 00:00:00,7.9,79.9,46.3,1006.0,Depression,,-1.185333251953125,-1.6042633056640625,1008.1,False
2014003N08086,2014,UNNAMED,BB,2014-01-07 03:00:00,7.7,79.8,,,,,-2.502792358398437,-1.4486846923828125,1010.5,False
2014003N08086,2014,UNNAMED,BB,2014-01-07 06:00:00,7.6,79.6,,,,27.09,0.2076873779296875,-3.3719940185546875,1010.3,True
2014003N08086,2014,UNNAMED,BB,2014-01-07 09:00:00,7.5,79.4,,,,27.09,1.3899078369140625,-4.129241943359375,1007.5,True
2014003N08086,2014,UNNAMED,BB,2014-01-07 12:00:00,7.4,79.2,,,,27.03,-0.8594512939453125,-4.0783233642578125,1007.9,True
2014003N08086,2014,UNNAMED,BB,2014-01-07 15:00:00,7.4,79.1,,,,27.12,-4.12158203125,-4.940704345703125,1010.3,True
2014003N08086,2014,UNNAMED,BB,2014-01-07 18:00:00,7.5,78.9,,,,27.12,-5.00634765625,-1.45196533203125,1010.8,True
2014003N08086,2014,UNNAMED,BB,2014-01-07 21:00:00,7.6,78.7,,,,27.14,-3.1740264892578125,1.4474639892578125,1008.6,True
2014003N08086,2014,UNNAMED,BB,2014-01-08 00:00:00,7.7,78.5,,,,27.18,0.489166259765625,-11.497085571289062,1009.0,True
2014003N08086,2014,UNNAMED,BB,2014-01-08 03:00:00,7.7,78.3,,,,27.2,-3.279571533203125,-12.59588623046875,1011.5,True
2014003N08086,2014,UNNAMED,AS,2014-01-08 06:00:00,7.8,78.0,,,,27.22,-5.248779296875,-12.275405883789062,1012.2,True
2014003N08086,2014,UNNAMED,AS,2014-01-08 09:00:00,7.9,77.6,,,,27.35,-4.791351318359375,-7.293060302734375,1009.6,True
2014003N08086,2014,UNNAMED,AS,2014-01-08 12:00:00,8.0,77.1,,,,27.8,-1.4195709228515625,-1.10418701171875,1009.7,True
2014141N16091,2014,UNNAMED,BB,2014-05-21 03:00:00,15.5,90.5,46.3,1004.0,Depression,30.19,11.381820678710938,-5.520660400390625,1004.1,True
2014141N16091,2014,UNNAMED,BB,2014-05-21 06:00:00,16.0,90.5,46.3,1004.0,Depression,30.32,8.205673217773438,-9.630752563476562,1003.3,True
2014141N16091,2014,UNNAMED,BB,2014-05-21 09:00:00,16.3,90.7,46.3,1003.0,Depression,30.36,6.348663330078125,-11.20458984375,1001.7,True
2014141N16091,2014,UNNAMED,BB,2014-05-21 12:00:00,16.5,91.0,46.3,1002.0,Depression,30.38,1.9453125,-11.009521484375,1000.3,True
2014141N16091,2014,UNNAMED,BB,2014-05-21 15:00:00,16.5,91.0,46.3,1002.0,Depression,30.38,4.5787506103515625,-9.164398193359377,1001.6,True
2014141N16091,2014,UNNAMED,BB,2014-05-21 18:00:00,16.5,91.0,46.3,1002.0,Depression,30.38,5.177749633789063,-9.156097412109377,1001.4,True
2014141N16091,2014,UNNAMED,BB,2014-05-21 21:00:00,16.5,91.5,46.3,1001.0,Depression,30.32,5.879669189453125,-6.691925048828125,999.6,True
2014141N16091,2014,UNNAMED,BB,2014-05-22 00:00:00,16.5,92.0,46.3,1000.0,Depression,30.11,6.825714111328125,0.806671142578125,999.7,True
2014141N16091,2014,UNNAMED,BB,2014-05-22 03:00:00,16.5,92.0,46.3,1000.0,Depression,30.11,8.734268188476562,4.364913940429688,1001.8,True
2014141N16091,2014,UNNAMED,BB,2014-05-22 06:00:00,17.0,92.5,46.3,1000.0,Depression,30.31,4.091552734375,8.84124755859375,1001.1,True
2014141N16091,2014,UNNAMED,BB,2014-05-22 09:00:00,17.3,92.4,46.3,1000.0,Depression,30.34,1.348236083984375,9.238662719726562,999.2,True
2014141N16091,2014,UNNAMED,BB,2014-05-22 12:00:00,17.5,92.0,46.3,1000.0,Depression,30.33,-6.8152923583984375,3.346923828125,1000.1,True
2014141N16091,2014,UNNAMED,BB,2014-05-22 15:00:00,17.6,92.0,46.3,1000.0,Depression,30.33,-4.654266357421875,7.801132202148437,1002.0,True
2014141N16091,2014,UNNAMED,BB,2014-05-22 18:00:00,17.5,92.0,46.3,1000.0,Depression,30.33,-3.429595947265625,8.896591186523438,1002.1,True
2014141N16091,2014,UNNAMED,BB,2014-05-22 21:00:00,17.3,91.6,46.3,1000.0,Depression,30.08,-0.5767059326171875,3.069580078125,999.8,True
2014141N16091,2014,UNNAMED,BB,2014-05-23 00:00:00,17.0,91.0,46.3,1000.0,Depression,29.98,3.1083526611328125,-0.534332275390625,1001.1,True
2014159N12068,2014,NANAUK,AS,2014-06-08 06:00:00,12.4,68.3,,,,30.04,-0.132476806640625,1.742401123046875,1002.5,True
2014159N12068,2014,NANAUK,AS,2014-06-08 09:00:00,12.6,68.1,,,,30.03,-0.4923858642578125,-0.2367095947265625,1000.5,True
2014159N12068,2014,NANAUK,AS,2014-06-08 12:00:00,12.8,68.0,,,,30.09,-0.29736328125,1.5520172119140625,999.3,True
2014159N12068,2014,NANAUK,AS,2014-06-08 15:00:00,12.9,67.9,,,,30.2,0.0394287109375,1.0543212890625,1000.0,True
2014159N12068,2014,NANAUK,AS,2014-06-08 18:00:00,13.0,67.8,,,,30.2,0.152923583984375,-1.8485107421875,1000.2,True
2014159N12068,2014,NANAUK,AS,2014-06-08 21:00:00,13.1,67.7,,,,30.2,-0.237548828125,-4.7508697509765625,997.7,True
2014159N12068,2014,NANAUK,AS,2014-06-09 00:00:00,13.2,67.6,,,,30.09,-2.018402099609375,-3.4046173095703125,997.6,True
2014159N12068,2014,NANAUK,AS,2014-06-09 03:00:00,13.3,67.6,,,,30.09,-4.1243896484375,-4.705734252929688,998.7,True
2014159N12068,2014,NANAUK,AS,2014-06-09 06:00:00,13.4,67.7,,,,30.21,0.716033935546875,-4.3005218505859375,998.8,True
2014159N12068,2014,NANAUK,AS,2014-06-09 09:00:00,13.6,68.1,,,,30.09,5.82073974609375,-3.866363525390625,996.1,True
2014159N12068,2014,NANAUK,AS,2014-06-09 12:00:00,13.8,68.5,,,,29.96,3.0439453125,6.3065338134765625,996.6,True
2014159N12068,2014,NANAUK,AS,2014-06-09 15:00:00,14.1,68.9,,,,29.98,6.596939086914063,3.2911529541015625,996.7,True
2014159N12068,2014,NANAUK,AS,2014-06-09 18:00:00,14.5,69.2,,,,30.12,5.07696533203125,3.6290130615234375,996.2,True
2014159N12068,2014,NANAUK,AS,2014-06-09 21:00:00,14.8,69.2,,,,30.23,4.8768463134765625,7.555313110351562,994.2,True
2014159N12068,2014,NANAUK,AS,2014-06-10 00:00:00,15.1,69.0,,,,29.61,9.073150634765623,5.399261474609375,995.9,True
2014159N12068,2014,NANAUK,AS,2014-06-10 03:00:00,15.4,68.8,,,,29.75,8.316131591796875,12.802993774414062,994.4,True
2014159N12068,2014,NANAUK,AS,2014-06-10 06:00:00,15.7,68.6,,,,29.92,6.717071533203125,-2.0365142822265625,993.4,True
2014159N12068,2014,NANAUK,AS,2014-06-10 09:00:00,15.8,68.4,46.3,998.0,Depression,29.92,15.532821655273438,5.064010620117188,993.9,True
2014159N12068,2014,NANAUK,AS,2014-06-10 12:00:00,16.1,68.1,46.3,996.0,Depression,30.03,7.113327026367188,6.83917236328125,990.1,True
2014159N12068,2014,NANAUK,AS,2014-06-10 15:00:00,16.3,67.8,51.9,995.0,Deep Depression,30.13,5.3811798095703125,0.050994873046875,989.7,True
2014159N12068,2014,NANAUK,AS,2014-06-10 18:00:00,16.5,67.6,55.6,994.0,Deep Depression,30.13,-7.230117797851562,3.283477783203125,988.0,True
2014159N12068,2014,NANAUK,AS,2014-06-10 21:00:00,16.5,67.4,61.1,993.0,Deep Depression,30.13,-4.648361206054688,-2.0609283447265625,984.0,True
2014159N12068,2014,NANAUK,AS,2014-06-11 00:00:00,16.6,67.2,64.8,992.0,Cyclonic Storm,29.44,8.830429077148438,-9.224960327148438,986.0,False
2014159N12068,2014,NANAUK,AS,2014-06-11 03:00:00,16.7,67.0,64.8,992.0,Cyclonic Storm,29.47,5.9052276611328125,-6.944381713867188,986.1,False
2014159N12068,2014,NANAUK,AS,2014-06-11 06:00:00,17.0,66.7,83.3,990.0,Cyclonic Storm,29.49,11.029144287109377,-10.249282836914062,988.1,False
2014159N12068,2014,NANAUK,AS,2014-06-11 09:00:00,17.1,66.5,83.3,990.0,Cyclonic Storm,29.49,20.186019897460938,-0.7919464111328125,989.7,False
2014159N12068,2014,NANAUK,AS,2014-06-11 12:00:00,17.4,66.2,83.3,988.0,Cyclonic Storm,29.5,15.601821899414062,2.5376129150390625,986.0,False
2014159N12068,2014,NANAUK,AS,2014-06-11 15:00:00,17.6,66.0,83.3,988.0,Cyclonic Storm,29.58,11.883804321289062,8.786712646484375,983.7,False
2014159N12068,2014,NANAUK,AS,2014-06-11 18:00:00,17.6,65.8,83.3,988.0,Cyclonic Storm,29.74,15.844253540039062,10.187698364257812,983.8,False
2014159N12068,2014,NANAUK,AS,2014-06-11 21:00:00,17.7,65.6,83.3,988.0,Cyclonic Storm,29.93,7.245040893554687,-4.2373046875,980.6,False
2014159N12068,2014,NANAUK,AS,2014-06-12 00:00:00,17.9,65.3,83.3,986.0,Cyclonic Storm,29.84,11.727508544921877,-4.21240234375,985.7,False
2014159N12068,2014,NANAUK,AS,2014-06-12 03:00:00,18.0,64.9,83.3,986.0,Cyclonic Storm,29.86,17.063720703125,4.674224853515625,989.6,False
2014159N12068,2014,NANAUK,AS,2014-06-12 06:00:00,18.2,64.6,83.3,986.0,Cyclonic Storm,29.84,14.798171997070312,-4.650299072265625,991.1,False
2014159N12068,2014,NANAUK,AS,2014-06-12 09:00:00,18.3,64.3,83.3,988.0,Cyclonic Storm,29.83,13.998977661132812,-3.635711669921875,990.7,False
2014159N12068,2014,NANAUK,AS,2014-06-12 12:00:00,18.5,64.1,83.3,988.0,Cyclonic Storm,29.91,12.708709716796877,-2.8592681884765625,993.2,False
2014159N12068,2014,NANAUK,AS,2014-06-12 15:00:00,18.8,64.0,83.3,988.0,Cyclonic Storm,29.98,8.405410766601562,-6.864501953125,992.5,False
2014159N12068,2014,NANAUK,AS,2014-06-12 18:00:00,19.3,64.1,83.3,988.0,Cyclonic Storm,30.07,8.93060302734375,-7.574859619140625,992.9,False
2014159N12068,2014,NANAUK,AS,2014-06-12 21:00:00,19.9,64.4,83.3,988.0,Cyclonic Storm,30.17,1.0627899169921875,-2.1814727783203125,991.0,False
2014159N12068,2014,NANAUK,AS,2014-06-13 00:00:00,20.4,64.6,83.3,988.0,Cyclonic Storm,30.05,-1.2817535400390625,3.3564910888671875,991.7,False
2014159N12068,2014,NANAUK,AS,2014-06-13 03:00:00,20.7,64.4,83.3,990.0,Cyclonic Storm,30.07,1.1514892578125,7.1495208740234375,993.8,False
2014159N12068,2014,NANAUK,AS,2014-06-13 06:00:00,21.2,64.0,74.1,992.0,Cyclonic Storm,30.2,-4.538619995117188,1.797393798828125,994.2,False
2014159N12068,2014,NANAUK,AS,2014-06-13 09:00:00,21.4,63.9,55.6,994.0,Deep Depression,30.27,-4.2691192626953125,6.201263427734375,994.8,True
2014159N12068,2014,NANAUK,AS,2014-06-13 12:00:00,21.4,64.0,46.3,996.0,Depression,30.27,-2.2261962890625,4.2709808349609375,994.4,True
2014159N12068,2014,NANAUK,AS,2014-06-13 15:00:00,21.5,64.1,46.3,996.0,Depression,30.27,-3.211654663085937,2.915740966796875,995.3,True
2014159N12068,2014,NANAUK,AS,2014-06-13 18:00:00,21.5,64.2,46.3,996.0,Depression,30.24,2.4026641845703125,6.96331787109375,996.7,True
2014159N12068,2014,NANAUK,AS,2014-06-13 21:00:00,21.6,64.3,46.3,996.0,Depression,30.24,5.320083618164063,7.50347900390625,996.7,True
2014159N12068,2014,NANAUK,AS,2014-06-14 00:00:00,21.6,64.5,46.3,996.0,Depression,30.22,4.3653717041015625,4.1841888427734375,996.3,True
2014159N12068,2014,NANAUK,AS,2014-06-14 03:00:00,21.7,64.6,,,,30.34,0.6973419189453125,0.016326904296875,997.6,True
2014159N12068,2014,NANAUK,AS,2014-06-14 06:00:00,21.7,64.8,,,,30.3,1.277587890625,3.39154052734375,998.4,True
2014159N12068,2014,NANAUK,AS,2014-06-14 09:00:00,21.7,65.0,,,,30.26,3.1879119873046875,4.0531768798828125,997.6,True
2014159N12068,2014,NANAUK,AS,2014-06-14 12:00:00,21.7,65.2,,,,30.22,4.61688232421875,4.6519927978515625,997.1,True
2014202N22087,2014,UNNAMED,BB,2014-07-21 03:00:00,22.0,87.0,46.3,988.0,Depression,,-0.4558258056640625,3.6902008056640634,992.7,False
2014202N22087,2014,UNNAMED,BB,2014-07-21 06:00:00,22.2,86.4,37.0,988.0,Depression,,-2.155670166015625,2.468109130859375,992.7,False
2014202N22087,2014,UNNAMED,BB,2014-07-21 09:00:00,22.4,85.7,37.0,988.0,Depression,,-2.8649139404296875,1.894927978515625,991.0,False
2014202N22087,2014,UNNAMED,BB,2014-07-21 12:00:00,22.5,85.0,37.0,988.0,Depression,,-2.101669311523437,0.3943939208984375,990.3,False
2014202N22087,2014,UNNAMED,BB,2014-07-21 15:00:00,22.5,84.5,37.0,989.0,Depression,,-2.765594482421875,-0.4443817138671875,992.8,False
2014202N22087,2014,UNNAMED,BB,2014-07-21 18:00:00,22.5,84.0,37.0,990.0,Depression,,-3.158782958984375,-0.7838592529296875,993.2,False
2014202N22087,2014,UNNAMED,BB,2014-07-21 21:00:00,22.5,83.5,37.0,990.0,Depression,,-3.368637084960937,-1.4905548095703125,991.9,False
2014202N22087,2014,UNNAMED,BB,2014-07-22 00:00:00,22.5,83.0,37.0,990.0,Depression,,-3.5666961669921875,-0.7255096435546875,991.9,False
2014202N22087,2014,UNNAMED,BB,2014-07-22 03:00:00,22.5,82.5,37.0,990.0,Depression,,-1.8348541259765625,-2.286224365234375,993.2,False
2014202N22087,2014,UNNAMED,BB,2014-07-22 06:00:00,22.5,82.0,37.0,990.0,Depression,,-2.2537078857421875,-3.081939697265625,993.0,False
2014202N22087,2014,UNNAMED,BB,2014-07-22 09:00:00,22.5,81.5,37.0,990.0,Depression,,-3.274642944335937,-1.8884429931640625,992.5,False
2014202N22087,2014,UNNAMED,BB,2014-07-22 12:00:00,22.5,81.0,37.0,990.0,Depression,,-0.2919464111328125,0.5673675537109375,992.4,False
2014202N22087,2014,UNNAMED,BB,2014-07-22 15:00:00,22.5,80.3,37.0,991.0,Depression,,0.7562103271484375,1.3131256103515625,994.1,False
2014202N22087,2014,UNNAMED,BB,2014-07-22 18:00:00,22.5,79.6,37.0,992.0,Depression,,0.8434600830078125,-2.300628662109375,994.6,False
2014202N22087,2014,UNNAMED,BB,2014-07-22 21:00:00,22.5,78.9,37.0,992.0,Depression,,-0.320037841796875,-2.073516845703125,993.2,False
2014202N22087,2014,UNNAMED,BB,2014-07-23 00:00:00,22.5,78.2,37.0,992.0,Depression,,-1.07879638671875,-1.6445159912109375,993.7,False
2014202N22087,2014,UNNAMED,AS,2014-07-23 03:00:00,22.5,77.5,37.0,992.0,Depression,,0.0659942626953125,-2.1088409423828125,995.4,False
2014202N22087,2014,UNNAMED,AS,2014-07-23 06:00:00,22.5,77.0,37.0,992.0,Depression,,0.3021392822265625,0.7801513671875,995.7,False
2014216N21089,2014,UNNAMED,BB,2014-08-03 12:00:00,21.5,88.5,46.3,990.0,Depression,28.85,6.85986328125,2.4015045166015625,992.5,True
2014216N21089,2014,UNNAMED,BB,2014-08-03 15:00:00,21.7,88.4,51.9,990.0,Deep Depression,28.75,3.821502685546875,4.385772705078125,993.7,True
2014216N21089,2014,UNNAMED,BB,2014-08-03 18:00:00,21.9,88.3,55.6,990.0,Deep Depression,,-0.587310791015625,-0.004791259765625,992.3,False
2014216N21089,2014,UNNAMED,BB,2014-08-03 21:00:00,22.1,88.0,55.6,990.0,Deep Depression,,-0.6177520751953125,-2.809677124023437,991.0,False
2014216N21089,2014,UNNAMED,BB,2014-08-04 00:00:00,22.3,87.6,55.6,990.0,Deep Depression,,-1.177337646484375,-2.63348388671875,990.4,False
2014216N21089,2014,UNNAMED,BB,2014-08-04 03:00:00,22.5,87.2,55.6,990.0,Deep Depression,,-2.7873687744140625,-1.6927032470703125,991.6,False
2014216N21089,2014,UNNAMED,BB,2014-08-04 06:00:00,22.5,86.5,55.6,990.0,Deep Depression,,-0.4952545166015625,-3.878814697265625,992.0,False
2014216N21089,2014,UNNAMED,BB,2014-08-04 09:00:00,22.4,86.2,55.6,990.0,Deep Depression,,-0.559844970703125,-3.1248321533203125,990.3,False
2014216N21089,2014,UNNAMED,BB,2014-08-04 12:00:00,22.2,86.1,55.6,990.0,Deep Depression,,1.533355712890625,-0.4338226318359375,990.1,False
2014216N21089,2014,UNNAMED,BB,2014-08-04 15:00:00,22.2,85.6,55.6,990.0,Deep Depression,,1.871337890625,-0.7150115966796875,992.8,False
2014216N21089,2014,UNNAMED,BB,2014-08-04 18:00:00,22.2,85.1,55.6,990.0,Deep Depression,,1.3979949951171875,-0.9066009521484376,992.5,False
2014216N21089,2014,UNNAMED,BB,2014-08-04 21:00:00,22.2,84.6,55.6,990.0,Deep Depression,,0.3783721923828125,-1.6338348388671875,991.3,False
2014216N21089,2014,UNNAMED,BB,2014-08-05 00:00:00,22.2,84.1,55.6,990.0,Deep Depression,,2.2297515869140625,0.3992919921875,992.2,False
2014216N21089,2014,UNNAMED,BB,2014-08-05 03:00:00,22.2,83.5,55.6,994.0,Deep Depression,,3.305572509765625,1.0311737060546875,994.4,False
2014216N21089,2014,UNNAMED,BB,2014-08-05 06:00:00,22.9,83.0,55.6,992.0,Deep Depression,,2.2312469482421875,-1.4579620361328125,994.8,False
2014216N21089,2014,UNNAMED,BB,2014-08-05 09:00:00,23.5,82.5,46.3,992.0,Depression,,0.649169921875,-1.8294677734375,994.1,False
2014216N21089,2014,UNNAMED,BB,2014-08-05 12:00:00,24.0,82.0,46.3,992.0,Depression,,-0.90155029296875,-1.930267333984375,992.6,False
2014216N21089,2014,UNNAMED,BB,2014-08-05 15:00:00,24.2,81.6,46.3,992.0,Depression,,-0.8831329345703125,-2.3165435791015625,994.1,False
2014216N21089,2014,UNNAMED,BB,2014-08-05 18:00:00,24.2,81.3,46.3,992.0,Depression,,-1.359588623046875,-2.303497314453125,994.0,False
2014216N21089,2014,UNNAMED,BB,2014-08-05 21:00:00,24.3,81.0,46.3,992.0,Depression,,-1.2346343994140625,0.2217254638671875,993.0,False
2014216N21089,2014,UNNAMED,BB,2014-08-06 00:00:00,24.4,80.6,46.3,992.0,Depression,,-1.7167205810546875,-2.0582427978515625,993.3,False
2014216N21089,2014,UNNAMED,BB,2014-08-06 03:00:00,24.5,80.2,46.3,996.0,Depression,,1.2222747802734375,1.6338348388671875,994.7,False
2014216N21089,2014,UNNAMED,BB,2014-08-06 06:00:00,24.6,80.0,46.3,994.0,Depression,,2.6838836669921875,4.381500244140625,995.8,False
2014216N21089,2014,UNNAMED,BB,2014-08-06 09:00:00,24.8,79.8,46.3,994.0,Depression,,2.545745849609375,3.08013916015625,994.0,False
2014216N21089,2014,UNNAMED,BB,2014-08-06 12:00:00,25.0,79.5,46.3,994.0,Depression,,2.942733764648437,3.87396240234375,994.1,False
2014216N21089,2014,UNNAMED,BB,2014-08-06 15:00:00,25.2,79.2,46.3,994.0,Depression,,1.656524658203125,2.7193603515625,995.3,False
2014216N21089,2014,UNNAMED,BB,2014-08-06 18:00:00,25.3,79.0,46.3,994.0,Depression,,1.8240509033203125,3.611038208007813,996.6,False
2014216N21089,2014,UNNAMED,BB,2014-08-06 21:00:00,25.4,78.8,46.3,994.0,Depression,,1.8196258544921875,3.74261474609375,995.1,False
2014216N21089,2014,UNNAMED,BB,2014-08-07 00:00:00,25.5,78.5,46.3,994.0,Depression,,2.352081298828125,3.3547821044921875,995.7,False
2014279N11096,2014,HUDHUD,BB,2014-10-06 06:00:00,10.7,96.1,,,,28.45,-3.398223876953125,-1.9765625,1007.5,True
2014279N11096,2014,HUDHUD,BB,2014-10-06 09:00:00,10.7,96.0,,,,28.45,-3.611785888671875,0.6923828125,1004.8,True
2014279N11096,2014,HUDHUD,BB,2014-10-06 12:00:00,10.7,95.9,,,,28.45,-3.4937896728515625,0.9631805419921876,1004.9,True
2014279N11096,2014,HUDHUD,BB,2014-10-06 15:00:00,10.7,95.8,,,,28.43,-1.746429443359375,-3.177841186523437,1007.4,True
2014279N11096,2014,HUDHUD,BB,2014-10-06 18:00:00,10.8,95.6,,,,28.44,-1.406402587890625,-3.458709716796875,1006.4,True
2014279N11096,2014,HUDHUD,BB,2014-10-06 21:00:00,10.9,95.4,,,,28.44,-3.284393310546875,-3.5012359619140625,1004.3,True
2014279N11096,2014,HUDHUD,BB,2014-10-07 00:00:00,11.0,95.2,,,,28.23,-3.966217041015625,2.660629272460937,1004.5,True
2014279N11096,2014,HUDHUD,BB,2014-10-07 03:00:00,11.2,95.0,46.3,1004.0,Depression,28.34,-2.615631103515625,3.03021240234375,1006.2,True
2014279N11096,2014,HUDHUD,BB,2014-10-07 06:00:00,11.4,94.7,46.3,1004.0,Depression,28.49,-6.224853515625,5.29571533203125,1003.4,True
2014279N11096,2014,HUDHUD,BB,2014-10-07 09:00:00,11.5,94.4,51.9,1002.0,Deep Depression,28.59,-1.94488525390625,5.459487915039063,1000.7,True
2014279N11096,2014,HUDHUD,BB,2014-10-07 12:00:00,11.7,94.1,55.6,1000.0,Deep Depression,28.71,-4.281097412109375,-0.6805267333984375,1001.1,True
2014279N11096,2014,HUDHUD,BB,2014-10-07 15:00:00,11.8,93.8,55.6,1000.0,Deep Depression,28.71,-0.77587890625,2.890655517578125,1002.9,True
2014279N11096,2014,HUDHUD,BB,2014-10-07 18:00:00,11.9,93.5,55.6,1000.0,Deep Depression,28.69,-0.717864990234375,5.1170806884765625,1001.3,True
2014279N11096,2014,HUDHUD,BB,2014-10-07 21:00:00,12.0,93.2,55.6,1000.0,Deep Depression,28.66,3.1734161376953125,3.5894317626953125,998.8,True
2014279N11096,2014,HUDHUD,BB,2014-10-08 00:00:00,12.2,92.9,55.6,1000.0,Deep Depression,28.14,1.212432861328125,5.532012939453125,999.4,True
2014279N11096,2014,HUDHUD,BB,2014-10-08 03:00:00,12.3,92.6,64.8,998.0,Cyclonic Storm,28.15,5.4055023193359375,11.430252075195312,1001.1,False
2014279N11096,2014,HUDHUD,BB,2014-10-08 06:00:00,12.6,92.1,74.1,996.0,Cyclonic Storm,28.28,4.4156036376953125,7.78546142578125,997.7,False
2014279N11096,2014,HUDHUD,BB,2014-10-08 09:00:00,12.8,91.4,74.1,996.0,Cyclonic Storm,28.43,5.8201446533203125,-1.0594940185546875,995.2,False
2014279N11096,2014,HUDHUD,BB,2014-10-08 12:00:00,12.9,90.9,74.1,996.0,Cyclonic Storm,28.51,0.27264404296875,-1.156951904296875,995.6,False
2014279N11096,2014,HUDHUD,BB,2014-10-08 15:00:00,13.1,90.4,74.1,996.0,Cyclonic Storm,28.58,5.8599853515625,-6.004180908203125,997.8,False
2014279N11096,2014,HUDHUD,BB,2014-10-08 18:00:00,13.3,90.1,83.3,994.0,Cyclonic Storm,28.69,8.267822265625,-3.7861328125,996.8,False
2014279N11096,2014,HUDHUD,BB,2014-10-08 21:00:00,13.5,89.6,83.3,992.0,Cyclonic Storm,28.87,4.77099609375,-9.181533813476562,994.8,False
2014279N11096,2014,HUDHUD,BB,2014-10-09 00:00:00,13.6,89.3,83.3,990.0,Cyclonic Storm,28.82,5.221893310546875,-4.066497802734375,993.1,False
2014279N11096,2014,HUDHUD,BB,2014-10-09 03:00:00,13.7,89.1,101.9,988.0,Severe Cyclonic Storm,28.89,1.068359375,-6.411590576171875,993.3,False
2014279N11096,2014,HUDHUD,BB,2014-10-09 06:00:00,13.8,88.9,101.9,988.0,Severe Cyclonic Storm,28.89,8.442352294921875,4.8438873291015625,992.7,False
2014279N11096,2014,HUDHUD,BB,2014-10-09 09:00:00,13.9,88.6,101.9,988.0,Severe Cyclonic Storm,29.12,8.71600341796875,-6.951141357421875,989.5,False
2014279N11096,2014,HUDHUD,BB,2014-10-09 12:00:00,14.1,88.5,101.9,988.0,Severe Cyclonic Storm,29.12,7.746246337890625,1.5501556396484375,990.0,False
2014279N11096,2014,HUDHUD,BB,2014-10-09 15:00:00,14.1,88.2,101.9,988.0,Severe Cyclonic Storm,29.21,14.861068725585938,3.742584228515625,991.6,False
2014279N11096,2014,HUDHUD,BB,2014-10-09 18:00:00,14.2,88.0,101.9,988.0,Severe Cyclonic Storm,29.3,9.95697021484375,-2.845428466796875,990.0,False
2014279N11096,2014,HUDHUD,BB,2014-10-09 21:00:00,14.4,87.8,111.1,988.0,Severe Cyclonic Storm,29.35,10.90966796875,-3.4608154296875,989.4,False
2014279N11096,2014,HUDHUD,BB,2014-10-10 00:00:00,14.6,87.6,111.1,988.0,Severe Cyclonic Storm,29.26,9.703414916992188,2.273666381835937,987.2,False
2014279N11096,2014,HUDHUD,BB,2014-10-10 03:00:00,14.8,87.3,111.1,988.0,Severe Cyclonic Storm,29.34,3.25982666015625,-4.029556274414063,988.3,False
2014279N11096,2014,HUDHUD,BB,2014-10-10 06:00:00,14.9,87.2,111.1,986.0,Severe Cyclonic Storm,29.29,3.731033325195313,6.9326019287109375,988.3,False
2014279N11096,2014,HUDHUD,BB,2014-10-10 09:00:00,15.1,87.0,120.4,984.0,Very Severe Cyclonic Storm,29.39,10.486312866210938,3.32781982421875,987.2,False
2014279N11096,2014,HUDHUD,BB,2014-10-10 12:00:00,15.3,86.8,129.6,982.0,Very Severe Cyclonic Storm,29.41,5.85894775390625,-2.458114624023437,987.0,False
2014279N11096,2014,HUDHUD,BB,2014-10-10 15:00:00,15.5,86.5,138.9,980.0,Very Severe Cyclonic Storm,29.49,-3.2562408447265625,-1.481536865234375,987.5,False
2014279N11096,2014,HUDHUD,BB,2014-10-10 18:00:00,15.6,86.3,138.9,978.0,Very Severe Cyclonic Storm,29.57,0.87109375,-0.610107421875,985.6,False
2014279N11096,2014,HUDHUD,BB,2014-10-10 21:00:00,15.7,86.0,138.9,974.0,Very Severe Cyclonic Storm,29.59,-5.465423583984375,2.72637939453125,982.9,False
2014279N11096,2014,HUDHUD,BB,2014-10-11 00:00:00,15.9,85.7,138.9,970.0,Very Severe Cyclonic Storm,29.4,-9.494705200195312,-1.3914794921875,982.0,False
2014279N11096,2014,HUDHUD,BB,2014-10-11 03:00:00,16.0,85.4,148.2,968.0,Very Severe Cyclonic Storm,29.49,-8.538803100585938,-1.6905059814453125,982.2,False
2014279N11096,2014,HUDHUD,BB,2014-10-11 06:00:00,16.1,85.1,166.7,966.0,Extremely Severe Cyclonic Storm,29.61,0.2583160400390625,-14.655624389648438,983.0,False
2014279N11096,2014,HUDHUD,BB,2014-10-11 09:00:00,16.1,85.0,166.7,964.0,Extremely Severe Cyclonic Storm,29.61,1.2983551025390625,-7.4956512451171875,977.2,False
2014279N11096,2014,HUDHUD,BB,2014-10-11 12:00:00,16.2,84.9,175.9,962.0,Extremely Severe Cyclonic Storm,29.6,5.69915771484375,-2.310272216796875,975.9,False
2014279N11096,2014,HUDHUD,BB,2014-10-11 15:00:00,16.3,84.8,175.9,960.0,Extremely Severe Cyclonic Storm,29.57,12.380661010742188,-1.30609130859375,978.4,False
2014279N11096,2014,HUDHUD,BB,2014-10-11 18:00:00,16.6,84.6,185.2,954.0,Extremely Severe Cyclonic Storm,29.57,12.960968017578123,-2.8726806640625,976.0,False
2014279N11096,2014,HUDHUD,BB,2014-10-11 21:00:00,16.8,84.4,185.2,952.0,Extremely Severe Cyclonic Storm,29.62,20.108474731445312,13.6724853515625,974.1,False
2014279N11096,2014,HUDHUD,BB,2014-10-12 00:00:00,17.2,84.1,185.2,950.0,Extremely Severe Cyclonic Storm,29.18,3.3191375732421875,-4.0999603271484375,969.5,False
2014279N11096,2014,HUDHUD,BB,2014-10-12 03:00:00,17.4,83.8,185.2,950.0,Extremely Severe Cyclonic Storm,29.18,3.682449340820313,13.959243774414062,972.2,False
2014279N11096,2014,HUDHUD,BB,2014-10-12 06:00:00,17.6,83.4,185.2,950.0,Extremely Severe Cyclonic Storm,29.07,4.69769287109375,23.160476684570312,981.6,False
2014279N11096,2014,HUDHUD,BB,2014-10-12 09:00:00,17.8,83.1,166.7,960.0,Extremely Severe Cyclonic Storm,,-0.9841766357421876,6.1957855224609375,981.4,False
2014279N11096,2014,HUDHUD,BB,2014-10-12 12:00:00,18.0,82.8,111.1,982.0,Severe Cyclonic Storm,,-4.38525390625,0.5083770751953125,984.4,False
2014279N11096,2014,HUDHUD,BB,2014-10-12 15:00:00,18.3,82.5,83.3,986.0,Cyclonic Storm,,-1.6430206298828125,-1.4623870849609375,989.0,False
2014279N11096,2014,HUDHUD,BB,2014-10-12 18:00:00,18.8,82.3,74.1,987.0,Cyclonic Storm,,-2.278549194335937,-4.263153076171875,989.0,False
2014279N11096,2014,HUDHUD,BB,2014-10-12 21:00:00,19.0,82.1,74.1,988.0,Cyclonic Storm,,0.2274322509765625,-0.7009124755859375,988.7,False
2014279N11096,2014,HUDHUD,BB,2014-10-13 00:00:00,19.7,81.6,55.6,994.0,Deep Depression,,-2.410064697265625,-4.945648193359375,991.5,False
2014279N11096,2014,HUDHUD,BB,2014-10-13 03:00:00,20.5,81.5,55.6,996.0,Deep Depression,,-7.311691284179687,-2.71588134765625,994.2,False
2014279N11096,2014,HUDHUD,BB,2014-10-13 06:00:00,20.8,81.4,55.6,998.0,Deep Depression,,-3.703292846679688,6.515350341796875,994.7,False
2014279N11096,2014,HUDHUD,BB,2014-10-13 09:00:00,21.1,81.4,51.9,998.0,Deep Depression,,0.022491455078125,8.382034301757812,995.5,False
2014279N11096,2014,HUDHUD,BB,2014-10-13 12:00:00,21.4,81.4,46.3,998.0,Depression,,-2.2353668212890625,7.743621826171875,997.1,False
2014279N11096,2014,HUDHUD,BB,2014-10-13 15:00:00,21.7,81.5,46.3,999.0,Depression,,-1.515411376953125,8.766098022460938,999.6,False
2014279N11096,2014,HUDHUD,BB,2014-10-13 18:00:00,22.3,81.5,46.3,1000.0,Depression,,0.533111572265625,8.153533935546875,1000.9,False
2014279N11096,2014,HUDHUD,BB,2014-10-13 21:00:00,23.6,81.5,46.3,1000.0,Depression,,-3.827789306640625,5.980636596679688,998.2,False
2014279N11096,2014,HUDHUD,BB,2014-10-14 00:00:00,24.8,81.5,46.3,1000.0,Depression,,-5.16876220703125,1.707550048828125,998.3,False
2014279N11096,2014,HUDHUD,BB,2014-10-14 03:00:00,25.1,81.6,37.0,1000.0,Depression,,1.382354736328125,4.4833984375,1000.1,False
2014279N11096,2014,HUDHUD,BB,2014-10-14 06:00:00,25.6,81.7,37.0,1000.0,Depression,,5.078155517578125,6.7451019287109375,1001.8,False
2014279N11096,2014,HUDHUD,BB,2014-10-14 09:00:00,26.3,81.8,37.0,1000.0,Depression,,3.288818359375,7.4306182861328125,1000.9,False
2014297N11062,2014,NILOFAR,AS,2014-10-23 12:00:00,10.8,62.1,,,,28.5,-0.4062957763671875,-3.970794677734375,1005.8,True
2014297N11062,2014,NILOFAR,AS,2014-10-23 15:00:00,11.0,61.9,,,,28.5,-0.585174560546875,-4.888473510742188,1007.2,True
2014297N11062,2014,NILOFAR,AS,2014-10-23 18:00:00,11.1,61.8,,,,28.44,0.1448822021484375,-6.04449462890625,1007.7,True
2014297N11062,2014,NILOFAR,AS,2014-10-23 21:00:00,11.2,61.7,,,,28.42,-1.1652679443359375,-3.921066284179688,1005.3,True
2014297N11062,2014,NILOFAR,AS,2014-10-24 00:00:00,11.3,61.6,,,,28.31,-2.2985076904296875,-3.872360229492188,1003.5,True
2014297N11062,2014,NILOFAR,AS,2014-10-24 03:00:00,11.4,61.5,,,,28.28,-2.5271759033203125,-2.2605133056640625,1004.6,True
2014297N11062,2014,NILOFAR,AS,2014-10-24 06:00:00,11.6,61.5,,,,28.28,-1.18353271484375,-1.0947265625,1005.5,True
2014297N11062,2014,NILOFAR,AS,2014-10-24 09:00:00,11.7,61.6,,,,28.29,-0.4771728515625,-0.6883544921875,1002.8,True
2014297N11062,2014,NILOFAR,AS,2014-10-24 12:00:00,11.8,61.7,,,,28.26,-0.4042510986328125,0.56182861328125,1001.4,True
2014297N11062,2014,NILOFAR,AS,2014-10-24 15:00:00,11.9,61.8,,,,28.24,-2.0540771484375,-3.5078125,1002.7,True
2014297N11062,2014,NILOFAR,AS,2014-10-24 18:00:00,12.0,62.0,,,,28.22,0.0935516357421875,-1.951904296875,1003.1,True
2014297N11062,2014,NILOFAR,AS,2014-10-24 21:00:00,12.1,62.2,,,,28.25,4.924102783203125,-0.2859344482421875,1001.4,True
2014297N11062,2014,NILOFAR,AS,2014-10-25 00:00:00,12.3,62.1,46.3,1004.0,Depression,28.06,4.380172729492188,-0.1146697998046875,1000.7,True
2014297N11062,2014,NILOFAR,AS,2014-10-25 03:00:00,12.6,62.1,46.3,1004.0,Depression,28.08,3.32098388671875,-0.2691802978515625,1002.5,True
2014297N11062,2014,NILOFAR,AS,2014-10-25 06:00:00,12.7,62.0,46.3,1004.0,Depression,28.09,4.3818359375,-0.85015869140625,1003.1,True
2014297N11062,2014,NILOFAR,AS,2014-10-25 09:00:00,13.0,61.9,46.3,1004.0,Depression,28.02,7.251068115234375,-2.211761474609375,999.5,True
2014297N11062,2014,NILOFAR,AS,2014-10-25 12:00:00,13.3,61.9,46.3,1003.0,Depression,27.96,4.73553466796875,-4.488922119140625,998.1,True
2014297N11062,2014,NILOFAR,AS,2014-10-25 15:00:00,13.3,61.9,46.3,1003.0,Depression,27.96,7.147003173828125,-6.741989135742188,1000.2,True
2014297N11062,2014,NILOFAR,AS,2014-10-25 18:00:00,13.5,62.0,46.3,1003.0,Depression,27.89,6.248703002929688,-8.474517822265625,1000.7,True
2014297N11062,2014,NILOFAR,AS,2014-10-25 21:00:00,13.8,62.3,46.3,1003.0,Depression,27.92,4.090591430664063,-6.0775146484375,998.5,True
2014297N11062,2014,NILOFAR,AS,2014-10-26 00:00:00,14.1,62.5,46.3,1002.0,Depression,27.71,1.3160400390625,-6.1448974609375,997.0,True
2014297N11062,2014,NILOFAR,AS,2014-10-26 03:00:00,14.1,62.5,55.6,999.0,Deep Depression,27.71,0.607330322265625,-5.98760986328125,999.2,True
2014297N11062,2014,NILOFAR,AS,2014-10-26 06:00:00,14.2,62.5,64.8,998.0,Cyclonic Storm,27.72,0.8002166748046875,-7.5897216796875,1000.2,False
2014297N11062,2014,NILOFAR,AS,2014-10-26 09:00:00,14.2,62.5,64.8,996.0,Cyclonic Storm,27.72,4.256362915039063,-5.1027679443359375,997.5,False
2014297N11062,2014,NILOFAR,AS,2014-10-26 12:00:00,14.3,62.5,74.1,994.0,Cyclonic Storm,27.72,9.805435180664062,-5.42083740234375,995.9,False
2014297N11062,2014,NILOFAR,AS,2014-10-26 15:00:00,14.3,62.5,74.1,994.0,Cyclonic Storm,27.72,9.557586669921877,-7.231552124023437,997.3,False
2014297N11062,2014,NILOFAR,AS,2014-10-26 18:00:00,14.5,62.5,83.3,994.0,Cyclonic Storm,27.74,4.0616302490234375,-6.3521575927734375,997.3,False
2014297N11062,2014,NILOFAR,AS,2014-10-26 21:00:00,14.6,62.4,92.6,994.0,Severe Cyclonic Storm,27.74,10.0340576171875,-4.2165374755859375,995.4,False
2014297N11062,2014,NILOFAR,AS,2014-10-27 00:00:00,14.8,62.4,101.9,990.0,Severe Cyclonic Storm,27.61,-3.302947998046875,-0.214141845703125,992.8,False
2014297N11062,2014,NILOFAR,AS,2014-10-27 03:00:00,14.8,62.3,111.1,990.0,Severe Cyclonic Storm,27.56,-4.2292022705078125,-6.906036376953125,994.1,False
2014297N11062,2014,NILOFAR,AS,2014-10-27 06:00:00,14.9,62.3,120.4,986.0,Very Severe Cyclonic Storm,27.53,-8.754104614257812,-4.085464477539063,995.8,False
2014297N11062,2014,NILOFAR,AS,2014-10-27 09:00:00,14.9,62.2,120.4,984.0,Very Severe Cyclonic Storm,27.53,-6.82470703125,0.65386962890625,992.3,False
2014297N11062,2014,NILOFAR,AS,2014-10-27 12:00:00,15.0,62.2,129.6,982.0,Very Severe Cyclonic Storm,27.53,-1.987518310546875,-2.749862670898437,992.5,False
2014297N11062,2014,NILOFAR,AS,2014-10-27 15:00:00,15.1,62.1,129.6,981.0,Very Severe Cyclonic Storm,27.47,3.1007232666015625,-7.338592529296875,994.4,False
2014297N11062,2014,NILOFAR,AS,2014-10-27 18:00:00,15.2,62.1,129.6,980.0,Very Severe Cyclonic Storm,27.49,3.051849365234375,-0.135162353515625,994.5,False
2014297N11062,2014,NILOFAR,AS,2014-10-27 21:00:00,15.4,61.8,138.9,979.0,Very Severe Cyclonic Storm,27.52,3.988327026367188,1.617340087890625,992.8,False
2014297N11062,2014,NILOFAR,AS,2014-10-28 00:00:00,15.6,61.8,138.9,978.0,Very Severe Cyclonic Storm,27.47,7.092376708984375,6.662612915039063,993.0,False
2014297N11062,2014,NILOFAR,AS,2014-10-28 03:00:00,15.8,61.7,138.9,977.0,Very Severe Cyclonic Storm,27.49,9.024810791015623,9.931106567382812,994.3,False
2014297N11062,2014,NILOFAR,AS,2014-10-28 06:00:00,16.0,61.7,148.2,974.0,Very Severe Cyclonic Storm,27.47,9.675994873046877,11.802764892578123,996.7,False
2014297N11062,2014,NILOFAR,AS,2014-10-28 09:00:00,16.3,61.7,166.7,966.0,Extremely Severe Cyclonic Storm,27.44,11.728561401367188,11.160430908203123,995.7,False
2014297N11062,2014,NILOFAR,AS,2014-10-28 12:00:00,16.8,61.8,185.2,954.0,Extremely Severe Cyclonic Storm,27.44,9.470748901367188,12.063796997070312,994.2,False
2014297N11062,2014,NILOFAR,AS,2014-10-28 15:00:00,17.2,61.8,194.5,952.0,Extremely Severe Cyclonic Storm,27.47,5.1659088134765625,13.101882934570312,994.3,False
2014297N11062,2014,NILOFAR,AS,2014-10-28 18:00:00,17.7,61.7,203.7,950.0,Extremely Severe Cyclonic Storm,27.39,-3.0545806884765625,13.335403442382812,994.8,False
2014297N11062,2014,NILOFAR,AS,2014-10-28 21:00:00,17.9,61.7,203.7,950.0,Extremely Severe Cyclonic Storm,27.37,-1.8682861328125,12.337661743164062,993.7,False
2014297N11062,2014,NILOFAR,AS,2014-10-29 00:00:00,18.1,61.8,194.5,954.0,Extremely Severe Cyclonic Storm,27.0,2.992050170898437,17.7855224609375,995.9,False
2014297N11062,2014,NILOFAR,AS,2014-10-29 03:00:00,18.5,61.8,185.2,958.0,Extremely Severe Cyclonic Storm,27.06,0.1895904541015625,12.218002319335938,997.4,False
2014297N11062,2014,NILOFAR,AS,2014-10-29 06:00:00,18.7,61.9,175.9,962.0,Extremely Severe Cyclonic Storm,27.1,-3.7331695556640634,18.833541870117188,998.1,False
2014297N11062,2014,NILOFAR,AS,2014-10-29 09:00:00,18.8,62.0,166.7,968.0,Extremely Severe Cyclonic Storm,27.1,1.8635101318359373,17.149017333984375,994.1,False
2014297N11062,2014,NILOFAR,AS,2014-10-29 12:00:00,19.0,62.2,148.2,974.0,Very Severe Cyclonic Storm,27.18,1.41387939453125,17.128189086914062,995.7,False
2014297N11062,2014,NILOFAR,AS,2014-10-29 15:00:00,19.2,62.5,129.6,980.0,Very Severe Cyclonic Storm,27.29,-0.536346435546875,13.775436401367188,995.9,False
2014297N11062,2014,NILOFAR,AS,2014-10-29 18:00:00,19.3,62.9,129.6,986.0,Very Severe Cyclonic Storm,27.32,-1.06951904296875,18.261245727539062,998.5,False
2014297N11062,2014,NILOFAR,AS,2014-10-29 21:00:00,19.4,63.2,111.1,988.0,Severe Cyclonic Storm,27.37,-0.01611328125,16.23638916015625,998.5,False
2014297N11062,2014,NILOFAR,AS,2014-10-30 00:00:00,19.6,63.6,111.1,990.0,Severe Cyclonic Storm,27.09,9.386123657226562,14.802322387695312,997.9,False
2014297N11062,2014,NILOFAR,AS,2014-10-30 03:00:00,19.8,63.9,92.6,994.0,Severe Cyclonic Storm,27.28,10.479507446289062,15.206283569335938,998.1,False
2014297N11062,2014,NILOFAR,AS,2014-10-30 06:00:00,20.1,64.2,83.3,998.0,Cyclonic Storm,27.46,11.291091918945312,14.339401245117188,997.0,False
2014297N11062,2014,NILOFAR,AS,2014-10-30 09:00:00,20.1,64.4,74.1,1000.0,Cyclonic Storm,27.53,11.20672607421875,16.229904174804688,996.9,False
2014297N11062,2014,NILOFAR,AS,2014-10-30 12:00:00,20.3,64.6,74.1,1001.0,Cyclonic Storm,27.6,9.916458129882812,7.818878173828125,997.3,False
2014297N11062,2014,NILOFAR,AS,2014-10-30 15:00:00,20.4,64.6,70.4,1002.0,Cyclonic Storm,27.67,-1.747100830078125,-7.6898193359375,999.4,False
2014297N11062,2014,NILOFAR,AS,2014-10-30 18:00:00,20.5,64.8,64.8,1002.0,Cyclonic Storm,27.69,4.903076171875,-0.2406768798828125,1000.1,False
2014297N11062,2014,NILOFAR,AS,2014-10-30 21:00:00,20.6,64.9,55.6,1003.0,Deep Depression,27.73,8.714797973632812,8.562728881835938,1000.3,True
2014297N11062,2014,NILOFAR,AS,2014-10-31 00:00:00,20.7,65.0,46.3,1004.0,Depression,27.67,6.871994018554688,11.365310668945312,1002.6,True
2014297N11062,2014,NILOFAR,AS,2014-10-31 03:00:00,20.8,65.1,,,,27.67,5.316497802734375,10.363250732421877,1005.4,True
2014297N11062,2014,NILOFAR,AS,2014-10-31 06:00:00,21.0,65.1,,,,27.76,2.124496459960937,13.0753173828125,1006.4,True
2014297N11062,2014,NILOFAR,AS,2014-10-31 09:00:00,21.2,65.1,,,,27.85,0.7087860107421875,12.319503784179688,1004.1,True
2014297N11062,2014,NILOFAR,AS,2014-10-31 12:00:00,21.4,65.0,,,,27.95,-1.9990997314453125,8.3089599609375,1004.7,True
2014297N11062,2014,NILOFAR,AS,2014-10-31 15:00:00,21.6,64.9,,,,27.95,-2.037841796875,5.693374633789063,1006.5,True
2014297N11062,2014,NILOFAR,AS,2014-10-31 18:00:00,21.7,64.7,,,,28.05,-5.912033081054688,3.220184326171875,1007.6,True
2014297N11062,2014,NILOFAR,AS,2014-10-31 21:00:00,21.7,64.5,,,,28.02,-4.981491088867188,0.489227294921875,1007.0,True
2014297N11062,2014,NILOFAR,AS,2014-11-01 00:00:00,21.7,64.2,,,,27.74,-5.35125732421875,-3.0033416748046875,1007.3,True
2014297N11062,2014,NILOFAR,AS,2014-11-01 03:00:00,21.7,64.0,,,,27.7,-5.6441802978515625,-2.313995361328125,1008.8,True
2014297N11062,2014,NILOFAR,AS,2014-11-01 06:00:00,21.7,63.8,,,,27.69,-5.27105712890625,0.17315673828125,1010.3,True
2014297N11062,2014,NILOFAR,AS,2014-11-01 09:00:00,21.7,63.6,,,,27.67,-3.0675506591796875,1.4091644287109375,1008.3,True
2014297N11062,2014,NILOFAR,AS,2014-11-01 12:00:00,21.7,63.3,,,,27.64,-2.0913543701171875,-1.0590057373046875,1007.9,True
2014309N13088,2014,UNNAMED,BB,2014-11-05 00:00:00,12.8,87.8,,,,28.91,-0.7913055419921875,-0.4666748046875,1003.6,True
2014309N13088,2014,UNNAMED,BB,2014-11-05 03:00:00,12.9,87.7,,,,28.92,-2.50714111328125,1.3100433349609375,1005.5,True
2014309N13088,2014,UNNAMED,BB,2014-11-05 06:00:00,13.0,87.6,,,,28.96,0.1346588134765625,1.5136260986328125,1004.0,True
2014309N13088,2014,UNNAMED,BB,2014-11-05 09:00:00,13.1,87.5,46.3,1000.0,Depression,28.96,-0.5645751953125,-4.4527435302734375,1001.0,True
2014309N13088,2014,UNNAMED,BB,2014-11-05 12:00:00,13.2,87.4,46.3,1000.0,Depression,28.97,-1.4008331298828125,-9.0394287109375,1002.3,True
2014309N13088,2014,UNNAMED,BB,2014-11-05 15:00:00,13.3,87.4,46.3,1000.0,Depression,28.97,-3.0463104248046875,-8.095352172851562,1005.3,True
2014309N13088,2014,UNNAMED,BB,2014-11-05 18:00:00,13.5,87.4,46.3,1000.0,Depression,28.92,-1.4337615966796875,-7.53289794921875,1005.3,True
2014309N13088,2014,UNNAMED,BB,2014-11-05 21:00:00,13.7,87.3,46.3,1000.0,Depression,28.92,0.22064208984375,-8.065582275390625,1004.2,True
2014309N13088,2014,UNNAMED,BB,2014-11-06 00:00:00,13.8,87.3,46.3,1000.0,Depression,28.98,2.2353973388671875,-4.7383575439453125,1004.2,True
2014309N13088,2014,UNNAMED,BB,2014-11-06 03:00:00,13.8,87.4,55.6,998.0,Deep Depression,28.99,-0.6113739013671875,-3.850875854492188,1006.7,True
2014309N13088,2014,UNNAMED,BB,2014-11-06 06:00:00,13.8,87.7,55.6,998.0,Deep Depression,29.01,0.703857421875,-3.909942626953125,1005.3,True
2014309N13088,2014,UNNAMED,BB,2014-11-06 09:00:00,13.7,87.9,55.6,998.0,Deep Depression,29.03,0.2036590576171875,-3.464599609375,1002.9,True
2014309N13088,2014,UNNAMED,BB,2014-11-06 12:00:00,13.7,88.1,55.6,998.0,Deep Depression,29.03,-0.161468505859375,-2.5264434814453125,1002.9,True
2014309N13088,2014,UNNAMED,BB,2014-11-06 15:00:00,13.6,88.2,55.6,999.0,Deep Depression,29.15,0.0806121826171875,-0.2879638671875,1005.8,True
2014309N13088,2014,UNNAMED,BB,2014-11-06 18:00:00,13.6,88.2,55.6,1000.0,Deep Depression,29.15,0.6374053955078125,-0.090576171875,1005.5,True
2014309N13088,2014,UNNAMED,BB,2014-11-06 21:00:00,13.7,88.0,55.6,1001.0,Deep Depression,29.03,-0.0371551513671875,-0.9392547607421876,1004.1,True
2014309N13088,2014,UNNAMED,BB,2014-11-07 00:00:00,13.9,87.9,55.6,1001.0,Deep Depression,29.3,0.1710052490234375,-1.5163116455078125,1004.6,True
2014309N13088,2014,UNNAMED,BB,2014-11-07 03:00:00,14.1,87.7,55.6,1001.0,Deep Depression,29.25,-0.651123046875,-2.039581298828125,1006.9,True
2014309N13088,2014,UNNAMED,BB,2014-11-07 06:00:00,14.2,87.6,46.3,1003.0,Depression,29.12,-1.4211883544921875,-3.602203369140625,1006.2,True
2014309N13088,2014,UNNAMED,BB,2014-11-07 09:00:00,14.2,87.5,46.3,1003.0,Depression,29.12,-2.574005126953125,-2.97235107421875,1004.3,True
2014309N13088,2014,UNNAMED,BB,2014-11-07 12:00:00,14.2,87.4,46.3,1003.0,Depression,29.12,-1.9968719482421875,0.87982177734375,1005.2,True
2014309N13088,2014,UNNAMED,BB,2014-11-07 15:00:00,14.2,87.1,46.3,1004.0,Depression,29.06,-2.2198486328125,0.2313079833984375,1007.8,True
2014309N13088,2014,UNNAMED,BB,2014-11-07 18:00:00,14.3,86.8,46.3,1004.0,Depression,29.06,0.2828826904296875,0.9250946044921876,1007.9,True
2014309N13088,2014,UNNAMED,BB,2014-11-07 21:00:00,14.4,86.4,46.3,1005.0,Depression,28.97,-0.5426483154296875,1.3108978271484375,1006.2,True
2014309N13088,2014,UNNAMED,BB,2014-11-08 00:00:00,14.5,85.9,46.3,1005.0,Depression,28.67,-2.59967041015625,-0.4176788330078125,1006.6,True
2014309N13088,2014,UNNAMED,BB,2014-11-08 03:00:00,14.4,85.4,,,,28.55,-3.941802978515625,1.225250244140625,1008.5,True
2014309N13088,2014,UNNAMED,BB,2014-11-08 06:00:00,14.3,85.1,,,,28.34,-2.9782867431640625,-1.230499267578125,1008.2,True
2014309N13088,2014,UNNAMED,BB,2014-11-08 09:00:00,14.1,84.7,,,,28.29,-3.4502716064453125,0.249755859375,1006.3,True
2014309N13088,2014,UNNAMED,BB,2014-11-08 12:00:00,14.0,84.2,,,,28.2,-3.4541778564453125,-1.119140625,1006.2,True
2014309N13088,2014,UNNAMED,BB,2014-11-08 15:00:00,14.0,83.7,,,,28.07,-4.677001953125,-3.09564208984375,1009.5,True
2014309N13088,2014,UNNAMED,BB,2014-11-08 18:00:00,14.1,83.3,,,,27.95,-3.987091064453125,-1.5521392822265625,1009.3,True
2014309N13088,2014,UNNAMED,BB,2014-11-08 21:00:00,14.3,83.0,,,,27.68,-1.9075927734375,-1.8384552001953125,1008.3,True
2014309N13088,2014,UNNAMED,BB,2014-11-09 00:00:00,14.5,82.7,,,,27.55,-2.1621246337890625,1.8404083251953125,1008.3,True
2014309N13088,2014,UNNAMED,BB,2014-11-09 03:00:00,14.7,82.4,,,,27.65,-2.48358154296875,3.49432373046875,1011.0,True
2014309N13088,2014,UNNAMED,BB,2014-11-09 06:00:00,14.9,82.2,,,,27.77,-2.1311798095703125,2.8394012451171875,1010.4,True
2015157N13069,2015,ASHOBAA,AS,2015-06-06 06:00:00,13.1,68.5,,,,30.07,2.1309356689453125,-1.7215118408203125,1003.9,True
2015157N13069,2015,ASHOBAA,AS,2015-06-06 09:00:00,13.5,68.6,,,,30.16,-1.47216796875,-3.1746063232421875,1002.7,True
2015157N13069,2015,ASHOBAA,AS,2015-06-06 12:00:00,13.8,68.6,,,,30.21,-0.155059814453125,-2.9243927001953125,1001.8,True
2015157N13069,2015,ASHOBAA,AS,2015-06-06 15:00:00,14.1,68.6,,,,30.28,-1.4250640869140625,0.839752197265625,1002.2,True
2015157N13069,2015,ASHOBAA,AS,2015-06-06 18:00:00,14.5,68.6,,,,30.35,-4.070526123046875,0.5879974365234375,1002.5,True
2015157N13069,2015,ASHOBAA,AS,2015-06-06 21:00:00,14.9,68.6,,,,30.39,-5.309600830078125,3.1029052734375,1000.2,True
2015157N13069,2015,ASHOBAA,AS,2015-06-07 00:00:00,15.2,68.6,,,,30.34,-3.3079833984375,4.985366821289063,999.0,True
2015157N13069,2015,ASHOBAA,AS,2015-06-07 03:00:00,15.3,68.5,46.3,1004.0,Depression,30.34,-3.592132568359375,-0.045501708984375,999.4,True
2015157N13069,2015,ASHOBAA,AS,2015-06-07 06:00:00,15.5,68.4,46.3,1004.0,Depression,30.4,-1.7122955322265625,-1.529296875,998.8,True
2015157N13069,2015,ASHOBAA,AS,2015-06-07 09:00:00,15.8,68.3,46.3,1004.0,Depression,30.45,0.520782470703125,-5.634246826171875,997.8,True
2015157N13069,2015,ASHOBAA,AS,2015-06-07 12:00:00,16.2,68.3,46.3,1003.0,Depression,30.51,4.26287841796875,-2.942489624023437,994.9,True
2015157N13069,2015,ASHOBAA,AS,2015-06-07 15:00:00,16.5,68.3,46.3,1003.0,Depression,30.54,4.1806640625,2.399642944335937,994.9,True
2015157N13069,2015,ASHOBAA,AS,2015-06-07 18:00:00,16.9,68.3,46.3,1003.0,Depression,30.38,-0.1953582763671875,0.477752685546875,995.1,True
2015157N13069,2015,ASHOBAA,AS,2015-06-07 21:00:00,17.2,68.0,51.9,1000.0,Deep Depression,30.21,4.309783935546875,2.875030517578125,993.2,True
2015157N13069,2015,ASHOBAA,AS,2015-06-08 00:00:00,17.7,67.6,55.6,996.0,Deep Depression,29.83,4.0369873046875,6.773284912109375,990.1,True
2015157N13069,2015,ASHOBAA,AS,2015-06-08 03:00:00,18.0,67.2,64.8,994.0,Cyclonic Storm,29.93,11.658294677734377,14.33758544921875,989.3,False
2015157N13069,2015,ASHOBAA,AS,2015-06-08 06:00:00,18.0,67.0,64.8,994.0,Cyclonic Storm,30.02,17.320663452148438,9.620101928710938,991.9,False
2015157N13069,2015,ASHOBAA,AS,2015-06-08 09:00:00,18.5,66.6,64.8,994.0,Cyclonic Storm,30.23,13.51312255859375,9.088821411132812,988.9,False
2015157N13069,2015,ASHOBAA,AS,2015-06-08 12:00:00,18.7,66.4,64.8,994.0,Cyclonic Storm,30.2,6.788833618164063,17.250244140625,987.9,False
2015157N13069,2015,ASHOBAA,AS,2015-06-08 15:00:00,18.9,66.1,64.8,994.0,Cyclonic Storm,30.12,12.648239135742188,10.713104248046877,987.6,False
2015157N13069,2015,ASHOBAA,AS,2015-06-08 18:00:00,19.3,65.7,64.8,994.0,Cyclonic Storm,29.99,10.927597045898438,11.951385498046877,987.7,False
2015157N13069,2015,ASHOBAA,AS,2015-06-08 21:00:00,19.7,65.4,64.8,994.0,Cyclonic Storm,29.82,9.233657836914062,14.646133422851562,986.7,False
2015157N13069,2015,ASHOBAA,AS,2015-06-09 00:00:00,20.1,65.1,64.8,992.0,Cyclonic Storm,29.26,11.493560791015623,20.657989501953125,986.8,False
2015157N13069,2015,ASHOBAA,AS,2015-06-09 03:00:00,20.2,64.8,64.8,992.0,Cyclonic Storm,29.3,10.604721069335938,20.124832153320312,989.2,False
2015157N13069,2015,ASHOBAA,AS,2015-06-09 06:00:00,20.5,64.4,64.8,990.0,Cyclonic Storm,29.33,2.41400146484375,22.677230834960938,991.1,False
2015157N13069,2015,ASHOBAA,AS,2015-06-09 09:00:00,20.6,63.8,74.1,990.0,Cyclonic Storm,29.28,12.81805419921875,3.40985107421875,986.8,False
2015157N13069,2015,ASHOBAA,AS,2015-06-09 12:00:00,21.0,63.3,74.1,990.0,Cyclonic Storm,29.28,-7.300216674804687,-6.040786743164063,983.6,False
2015157N13069,2015,ASHOBAA,AS,2015-06-09 15:00:00,21.1,62.8,74.1,990.0,Cyclonic Storm,29.3,-2.5687713623046875,-12.844100952148438,983.1,False
2015157N13069,2015,ASHOBAA,AS,2015-06-09 18:00:00,21.1,62.6,83.3,990.0,Cyclonic Storm,29.24,2.899871826171875,-11.834259033203123,985.7,False
2015157N13069,2015,ASHOBAA,AS,2015-06-09 21:00:00,21.2,62.3,83.3,990.0,Cyclonic Storm,29.18,-0.705108642578125,-9.946746826171877,983.3,False
2015157N13069,2015,ASHOBAA,AS,2015-06-10 00:00:00,21.2,62.0,83.3,990.0,Cyclonic Storm,28.45,-10.707321166992188,-7.1632843017578125,979.3,False
2015157N13069,2015,ASHOBAA,AS,2015-06-10 03:00:00,21.1,61.8,83.3,990.0,Cyclonic Storm,28.36,3.7835693359375,-1.345001220703125,980.7,False
2015157N13069,2015,ASHOBAA,AS,2015-06-10 06:00:00,21.1,61.6,83.3,990.0,Cyclonic Storm,28.36,-1.98028564453125,-4.4911041259765625,981.1,False
2015157N13069,2015,ASHOBAA,AS,2015-06-10 09:00:00,21.0,61.3,83.3,990.0,Cyclonic Storm,28.32,-7.657196044921875,-11.147811889648438,981.3,False
2015157N13069,2015,ASHOBAA,AS,2015-06-10 12:00:00,21.0,61.3,83.3,990.0,Cyclonic Storm,28.32,-13.799911499023438,-2.871734619140625,981.4,False
2015157N13069,2015,ASHOBAA,AS,2015-06-10 15:00:00,20.8,61.1,83.3,990.0,Cyclonic Storm,28.23,-3.2653961181640625,-11.485763549804688,983.7,False
2015157N13069,2015,ASHOBAA,AS,2015-06-10 18:00:00,20.8,61.1,83.3,992.0,Cyclonic Storm,28.23,-2.102294921875,-7.675323486328125,986.4,False
2015157N13069,2015,ASHOBAA,AS,2015-06-10 21:00:00,20.8,61.2,83.3,992.0,Cyclonic Storm,28.17,0.31756591796875,5.39288330078125,985.4,False
2015157N13069,2015,ASHOBAA,AS,2015-06-11 00:00:00,20.8,60.9,74.1,994.0,Cyclonic Storm,28.12,-2.550384521484375,-3.0910797119140625,984.8,False
2015157N13069,2015,ASHOBAA,AS,2015-06-11 03:00:00,20.8,60.8,74.1,994.0,Cyclonic Storm,28.27,-4.1969757080078125,-16.07861328125,984.8,False
2015157N13069,2015,ASHOBAA,AS,2015-06-11 06:00:00,20.8,60.6,64.8,994.0,Cyclonic Storm,28.37,2.1656036376953125,-15.314178466796877,987.3,False
2015157N13069,2015,ASHOBAA,AS,2015-06-11 09:00:00,20.8,60.4,64.8,994.0,Cyclonic Storm,28.37,1.24322509765625,-10.16357421875,988.2,False
2015157N13069,2015,ASHOBAA,AS,2015-06-11 12:00:00,20.8,60.2,64.8,994.0,Cyclonic Storm,28.35,3.967926025390625,-11.67852783203125,989.0,False
2015157N13069,2015,ASHOBAA,AS,2015-06-11 15:00:00,20.8,59.9,64.8,994.0,Cyclonic Storm,28.39,4.22509765625,-11.017593383789062,990.2,False
2015157N13069,2015,ASHOBAA,AS,2015-06-11 18:00:00,20.8,59.9,55.6,996.0,Deep Depression,28.39,2.0930328369140625,-3.866622924804688,991.7,True
2015157N13069,2015,ASHOBAA,AS,2015-06-11 21:00:00,20.8,59.8,51.9,996.0,Deep Depression,28.32,3.54986572265625,-5.3936920166015625,991.7,True
2015157N13069,2015,ASHOBAA,AS,2015-06-12 00:00:00,20.8,59.8,46.3,996.0,Depression,27.73,3.745758056640625,-0.7812042236328125,992.7,True
2015157N13069,2015,ASHOBAA,AS,2015-06-12 03:00:00,20.8,59.7,46.3,996.0,Depression,27.73,4.031463623046875,6.921966552734375,993.5,True
2015157N13069,2015,ASHOBAA,AS,2015-06-12 06:00:00,20.8,59.7,46.3,996.0,Depression,27.73,-1.4629058837890625,8.008773803710938,993.2,True
2015171N18086,2015,UNNAMED,BB,2015-06-20 03:00:00,18.0,86.0,46.3,990.0,Depression,29.76,2.672607421875,0.2315673828125,992.1,True
2015171N18086,2015,UNNAMED,BB,2015-06-20 06:00:00,18.5,86.0,46.3,990.0,Depression,29.87,-2.11114501953125,1.7970123291015625,991.7,True
2015171N18086,2015,UNNAMED,BB,2015-06-20 09:00:00,18.8,85.8,46.3,990.0,Depression,29.74,-1.846954345703125,-1.900360107421875,990.0,True
2015171N18086,2015,UNNAMED,BB,2015-06-20 12:00:00,19.0,85.5,46.3,990.0,Depression,30.03,-3.1315155029296875,-5.9012298583984375,989.8,True
2015171N18086,2015,UNNAMED,BB,2015-06-20 15:00:00,19.1,85.4,46.3,990.0,Depression,30.03,-3.054794311523437,-3.9427490234375,991.2,True
2015171N18086,2015,UNNAMED,BB,2015-06-20 18:00:00,19.2,85.4,46.3,990.0,Depression,30.15,-3.191757202148437,-2.10150146484375,991.5,True
2015171N18086,2015,UNNAMED,BB,2015-06-20 21:00:00,19.4,85.2,46.3,991.0,Depression,30.31,-0.7570343017578125,-5.3414306640625,990.4,True
2015171N18086,2015,UNNAMED,BB,2015-06-21 00:00:00,19.7,85.0,46.3,992.0,Depression,,-0.039459228515625,-3.805328369140625,992.1,False
2015171N18086,2015,UNNAMED,BB,2015-06-21 03:00:00,20.0,85.0,46.3,992.0,Depression,,0.1029815673828125,-4.639190673828125,992.4,False
2015171N18086,2015,UNNAMED,BB,2015-06-21 06:00:00,20.0,84.5,46.3,992.0,Depression,,3.4160308837890625,-1.027923583984375,994.7,False
2015171N18086,2015,UNNAMED,BB,2015-06-21 09:00:00,20.2,84.4,46.3,992.0,Depression,,3.1896514892578125,1.6095428466796875,994.2,False
2015171N18086,2015,UNNAMED,BB,2015-06-21 12:00:00,20.5,84.5,46.3,992.0,Depression,,2.9459991455078125,-0.0376434326171875,994.0,False
2015171N18086,2015,UNNAMED,BB,2015-06-21 15:00:00,20.8,84.5,46.3,992.0,Depression,,3.347015380859375,0.988067626953125,995.4,False
2015171N18086,2015,UNNAMED,BB,2015-06-21 18:00:00,21.0,84.5,46.3,992.0,Depression,,3.65020751953125,1.1378326416015625,995.3,False
2015173N20067,2015,UNNAMED,AS,2015-06-22 03:00:00,20.0,67.0,46.3,990.0,Depression,29.42,-0.3129730224609375,-12.389999389648438,991.6,True
2015173N20067,2015,UNNAMED,AS,2015-06-22 06:00:00,20.0,67.0,46.3,990.0,Depression,29.42,4.924407958984375,-13.928451538085938,991.1,True
2015173N20067,2015,UNNAMED,AS,2015-06-22 09:00:00,20.0,66.9,46.3,990.0,Depression,29.42,9.3724365234375,-12.213394165039062,990.8,True
2015173N20067,2015,UNNAMED,AS,2015-06-22 12:00:00,20.0,67.0,46.3,990.0,Depression,29.42,9.91009521484375,-12.780029296875,990.5,True
2015173N20067,2015,UNNAMED,AS,2015-06-22 15:00:00,20.1,67.7,46.3,990.0,Depression,29.69,0.28759765625,-13.296279907226562,990.1,True
2015173N20067,2015,UNNAMED,AS,2015-06-22 18:00:00,20.2,68.5,46.3,990.0,Depression,29.98,-1.7213897705078125,-13.742416381835938,990.1,True
2015173N20067,2015,UNNAMED,AS,2015-06-22 21:00:00,20.4,68.9,46.3,989.0,Depression,30.06,-3.6982269287109375,-11.855361938476562,988.4,True
2015173N20067,2015,UNNAMED,AS,2015-06-23 00:00:00,20.5,69.5,46.3,988.0,Depression,29.64,-4.2108306884765625,-8.999847412109375,989.3,True
2015173N20067,2015,UNNAMED,AS,2015-06-23 03:00:00,20.5,70.5,55.6,988.0,Deep Depression,29.32,-5.3758087158203125,-0.8758087158203125,989.3,True
2015173N20067,2015,UNNAMED,AS,2015-06-23 06:00:00,21.0,71.0,55.6,988.0,Deep Depression,,-3.452865600585937,4.034271240234375,991.3,False
2015173N20067,2015,UNNAMED,AS,2015-06-23 09:00:00,21.1,71.2,55.6,989.0,Deep Depression,,-5.838424682617188,5.429855346679688,990.2,False
2015173N20067,2015,UNNAMED,AS,2015-06-23 12:00:00,21.0,71.3,55.6,990.0,Deep Depression,,-2.7390594482421875,2.6693115234375,988.7,False
2015173N20067,2015,UNNAMED,AS,2015-06-23 15:00:00,21.3,71.4,55.6,990.0,Deep Depression,,-0.5860443115234375,3.305694580078125,989.5,False
2015173N20067,2015,UNNAMED,AS,2015-06-23 18:00:00,21.6,71.4,55.6,990.0,Deep Depression,,-2.235931396484375,-0.7229156494140625,990.3,False
2015173N20067,2015,UNNAMED,AS,2015-06-23 21:00:00,21.9,71.4,55.6,990.0,Deep Depression,,0.4632415771484375,-4.989501953125,992.0,False
2015173N20067,2015,UNNAMED,AS,2015-06-24 00:00:00,22.2,71.5,55.6,990.0,Deep Depression,,1.4936981201171875,-3.07861328125,993.6,False
2015173N20067,2015,UNNAMED,AS,2015-06-24 03:00:00,22.4,72.0,55.6,990.0,Deep Depression,,2.45330810546875,-4.93096923828125,994.5,False
2015173N20067,2015,UNNAMED,AS,2015-06-24 06:00:00,22.8,72.7,55.6,990.0,Deep Depression,,1.7154998779296875,-2.98431396484375,994.2,False
2015173N20067,2015,UNNAMED,AS,2015-06-24 09:00:00,23.0,73.3,51.9,991.0,Deep Depression,,2.5310821533203125,-1.2199554443359375,992.7,False
2015173N20067,2015,UNNAMED,AS,2015-06-24 12:00:00,23.5,74.0,46.3,992.0,Depression,,0.1978912353515625,2.4642486572265625,992.1,False
2015173N20067,2015,UNNAMED,AS,2015-06-24 15:00:00,24.6,74.9,46.3,993.0,Depression,,-2.2637481689453125,1.8484344482421875,995.1,False
2015173N20067,2015,UNNAMED,AS,2015-06-24 18:00:00,26.0,76.0,46.3,994.0,Depression,,-1.0450592041015625,1.722930908203125,995.4,False
2015191N23085,2015,UNNAMED,BB,2015-07-10 03:00:00,23.1,85.1,46.3,996.0,Depression,,-0.1627960205078125,0.8990020751953125,996.0,False
2015191N23085,2015,UNNAMED,BB,2015-07-10 06:00:00,23.1,85.0,46.3,996.0,Depression,,0.5105133056640625,3.757736206054688,996.0,False
2015191N23085,2015,UNNAMED,BB,2015-07-10 09:00:00,23.3,84.0,46.3,994.0,Depression,,0.531402587890625,-0.1059112548828125,995.2,False
2015191N23085,2015,UNNAMED,BB,2015-07-10 12:00:00,23.5,83.5,46.3,994.0,Depression,,-0.45904541015625,-0.808074951171875,994.1,False
2015191N23085,2015,UNNAMED,BB,2015-07-10 15:00:00,23.5,82.5,46.3,996.0,Depression,,0.9333648681640624,-0.7562408447265625,996.6,False
2015191N23085,2015,UNNAMED,BB,2015-07-10 18:00:00,23.6,82.3,46.3,996.0,Depression,,2.6277313232421875,-0.7821197509765625,997.3,False
2015191N23085,2015,UNNAMED,BB,2015-07-10 21:00:00,23.8,81.0,46.3,996.0,Depression,,2.8897705078125,-0.3206787109375,995.5,False
2015191N23085,2015,UNNAMED,BB,2015-07-11 00:00:00,24.0,80.5,46.3,995.0,Depression,,3.4549102783203125,-1.2705841064453125,995.8,False
2015191N23085,2015,UNNAMED,BB,2015-07-11 03:00:00,24.0,80.5,46.3,996.0,Depression,,3.527252197265625,0.1276092529296875,997.4,False
2015191N23085,2015,UNNAMED,BB,2015-07-11 06:00:00,24.5,80.5,46.3,996.0,Depression,,2.210906982421875,-0.199798583984375,997.1,False
2015191N23085,2015,UNNAMED,BB,2015-07-11 09:00:00,24.5,80.5,46.3,996.0,Depression,,3.3852691650390625,-0.0372314453125,995.8,False
2015191N23085,2015,UNNAMED,BB,2015-07-11 12:00:00,25.5,80.5,46.3,996.0,Depression,,-1.8469390869140625,0.1280670166015625,993.9,False
2015191N23085,2015,UNNAMED,BB,2015-07-11 15:00:00,26.0,80.0,46.3,996.0,Depression,,-2.3256988525390625,0.8278961181640625,996.3,False
2015191N23085,2015,UNNAMED,BB,2015-07-11 18:00:00,26.5,79.5,46.3,998.0,Depression,,-1.3578033447265625,0.414093017578125,997.5,False
2015191N23085,2015,UNNAMED,BB,2015-07-11 21:00:00,26.0,78.5,46.3,998.0,Depression,,3.1673736572265625,1.16229248046875,997.4,False
2015191N23085,2015,UNNAMED,BB,2015-07-12 00:00:00,27.5,78.3,46.3,998.0,Depression,,-0.2846527099609375,2.83575439453125,996.3,False
2015191N23085,2015,UNNAMED,AS,2015-07-12 03:00:00,28.5,78.0,46.3,998.0,Depression,,-5.328659057617188,1.8097381591796875,998.0,False
2015191N23085,2015,UNNAMED,AS,2015-07-12 06:00:00,28.5,77.5,46.3,998.0,Depression,,-3.1886138916015625,0.83441162109375,998.4,False
2015191N23085,2015,UNNAMED,AS,2015-07-12 09:00:00,28.5,77.3,46.3,998.0,Depression,,1.470855712890625,1.57470703125,998.1,False
2015207N22091,2015,KOMEN,BB,2015-07-26 00:00:00,22.0,90.8,37.0,994.0,Depression,,2.392303466796875,0.93218994140625,996.7,False
2015207N22091,2015,KOMEN,BB,2015-07-26 03:00:00,22.0,90.8,37.0,994.0,Depression,,3.58770751953125,1.78125,997.7,False
2015207N22091,2015,KOMEN,BB,2015-07-26 06:00:00,22.0,90.5,37.0,994.0,Depression,,2.69580078125,2.42193603515625,997.3,False
2015207N22091,2015,KOMEN,BB,2015-07-26 09:00:00,22.0,90.4,37.0,994.0,Depression,,2.2423858642578125,4.090301513671875,995.8,False
2015207N22091,2015,KOMEN,BB,2015-07-26 12:00:00,22.0,90.5,37.0,994.0,Depression,,-0.36773681640625,3.1633758544921875,995.6,False
2015207N22091,2015,KOMEN,BB,2015-07-26 15:00:00,22.0,90.5,37.0,994.0,Depression,,1.135894775390625,3.686798095703125,997.1,False
2015207N22091,2015,KOMEN,BB,2015-07-26 18:00:00,22.0,90.5,37.0,994.0,Depression,,3.53173828125,2.514892578125,997.3,False
2015207N22091,2015,KOMEN,BB,2015-07-26 21:00:00,22.0,90.5,37.0,994.0,Depression,,2.1930084228515625,1.5113372802734375,995.9,False
2015207N22091,2015,KOMEN,BB,2015-07-27 00:00:00,22.0,90.5,37.0,994.0,Depression,,0.1650390625,-1.2825927734375,994.9,False
2015207N22091,2015,KOMEN,BB,2015-07-27 03:00:00,22.0,90.5,46.3,994.0,Depression,,1.5930023193359375,1.9290008544921875,996.5,False
2015207N22091,2015,KOMEN,BB,2015-07-27 06:00:00,22.0,90.5,46.3,994.0,Depression,,0.842559814453125,5.773727416992188,996.2,False
2015207N22091,2015,KOMEN,BB,2015-07-27 09:00:00,22.0,90.5,46.3,994.0,Depression,,1.066497802734375,4.777984619140625,995.7,False
2015207N22091,2015,KOMEN,BB,2015-07-27 12:00:00,22.0,90.5,46.3,994.0,Depression,,0.9316864013671876,3.646697998046875,995.0,False
2015207N22091,2015,KOMEN,BB,2015-07-27 15:00:00,22.0,90.5,46.3,994.0,Depression,,0.8749847412109375,3.5478057861328125,997.7,False
2015207N22091,2015,KOMEN,BB,2015-07-27 18:00:00,22.0,90.5,46.3,994.0,Depression,,-0.3691864013671875,3.5693511962890625,997.9,False
2015207N22091,2015,KOMEN,BB,2015-07-27 21:00:00,22.0,90.5,46.3,994.0,Depression,,-2.22369384765625,2.916259765625,996.0,False
2015207N22091,2015,KOMEN,BB,2015-07-28 00:00:00,22.0,90.5,46.3,994.0,Depression,,-4.391357421875,1.0375518798828125,995.9,False
2015207N22091,2015,KOMEN,BB,2015-07-28 03:00:00,22.0,90.5,46.3,994.0,Depression,,-7.619415283203125,0.03802490234375,996.8,False
2015207N22091,2015,KOMEN,BB,2015-07-28 06:00:00,21.6,90.4,46.3,994.0,Depression,27.75,-4.73760986328125,2.082870483398437,993.7,True
2015207N22091,2015,KOMEN,BB,2015-07-28 09:00:00,21.4,90.4,46.3,994.0,Depression,27.75,-5.198638916015625,3.24359130859375,993.0,True
2015207N22091,2015,KOMEN,BB,2015-07-28 12:00:00,21.3,90.5,46.3,994.0,Depression,27.8,-3.785797119140625,-1.6791229248046875,992.3,True
2015207N22091,2015,KOMEN,BB,2015-07-28 15:00:00,21.3,90.7,46.3,993.0,Depression,27.79,-1.06536865234375,-2.929672241210937,994.2,True
2015207N22091,2015,KOMEN,BB,2015-07-28 18:00:00,21.2,90.9,46.3,992.0,Depression,27.77,0.9508819580078124,2.6692657470703125,993.4,True
2015207N22091,2015,KOMEN,BB,2015-07-28 21:00:00,21.0,91.0,51.9,991.0,Deep Depression,27.95,3.3428192138671875,2.250106811523437,991.5,True
2015207N22091,2015,KOMEN,BB,2015-07-29 00:00:00,21.0,91.1,55.6,990.0,Deep Depression,27.94,-2.3811187744140625,0.2667236328125,991.0,True
2015207N22091,2015,KOMEN,BB,2015-07-29 03:00:00,21.0,91.1,55.6,990.0,Deep Depression,27.94,3.312744140625,-3.389144897460937,992.0,True
2015207N22091,2015,KOMEN,BB,2015-07-29 06:00:00,21.1,91.2,55.6,990.0,Deep Depression,27.95,7.414871215820312,2.7374725341796875,992.1,True
2015207N22091,2015,KOMEN,BB,2015-07-29 09:00:00,21.2,91.2,55.6,989.0,Deep Depression,27.74,6.810028076171875,-2.2897186279296875,991.2,True
2015207N22091,2015,KOMEN,BB,2015-07-29 12:00:00,21.3,91.3,55.6,988.0,Deep Depression,27.74,6.965728759765625,2.457672119140625,990.2,True
2015207N22091,2015,KOMEN,BB,2015-07-29 15:00:00,21.4,91.3,61.1,987.0,Deep Depression,27.61,1.4617462158203125,2.422348022460937,991.4,True
2015207N22091,2015,KOMEN,BB,2015-07-29 18:00:00,21.5,91.4,64.8,986.0,Cyclonic Storm,27.63,-2.3877105712890625,0.5382537841796875,990.6,False
2015207N22091,2015,KOMEN,BB,2015-07-29 21:00:00,21.5,91.4,64.8,986.0,Cyclonic Storm,27.63,4.38909912109375,-3.095199584960937,989.1,False
2015207N22091,2015,KOMEN,BB,2015-07-30 00:00:00,21.7,91.5,64.8,986.0,Cyclonic Storm,27.32,-0.557220458984375,2.70611572265625,988.6,False
2015207N22091,2015,KOMEN,BB,2015-07-30 03:00:00,21.9,91.5,64.8,986.0,Cyclonic Storm,27.26,-0.3540191650390625,2.415023803710937,989.5,False
2015207N22091,2015,KOMEN,BB,2015-07-30 06:00:00,22.1,91.5,74.1,986.0,Cyclonic Storm,27.26,2.4121551513671875,4.180221557617188,990.0,False
2015207N22091,2015,KOMEN,BB,2015-07-30 09:00:00,22.1,91.5,74.1,986.0,Cyclonic Storm,27.26,4.21649169921875,2.5155792236328125,989.6,False
2015207N22091,2015,KOMEN,BB,2015-07-30 12:00:00,22.3,91.5,64.8,988.0,Cyclonic Storm,27.25,-3.695846557617188,2.858871459960937,989.9,False
2015207N22091,2015,KOMEN,BB,2015-07-30 15:00:00,22.5,91.4,64.8,988.0,Cyclonic Storm,27.26,0.830047607421875,2.2060089111328125,992.2,False
2015207N22091,2015,KOMEN,BB,2015-07-30 18:00:00,22.7,91.2,64.8,988.0,Cyclonic Storm,,2.530670166015625,-1.0709381103515625,993.0,False
2015207N22091,2015,KOMEN,BB,2015-07-30 21:00:00,22.9,91.1,55.6,988.0,Deep Depression,,2.610992431640625,-0.43505859375,992.8,False
2015207N22091,2015,KOMEN,BB,2015-07-31 00:00:00,23.1,90.2,55.6,990.0,Deep Depression,,2.356781005859375,-4.0924072265625,993.2,False
2015207N22091,2015,KOMEN,BB,2015-07-31 03:00:00,23.1,90.0,55.6,990.0,Deep Depression,,4.8519287109375,-3.318084716796875,994.5,False
2015207N22091,2015,KOMEN,BB,2015-07-31 06:00:00,23.1,89.8,55.6,992.0,Deep Depression,,2.1527557373046875,-1.079559326171875,995.1,False
2015207N22091,2015,KOMEN,BB,2015-07-31 09:00:00,23.1,89.6,51.9,993.0,Deep Depression,,2.3233184814453125,-0.2037353515625,995.2,False
2015207N22091,2015,KOMEN,BB,2015-07-31 12:00:00,23.1,89.5,46.3,994.0,Depression,,0.6744842529296875,0.546112060546875,993.9,False
2015207N22091,2015,KOMEN,BB,2015-07-31 15:00:00,23.1,89.4,46.3,994.0,Depression,,0.22552490234375,1.7597808837890625,996.3,False
2015207N22091,2015,KOMEN,BB,2015-07-31 18:00:00,23.1,89.4,46.3,994.0,Depression,,0.299530029296875,2.553436279296875,996.8,False
2015207N22091,2015,KOMEN,BB,2015-07-31 21:00:00,23.2,89.3,42.6,994.0,Depression,,3.07366943359375,1.985626220703125,996.0,False
2015207N22091,2015,KOMEN,BB,2015-08-01 00:00:00,23.2,89.2,37.0,994.0,Depression,,0.2784576416015625,-0.3466339111328125,995.3,False
2015207N22091,2015,KOMEN,BB,2015-08-01 03:00:00,23.2,89.2,37.0,994.0,Depression,,-0.5499725341796875,2.9296112060546875,997.2,False
2015207N22091,2015,KOMEN,BB,2015-08-01 06:00:00,23.5,88.8,37.0,994.0,Depression,,1.3816070556640625,-0.6597442626953125,997.6,False
2015207N22091,2015,KOMEN,BB,2015-08-01 09:00:00,23.7,88.6,37.0,994.0,Depression,,0.404296875,0.2873992919921875,996.4,False
2015207N22091,2015,KOMEN,BB,2015-08-01 12:00:00,23.8,88.4,37.0,994.0,Depression,,-0.576080322265625,1.8174896240234373,996.1,False
2015207N22091,2015,KOMEN,BB,2015-08-01 15:00:00,23.8,88.0,37.0,994.0,Depression,,-0.683807373046875,-0.001220703125,998.6,False
2015207N22091,2015,KOMEN,BB,2015-08-01 18:00:00,23.8,87.5,37.0,994.0,Depression,,-1.63433837890625,-2.10528564453125,999.8,False
2015207N22091,2015,KOMEN,BB,2015-08-01 21:00:00,23.9,87.2,37.0,995.0,Depression,,-3.4178009033203125,-1.8599090576171875,999.4,False
2015207N22091,2015,KOMEN,BB,2015-08-02 00:00:00,23.8,86.7,37.0,996.0,Depression,,-1.3156890869140625,-2.8877716064453125,999.1,False
2015207N22091,2015,KOMEN,BB,2015-08-02 03:00:00,23.5,86.0,37.0,996.0,Depression,,1.1753692626953125,-3.9259033203125,1000.8,False
2015207N22091,2015,KOMEN,BB,2015-08-02 06:00:00,23.3,85.7,37.0,996.0,Depression,,1.6023712158203125,-2.911895751953125,1000.5,False
2015207N22091,2015,KOMEN,BB,2015-08-02 09:00:00,23.1,85.5,37.0,996.0,Depression,,1.17840576171875,-2.6289520263671875,999.1,False
2015209N26072,2015,UNNAMED,AS,2015-07-27 12:00:00,26.2,71.8,46.3,994.0,Depression,,-2.2001495361328125,0.740447998046875,992.2,False
2015209N26072,2015,UNNAMED,AS,2015-07-27 15:00:00,26.0,71.8,46.3,994.0,Depression,,-0.4326324462890625,1.6474151611328125,993.4,False
2015209N26072,2015,UNNAMED,AS,2015-07-27 18:00:00,25.8,71.8,46.3,996.0,Depression,,-1.6992645263671875,0.3535308837890625,993.9,False
2015209N26072,2015,UNNAMED,AS,2015-07-27 21:00:00,26.1,71.8,46.3,996.0,Depression,,-2.93267822265625,0.596923828125,992.8,False
2015209N26072,2015,UNNAMED,AS,2015-07-28 00:00:00,26.2,71.8,46.3,994.0,Depression,,-1.964599609375,-1.3394012451171875,992.9,False
2015209N26072,2015,UNNAMED,AS,2015-07-28 03:00:00,24.8,71.8,55.6,994.0,Deep Depression,,2.278045654296875,2.12591552734375,991.4,False
2015209N26072,2015,UNNAMED,AS,2015-07-28 06:00:00,24.8,71.8,55.6,994.0,Deep Depression,,2.91082763671875,-4.0099029541015625,991.8,False
2015209N26072,2015,UNNAMED,AS,2015-07-28 09:00:00,24.8,71.8,55.6,994.0,Deep Depression,,5.042572021484375,-2.34136962890625,992.0,False
2015209N26072,2015,UNNAMED,AS,2015-07-28 12:00:00,25.5,72.0,55.6,994.0,Deep Depression,,5.769866943359375,-0.8588104248046875,991.3,False
2015209N26072,2015,UNNAMED,AS,2015-07-28 15:00:00,25.6,72.1,55.6,996.0,Deep Depression,,6.37213134765625,1.7588043212890625,993.3,False
2015209N26072,2015,UNNAMED,AS,2015-07-28 18:00:00,25.8,72.1,55.6,996.0,Deep Depression,,8.109085083007812,1.4563751220703125,994.9,False
2015209N26072,2015,UNNAMED,AS,2015-07-28 21:00:00,25.9,72.3,46.3,996.0,Depression,,7.169967651367188,-0.5614166259765625,993.9,False
2015209N26072,2015,UNNAMED,AS,2015-07-29 00:00:00,26.5,72.5,46.3,996.0,Depression,,3.6706390380859375,-2.0194091796875,993.3,False
2015209N26072,2015,UNNAMED,AS,2015-07-29 03:00:00,27.2,73.0,46.3,996.0,Depression,,-0.050537109375,-0.7114105224609375,993.8,False
2015209N26072,2015,UNNAMED,AS,2015-07-29 06:00:00,27.2,73.0,46.3,996.0,Depression,,1.5603790283203125,-1.4373321533203125,994.8,False
2015209N26072,2015,UNNAMED,AS,2015-07-29 09:00:00,27.2,73.0,46.3,996.0,Depression,,3.956512451171875,-3.944992065429688,994.8,False
2015209N26072,2015,UNNAMED,AS,2015-07-29 12:00:00,27.7,73.0,46.3,998.0,Depression,,1.563385009765625,-2.765960693359375,993.3,False
2015209N26072,2015,UNNAMED,AS,2015-07-29 15:00:00,27.9,73.0,46.3,998.0,Depression,,3.3289337158203125,-2.0639801025390625,994.7,False
2015209N26072,2015,UNNAMED,AS,2015-07-29 18:00:00,27.9,73.1,46.3,998.0,Depression,,3.455062866210937,-0.9002227783203125,996.1,False
2015209N26072,2015,UNNAMED,AS,2015-07-29 21:00:00,28.0,73.1,46.3,998.0,Depression,,2.87347412109375,-0.0258636474609375,995.6,False
2015209N26072,2015,UNNAMED,AS,2015-07-30 00:00:00,28.7,73.4,46.3,998.0,Depression,,-3.608978271484375,-2.01458740234375,995.5,False
2015216N23081,2015,UNNAMED,BB,2015-08-04 03:00:00,22.7,80.5,46.3,998.0,Depression,,-2.7974090576171875,3.66302490234375,999.4,False
2015216N23081,2015,UNNAMED,BB,2015-08-04 06:00:00,22.7,80.0,46.3,998.0,Depression,,-3.2971649169921875,2.062255859375,998.7,False
2015216N23081,2015,UNNAMED,BB,2015-08-04 09:00:00,22.7,79.5,46.3,998.0,Depression,,-4.0814361572265625,-0.8636932373046875,997.2,False
2015216N23081,2015,UNNAMED,AS,2015-08-04 12:00:00,22.7,77.8,46.3,998.0,Depression,,2.24267578125,-4.65130615234375,997.2,False
2015216N23081,2015,UNNAMED,AS,2015-08-04 15:00:00,22.7,77.3,46.3,998.0,Depression,,1.8871612548828125,-4.6725616455078125,998.7,False
2015216N23081,2015,UNNAMED,AS,2015-08-04 18:00:00,22.7,77.8,46.3,998.0,Depression,,-0.7471466064453125,-4.006515502929688,998.4,False
2015259N20084,2015,UNNAMED,BB,2015-09-16 03:00:00,19.6,83.5,46.3,998.0,Depression,,0.6307220458984375,0.73126220703125,999.9,False
2015259N20084,2015,UNNAMED,BB,2015-09-16 06:00:00,20.3,83.0,46.3,998.0,Depression,,-1.655975341796875,1.01104736328125,997.8,False
2015259N20084,2015,UNNAMED,BB,2015-09-16 09:00:00,20.4,82.7,46.3,998.0,Depression,,-5.1468048095703125,-0.1266326904296875,996.4,False
2015259N20084,2015,UNNAMED,BB,2015-09-16 12:00:00,20.5,82.5,46.3,998.0,Depression,,-2.95672607421875,-1.9628753662109373,997.4,False
2015259N20084,2015,UNNAMED,BB,2015-09-16 15:00:00,20.6,82.0,46.3,998.0,Depression,,-2.15289306640625,-2.5380096435546875,998.7,False
2015259N20084,2015,UNNAMED,BB,2015-09-16 18:00:00,20.8,81.9,46.3,998.0,Depression,,-4.228118896484375,-0.4979095458984375,998.4,False
2015259N20084,2015,UNNAMED,BB,2015-09-16 21:00:00,21.0,81.9,46.3,998.0,Depression,,-5.752609252929688,0.9105072021484376,997.5,False
2015259N20084,2015,UNNAMED,BB,2015-09-17 00:00:00,21.1,81.5,46.3,998.0,Depression,,-6.3412017822265625,-0.3713836669921875,998.7,False
2015259N20084,2015,UNNAMED,BB,2015-09-17 03:00:00,21.0,79.5,55.6,998.0,Deep Depression,,-1.6837005615234375,-6.918182373046875,998.4,False
2015259N20084,2015,UNNAMED,BB,2015-09-17 06:00:00,20.5,79.5,55.6,998.0,Deep Depression,,-3.605636596679688,-3.713180541992188,995.5,False
2015259N20084,2015,UNNAMED,BB,2015-09-17 09:00:00,20.0,79.5,55.6,998.0,Deep Depression,,4.202438354492188,5.602752685546875,994.5,False
2015259N20084,2015,UNNAMED,BB,2015-09-17 12:00:00,20.5,79.0,55.6,996.0,Deep Depression,,-0.94049072265625,-3.555877685546875,994.6,False
2015259N20084,2015,UNNAMED,AS,2015-09-17 15:00:00,20.0,77.5,55.6,996.0,Deep Depression,,4.9633636474609375,-1.5561370849609375,999.7,False
2015259N20084,2015,UNNAMED,AS,2015-09-17 18:00:00,20.0,77.0,55.6,996.0,Deep Depression,,4.4137115478515625,-1.0735321044921875,999.2,False
2015259N20084,2015,UNNAMED,AS,2015-09-17 21:00:00,20.0,76.4,55.6,996.0,Deep Depression,,4.401031494140625,-5.019561767578125,997.6,False
2015259N20084,2015,UNNAMED,AS,2015-09-18 00:00:00,20.8,77.4,46.3,996.0,Depression,,-0.884918212890625,-0.620330810546875,996.4,False
2015259N20084,2015,UNNAMED,AS,2015-09-18 03:00:00,20.7,77.0,55.6,996.0,Deep Depression,,-0.0733642578125,-0.1680908203125,997.8,False
2015259N20084,2015,UNNAMED,AS,2015-09-18 06:00:00,20.0,77.0,55.6,998.0,Deep Depression,,3.2732391357421875,3.11639404296875,1000.6,False
2015259N20084,2015,UNNAMED,AS,2015-09-18 09:00:00,20.7,76.5,46.3,998.0,Depression,,1.681488037109375,2.2979888916015625,997.2,False
2015259N20084,2015,UNNAMED,AS,2015-09-18 12:00:00,20.5,76.0,46.3,998.0,Depression,,2.53973388671875,3.7829742431640634,998.8,False
2015259N20084,2015,UNNAMED,AS,2015-09-18 15:00:00,20.5,75.8,46.3,998.0,Depression,,2.803558349609375,3.2863922119140625,1000.6,False
2015259N20084,2015,UNNAMED,AS,2015-09-18 18:00:00,20.5,75.5,46.3,998.0,Depression,,4.69366455078125,2.363388061523437,1001.8,False
2015259N20084,2015,UNNAMED,AS,2015-09-18 21:00:00,20.8,75.0,46.3,998.0,Depression,,3.016448974609375,4.300140380859375,999.7,False
2015259N20084,2015,UNNAMED,AS,2015-09-19 00:00:00,21.0,74.5,46.3,998.0,Depression,,5.040008544921875,4.623504638671875,999.7,False
2015280N13071,2015,UNNAMED,AS,2015-10-07 00:00:00,12.7,71.3,,,,29.29,-1.0643157958984375,-2.4214630126953125,1006.1,True
2015280N13071,2015,UNNAMED,AS,2015-10-07 03:00:00,12.6,71.3,,,,29.28,-0.0867156982421875,-5.1790313720703125,1007.4,True
2015280N13071,2015,UNNAMED,AS,2015-10-07 06:00:00,12.5,71.4,,,,29.31,0.028717041015625,-2.0020294189453125,1008.2,True
2015280N13071,2015,UNNAMED,AS,2015-10-07 09:00:00,12.5,71.5,,,,29.31,4.1727294921875,-2.2672119140625,1006.2,True
2015280N13071,2015,UNNAMED,AS,2015-10-07 12:00:00,12.6,71.6,,,,29.31,5.5531005859375,-2.6908416748046875,1005.6,True
2015280N13071,2015,UNNAMED,AS,2015-10-07 15:00:00,12.7,71.7,,,,29.29,0.5385284423828125,-2.815277099609375,1006.7,True
2015280N13071,2015,UNNAMED,AS,2015-10-07 18:00:00,12.8,71.7,,,,29.29,4.707733154296875,-3.9993743896484375,1006.9,True
2015280N13071,2015,UNNAMED,AS,2015-10-07 21:00:00,12.9,71.6,,,,29.27,2.84112548828125,-4.889190673828125,1004.8,True
2015280N13071,2015,UNNAMED,AS,2015-10-08 00:00:00,12.9,71.5,,,,29.17,1.7924652099609375,0.65643310546875,1003.8,True
2015280N13071,2015,UNNAMED,AS,2015-10-08 03:00:00,12.9,71.4,,,,29.17,1.878814697265625,2.7126617431640625,1005.9,True
2015280N13071,2015,UNNAMED,AS,2015-10-08 06:00:00,12.9,71.3,,,,29.16,3.1273956298828125,1.8353118896484373,1006.2,True
2015280N13071,2015,UNNAMED,AS,2015-10-08 09:00:00,13.0,71.2,,,,29.16,5.5878753662109375,2.423934936523437,1003.9,True
2015280N13071,2015,UNNAMED,AS,2015-10-08 12:00:00,13.2,71.1,,,,29.11,1.173919677734375,1.1159515380859375,1002.5,True
2015280N13071,2015,UNNAMED,AS,2015-10-08 15:00:00,13.3,71.0,,,,29.11,1.5576171875,3.1150665283203125,1004.7,True
2015280N13071,2015,UNNAMED,AS,2015-10-08 18:00:00,13.4,70.9,,,,29.12,0.7314605712890625,1.9747161865234373,1005.2,True
2015280N13071,2015,UNNAMED,AS,2015-10-08 21:00:00,13.5,70.8,,,,29.06,3.50885009765625,-2.717254638671875,1003.7,True
2015280N13071,2015,UNNAMED,AS,2015-10-09 00:00:00,13.7,70.6,46.3,1004.0,Depression,28.75,-1.873382568359375,-1.810577392578125,1002.5,True
2015280N13071,2015,UNNAMED,AS,2015-10-09 03:00:00,13.8,70.5,46.3,1004.0,Depression,28.75,-2.2519683837890625,2.096908569335937,1004.3,True
2015280N13071,2015,UNNAMED,AS,2015-10-09 06:00:00,14.0,70.4,46.3,1004.0,Depression,28.82,-1.4293670654296875,2.8269805908203125,1004.8,True
2015280N13071,2015,UNNAMED,AS,2015-10-09 09:00:00,14.1,70.3,46.3,1003.0,Depression,28.73,0.1047821044921875,-1.964447021484375,1002.6,True
2015280N13071,2015,UNNAMED,AS,2015-10-09 12:00:00,14.3,70.2,46.3,1002.0,Depression,28.8,3.11151123046875,0.000946044921875,1002.1,True
2015280N13071,2015,UNNAMED,AS,2015-10-09 15:00:00,14.5,70.1,51.9,1002.0,Deep Depression,28.78,1.2891845703125,-2.95379638671875,1004.6,True
2015280N13071,2015,UNNAMED,AS,2015-10-09 18:00:00,14.7,69.9,55.6,1001.0,Deep Depression,28.82,-1.755340576171875,-1.88922119140625,1005.0,True
2015280N13071,2015,UNNAMED,AS,2015-10-09 21:00:00,14.8,69.7,55.6,1001.0,Deep Depression,28.83,-1.244384765625,-3.93084716796875,1002.9,True
2015280N13071,2015,UNNAMED,AS,2015-10-10 00:00:00,15.0,69.6,55.6,1001.0,Deep Depression,29.13,-1.9835662841796875,-6.4162139892578125,1003.3,True
2015280N13071,2015,UNNAMED,AS,2015-10-10 03:00:00,15.1,69.5,55.6,1001.0,Deep Depression,29.13,-1.9049224853515625,-4.3996124267578125,1005.0,True
2015280N13071,2015,UNNAMED,AS,2015-10-10 06:00:00,15.1,69.4,55.6,1000.0,Deep Depression,29.13,1.2911376953125,-1.3133544921875,1005.9,True
2015280N13071,2015,UNNAMED,AS,2015-10-10 09:00:00,15.2,69.4,55.6,1000.0,Deep Depression,29.24,4.6441650390625,-1.2189178466796875,1004.0,True
2015280N13071,2015,UNNAMED,AS,2015-10-10 12:00:00,15.3,69.4,55.6,1000.0,Deep Depression,29.24,7.284011840820312,-1.90338134765625,1004.1,True
2015280N13071,2015,UNNAMED,AS,2015-10-10 15:00:00,15.3,69.4,55.6,1000.0,Deep Depression,29.24,4.222824096679688,-0.5622100830078125,1006.3,True
2015280N13071,2015,UNNAMED,AS,2015-10-10 18:00:00,15.4,69.4,55.6,1000.0,Deep Depression,29.36,3.2047882080078125,0.8907928466796875,1006.5,True
2015280N13071,2015,UNNAMED,AS,2015-10-10 21:00:00,15.5,69.4,55.6,1001.0,Deep Depression,29.36,3.951141357421875,0.099578857421875,1005.2,True
2015280N13071,2015,UNNAMED,AS,2015-10-11 00:00:00,15.6,69.3,55.6,1001.0,Deep Depression,29.22,2.213287353515625,-2.7050018310546875,1005.7,True
2015280N13071,2015,UNNAMED,AS,2015-10-11 03:00:00,15.7,69.3,46.3,1003.0,Depression,29.3,0.7713165283203125,-0.8793487548828125,1007.6,True
2015280N13071,2015,UNNAMED,AS,2015-10-11 06:00:00,15.7,69.2,46.3,1003.0,Depression,29.3,1.5749969482421875,-0.20947265625,1009.0,True
2015280N13071,2015,UNNAMED,AS,2015-10-11 09:00:00,15.8,69.2,46.3,1004.0,Depression,29.3,-1.524017333984375,-1.1670379638671875,1006.2,True
2015280N13071,2015,UNNAMED,AS,2015-10-11 12:00:00,15.9,69.2,46.3,1004.0,Depression,29.3,0.7581787109375,-1.3079681396484375,1006.9,True
2015280N13071,2015,UNNAMED,AS,2015-10-11 15:00:00,16.0,69.2,46.3,1004.0,Depression,29.3,1.3634796142578125,-2.7965850830078125,1008.6,True
2015280N13071,2015,UNNAMED,AS,2015-10-11 18:00:00,16.0,69.2,46.3,1004.0,Depression,29.3,0.2180633544921875,-3.2401123046875,1009.1,True
2015280N13071,2015,UNNAMED,AS,2015-10-11 21:00:00,16.0,69.1,42.6,1004.0,Depression,29.25,0.634246826171875,-2.9402008056640625,1007.9,True
2015280N13071,2015,UNNAMED,AS,2015-10-12 00:00:00,16.1,69.0,37.0,1004.0,Depression,29.28,1.8394012451171875,-3.7940673828125,1008.2,True
2015301N11065,2015,CHAPALA,AS,2015-10-27 12:00:00,10.7,65.1,,,,29.22,-3.3298492431640625,-1.651336669921875,1005.8,True
2015301N11065,2015,CHAPALA,AS,2015-10-27 15:00:00,10.9,65.0,,,,29.22,-1.4505767822265625,-0.9924774169921876,1007.0,True
2015301N11065,2015,CHAPALA,AS,2015-10-27 18:00:00,11.1,64.9,,,,29.22,3.33758544921875,1.0370941162109375,1007.2,True
2015301N11065,2015,CHAPALA,AS,2015-10-27 21:00:00,11.3,64.8,,,,29.2,4.024917602539063,-1.996002197265625,1004.8,True
2015301N11065,2015,CHAPALA,AS,2015-10-28 00:00:00,11.6,64.7,,,,29.23,4.545822143554688,-0.194793701171875,1002.9,True
2015301N11065,2015,CHAPALA,AS,2015-10-28 03:00:00,11.8,64.7,46.3,1005.0,Depression,29.17,4.4950714111328125,-0.0975341796875,1003.3,True
2015301N11065,2015,CHAPALA,AS,2015-10-28 06:00:00,12.0,64.8,46.3,1004.0,Depression,29.11,4.13934326171875,-3.371185302734375,1004.2,True
2015301N11065,2015,CHAPALA,AS,2015-10-28 09:00:00,12.4,64.8,51.9,1003.0,Deep Depression,29.01,2.9395904541015625,-1.0723876953125,1000.9,True
2015301N11065,2015,CHAPALA,AS,2015-10-28 12:00:00,12.7,64.8,55.6,1001.0,Deep Depression,28.99,0.084869384765625,0.694091796875,999.5,True
2015301N11065,2015,CHAPALA,AS,2015-10-28 15:00:00,12.9,64.8,55.6,1001.0,Deep Depression,28.97,-3.7401123046875,-1.2510528564453125,1001.1,True
2015301N11065,2015,CHAPALA,AS,2015-10-28 18:00:00,13.1,64.6,55.6,1001.0,Deep Depression,28.91,1.386474609375,-3.4376220703125,1002.1,True
2015301N11065,2015,CHAPALA,AS,2015-10-28 21:00:00,13.3,64.4,61.1,1000.0,Deep Depression,28.89,-1.0019073486328125,3.820724487304688,1000.1,True
2015301N11065,2015,CHAPALA,AS,2015-10-29 00:00:00,13.6,64.3,64.8,999.0,Cyclonic Storm,28.63,-3.726348876953125,6.1151275634765625,1000.2,False
2015301N11065,2015,CHAPALA,AS,2015-10-29 03:00:00,13.7,64.1,74.1,997.0,Cyclonic Storm,28.61,-6.655059814453125,6.9933624267578125,1001.6,False
2015301N11065,2015,CHAPALA,AS,2015-10-29 06:00:00,13.9,63.8,83.3,996.0,Cyclonic Storm,28.64,-7.449630737304687,7.86712646484375,1002.7,False
2015301N11065,2015,CHAPALA,AS,2015-10-29 09:00:00,14.0,63.5,92.6,994.0,Severe Cyclonic Storm,28.68,-0.7855224609375,11.970321655273438,999.5,False
2015301N11065,2015,CHAPALA,AS,2015-10-29 12:00:00,14.2,63.2,101.9,990.0,Severe Cyclonic Storm,28.71,-4.992935180664063,9.795822143554688,998.4,False
2015301N11065,2015,CHAPALA,AS,2015-10-29 15:00:00,14.3,62.8,111.1,988.0,Severe Cyclonic Storm,28.74,-4.9079437255859375,1.1619415283203125,999.2,False
2015301N11065,2015,CHAPALA,AS,2015-10-29 18:00:00,14.3,62.5,120.4,984.0,Very Severe Cyclonic Storm,28.76,-1.3200531005859375,5.0433502197265625,999.9,False
2015301N11065,2015,CHAPALA,AS,2015-10-29 21:00:00,14.3,62.2,138.9,976.0,Very Severe Cyclonic Storm,28.78,-0.12896728515625,8.543533325195312,999.1,False
2015301N11065,2015,CHAPALA,AS,2015-10-30 00:00:00,14.3,61.8,166.7,966.0,Extremely Severe Cyclonic Storm,28.57,-2.523956298828125,1.630706787109375,995.1,False
2015301N11065,2015,CHAPALA,AS,2015-10-30 03:00:00,14.2,61.5,194.5,954.0,Extremely Severe Cyclonic Storm,28.52,-7.0213470458984375,8.146102905273438,996.7,False
2015301N11065,2015,CHAPALA,AS,2015-10-30 06:00:00,14.2,61.1,203.7,948.0,Extremely Severe Cyclonic Storm,28.39,-7.4639892578125,-0.6364288330078125,995.7,False
2015301N11065,2015,CHAPALA,AS,2015-10-30 09:00:00,14.1,60.8,213.0,940.0,Extremely Severe Cyclonic Storm,28.31,1.7091217041015625,8.936965942382812,993.0,False
2015301N11065,2015,CHAPALA,AS,2015-10-30 12:00:00,14.1,60.6,213.0,940.0,Extremely Severe Cyclonic Storm,28.27,-4.4715576171875,1.8508758544921875,990.3,False
2015301N11065,2015,CHAPALA,AS,2015-10-30 15:00:00,14.0,60.4,213.0,940.0,Extremely Severe Cyclonic Storm,28.27,-11.622543334960938,10.202865600585938,994.5,False
2015301N11065,2015,CHAPALA,AS,2015-10-30 18:00:00,13.9,60.2,213.0,940.0,Extremely Severe Cyclonic Storm,28.24,-15.678802490234377,8.408782958984375,995.7,False
2015301N11065,2015,CHAPALA,AS,2015-10-30 21:00:00,13.9,59.9,213.0,942.0,Extremely Severe Cyclonic Storm,28.23,-16.290069580078125,10.196670532226562,994.6,False
2015301N11065,2015,CHAPALA,AS,2015-10-31 00:00:00,13.8,59.6,203.7,944.0,Extremely Severe Cyclonic Storm,28.17,-6.308151245117188,7.72821044921875,989.4,False
2015301N11065,2015,CHAPALA,AS,2015-10-31 03:00:00,13.8,59.2,203.7,946.0,Extremely Severe Cyclonic Storm,28.18,-8.709823608398438,7.796905517578125,990.1,False
2015301N11065,2015,CHAPALA,AS,2015-10-31 06:00:00,13.8,58.7,194.5,950.0,Extremely Severe Cyclonic Storm,28.24,-8.113418579101562,0.8943023681640625,988.8,False
2015301N11065,2015,CHAPALA,AS,2015-10-31 09:00:00,13.8,58.3,194.5,950.0,Extremely Severe Cyclonic Storm,28.37,-3.8920745849609375,-12.16436767578125,988.0,False
2015301N11065,2015,CHAPALA,AS,2015-10-31 12:00:00,13.8,57.9,194.5,950.0,Extremely Severe Cyclonic Storm,28.38,-10.429336547851562,-2.517425537109375,983.3,False
2015301N11065,2015,CHAPALA,AS,2015-10-31 15:00:00,13.8,57.5,194.5,950.0,Extremely Severe Cyclonic Storm,28.26,-11.021255493164062,-8.3870849609375,985.9,False
2015301N11065,2015,CHAPALA,AS,2015-10-31 18:00:00,13.8,57.2,194.5,950.0,Extremely Severe Cyclonic Storm,28.23,-16.72467041015625,2.257659912109375,987.3,False
2015301N11065,2015,CHAPALA,AS,2015-10-31 21:00:00,13.7,56.8,194.5,950.0,Extremely Severe Cyclonic Storm,28.21,-17.691452026367188,-4.237106323242188,985.4,False
2015301N11065,2015,CHAPALA,AS,2015-11-01 00:00:00,13.7,56.4,194.5,950.0,Extremely Severe Cyclonic Storm,28.07,-23.058761596679688,1.5991668701171875,982.9,False
2015301N11065,2015,CHAPALA,AS,2015-11-01 03:00:00,13.6,56.1,194.5,952.0,Extremely Severe Cyclonic Storm,27.99,-15.767730712890623,1.97998046875,976.8,False
2015301N11065,2015,CHAPALA,AS,2015-11-01 06:00:00,13.6,55.7,185.2,954.0,Extremely Severe Cyclonic Storm,28.04,-15.8336181640625,13.250839233398438,980.2,False
2015301N11065,2015,CHAPALA,AS,2015-11-01 09:00:00,13.5,55.2,185.2,956.0,Extremely Severe Cyclonic Storm,28.11,-15.186508178710938,12.352020263671877,978.8,False
2015301N11065,2015,CHAPALA,AS,2015-11-01 12:00:00,13.6,54.7,185.2,956.0,Extremely Severe Cyclonic Storm,28.25,-12.563278198242188,6.460128784179688,974.9,False
2015301N11065,2015,CHAPALA,AS,2015-11-01 15:00:00,13.5,54.2,185.2,956.0,Extremely Severe Cyclonic Storm,28.02,-14.077865600585938,9.77490234375,976.3,False
2015301N11065,2015,CHAPALA,AS,2015-11-01 18:00:00,13.4,53.7,185.2,956.0,Extremely Severe Cyclonic Storm,28.14,-25.429855346679688,5.9007110595703125,979.8,False
2015301N11065,2015,CHAPALA,AS,2015-11-01 21:00:00,13.3,53.1,185.2,956.0,Extremely Severe Cyclonic Storm,28.37,-8.149215698242188,-13.470123291015623,974.1,False
2015301N11065,2015,CHAPALA,AS,2015-11-02 00:00:00,13.2,52.6,185.2,958.0,Extremely Severe Cyclonic Storm,27.59,-0.503692626953125,-16.054534912109375,972.8,False
2015301N11065,2015,CHAPALA,AS,2015-11-02 03:00:00,13.2,52.2,175.9,960.0,Extremely Severe Cyclonic Storm,27.72,1.355377197265625,5.894790649414063,969.6,False
2015301N11065,2015,CHAPALA,AS,2015-11-02 06:00:00,13.3,51.6,166.7,964.0,Extremely Severe Cyclonic Storm,27.89,14.545516967773438,-9.276321411132812,976.2,False
2015301N11065,2015,CHAPALA,AS,2015-11-02 09:00:00,13.3,51.0,166.7,966.0,Extremely Severe Cyclonic Storm,28.01,19.709274291992188,3.859909057617188,981.8,False
2015301N11065,2015,CHAPALA,AS,2015-11-02 12:00:00,13.4,50.6,157.4,968.0,Very Severe Cyclonic Storm,27.54,-6.5675201416015625,-3.88763427734375,978.3,False
2015301N11065,2015,CHAPALA,AS,2015-11-02 15:00:00,13.5,50.0,157.4,970.0,Very Severe Cyclonic Storm,27.79,-7.553314208984375,-7.915939331054687,983.0,False
2015301N11065,2015,CHAPALA,AS,2015-11-02 18:00:00,13.7,49.6,148.2,974.0,Very Severe Cyclonic Storm,27.36,-16.174880981445312,10.536026000976562,991.7,False
2015301N11065,2015,CHAPALA,AS,2015-11-02 21:00:00,13.8,49.3,138.9,978.0,Very Severe Cyclonic Storm,27.36,-18.578781127929688,15.476943969726562,1001.3,False
2015301N11065,2015,CHAPALA,AS,2015-11-03 00:00:00,14.0,48.9,120.4,984.0,Very Severe Cyclonic Storm,26.61,-10.433746337890623,14.2454833984375,1006.0,False
2015301N11065,2015,CHAPALA,AS,2015-11-03 03:00:00,14.1,48.4,101.9,990.0,Severe Cyclonic Storm,26.61,-2.7827911376953125,6.6544342041015625,1010.5,False
2015301N11065,2015,CHAPALA,AS,2015-11-03 06:00:00,14.1,47.9,83.3,996.0,Cyclonic Storm,26.61,-7.5422210693359375,2.222625732421875,1013.5,False
2015301N11065,2015,CHAPALA,AS,2015-11-03 09:00:00,14.1,47.6,74.1,998.0,Cyclonic Storm,26.61,-7.79180908203125,1.3392333984375,1011.8,False
2015301N11065,2015,CHAPALA,AS,2015-11-03 12:00:00,14.1,47.4,74.1,998.0,Cyclonic Storm,26.61,-7.946853637695312,-1.997100830078125,1010.8,False
2015301N11065,2015,CHAPALA,AS,2015-11-03 15:00:00,14.2,47.2,74.1,998.0,Cyclonic Storm,26.62,-7.9136962890625,-1.782745361328125,1011.7,False
2015301N11065,2015,CHAPALA,AS,2015-11-03 18:00:00,14.3,47.1,55.6,1001.0,Deep Depression,26.62,-6.451751708984375,-1.2125091552734375,1013.5,True
2015301N11065,2015,CHAPALA,AS,2015-11-03 21:00:00,14.5,46.8,51.9,1002.0,Deep Depression,26.61,-6.247711181640625,-1.5043182373046875,1013.0,True
2015301N11065,2015,CHAPALA,AS,2015-11-04 00:00:00,14.8,46.5,46.3,1003.0,Depression,27.32,-3.64398193359375,-2.613311767578125,1012.7,True
2015309N14067,2015,MEGH,AS,2015-11-04 12:00:00,14.0,66.9,,,,29.12,-4.859634399414063,0.2400360107421875,1007.3,True
2015309N14067,2015,MEGH,AS,2015-11-04 15:00:00,14.0,66.6,,,,29.14,-4.21405029296875,0.3880615234375,1008.8,True
2015309N14067,2015,MEGH,AS,2015-11-04 18:00:00,14.0,66.4,,,,29.14,-2.825927734375,4.411041259765625,1009.4,True
2015309N14067,2015,MEGH,AS,2015-11-04 21:00:00,14.1,66.1,,,,29.1,-1.8125457763671875,1.0377655029296875,1007.7,True
2015309N14067,2015,MEGH,AS,2015-11-05 00:00:00,14.1,65.8,46.3,1006.0,Depression,28.85,-1.69927978515625,4.0037384033203125,1007.0,True
2015309N14067,2015,MEGH,AS,2015-11-05 03:00:00,14.1,65.4,46.3,1004.0,Depression,28.84,-1.5489501953125,2.5687713623046875,1008.6,True
2015309N14067,2015,MEGH,AS,2015-11-05 06:00:00,14.0,64.8,55.6,1002.0,Deep Depression,28.63,-1.191741943359375,-2.3070526123046875,1010.0,True
2015309N14067,2015,MEGH,AS,2015-11-05 09:00:00,14.0,64.3,61.1,1000.0,Deep Depression,28.37,-2.4202117919921875,-2.0677490234375,1006.8,True
2015309N14067,2015,MEGH,AS,2015-11-05 12:00:00,14.0,64.0,64.8,998.0,Cyclonic Storm,28.31,-2.9969635009765625,-2.152252197265625,1006.2,False
2015309N14067,2015,MEGH,AS,2015-11-05 15:00:00,13.9,63.6,74.1,996.0,Cyclonic Storm,28.42,-4.896286010742188,-4.4989166259765625,1007.9,False
2015309N14067,2015,MEGH,AS,2015-11-05 18:00:00,13.8,63.3,83.3,994.0,Cyclonic Storm,28.64,-3.2238006591796875,-1.4660491943359375,1008.4,False
2015309N14067,2015,MEGH,AS,2015-11-05 21:00:00,13.7,62.9,83.3,994.0,Cyclonic Storm,28.71,-2.040618896484375,2.3941192626953125,1006.2,False
2015309N14067,2015,MEGH,AS,2015-11-06 00:00:00,13.6,62.5,83.3,994.0,Cyclonic Storm,28.49,-1.3122100830078125,-2.1263580322265625,1005.6,False
2015309N14067,2015,MEGH,AS,2015-11-06 03:00:00,13.4,62.2,83.3,994.0,Cyclonic Storm,28.42,-3.328857421875,2.893539428710937,1007.3,False
2015309N14067,2015,MEGH,AS,2015-11-06 06:00:00,13.3,61.9,83.3,994.0,Cyclonic Storm,28.36,1.6872406005859375,7.191009521484375,1009.3,False
2015309N14067,2015,MEGH,AS,2015-11-06 09:00:00,13.1,61.6,83.3,994.0,Cyclonic Storm,28.08,1.4601593017578125,5.961456298828125,1006.5,False
2015309N14067,2015,MEGH,AS,2015-11-06 12:00:00,13.1,61.2,83.3,994.0,Cyclonic Storm,27.91,0.0172271728515625,1.513885498046875,1003.7,False
2015309N14067,2015,MEGH,AS,2015-11-06 15:00:00,12.9,60.9,83.3,994.0,Cyclonic Storm,27.86,-3.05267333984375,-5.494888305664063,1005.5,False
2015309N14067,2015,MEGH,AS,2015-11-06 18:00:00,12.9,60.7,83.3,994.0,Cyclonic Storm,27.92,-4.29193115234375,-4.809127807617188,1007.2,False
2015309N14067,2015,MEGH,AS,2015-11-06 21:00:00,12.8,60.4,83.3,994.0,Cyclonic Storm,28.16,3.294296264648437,-3.0419158935546875,1005.9,False
2015309N14067,2015,MEGH,AS,2015-11-07 00:00:00,12.8,60.1,83.3,994.0,Cyclonic Storm,28.23,2.6616973876953125,-4.4966583251953125,1005.4,False
2015309N14067,2015,MEGH,AS,2015-11-07 03:00:00,12.8,59.6,83.3,994.0,Cyclonic Storm,28.34,0.8824005126953125,-5.447479248046875,1007.5,False
2015309N14067,2015,MEGH,AS,2015-11-07 06:00:00,12.7,59.3,92.6,992.0,Severe Cyclonic Storm,28.35,0.7292327880859375,-3.6435699462890634,1008.8,False
2015309N14067,2015,MEGH,AS,2015-11-07 09:00:00,12.7,58.8,101.9,990.0,Severe Cyclonic Storm,28.23,-3.725494384765625,-7.6906585693359375,1006.3,False
2015309N14067,2015,MEGH,AS,2015-11-07 12:00:00,12.8,58.4,111.1,988.0,Severe Cyclonic Storm,28.06,-2.102386474609375,-4.027313232421875,1004.2,False
2015309N14067,2015,MEGH,AS,2015-11-07 15:00:00,12.7,57.9,120.4,984.0,Very Severe Cyclonic Storm,27.32,-2.215087890625,-5.057144165039063,1006.9,False
2015309N14067,2015,MEGH,AS,2015-11-07 18:00:00,12.8,57.3,129.6,980.0,Very Severe Cyclonic Storm,26.76,-1.857940673828125,-7.1853790283203125,1009.1,False
2015309N14067,2015,MEGH,AS,2015-11-07 21:00:00,12.7,56.7,148.2,976.0,Very Severe Cyclonic Storm,26.8,-2.228866577148437,-7.0276947021484375,1008.1,False
2015309N14067,2015,MEGH,AS,2015-11-08 00:00:00,12.7,56.1,157.4,974.0,Very Severe Cyclonic Storm,27.68,-2.9309539794921875,-6.9959259033203125,1007.2,False
2015309N14067,2015,MEGH,AS,2015-11-08 03:00:00,12.7,55.5,166.7,968.0,Extremely Severe Cyclonic Storm,27.84,-1.9925079345703125,-7.80987548828125,1009.5,False
2015309N14067,2015,MEGH,AS,2015-11-08 06:00:00,12.7,54.9,175.9,964.0,Extremely Severe Cyclonic Storm,27.85,-1.496673583984375,-7.33660888671875,1011.3,False
2015309N14067,2015,MEGH,AS,2015-11-08 09:00:00,12.7,54.2,175.9,964.0,Extremely Severe Cyclonic Storm,27.16,1.577392578125,-7.373931884765625,1009.8,False
2015309N14067,2015,MEGH,AS,2015-11-08 12:00:00,12.7,53.5,166.7,970.0,Extremely Severe Cyclonic Storm,27.16,-0.6652069091796875,-7.0205078125,1008.3,False
2015309N14067,2015,MEGH,AS,2015-11-08 15:00:00,12.6,52.8,166.7,970.0,Extremely Severe Cyclonic Storm,27.53,0.853912353515625,-8.403350830078125,1009.9,False
2015309N14067,2015,MEGH,AS,2015-11-08 18:00:00,12.5,52.3,166.7,970.0,Extremely Severe Cyclonic Storm,27.56,0.457183837890625,-7.9514007568359375,1010.8,False
2015309N14067,2015,MEGH,AS,2015-11-08 21:00:00,12.4,51.6,166.7,970.0,Extremely Severe Cyclonic Storm,28.2,1.18817138671875,-9.787063598632812,1009.6,False
2015309N14067,2015,MEGH,AS,2015-11-09 00:00:00,12.3,50.9,157.4,974.0,Very Severe Cyclonic Storm,27.63,10.026473999023438,-3.256088256835937,1008.9,False
2015309N14067,2015,MEGH,AS,2015-11-09 03:00:00,12.2,50.2,148.2,976.0,Very Severe Cyclonic Storm,27.35,6.753662109375,-6.47247314453125,1011.3,False
2015309N14067,2015,MEGH,AS,2015-11-09 06:00:00,12.3,49.6,148.2,978.0,Very Severe Cyclonic Storm,27.44,7.5421142578125,-3.3537750244140625,1013.0,False
2015309N14067,2015,MEGH,AS,2015-11-09 09:00:00,12.3,48.9,138.9,980.0,Very Severe Cyclonic Storm,27.44,9.882919311523438,3.7390289306640634,1010.7,False
2015309N14067,2015,MEGH,AS,2015-11-09 12:00:00,12.5,48.3,129.6,982.0,Very Severe Cyclonic Storm,27.57,7.634857177734375,5.3419036865234375,1009.2,False
2015309N14067,2015,MEGH,AS,2015-11-09 15:00:00,12.5,48.0,120.4,986.0,Very Severe Cyclonic Storm,27.57,4.242965698242188,4.758224487304688,1010.6,False
2015309N14067,2015,MEGH,AS,2015-11-09 18:00:00,12.6,47.6,120.4,988.0,Very Severe Cyclonic Storm,27.57,-1.4473876953125,4.228240966796875,1012.6,False
2015309N14067,2015,MEGH,AS,2015-11-09 21:00:00,12.7,47.3,111.1,990.0,Severe Cyclonic Storm,27.73,-4.99639892578125,3.091552734375,1011.9,False
2015309N14067,2015,MEGH,AS,2015-11-10 00:00:00,12.9,47.0,92.6,996.0,Severe Cyclonic Storm,28.08,-5.43011474609375,1.7795257568359375,1010.9,False
2015309N14067,2015,MEGH,AS,2015-11-10 03:00:00,13.0,46.8,74.1,998.0,Cyclonic Storm,28.08,-5.886444091796875,2.139739990234375,1012.0,False
2015309N14067,2015,MEGH,AS,2015-11-10 06:00:00,13.3,46.6,55.6,1003.0,Deep Depression,27.98,-6.166763305664063,1.5585479736328125,1013.8,True
2015309N14067,2015,MEGH,AS,2015-11-10 09:00:00,13.5,46.6,51.9,1004.0,Deep Depression,27.85,-4.762954711914063,1.6241912841796875,1011.6,True
2015309N14067,2015,MEGH,AS,2015-11-10 12:00:00,13.7,46.6,46.3,1005.0,Depression,27.55,-3.827713012695313,0.6766815185546875,1009.9,True
2015312N11084,2015,UNNAMED,BB,2015-11-08 03:00:00,10.7,83.7,46.3,1003.0,Depression,29.36,-4.0999298095703125,3.95770263671875,1008.1,True
2015312N11084,2015,UNNAMED,BB,2015-11-08 06:00:00,10.8,83.2,46.3,1003.0,Depression,29.48,-2.591400146484375,4.96710205078125,1006.9,True
2015312N11084,2015,UNNAMED,BB,2015-11-08 09:00:00,10.9,82.8,46.3,1003.0,Depression,29.41,-3.338623046875,4.237396240234375,1004.2,True
2015312N11084,2015,UNNAMED,BB,2015-11-08 12:00:00,11.0,82.5,46.3,1002.0,Depression,29.42,1.4344024658203125,7.70703125,1004.7,True
2015312N11084,2015,UNNAMED,BB,2015-11-08 15:00:00,11.1,82.0,51.9,1001.0,Deep Depression,29.44,-0.153900146484375,8.438446044921875,1006.7,True
2015312N11084,2015,UNNAMED,BB,2015-11-08 18:00:00,11.2,81.4,55.6,1000.0,Deep Depression,29.37,-1.984222412109375,9.783950805664062,1005.1,True
2015312N11084,2015,UNNAMED,BB,2015-11-08 21:00:00,11.3,81.0,55.6,1000.0,Deep Depression,29.35,3.36785888671875,5.517623901367188,1002.0,True
2015312N11084,2015,UNNAMED,BB,2015-11-09 00:00:00,11.4,80.7,55.6,999.0,Deep Depression,29.37,3.232528686523437,0.6228179931640625,1000.8,True
2015312N11084,2015,UNNAMED,BB,2015-11-09 03:00:00,11.6,80.3,55.6,998.0,Deep Depression,29.39,8.295654296875,1.89178466796875,1003.8,True
2015312N11084,2015,UNNAMED,BB,2015-11-09 06:00:00,11.7,80.1,55.6,996.0,Deep Depression,29.43,3.0880126953125,-0.5197906494140625,1002.2,True
2015312N11084,2015,UNNAMED,BB,2015-11-09 09:00:00,11.9,80.0,55.6,996.0,Deep Depression,29.41,-0.7235260009765625,-0.1711273193359375,998.7,True
2015312N11084,2015,UNNAMED,BB,2015-11-09 12:00:00,12.1,80.0,55.6,996.0,Deep Depression,29.41,2.857513427734375,0.5215911865234375,999.9,True
2015312N11084,2015,UNNAMED,BB,2015-11-09 15:00:00,12.3,80.0,55.6,997.0,Deep Depression,,-0.1046905517578125,0.1625213623046875,1002.2,False
2015312N11084,2015,UNNAMED,BB,2015-11-09 18:00:00,12.4,79.9,55.6,998.0,Deep Depression,,-1.2364501953125,2.841522216796875,1002.9,False
2015312N11084,2015,UNNAMED,BB,2015-11-09 21:00:00,12.4,79.8,55.6,999.0,Deep Depression,,-1.60772705078125,2.521240234375,1001.4,False
2015312N11084,2015,UNNAMED,BB,2015-11-10 00:00:00,12.4,79.6,55.6,1000.0,Deep Depression,,-1.56390380859375,-4.333755493164063,1001.9,False
2015312N11084,2015,UNNAMED,BB,2015-11-10 03:00:00,12.4,79.3,37.0,1002.0,Depression,,0.132110595703125,-3.750885009765625,1005.1,False
2016138N10081,2016,ROANU,BB,2016-05-17 00:00:00,10.0,80.8,,,,30.6,2.211776733398437,-5.9699554443359375,999.3,True
2016138N10081,2016,ROANU,BB,2016-05-17 03:00:00,10.5,81.0,46.3,1000.0,Depression,30.92,0.5609283447265625,-3.4547882080078125,1000.4,True
2016138N10081,2016,ROANU,BB,2016-05-17 06:00:00,10.8,81.1,46.3,999.0,Depression,31.0,5.021392822265625,-3.97491455078125,999.9,True
2016138N10081,2016,ROANU,BB,2016-05-17 09:00:00,11.2,81.1,46.3,999.0,Depression,31.01,5.091583251953125,-0.0534515380859375,996.6,True
2016138N10081,2016,ROANU,BB,2016-05-17 12:00:00,11.7,81.1,46.3,998.0,Depression,30.85,-1.8608245849609373,-5.353759765625,996.2,True
2016138N10081,2016,ROANU,BB,2016-05-17 15:00:00,12.1,81.1,46.3,998.0,Depression,30.86,-1.3555755615234375,-2.71746826171875,997.7,True
2016138N10081,2016,ROANU,BB,2016-05-17 18:00:00,12.5,81.1,46.3,998.0,Depression,30.9,-4.977935791015625,-1.8662109375,996.7,True
2016138N10081,2016,ROANU,BB,2016-05-17 21:00:00,12.8,81.2,46.3,998.0,Depression,30.84,-4.919692993164063,-0.1894073486328125,993.5,True
2016138N10081,2016,ROANU,BB,2016-05-18 00:00:00,13.1,81.2,46.3,998.0,Depression,30.72,-1.4575347900390625,-4.22796630859375,994.3,True
2016138N10081,2016,ROANU,BB,2016-05-18 03:00:00,13.4,81.3,55.6,997.0,Deep Depression,30.79,-4.437545776367188,-2.2137908935546875,995.5,True
2016138N10081,2016,ROANU,BB,2016-05-18 06:00:00,13.9,81.3,55.6,996.0,Deep Depression,30.91,-4.902740478515625,-2.3521881103515625,995.0,True
2016138N10081,2016,ROANU,BB,2016-05-18 09:00:00,14.2,81.3,55.6,996.0,Deep Depression,30.96,-6.2255859375,-6.2482452392578125,991.9,True
2016138N10081,2016,ROANU,BB,2016-05-18 12:00:00,14.4,81.3,55.6,996.0,Deep Depression,30.95,-6.8062591552734375,-9.5157470703125,991.9,True
2016138N10081,2016,ROANU,BB,2016-05-18 15:00:00,14.5,81.3,55.6,995.0,Deep Depression,30.95,1.8082427978515625,-7.704421997070312,992.1,True
2016138N10081,2016,ROANU,BB,2016-05-18 18:00:00,14.7,81.3,55.6,994.0,Deep Depression,30.9,2.1339263916015625,-10.143951416015623,990.4,True
2016138N10081,2016,ROANU,BB,2016-05-18 21:00:00,14.9,81.4,61.1,992.0,Deep Depression,30.73,0.8842926025390625,-5.4847564697265625,987.0,True
2016138N10081,2016,ROANU,BB,2016-05-19 00:00:00,15.1,81.6,64.8,990.0,Cyclonic Storm,30.37,5.4725189208984375,-5.259063720703125,987.9,False
2016138N10081,2016,ROANU,BB,2016-05-19 03:00:00,15.4,81.8,64.8,990.0,Cyclonic Storm,30.43,-7.066436767578125,-2.737274169921875,990.4,False
2016138N10081,2016,ROANU,BB,2016-05-19 06:00:00,15.4,82.0,74.1,988.0,Cyclonic Storm,30.44,-4.095428466796875,-2.112167358398437,990.1,False
2016138N10081,2016,ROANU,BB,2016-05-19 09:00:00,15.5,82.2,74.1,988.0,Cyclonic Storm,30.44,1.15533447265625,-5.66644287109375,987.8,False
2016138N10081,2016,ROANU,BB,2016-05-19 12:00:00,15.8,82.5,74.1,988.0,Cyclonic Storm,30.34,-3.995941162109375,-13.31854248046875,991.2,False
2016138N10081,2016,ROANU,BB,2016-05-19 15:00:00,16.1,82.8,74.1,988.0,Cyclonic Storm,30.11,-2.2510528564453125,-13.47796630859375,993.3,False
2016138N10081,2016,ROANU,BB,2016-05-19 18:00:00,16.5,83.1,74.1,988.0,Cyclonic Storm,29.89,0.124969482421875,-10.594970703125,993.3,False
2016138N10081,2016,ROANU,BB,2016-05-19 21:00:00,16.9,83.5,74.1,988.0,Cyclonic Storm,29.95,3.536407470703125,-6.7667083740234375,990.9,False
2016138N10081,2016,ROANU,BB,2016-05-20 00:00:00,17.4,84.0,74.1,988.0,Cyclonic Storm,29.58,5.211837768554688,-10.341934204101562,991.1,False
2016138N10081,2016,ROANU,BB,2016-05-20 03:00:00,18.1,84.7,74.1,988.0,Cyclonic Storm,29.4,4.293487548828125,-6.800704956054688,992.0,False
2016138N10081,2016,ROANU,BB,2016-05-20 06:00:00,18.6,85.1,74.1,988.0,Cyclonic Storm,29.0,7.484786987304687,-10.338973999023438,991.2,False
2016138N10081,2016,ROANU,BB,2016-05-20 09:00:00,18.9,85.6,74.1,988.0,Cyclonic Storm,29.52,0.53680419921875,-0.9024810791015624,988.5,False
2016138N10081,2016,ROANU,BB,2016-05-20 12:00:00,19.4,86.7,74.1,988.0,Cyclonic Storm,29.8,1.03912353515625,7.04522705078125,990.9,False
2016138N10081,2016,ROANU,BB,2016-05-20 15:00:00,19.8,87.3,74.1,986.0,Cyclonic Storm,29.95,4.615890502929688,6.003448486328125,991.8,False
2016138N10081,2016,ROANU,BB,2016-05-20 18:00:00,20.2,88.0,83.3,984.0,Cyclonic Storm,29.89,-0.91229248046875,12.622528076171877,990.6,False
2016138N10081,2016,ROANU,BB,2016-05-20 21:00:00,20.5,88.7,83.3,983.0,Cyclonic Storm,29.87,5.7791595458984375,14.32562255859375,987.8,False
2016138N10081,2016,ROANU,BB,2016-05-21 00:00:00,20.9,89.4,83.3,983.0,Cyclonic Storm,29.64,3.467376708984375,14.075531005859377,986.7,False
2016138N10081,2016,ROANU,BB,2016-05-21 03:00:00,21.4,90.4,83.3,983.0,Cyclonic Storm,30.19,-2.1885986328125,10.226913452148438,988.0,False
2016138N10081,2016,ROANU,BB,2016-05-21 06:00:00,21.9,91.0,83.3,983.0,Cyclonic Storm,29.65,3.180282592773437,4.72332763671875,986.9,False
2016138N10081,2016,ROANU,BB,2016-05-21 09:00:00,22.6,91.5,83.3,983.0,Cyclonic Storm,29.94,7.2114715576171875,2.258758544921875,987.4,False
2016138N10081,2016,ROANU,BB,2016-05-21 12:00:00,23.0,92.0,64.8,990.0,Cyclonic Storm,,3.0372467041015625,4.729522705078125,990.1,False
2016138N10081,2016,ROANU,BB,2016-05-21 15:00:00,23.5,93.0,55.6,992.0,Deep Depression,,-0.593414306640625,4.1922454833984375,997.9,False
2016138N10081,2016,ROANU,BB,2016-05-21 18:00:00,24.0,94.0,55.6,994.0,Deep Depression,,0.1100921630859375,-0.145172119140625,999.3,False
2016138N10081,2016,ROANU,BB,2016-05-21 21:00:00,24.3,94.5,46.3,995.0,Depression,,0.548492431640625,-1.27398681640625,997.0,False
2016138N10081,2016,ROANU,BB,2016-05-22 00:00:00,24.5,94.7,37.0,996.0,Depression,,0.758148193359375,0.0820465087890625,998.5,False
2016178N22068,2016,UNNAMED,AS,2016-06-26 06:00:00,21.7,67.8,,,,29.95,-0.033538818359375,-3.1461944580078125,1000.5,True
2016178N22068,2016,UNNAMED,AS,2016-06-26 09:00:00,21.8,67.4,,,,29.9,3.7039642333984375,-2.2685089111328125,999.2,True
2016178N22068,2016,UNNAMED,AS,2016-06-26 12:00:00,21.8,67.1,,,,30.01,5.0260009765625,-0.3599090576171875,998.3,True
2016178N22068,2016,UNNAMED,AS,2016-06-26 15:00:00,21.8,66.8,,,,30.04,5.196319580078125,-0.9618988037109376,998.2,True
2016178N22068,2016,UNNAMED,AS,2016-06-26 18:00:00,21.9,66.5,,,,30.21,4.327804565429688,-2.6167449951171875,998.9,True
2016178N22068,2016,UNNAMED,AS,2016-06-26 21:00:00,22.0,66.1,,,,30.11,4.03277587890625,-5.0762939453125,997.2,True
2016178N22068,2016,UNNAMED,AS,2016-06-27 00:00:00,22.0,65.6,,,,30.08,0.7618255615234375,-5.88018798828125,997.3,True
2016178N22068,2016,UNNAMED,AS,2016-06-27 03:00:00,22.0,65.1,,,,30.03,0.918701171875,-5.1790618896484375,997.4,True
2016178N22068,2016,UNNAMED,AS,2016-06-27 06:00:00,21.9,64.7,,,,30.02,-1.7509765625,-1.816436767578125,996.2,True
2016178N22068,2016,UNNAMED,AS,2016-06-27 09:00:00,21.7,64.4,46.3,996.0,Depression,29.89,-2.4906158447265625,-5.1851348876953125,993.9,True
2016178N22068,2016,UNNAMED,AS,2016-06-27 12:00:00,21.6,64.1,46.3,996.0,Depression,29.82,13.142181396484377,-5.318878173828125,993.3,True
2016178N22068,2016,UNNAMED,AS,2016-06-27 15:00:00,21.5,64.0,46.3,996.0,Depression,29.82,8.170242309570312,-8.057571411132812,993.7,True
2016178N22068,2016,UNNAMED,AS,2016-06-27 18:00:00,21.5,64.0,46.3,996.0,Depression,29.82,0.298370361328125,-6.058319091796875,994.9,True
2016178N22068,2016,UNNAMED,AS,2016-06-27 21:00:00,21.5,64.1,46.3,996.0,Depression,29.82,1.7682342529296875,4.5972442626953125,993.7,True
2016178N22068,2016,UNNAMED,AS,2016-06-28 00:00:00,21.5,63.9,46.3,996.0,Depression,29.37,-1.9991912841796875,4.8124542236328125,994.8,True
2016178N22068,2016,UNNAMED,AS,2016-06-28 03:00:00,21.2,62.9,46.3,996.0,Depression,29.44,-4.48614501953125,-6.702850341796875,994.9,True
2016178N22068,2016,UNNAMED,AS,2016-06-28 06:00:00,21.2,62.7,46.3,996.0,Depression,29.47,-8.741561889648438,-8.22137451171875,996.0,True
2016178N22068,2016,UNNAMED,AS,2016-06-28 09:00:00,21.1,62.4,46.3,996.0,Depression,29.42,-1.0192718505859375,-11.021591186523438,995.7,True
2016178N22068,2016,UNNAMED,AS,2016-06-28 12:00:00,20.8,62.3,46.3,996.0,Depression,29.26,3.1949615478515625,-11.0087890625,993.9,True
2016178N22068,2016,UNNAMED,AS,2016-06-28 15:00:00,20.5,62.3,46.3,996.0,Depression,29.19,1.5217132568359375,-10.449844360351562,995.4,True
2016178N22068,2016,UNNAMED,AS,2016-06-28 18:00:00,20.3,62.4,46.3,996.0,Depression,29.05,1.4316864013671875,-7.3452606201171875,996.8,True
2016178N22068,2016,UNNAMED,AS,2016-06-28 21:00:00,20.3,62.4,46.3,996.0,Depression,29.05,-0.6428375244140625,-7.490341186523437,995.9,True
2016178N22068,2016,UNNAMED,AS,2016-06-29 00:00:00,20.3,62.3,46.3,996.0,Depression,29.12,-0.4594573974609375,-9.22265625,997.4,True
2016222N22089,2016,UNNAMED,BB,2016-08-09 09:00:00,22.0,88.5,46.3,996.0,Depression,,5.50494384765625,-1.48486328125,994.9,False
2016222N22089,2016,UNNAMED,BB,2016-08-09 12:00:00,22.0,88.5,46.3,996.0,Depression,,3.354232788085937,-1.50372314453125,995.0,False
2016222N22089,2016,UNNAMED,BB,2016-08-09 15:00:00,22.2,88.7,46.3,996.0,Depression,,-1.102386474609375,-2.2642059326171875,996.2,False
2016222N22089,2016,UNNAMED,BB,2016-08-09 18:00:00,22.5,89.0,46.3,995.0,Depression,,-1.036865234375,-4.15478515625,996.5,False
2016222N22089,2016,UNNAMED,BB,2016-08-09 21:00:00,22.7,89.5,46.3,995.0,Depression,,-1.2499542236328125,-4.1887969970703125,994.3,False
2016222N22089,2016,UNNAMED,BB,2016-08-10 00:00:00,22.8,89.7,46.3,995.0,Depression,,0.3790435791015625,3.10443115234375,993.7,False
2016222N22089,2016,UNNAMED,BB,2016-08-10 03:00:00,23.0,89.4,55.6,994.0,Deep Depression,,1.0372772216796875,4.768157958984375,996.1,False
2016222N22089,2016,UNNAMED,BB,2016-08-10 06:00:00,23.1,89.3,55.6,994.0,Deep Depression,,2.355865478515625,4.4138031005859375,996.9,False
2016222N22089,2016,UNNAMED,BB,2016-08-10 09:00:00,23.2,89.2,55.6,994.0,Deep Depression,,0.7866973876953125,5.091583251953125,995.9,False
2016222N22089,2016,UNNAMED,BB,2016-08-10 12:00:00,23.4,89.1,55.6,994.0,Deep Depression,,-1.6509857177734375,5.445846557617188,994.8,False
2016222N22089,2016,UNNAMED,BB,2016-08-10 15:00:00,23.5,88.8,55.6,994.0,Deep Depression,,0.0450592041015625,4.507492065429688,996.5,False
2016222N22089,2016,UNNAMED,BB,2016-08-10 18:00:00,23.6,88.5,55.6,994.0,Deep Depression,,3.0950469970703125,4.15045166015625,996.5,False
2016222N22089,2016,UNNAMED,BB,2016-08-10 21:00:00,23.7,88.2,55.6,994.0,Deep Depression,,1.24786376953125,4.2685546875,994.3,False
2016222N22089,2016,UNNAMED,BB,2016-08-11 00:00:00,23.8,87.8,55.6,994.0,Deep Depression,,0.550537109375,0.744598388671875,994.7,False
2016222N22089,2016,UNNAMED,BB,2016-08-11 03:00:00,24.0,87.4,55.6,994.0,Deep Depression,,-4.253341674804688,-1.394683837890625,997.2,False
2016222N22089,2016,UNNAMED,BB,2016-08-11 06:00:00,24.0,87.0,46.3,996.0,Depression,,-2.2326202392578125,-2.9576568603515625,997.9,False
2016222N22089,2016,UNNAMED,BB,2016-08-11 09:00:00,24.0,86.7,46.3,996.0,Depression,,-0.3480377197265625,-1.9669952392578125,996.9,False
2016222N22089,2016,UNNAMED,BB,2016-08-11 12:00:00,24.0,86.5,46.3,996.0,Depression,,-1.3628387451171875,-1.164154052734375,997.4,False
2016222N22089,2016,UNNAMED,BB,2016-08-11 15:00:00,24.0,86.1,46.3,996.0,Depression,,0.1470947265625,-1.6435089111328125,1000.1,False
2016222N22089,2016,UNNAMED,BB,2016-08-11 18:00:00,24.0,85.7,46.3,996.0,Depression,,-0.68212890625,-2.978866577148437,999.9,False
2016222N22089,2016,UNNAMED,BB,2016-08-11 21:00:00,24.0,85.4,46.3,996.0,Depression,,-3.642776489257813,-1.5568084716796875,998.8,False
2016222N22089,2016,UNNAMED,BB,2016-08-12 00:00:00,24.0,85.0,46.3,996.0,Depression,,-2.984848022460937,-2.288726806640625,1000.0,False
2016222N22089,2016,UNNAMED,BB,2016-08-12 03:00:00,24.0,84.5,46.3,996.0,Depression,,-2.60687255859375,-3.1151275634765625,1000.7,False
2016222N22089,2016,UNNAMED,BB,2016-08-12 06:00:00,24.0,84.5,46.3,996.0,Depression,,-1.82794189453125,-2.728363037109375,1000.2,False
2016222N22089,2016,UNNAMED,BB,2016-08-12 09:00:00,24.1,84.5,46.3,996.0,Depression,,-1.054290771484375,-1.5522918701171875,997.7,False
2016222N22089,2016,UNNAMED,BB,2016-08-12 12:00:00,24.2,84.5,46.3,996.0,Depression,,-1.018524169921875,-2.059112548828125,997.0,False
2016222N22089,2016,UNNAMED,BB,2016-08-12 15:00:00,24.3,84.3,42.6,996.0,Depression,,-0.2316131591796875,-2.5956573486328125,999.6,False
2016222N22089,2016,UNNAMED,BB,2016-08-12 18:00:00,24.4,84.0,37.0,996.0,Depression,,-0.8453826904296875,-2.9749298095703125,999.6,False
2016230N21089,2016,UNNAMED,BB,2016-08-16 12:00:00,21.0,89.0,37.0,996.0,Depression,29.57,0.8892669677734375,-0.6649017333984375,991.8,True
2016230N21089,2016,UNNAMED,BB,2016-08-16 15:00:00,21.1,88.9,37.0,996.0,Depression,29.57,2.3959503173828125,-2.0306854248046875,993.5,True
2016230N21089,2016,UNNAMED,BB,2016-08-16 18:00:00,21.2,88.7,37.0,996.0,Depression,29.78,-0.2158355712890625,-2.379745483398437,993.2,True
2016230N21089,2016,UNNAMED,BB,2016-08-16 21:00:00,21.3,88.5,37.0,996.0,Depression,29.94,-2.098617553710937,-3.772674560546875,990.9,True
2016230N21089,2016,UNNAMED,BB,2016-08-17 00:00:00,21.4,88.4,37.0,996.0,Depression,29.33,-5.837646484375,-2.9958038330078125,990.3,True
2016230N21089,2016,UNNAMED,BB,2016-08-17 03:00:00,21.5,88.5,37.0,996.0,Depression,29.33,-2.504364013671875,-4.8071136474609375,990.6,True
2016230N21089,2016,UNNAMED,BB,2016-08-17 06:00:00,21.5,88.5,37.0,996.0,Depression,29.33,5.13275146484375,-0.65869140625,990.7,True
2016230N21089,2016,UNNAMED,BB,2016-08-17 09:00:00,21.7,88.4,42.6,995.0,Depression,29.15,3.424911499023437,5.97686767578125,989.9,True
2016230N21089,2016,UNNAMED,BB,2016-08-17 12:00:00,22.0,88.2,46.3,994.0,Depression,,2.0008544921875,3.9366455078125,989.3,False
2016230N21089,2016,UNNAMED,BB,2016-08-17 15:00:00,22.4,87.6,46.3,994.0,Depression,,-0.064208984375,1.6344146728515625,991.5,False
2016230N21089,2016,UNNAMED,BB,2016-08-17 18:00:00,22.9,86.9,46.3,994.0,Depression,,-3.584564208984375,-2.1267547607421875,991.8,False
2016230N21089,2016,UNNAMED,BB,2016-08-17 21:00:00,23.3,86.3,46.3,994.0,Depression,,-0.7978668212890625,-5.92401123046875,991.8,False
2016230N21089,2016,UNNAMED,BB,2016-08-18 00:00:00,23.7,85.7,46.3,994.0,Depression,,-1.0568695068359375,-5.2134857177734375,991.5,False
2016230N21089,2016,UNNAMED,BB,2016-08-18 03:00:00,24.0,85.0,46.3,994.0,Depression,,-0.6975250244140625,-5.772552490234375,993.0,False
2016230N21089,2016,UNNAMED,BB,2016-08-18 06:00:00,24.0,84.4,46.3,994.0,Depression,,-1.2080841064453125,-2.405517578125,992.0,False
2016230N21089,2016,UNNAMED,BB,2016-08-18 09:00:00,24.0,83.9,46.3,994.0,Depression,,1.4354095458984375,-2.8253326416015625,990.9,False
2016230N21089,2016,UNNAMED,BB,2016-08-18 12:00:00,24.1,83.4,46.3,994.0,Depression,,3.9693756103515625,-1.68914794921875,991.8,False
2016230N21089,2016,UNNAMED,BB,2016-08-18 15:00:00,24.2,83.0,46.3,994.0,Depression,,1.0943450927734375,-0.0299835205078125,993.8,False
2016230N21089,2016,UNNAMED,BB,2016-08-18 18:00:00,24.4,82.7,46.3,994.0,Depression,,-2.52203369140625,0.091278076171875,992.4,False
2016230N21089,2016,UNNAMED,BB,2016-08-18 21:00:00,24.5,82.3,46.3,994.0,Depression,,-1.0054931640625,2.5016021728515625,991.7,False
2016230N21089,2016,UNNAMED,BB,2016-08-19 00:00:00,24.7,82.1,46.3,994.0,Depression,,-3.452911376953125,4.7102813720703125,992.7,False
2016230N21089,2016,UNNAMED,BB,2016-08-19 03:00:00,25.0,82.3,46.3,994.0,Depression,,-5.0509185791015625,4.4376373291015625,996.9,False
2016230N21089,2016,UNNAMED,BB,2016-08-19 06:00:00,24.8,80.6,46.3,994.0,Depression,,-0.9541015625,-0.3140869140625,994.4,False
2016230N21089,2016,UNNAMED,BB,2016-08-19 09:00:00,24.7,79.5,46.3,994.0,Depression,,0.8390045166015625,-4.0700225830078125,993.9,False
2016230N21089,2016,UNNAMED,BB,2016-08-19 12:00:00,24.7,79.0,46.3,994.0,Depression,,2.776107788085937,-1.8442840576171875,992.7,False
2016230N21089,2016,UNNAMED,BB,2016-08-19 15:00:00,24.7,78.6,46.3,994.0,Depression,,1.4957122802734375,-3.686691284179688,994.6,False
2016230N21089,2016,UNNAMED,BB,2016-08-19 18:00:00,24.7,78.4,46.3,994.0,Depression,,0.4313812255859375,-3.601425170898437,994.8,False
2016230N21089,2016,UNNAMED,BB,2016-08-19 21:00:00,24.7,78.1,46.3,994.0,Depression,,2.457550048828125,-3.735427856445313,994.8,False
2016230N21089,2016,UNNAMED,AS,2016-08-20 00:00:00,24.7,77.8,46.3,994.0,Depression,,1.426513671875,-1.068603515625,995.0,False
2016230N21089,2016,UNNAMED,AS,2016-08-20 03:00:00,24.8,77.5,46.3,994.0,Depression,,-0.187255859375,-0.238677978515625,996.5,False
2016230N21089,2016,UNNAMED,AS,2016-08-20 06:00:00,24.8,77.3,46.3,994.0,Depression,,-0.9388427734375,0.07794189453125,997.2,False
2016230N21089,2016,UNNAMED,AS,2016-08-20 09:00:00,24.8,77.3,42.6,994.0,Depression,,-0.065185546875,2.498886108398437,996.1,False
2016230N21089,2016,UNNAMED,AS,2016-08-20 12:00:00,24.8,77.2,37.0,994.0,Depression,,-0.8062591552734375,3.834686279296875,996.2,False
2016230N21089,2016,UNNAMED,AS,2016-08-20 15:00:00,24.9,76.9,33.3,995.0,Depression,,-2.4515380859375,2.733642578125,998.0,False
2016230N21089,2016,UNNAMED,AS,2016-08-20 18:00:00,25.0,76.5,27.8,996.0,Low Pressure Area,,-2.5492095947265625,0.89373779296875,997.8,False
2016295N13089,2016,KYANT,BB,2016-10-21 00:00:00,13.5,88.5,46.3,1003.0,Depression,29.65,-4.72271728515625,-6.242446899414063,1001.5,True
2016295N13089,2016,KYANT,BB,2016-10-21 03:00:00,13.6,88.8,46.3,1003.0,Depression,29.65,-3.3209686279296875,1.5576019287109375,1004.0,True
2016295N13089,2016,KYANT,BB,2016-10-21 06:00:00,13.7,89.3,46.3,1003.0,Depression,29.61,-0.800628662109375,1.2506866455078125,1003.4,True
2016295N13089,2016,KYANT,BB,2016-10-21 09:00:00,13.8,89.6,46.3,1003.0,Depression,29.58,-3.95550537109375,0.606964111328125,1000.6,True
2016295N13089,2016,KYANT,BB,2016-10-21 12:00:00,13.9,89.8,46.3,1003.0,Depression,29.55,-4.558563232421875,-1.356689453125,1001.0,True
2016295N13089,2016,KYANT,BB,2016-10-21 15:00:00,13.9,89.9,46.3,1003.0,Depression,29.56,2.1371307373046875,-4.383026123046875,1003.2,True
2016295N13089,2016,KYANT,BB,2016-10-21 18:00:00,13.9,89.9,46.3,1003.0,Depression,29.56,5.6371612548828125,-1.9080657958984373,1003.3,True
2016295N13089,2016,KYANT,BB,2016-10-21 21:00:00,13.9,89.9,46.3,1003.0,Depression,29.56,7.650466918945312,2.198348999023437,1002.9,True
2016295N13089,2016,KYANT,BB,2016-10-22 00:00:00,13.9,90.1,46.3,1002.0,Depression,29.56,4.636032104492188,0.0596160888671875,1003.5,True
2016295N13089,2016,KYANT,BB,2016-10-22 03:00:00,14.1,90.7,46.3,1002.0,Depression,29.45,8.439468383789062,4.825210571289063,1005.4,True
2016295N13089,2016,KYANT,BB,2016-10-22 06:00:00,14.5,91.4,46.3,1002.0,Depression,29.44,5.9087982177734375,6.4764251708984375,1003.9,True
2016295N13089,2016,KYANT,BB,2016-10-22 09:00:00,14.8,91.8,46.3,1002.0,Depression,29.42,5.6536865234375,6.173507690429688,1001.7,True
2016295N13089,2016,KYANT,BB,2016-10-22 12:00:00,14.9,92.1,46.3,1002.0,Depression,29.47,3.364364624023437,4.225509643554688,1002.2,True
2016295N13089,2016,KYANT,BB,2016-10-22 15:00:00,15.1,92.3,46.3,1002.0,Depression,29.47,2.3001251220703125,6.2897491455078125,1004.0,True
2016295N13089,2016,KYANT,BB,2016-10-22 18:00:00,15.3,92.5,46.3,1002.0,Depression,29.47,1.601959228515625,6.3314208984375,1002.8,True
2016295N13089,2016,KYANT,BB,2016-10-22 21:00:00,15.4,92.6,46.3,1002.0,Depression,29.54,-1.4011688232421875,0.773529052734375,1001.3,True
2016295N13089,2016,KYANT,BB,2016-10-23 00:00:00,15.5,92.8,46.3,1002.0,Depression,29.47,-3.177520751953125,-0.101654052734375,1002.4,True
2016295N13089,2016,KYANT,BB,2016-10-23 03:00:00,15.6,92.8,55.6,1000.0,Deep Depression,29.47,-2.626953125,3.078598022460937,1004.0,True
2016295N13089,2016,KYANT,BB,2016-10-23 06:00:00,15.6,92.8,55.6,1000.0,Deep Depression,29.47,3.5209197998046875,-0.3001708984375,1002.2,True
2016295N13089,2016,KYANT,BB,2016-10-23 09:00:00,15.7,92.9,55.6,1000.0,Deep Depression,29.6,-0.07098388671875,-2.6222381591796875,1000.6,True
2016295N13089,2016,KYANT,BB,2016-10-23 12:00:00,15.8,93.0,55.6,1000.0,Deep Depression,29.6,5.375091552734375,-0.598968505859375,1001.0,True
2016295N13089,2016,KYANT,BB,2016-10-23 15:00:00,15.9,93.0,55.6,1000.0,Deep Depression,29.73,-0.649200439453125,-0.74432373046875,1003.1,True
2016295N13089,2016,KYANT,BB,2016-10-23 18:00:00,16.0,93.1,55.6,1000.0,Deep Depression,29.73,1.3712310791015625,0.2780303955078125,1002.1,True
2016295N13089,2016,KYANT,BB,2016-10-23 21:00:00,16.1,93.1,55.6,1000.0,Deep Depression,29.73,5.22735595703125,0.0557403564453125,1000.8,True
2016295N13089,2016,KYANT,BB,2016-10-24 00:00:00,16.3,93.1,55.6,1000.0,Deep Depression,29.5,0.562225341796875,-0.3459014892578125,1000.3,True
2016295N13089,2016,KYANT,BB,2016-10-24 03:00:00,16.3,93.1,55.6,1000.0,Deep Depression,29.5,-0.8448028564453125,0.2598114013671875,1002.3,True
2016295N13089,2016,KYANT,BB,2016-10-24 06:00:00,16.5,93.1,55.6,1000.0,Deep Depression,29.53,-1.8505706787109373,2.6471099853515625,1000.5,True
2016295N13089,2016,KYANT,BB,2016-10-24 09:00:00,16.7,92.8,55.6,1000.0,Deep Depression,29.47,-1.8737335205078125,0.6912078857421875,998.4,True
2016295N13089,2016,KYANT,BB,2016-10-24 12:00:00,16.7,92.5,55.6,1000.0,Deep Depression,29.5,-2.591033935546875,-2.138534545898437,998.8,True
2016295N13089,2016,KYANT,BB,2016-10-24 15:00:00,16.7,92.3,55.6,1000.0,Deep Depression,29.54,-4.2538909912109375,-4.096237182617188,1001.2,True
2016295N13089,2016,KYANT,BB,2016-10-24 18:00:00,16.7,92.2,55.6,1000.0,Deep Depression,29.54,-2.17022705078125,-2.8728179931640625,1000.4,True
2016295N13089,2016,KYANT,BB,2016-10-24 21:00:00,16.7,92.0,55.6,1000.0,Deep Depression,29.47,-3.35833740234375,-4.4805755615234375,999.2,True
2016295N13089,2016,KYANT,BB,2016-10-25 00:00:00,16.8,91.7,55.6,1000.0,Deep Depression,29.11,-3.069244384765625,-3.92071533203125,999.5,True
2016295N13089,2016,KYANT,BB,2016-10-25 03:00:00,16.8,91.4,64.8,998.0,Cyclonic Storm,29.13,-2.0159912109375,-5.435806274414063,1001.7,False
2016295N13089,2016,KYANT,BB,2016-10-25 06:00:00,16.8,91.1,64.8,998.0,Cyclonic Storm,29.28,-0.153961181640625,-8.670578002929688,1001.3,False
2016295N13089,2016,KYANT,BB,2016-10-25 09:00:00,16.7,90.8,64.8,998.0,Cyclonic Storm,29.35,1.10382080078125,-8.568023681640625,1000.5,False
2016295N13089,2016,KYANT,BB,2016-10-25 12:00:00,16.8,90.6,64.8,998.0,Cyclonic Storm,29.38,2.240966796875,-6.044845581054688,1000.7,False
2016295N13089,2016,KYANT,BB,2016-10-25 15:00:00,16.6,90.2,64.8,998.0,Cyclonic Storm,29.41,1.8836212158203125,-4.5076751708984375,1003.7,False
2016295N13089,2016,KYANT,BB,2016-10-25 18:00:00,16.6,89.8,64.8,998.0,Cyclonic Storm,29.39,2.0528717041015625,-1.924652099609375,1003.6,False
2016295N13089,2016,KYANT,BB,2016-10-25 21:00:00,16.4,89.5,64.8,997.0,Cyclonic Storm,29.33,4.0553131103515625,2.5020904541015625,1003.0,False
2016295N13089,2016,KYANT,BB,2016-10-26 00:00:00,16.4,89.0,74.1,996.0,Cyclonic Storm,28.94,-2.13714599609375,4.369674682617188,1003.7,False
2016295N13089,2016,KYANT,BB,2016-10-26 03:00:00,16.3,88.5,74.1,996.0,Cyclonic Storm,29.05,-1.4169769287109375,1.1147613525390625,1005.8,False
2016295N13089,2016,KYANT,BB,2016-10-26 06:00:00,16.3,87.9,74.1,996.0,Cyclonic Storm,29.32,0.1595916748046875,-1.9577789306640625,1004.9,False
2016295N13089,2016,KYANT,BB,2016-10-26 09:00:00,16.2,87.4,74.1,996.0,Cyclonic Storm,29.45,2.9907989501953125,-2.74310302734375,1003.7,False
2016295N13089,2016,KYANT,BB,2016-10-26 12:00:00,16.2,87.0,74.1,996.0,Cyclonic Storm,29.4,1.6212158203125,-2.008651733398437,1003.3,False
2016295N13089,2016,KYANT,BB,2016-10-26 15:00:00,16.1,86.6,74.1,997.0,Cyclonic Storm,29.29,1.36688232421875,-4.638839721679688,1005.9,False
2016295N13089,2016,KYANT,BB,2016-10-26 18:00:00,16.0,86.3,64.8,998.0,Cyclonic Storm,29.26,-2.331024169921875,1.235626220703125,1005.9,False
2016295N13089,2016,KYANT,BB,2016-10-26 21:00:00,15.9,85.8,55.6,1000.0,Deep Depression,29.11,1.017730712890625,2.7891387939453125,1005.2,True
2016295N13089,2016,KYANT,BB,2016-10-27 00:00:00,15.8,85.4,55.6,1002.0,Deep Depression,28.75,2.818695068359375,5.7860260009765625,1005.6,True
2016295N13089,2016,KYANT,BB,2016-10-27 03:00:00,15.7,84.8,55.6,1002.0,Deep Depression,28.95,-0.634368896484375,-1.6698150634765625,1008.0,True
2016295N13089,2016,KYANT,BB,2016-10-27 06:00:00,15.7,84.4,55.6,1003.0,Deep Depression,29.05,-2.009002685546875,-0.249114990234375,1007.5,True
2016295N13089,2016,KYANT,BB,2016-10-27 09:00:00,15.6,83.9,55.6,1004.0,Deep Depression,29.19,1.713836669921875,-1.6759490966796875,1005.2,True
2016295N13089,2016,KYANT,BB,2016-10-27 12:00:00,15.6,83.6,55.6,1004.0,Deep Depression,29.21,1.308868408203125,-1.5524749755859375,1005.5,True
2016295N13089,2016,KYANT,BB,2016-10-27 15:00:00,15.4,83.3,51.9,1004.0,Deep Depression,29.15,-1.1508941650390625,-1.200714111328125,1008.2,True
2016295N13089,2016,KYANT,BB,2016-10-27 18:00:00,15.3,83.0,46.3,1004.0,Depression,29.15,0.383209228515625,1.028656005859375,1007.8,True
2016295N13089,2016,KYANT,BB,2016-10-27 21:00:00,15.2,82.8,,,,29.09,-2.653076171875,-0.22100830078125,1006.7,True
2016295N13089,2016,KYANT,BB,2016-10-28 00:00:00,15.1,82.6,,,,29.09,-1.567230224609375,2.40966796875,1007.3,True
2016295N13089,2016,KYANT,BB,2016-10-28 03:00:00,15.0,82.4,,,,29.09,-2.70123291015625,4.791061401367188,1009.9,True
2016295N13089,2016,KYANT,BB,2016-10-28 06:00:00,14.9,82.1,,,,29.25,-4.538177490234375,2.332870483398437,1008.8,True
2016295N13089,2016,KYANT,BB,2016-10-28 09:00:00,14.8,81.9,,,,29.19,-5.3016357421875,1.0383148193359375,1006.6,True
2016295N13089,2016,KYANT,BB,2016-10-28 12:00:00,14.6,81.7,,,,29.16,-5.49609375,-0.4075927734375,1006.9,True
2016295N13089,2016,KYANT,BB,2016-10-28 15:00:00,14.4,81.5,,,,29.11,-6.529815673828125,-0.307708740234375,1009.3,True
2016295N13089,2016,KYANT,BB,2016-10-28 18:00:00,14.3,81.3,,,,29.03,-4.881881713867188,-0.9173736572265624,1009.2,True
2016295N13089,2016,KYANT,BB,2016-10-28 21:00:00,14.2,81.2,,,,29.03,-4.406753540039063,0.6461029052734375,1008.4,True
2016295N13089,2016,KYANT,BB,2016-10-29 00:00:00,14.2,81.2,,,,29.04,-3.241943359375,2.58831787109375,1008.4,True
2016295N13089,2016,KYANT,BB,2016-10-29 03:00:00,14.1,81.1,,,,28.97,0.4452972412109375,-0.7522125244140625,1010.5,True
2016295N13089,2016,KYANT,BB,2016-10-29 06:00:00,14.0,81.0,,,,28.97,0.8501434326171875,-2.8833160400390625,1010.1,True
2016308N13088,2016,UNNAMED,BB,2016-11-02 18:00:00,12.7,88.0,46.3,1004.0,Depression,29.01,-2.5559234619140625,5.393402099609375,1007.1,True
2016308N13088,2016,UNNAMED,BB,2016-11-02 21:00:00,12.8,87.5,46.3,1004.0,Depression,29.02,-1.3289947509765625,6.852706909179688,1005.2,True
2016308N13088,2016,UNNAMED,BB,2016-11-03 00:00:00,13.0,87.0,46.3,1004.0,Depression,28.89,-2.130157470703125,7.9231414794921875,1004.7,True
2016308N13088,2016,UNNAMED,BB,2016-11-03 03:00:00,13.4,86.5,46.3,1004.0,Depression,28.79,-5.561431884765625,8.119964599609375,1007.2,True
2016308N13088,2016,UNNAMED,BB,2016-11-03 06:00:00,13.7,86.0,46.3,1004.0,Depression,28.73,-6.8975677490234375,7.664443969726562,1005.9,True
2016308N13088,2016,UNNAMED,BB,2016-11-03 09:00:00,14.0,85.7,46.3,1004.0,Depression,28.69,-5.7117767333984375,9.809417724609377,1003.5,True
2016308N13088,2016,UNNAMED,BB,2016-11-03 12:00:00,14.2,85.5,46.3,1004.0,Depression,28.65,-3.1993560791015625,6.0815277099609375,1003.9,True
2016308N13088,2016,UNNAMED,BB,2016-11-03 15:00:00,14.4,85.2,46.3,1004.0,Depression,28.64,-4.96435546875,4.37725830078125,1005.5,True
2016308N13088,2016,UNNAMED,BB,2016-11-03 18:00:00,14.6,85.0,46.3,1004.0,Depression,28.65,-1.4750823974609375,4.483413696289063,1004.7,True
2016308N13088,2016,UNNAMED,BB,2016-11-03 21:00:00,15.0,84.9,46.3,1003.0,Depression,28.61,-5.127700805664063,5.852218627929688,1003.2,True
2016308N13088,2016,UNNAMED,BB,2016-11-04 00:00:00,15.5,84.8,46.3,1002.0,Depression,28.54,-3.9322357177734375,0.9091339111328124,1002.7,True
2016308N13088,2016,UNNAMED,BB,2016-11-04 03:00:00,16.0,84.7,46.3,1002.0,Depression,28.47,-3.705734252929688,0.8099822998046875,1004.3,True
2016308N13088,2016,UNNAMED,BB,2016-11-04 06:00:00,16.0,84.7,46.3,1000.0,Depression,28.47,-0.127349853515625,2.395477294921875,1002.6,True
2016308N13088,2016,UNNAMED,BB,2016-11-04 09:00:00,16.1,84.7,46.3,1000.0,Depression,28.47,3.3501129150390625,2.98468017578125,1000.3,True
2016308N13088,2016,UNNAMED,BB,2016-11-04 12:00:00,16.3,84.7,46.3,1000.0,Depression,28.48,3.55010986328125,-5.7882843017578125,1000.9,True
2016308N13088,2016,UNNAMED,BB,2016-11-04 15:00:00,16.6,84.8,46.3,1000.0,Depression,28.46,4.129974365234375,-8.44677734375,1002.9,True
2016308N13088,2016,UNNAMED,BB,2016-11-04 18:00:00,16.9,85.0,46.3,1000.0,Depression,28.55,5.08856201171875,-10.445358276367188,1002.3,True
2016308N13088,2016,UNNAMED,BB,2016-11-04 21:00:00,17.2,85.4,46.3,1000.0,Depression,28.73,5.9289398193359375,-7.677658081054687,1000.1,True
2016308N13088,2016,UNNAMED,BB,2016-11-05 00:00:00,17.7,86.0,46.3,1000.0,Depression,29.11,1.009552001953125,-5.913497924804688,1001.1,True
2016308N13088,2016,UNNAMED,BB,2016-11-05 03:00:00,18.3,87.0,46.3,1000.0,Depression,28.88,-1.4076690673828125,-1.97760009765625,1003.8,True
2016308N13088,2016,UNNAMED,BB,2016-11-05 06:00:00,18.5,87.0,46.3,1000.0,Depression,28.88,-0.7335052490234375,-8.88848876953125,1002.9,True
2016308N13088,2016,UNNAMED,BB,2016-11-05 09:00:00,18.7,87.7,46.3,1000.0,Depression,28.88,0.9598388671875,-10.462677001953123,1000.3,True
2016308N13088,2016,UNNAMED,BB,2016-11-05 12:00:00,19.0,88.7,46.3,1000.0,Depression,28.74,-2.06500244140625,-0.9688720703125,1002.2,True
2016308N13088,2016,UNNAMED,BB,2016-11-05 15:00:00,19.2,89.1,46.3,1000.0,Depression,28.7,-1.2314453125,1.83502197265625,1003.6,True
2016308N13088,2016,UNNAMED,BB,2016-11-05 18:00:00,19.5,89.5,46.3,1000.0,Depression,28.81,-0.30499267578125,4.540435791015625,1002.8,True
2016308N13088,2016,UNNAMED,BB,2016-11-05 21:00:00,20.0,90.3,46.3,1000.0,Depression,28.87,0.182769775390625,7.751296997070312,1002.1,True
2016308N13088,2016,UNNAMED,BB,2016-11-06 00:00:00,20.5,91.0,46.3,1000.0,Depression,29.05,-0.99884033203125,9.113510131835938,1003.4,True
2016308N13088,2016,UNNAMED,BB,2016-11-06 03:00:00,21.0,91.5,46.3,1000.0,Depression,29.27,-3.881393432617188,9.550003051757812,1006.5,True
2016308N13088,2016,UNNAMED,BB,2016-11-06 06:00:00,21.5,91.8,46.3,1002.0,Depression,29.28,-3.9909515380859375,9.081954956054688,1005.6,True
2016308N13088,2016,UNNAMED,BB,2016-11-06 09:00:00,21.6,91.9,46.3,1003.0,Depression,29.33,-3.0059356689453125,5.302291870117188,1004.6,True
2016335N07088,2016,NADA,BB,2016-11-29 12:00:00,6.8,87.7,46.3,1004.0,Depression,28.8,5.029296875,4.3513031005859375,1005.7,True
2016335N07088,2016,NADA,BB,2016-11-29 15:00:00,7.2,87.3,46.3,1004.0,Depression,28.83,2.1248931884765625,-0.5741119384765625,1007.3,True
2016335N07088,2016,NADA,BB,2016-11-29 18:00:00,7.5,86.8,46.3,1003.0,Depression,28.83,0.0714263916015625,-3.6138916015625,1007.4,True
2016335N07088,2016,NADA,BB,2016-11-29 21:00:00,7.8,86.3,51.9,1003.0,Deep Depression,28.75,4.8995361328125,1.72747802734375,1005.1,True
2016335N07088,2016,NADA,BB,2016-11-30 00:00:00,8.2,85.9,55.6,1002.0,Deep Depression,28.62,-1.3914947509765625,5.67230224609375,1003.3,True
2016335N07088,2016,NADA,BB,2016-11-30 03:00:00,8.6,85.3,64.8,1002.0,Cyclonic Storm,28.57,3.498519897460937,-0.6382293701171875,1004.9,False
2016335N07088,2016,NADA,BB,2016-11-30 06:00:00,9.0,84.9,64.8,1002.0,Cyclonic Storm,28.65,3.880126953125,6.1622314453125,1003.8,False
2016335N07088,2016,NADA,BB,2016-11-30 09:00:00,9.6,84.3,64.8,1002.0,Cyclonic Storm,28.67,-7.6364593505859375,-5.638702392578125,1001.0,False
2016335N07088,2016,NADA,BB,2016-11-30 12:00:00,9.8,83.9,74.1,1000.0,Cyclonic Storm,28.61,-7.21240234375,0.5638580322265625,1000.2,False
2016335N07088,2016,NADA,BB,2016-11-30 15:00:00,10.0,83.4,74.1,1000.0,Cyclonic Storm,28.49,-6.94976806640625,-4.499435424804688,1002.9,False
2016335N07088,2016,NADA,BB,2016-11-30 18:00:00,10.3,83.0,74.1,1000.0,Cyclonic Storm,28.38,-7.78912353515625,-8.725234985351562,1002.7,False
2016335N07088,2016,NADA,BB,2016-11-30 21:00:00,10.3,82.2,74.1,1000.0,Cyclonic Storm,28.23,-4.14361572265625,-11.648757934570312,1001.6,False
2016335N07088,2016,NADA,BB,2016-12-01 00:00:00,10.4,82.0,64.8,1000.0,Cyclonic Storm,27.96,-9.803497314453123,-5.2027130126953125,1001.7,False
2016335N07088,2016,NADA,BB,2016-12-01 03:00:00,10.4,81.7,55.6,1001.0,Deep Depression,27.91,-9.736495971679688,-4.0980987548828125,1004.0,True
2016335N07088,2016,NADA,BB,2016-12-01 06:00:00,10.5,81.3,55.6,1003.0,Deep Depression,27.87,-4.86700439453125,-8.632797241210938,1003.9,True
2016335N07088,2016,NADA,BB,2016-12-01 09:00:00,10.6,80.9,55.6,1004.0,Deep Depression,27.85,-2.586669921875,-6.60626220703125,1001.7,True
2016335N07088,2016,NADA,BB,2016-12-01 12:00:00,10.8,80.6,55.6,1004.0,Deep Depression,27.75,-2.4384765625,-8.768600463867188,1004.5,True
2016335N07088,2016,NADA,BB,2016-12-01 15:00:00,10.8,80.4,51.9,1005.0,Deep Depression,27.75,-2.4270172119140625,-3.139678955078125,1006.8,True
2016335N07088,2016,NADA,BB,2016-12-01 18:00:00,10.8,80.1,46.3,1006.0,Depression,27.63,2.1163330078125,-6.226364135742188,1008.1,True
2016335N07088,2016,NADA,BB,2016-12-01 21:00:00,10.8,79.9,46.3,1006.0,Depression,27.63,0.1387939453125,1.089019775390625,1006.8,True
2016335N07088,2016,NADA,BB,2016-12-02 00:00:00,10.9,79.6,46.3,1006.0,Depression,,0.1211700439453125,-3.295654296875,1008.3,False
2016335N07088,2016,NADA,BB,2016-12-02 03:00:00,11.0,79.3,,,,,1.1180572509765625,-3.759933471679688,1011.1,False
2016335N07088,2016,NADA,BB,2016-12-02 06:00:00,11.0,78.9,,,,,0.76776123046875,-3.0594940185546875,1010.6,False
2016341N08092,2016,VARDAH,BB,2016-12-06 06:00:00,7.8,91.7,,,,28.54,7.692901611328125,1.3723907470703125,1005.5,True
2016341N08092,2016,VARDAH,BB,2016-12-06 09:00:00,8.2,91.3,46.3,1002.0,Depression,28.63,9.919525146484377,-2.6614227294921875,1002.5,True
2016341N08092,2016,VARDAH,BB,2016-12-06 12:00:00,8.4,91.0,46.3,1002.0,Depression,28.56,8.116226196289062,-7.537521362304687,1003.8,True
2016341N08092,2016,VARDAH,BB,2016-12-06 15:00:00,8.7,91.0,46.3,1002.0,Depression,28.51,1.808685302734375,-9.235458374023438,1005.4,True
2016341N08092,2016,VARDAH,BB,2016-12-06 18:00:00,9.1,91.0,46.3,1002.0,Depression,28.5,1.696136474609375,-7.5303955078125,1004.6,True
2016341N08092,2016,VARDAH,BB,2016-12-06 21:00:00,9.4,91.0,46.3,1002.0,Depression,28.55,-0.8491668701171875,-3.632965087890625,1002.5,True
2016341N08092,2016,VARDAH,BB,2016-12-07 00:00:00,9.6,91.0,46.3,1002.0,Depression,28.48,3.371810913085937,-5.1311798095703125,1003.1,True
2016341N08092,2016,VARDAH,BB,2016-12-07 03:00:00,9.8,91.1,46.3,1002.0,Depression,28.49,0.6111602783203125,-5.048095703125,1004.3,True
2016341N08092,2016,VARDAH,BB,2016-12-07 06:00:00,9.9,91.2,46.3,1002.0,Depression,28.47,-2.8217315673828125,0.879913330078125,1002.1,True
2016341N08092,2016,VARDAH,BB,2016-12-07 09:00:00,10.1,91.2,46.3,1002.0,Depression,28.47,-1.139312744140625,2.719757080078125,999.8,True
2016341N08092,2016,VARDAH,BB,2016-12-07 12:00:00,10.3,91.3,46.3,1002.0,Depression,28.45,-0.167755126953125,-7.016815185546875,1001.3,True
2016341N08092,2016,VARDAH,BB,2016-12-07 15:00:00,10.5,91.3,51.9,1001.0,Deep Depression,28.48,-2.8133087158203125,-6.6104583740234375,1002.9,True
2016341N08092,2016,VARDAH,BB,2016-12-07 18:00:00,10.8,91.3,55.6,1000.0,Deep Depression,28.52,-4.1319427490234375,-7.3974456787109375,1001.6,True
2016341N08092,2016,VARDAH,BB,2016-12-07 21:00:00,11.0,91.3,61.1,999.0,Deep Depression,28.55,-4.980392456054688,-9.194625854492188,999.9,True
2016341N08092,2016,VARDAH,BB,2016-12-08 00:00:00,11.1,91.3,64.8,998.0,Cyclonic Storm,28.67,-1.6063385009765625,-7.347991943359375,999.5,False
2016341N08092,2016,VARDAH,BB,2016-12-08 03:00:00,11.3,91.3,64.8,998.0,Cyclonic Storm,28.65,-3.357330322265625,-6.47039794921875,1000.8,False
2016341N08092,2016,VARDAH,BB,2016-12-08 06:00:00,11.4,91.3,64.8,998.0,Cyclonic Storm,28.63,-9.88092041015625,-7.2055511474609375,999.2,False
2016341N08092,2016,VARDAH,BB,2016-12-08 09:00:00,11.4,91.2,64.8,998.0,Cyclonic Storm,28.63,-6.1560821533203125,-8.192001342773438,995.9,False
2016341N08092,2016,VARDAH,BB,2016-12-08 12:00:00,11.4,91.2,74.1,997.0,Cyclonic Storm,28.63,-9.178070068359377,-1.2791595458984375,996.4,False
2016341N08092,2016,VARDAH,BB,2016-12-08 15:00:00,11.5,91.1,74.1,997.0,Cyclonic Storm,28.62,-12.8875732421875,-4.249771118164063,997.6,False
2016341N08092,2016,VARDAH,BB,2016-12-08 18:00:00,11.6,91.0,74.1,997.0,Cyclonic Storm,28.62,-12.243179321289062,-3.991973876953125,996.8,False
2016341N08092,2016,VARDAH,BB,2016-12-08 21:00:00,11.7,90.9,74.1,997.0,Cyclonic Storm,28.59,-14.739334106445312,-4.51678466796875,996.2,False
2016341N08092,2016,VARDAH,BB,2016-12-09 00:00:00,11.8,90.7,83.3,996.0,Cyclonic Storm,28.66,-7.088470458984375,-8.970657348632812,998.0,False
2016341N08092,2016,VARDAH,BB,2016-12-09 03:00:00,11.9,90.6,83.3,996.0,Cyclonic Storm,28.61,-4.6559600830078125,-11.755386352539062,1000.7,False
2016341N08092,2016,VARDAH,BB,2016-12-09 06:00:00,12.0,90.5,83.3,996.0,Cyclonic Storm,28.61,0.0423736572265625,-8.845993041992188,996.7,False
2016341N08092,2016,VARDAH,BB,2016-12-09 09:00:00,12.1,90.3,83.3,996.0,Cyclonic Storm,28.55,2.3465728759765625,-10.391754150390623,994.7,False
2016341N08092,2016,VARDAH,BB,2016-12-09 12:00:00,12.2,90.0,83.3,996.0,Cyclonic Storm,28.49,0.5359039306640625,-4.0533294677734375,993.6,False
2016341N08092,2016,VARDAH,BB,2016-12-09 15:00:00,12.2,89.7,83.3,994.0,Cyclonic Storm,28.51,-0.310211181640625,-0.8190765380859375,995.4,False
2016341N08092,2016,VARDAH,BB,2016-12-09 18:00:00,12.3,89.4,92.6,992.0,Severe Cyclonic Storm,28.53,0.1958770751953125,7.695098876953125,995.3,False
2016341N08092,2016,VARDAH,BB,2016-12-09 21:00:00,12.5,88.8,101.9,990.0,Severe Cyclonic Storm,28.44,0.3114471435546875,-5.84246826171875,992.4,False
2016341N08092,2016,VARDAH,BB,2016-12-10 00:00:00,12.6,88.3,101.9,990.0,Severe Cyclonic Storm,28.26,10.090606689453123,-2.5088043212890625,991.8,False
2016341N08092,2016,VARDAH,BB,2016-12-10 03:00:00,12.7,87.8,101.9,990.0,Severe Cyclonic Storm,28.29,2.0937652587890625,-2.655914306640625,990.2,False
2016341N08092,2016,VARDAH,BB,2016-12-10 06:00:00,12.9,87.3,101.9,990.0,Severe Cyclonic Storm,28.33,1.92218017578125,-3.024749755859375,988.9,False
2016341N08092,2016,VARDAH,BB,2016-12-10 09:00:00,13.0,86.7,111.1,988.0,Severe Cyclonic Storm,28.33,9.545928955078123,-1.588287353515625,987.1,False
2016341N08092,2016,VARDAH,BB,2016-12-10 12:00:00,13.0,86.4,120.4,984.0,Very Severe Cyclonic Storm,28.35,3.4311676025390625,6.4998626708984375,988.6,False
2016341N08092,2016,VARDAH,BB,2016-12-10 15:00:00,13.1,85.9,120.4,984.0,Very Severe Cyclonic Storm,28.43,-7.4179534912109375,5.758880615234375,989.0,False
2016341N08092,2016,VARDAH,BB,2016-12-10 18:00:00,13.1,85.4,120.4,984.0,Very Severe Cyclonic Storm,28.42,-12.52996826171875,-0.896026611328125,988.1,False
2016341N08092,2016,VARDAH,BB,2016-12-10 21:00:00,13.0,85.1,120.4,982.0,Very Severe Cyclonic Storm,28.42,-9.349044799804688,-7.0931243896484375,987.8,False
2016341N08092,2016,VARDAH,BB,2016-12-11 00:00:00,13.1,84.8,129.6,980.0,Very Severe Cyclonic Storm,27.9,-10.849258422851562,-1.5971221923828125,988.1,False
2016341N08092,2016,VARDAH,BB,2016-12-11 03:00:00,13.0,84.4,129.6,980.0,Very Severe Cyclonic Storm,27.93,-8.619461059570312,2.7097930908203125,989.8,False
2016341N08092,2016,VARDAH,BB,2016-12-11 06:00:00,13.1,83.8,129.6,980.0,Very Severe Cyclonic Storm,28.01,-8.7515869140625,-11.152923583984377,988.5,False
2016341N08092,2016,VARDAH,BB,2016-12-11 09:00:00,13.1,83.4,129.6,980.0,Very Severe Cyclonic Storm,28.03,-6.1996002197265625,-9.072662353515623,987.0,False
2016341N08092,2016,VARDAH,BB,2016-12-11 12:00:00,13.2,83.2,129.6,980.0,Very Severe Cyclonic Storm,28.11,-7.604080200195312,-2.1567840576171875,986.6,False
2016341N08092,2016,VARDAH,BB,2016-12-11 15:00:00,13.2,82.7,129.6,980.0,Very Severe Cyclonic Storm,28.12,-6.674575805664063,-6.644302368164063,988.9,False
2016341N08092,2016,VARDAH,BB,2016-12-11 18:00:00,13.1,82.4,129.6,980.0,Very Severe Cyclonic Storm,28.09,-1.5519866943359375,-1.273834228515625,987.4,False
2016341N08092,2016,VARDAH,BB,2016-12-11 21:00:00,13.2,82.0,129.6,978.0,Very Severe Cyclonic Storm,28.01,-9.707901000976562,-10.4366455078125,987.3,False
2016341N08092,2016,VARDAH,BB,2016-12-12 00:00:00,13.2,81.7,129.6,975.0,Very Severe Cyclonic Storm,27.61,-1.4456939697265625,-4.345733642578125,982.9,False
2016341N08092,2016,VARDAH,BB,2016-12-12 03:00:00,13.2,81.3,129.6,975.0,Very Severe Cyclonic Storm,27.43,3.870162963867188,-3.147369384765625,984.8,False
2016341N08092,2016,VARDAH,BB,2016-12-12 06:00:00,13.2,80.8,129.6,975.0,Very Severe Cyclonic Storm,27.33,-0.5381622314453125,-6.769577026367188,984.5,False
2016341N08092,2016,VARDAH,BB,2016-12-12 09:00:00,13.2,80.3,111.1,975.0,Severe Cyclonic Storm,,0.591461181640625,-10.505722045898438,987.0,False
2016341N08092,2016,VARDAH,BB,2016-12-12 12:00:00,13.1,79.9,92.6,984.0,Severe Cyclonic Storm,,1.6701202392578125,-3.268402099609375,989.9,False
2016341N08092,2016,VARDAH,BB,2016-12-12 15:00:00,13.1,79.4,74.1,994.0,Cyclonic Storm,,-3.22222900390625,-6.667877197265625,997.1,False
2016341N08092,2016,VARDAH,BB,2016-12-12 18:00:00,13.0,78.9,55.6,1002.0,Deep Depression,,-5.9250335693359375,-6.356124877929688,1001.8,False
2016341N08092,2016,VARDAH,BB,2016-12-12 21:00:00,13.0,78.4,46.3,1003.0,Depression,,-5.71673583984375,-5.2078399658203125,1003.2,False
2016341N08092,2016,VARDAH,AS,2016-12-13 00:00:00,13.0,77.8,37.0,1003.0,Depression,,-2.094390869140625,-6.413619995117188,1005.5,False
2016341N08092,2016,VARDAH,AS,2016-12-13 03:00:00,13.0,77.4,,,,,-3.511871337890625,-4.273971557617188,1008.8,False
2016341N08092,2016,VARDAH,AS,2016-12-13 06:00:00,13.0,77.0,,,,,-3.0523834228515625,-3.11737060546875,1009.6,False
2016341N08092,2016,VARDAH,AS,2016-12-13 09:00:00,13.0,76.5,,,,,-2.4486236572265625,-1.4722137451171875,1007.9,False
2016341N08092,2016,VARDAH,AS,2016-12-13 12:00:00,13.1,76.0,,,,,-1.1470489501953125,0.224456787109375,1008.9,False
2016341N08092,2016,VARDAH,AS,2016-12-13 15:00:00,13.2,75.6,,,,,-1.403533935546875,-0.2141876220703125,1010.8,False
2016341N08092,2016,VARDAH,AS,2016-12-13 18:00:00,13.2,75.1,,,,,-1.3916778564453125,0.7078704833984375,1009.5,False
2016341N08092,2016,VARDAH,AS,2016-12-13 21:00:00,13.2,74.5,,,,28.6,-2.63232421875,3.3746337890625,1007.3,True
2016341N08092,2016,VARDAH,AS,2016-12-14 00:00:00,13.2,74.0,,,,28.8,-4.093292236328125,3.91290283203125,1007.2,True
2016341N08092,2016,VARDAH,AS,2016-12-14 03:00:00,13.2,73.6,,,,28.71,-3.582794189453125,1.9951934814453125,1009.1,True
2016341N08092,2016,VARDAH,AS,2016-12-14 06:00:00,13.1,73.2,,,,28.74,-0.987274169921875,0.0936279296875,1009.7,True
2016341N08092,2016,VARDAH,AS,2016-12-14 09:00:00,13.0,72.9,,,,28.75,-0.619232177734375,0.6361846923828125,1007.4,True
2016341N08092,2016,VARDAH,AS,2016-12-14 12:00:00,12.9,72.6,,,,28.76,-0.135711669921875,1.2950897216796875,1007.1,True
2016341N08092,2016,VARDAH,AS,2016-12-14 15:00:00,12.8,72.2,,,,28.82,1.1092071533203125,1.0484619140625,1009.2,True
2016341N08092,2016,VARDAH,AS,2016-12-14 18:00:00,12.6,71.8,,,,28.78,0.80877685546875,0.25634765625,1009.5,True
2016341N08092,2016,VARDAH,AS,2016-12-14 21:00:00,12.4,71.4,,,,28.73,-0.8521575927734375,1.9336090087890625,1008.1,True
2016341N08092,2016,VARDAH,AS,2016-12-15 00:00:00,12.2,71.0,,,,28.5,-1.529327392578125,1.2022552490234375,1007.5,True
2016341N08092,2016,VARDAH,AS,2016-12-15 03:00:00,12.0,70.6,,,,28.49,0.72808837890625,-0.1029052734375,1009.9,True
2016341N08092,2016,VARDAH,AS,2016-12-15 06:00:00,11.8,70.2,,,,28.46,1.5167388916015625,0.4049835205078125,1010.9,True
2016341N08092,2016,VARDAH,AS,2016-12-15 09:00:00,11.6,69.9,,,,28.42,2.6714019775390625,0.983612060546875,1007.8,True
2016341N08092,2016,VARDAH,AS,2016-12-15 12:00:00,11.4,69.5,,,,28.28,-0.218902587890625,-0.425872802734375,1007.6,True
2016341N08092,2016,VARDAH,AS,2016-12-15 15:00:00,11.2,69.0,,,,28.24,-2.182861328125,-0.2447509765625,1009.5,True
2016341N08092,2016,VARDAH,AS,2016-12-15 18:00:00,11.1,68.5,,,,28.2,-1.271270751953125,0.8818817138671875,1009.6,True
2016341N08092,2016,VARDAH,AS,2016-12-15 21:00:00,11.1,68.0,,,,28.08,-0.1802825927734375,-0.680145263671875,1008.0,True
2016341N08092,2016,VARDAH,AS,2016-12-16 00:00:00,11.2,67.5,,,,27.99,-2.150421142578125,1.5505828857421875,1007.3,True
2016341N08092,2016,VARDAH,AS,2016-12-16 03:00:00,11.2,66.9,,,,27.98,-1.02288818359375,0.3881378173828125,1009.2,True
2016341N08092,2016,VARDAH,AS,2016-12-16 06:00:00,11.2,66.4,,,,27.94,3.0400390625,-3.664764404296875,1009.9,True
2016341N08092,2016,VARDAH,AS,2016-12-16 09:00:00,11.2,65.9,,,,27.81,4.5735931396484375,-2.7386016845703125,1008.3,True
2016341N08092,2016,VARDAH,AS,2016-12-16 12:00:00,11.2,65.4,,,,27.78,5.131622314453125,-0.0614013671875,1008.0,True
2016341N08092,2016,VARDAH,AS,2016-12-16 15:00:00,11.2,64.9,,,,27.91,2.3095855712890625,-1.7429962158203125,1009.9,True
2016341N08092,2016,VARDAH,AS,2016-12-16 18:00:00,11.1,64.2,,,,27.91,0.89453125,-2.4857940673828125,1010.9,True
2016341N08092,2016,VARDAH,AS,2016-12-16 21:00:00,11.0,63.1,46.3,998.0,Depression,27.42,-2.2591094970703125,-4.864410400390625,1009.3,True
2016341N08092,2016,VARDAH,AS,2016-12-17 00:00:00,11.1,62.1,46.3,998.0,Depression,27.42,-1.8814849853515625,-6.195770263671875,1008.8,True
2016341N08092,2016,VARDAH,AS,2016-12-17 03:00:00,11.2,61.4,46.3,,Depression,27.35,-8.2911376953125,-8.1427001953125,1009.5,True
2016341N08092,2016,VARDAH,AS,2016-12-17 06:00:00,11.0,60.8,46.3,998.0,Depression,27.43,-5.661468505859375,-7.916015625,1010.6,True
2016341N08092,2016,VARDAH,AS,2016-12-17 09:00:00,10.8,60.3,46.3,,Depression,27.34,-1.977752685546875,-9.169586181640623,1007.9,True
2016341N08092,2016,VARDAH,AS,2016-12-17 12:00:00,10.6,59.8,46.3,998.0,Depression,27.3,-1.92303466796875,-4.31195068359375,1006.9,True
2016341N08092,2016,VARDAH,AS,2016-12-17 15:00:00,10.2,59.1,46.3,,Depression,27.51,-0.790069580078125,-2.795806884765625,1008.8,True
2016341N08092,2016,VARDAH,AS,2016-12-17 18:00:00,9.8,58.3,46.3,996.0,Depression,27.47,1.141082763671875,-6.6786041259765625,1009.7,True
2016341N08092,2016,VARDAH,AS,2016-12-17 21:00:00,9.5,57.4,37.0,994.0,Depression,27.27,-0.996795654296875,-5.505767822265625,1008.8,True
2016341N08092,2016,VARDAH,AS,2016-12-18 00:00:00,9.4,56.8,,,,26.85,-1.8802490234375,-3.620193481445313,1008.0,True
2016341N08092,2016,VARDAH,AS,2016-12-18 03:00:00,9.3,56.1,,,,26.91,-4.116363525390625,-4.199462890625,1008.8,True
2016341N08092,2016,VARDAH,AS,2016-12-18 06:00:00,9.3,55.4,,,,26.93,-7.4067230224609375,0.2063751220703125,1009.9,True
2016341N08092,2016,VARDAH,AS,2016-12-18 09:00:00,9.3,54.6,,,,27.02,-7.80474853515625,-5.076629638671875,1008.7,True
2016341N08092,2016,VARDAH,AS,2016-12-18 12:00:00,9.3,53.7,,,,26.86,-7.3652496337890625,-3.119171142578125,1007.4,True
2016341N08092,2016,VARDAH,AS,2016-12-18 15:00:00,9.3,52.9,,,,26.81,-6.2409515380859375,-2.860824584960937,1008.9,True
2016341N08092,2016,VARDAH,AS,2016-12-18 18:00:00,9.2,52.1,,,,26.79,-6.33367919921875,-9.808319091796877,1010.4,True
2016341N08092,2016,VARDAH,AS,2016-12-18 21:00:00,9.1,51.5,,,,26.9,-4.771392822265625,-6.1017913818359375,1009.9,True
2016341N08092,2016,VARDAH,AS,2016-12-19 00:00:00,8.9,51.0,,,,26.94,-7.949859619140625,-2.247589111328125,1009.8,True
2017104N08085,2017,MAARUTHA,BB,2017-04-14 00:00:00,8.2,85.3,,,,30.36,4.9827423095703125,-1.5661773681640625,1006.9,True
2017104N08085,2017,MAARUTHA,BB,2017-04-14 03:00:00,8.8,85.7,,,,30.51,4.4136962890625,0.176239013671875,1008.7,True
2017104N08085,2017,MAARUTHA,BB,2017-04-14 06:00:00,9.4,86.1,,,,30.57,0.3875732421875,-0.237091064453125,1007.5,True
2017104N08085,2017,MAARUTHA,BB,2017-04-14 09:00:00,10.0,86.5,,,,30.37,2.499496459960937,-0.720672607421875,1004.5,True
2017104N08085,2017,MAARUTHA,BB,2017-04-14 12:00:00,10.5,86.9,,,,30.25,-1.2968902587890625,0.7884979248046875,1003.7,True
2017104N08085,2017,MAARUTHA,BB,2017-04-14 15:00:00,10.9,87.3,,,,30.22,-1.4269866943359375,3.223388671875,1005.1,True
2017104N08085,2017,MAARUTHA,BB,2017-04-14 18:00:00,11.3,87.6,,,,30.22,-0.607666015625,5.249557495117188,1005.0,True
2017104N08085,2017,MAARUTHA,BB,2017-04-14 21:00:00,11.8,88.0,,,,30.13,1.6048583984375,4.5452728271484375,1002.2,True
2017104N08085,2017,MAARUTHA,BB,2017-04-15 00:00:00,12.2,88.3,46.3,1001.0,Depression,29.03,2.7663726806640625,-6.55743408203125,1002.0,True
2017104N08085,2017,MAARUTHA,BB,2017-04-15 03:00:00,12.7,88.7,46.3,1001.0,Depression,28.81,5.731903076171875,-6.9642486572265625,1002.5,True
2017104N08085,2017,MAARUTHA,BB,2017-04-15 06:00:00,13.3,89.2,46.3,1000.0,Depression,28.68,11.879074096679688,-1.514923095703125,999.8,True
2017104N08085,2017,MAARUTHA,BB,2017-04-15 09:00:00,13.8,89.7,55.6,999.0,Deep Depression,28.69,6.2340087890625,5.681304931640625,996.0,True
2017104N08085,2017,MAARUTHA,BB,2017-04-15 12:00:00,14.3,90.2,55.6,999.0,Deep Depression,28.68,2.033782958984375,7.8730010986328125,997.8,True
2017104N08085,2017,MAARUTHA,BB,2017-04-15 15:00:00,14.7,90.7,61.1,999.0,Deep Depression,28.66,1.475860595703125,11.384902954101562,998.6,True
2017104N08085,2017,MAARUTHA,BB,2017-04-15 18:00:00,15.1,91.1,64.8,998.0,Cyclonic Storm,28.62,7.52301025390625,6.6671295166015625,997.6,False
2017104N08085,2017,MAARUTHA,BB,2017-04-15 21:00:00,15.4,91.3,74.1,996.0,Cyclonic Storm,28.49,7.139129638671875,1.724334716796875,995.3,False
2017104N08085,2017,MAARUTHA,BB,2017-04-16 00:00:00,16.0,92.0,74.1,996.0,Cyclonic Storm,27.91,8.091781616210938,11.561538696289062,995.6,False
2017104N08085,2017,MAARUTHA,BB,2017-04-16 03:00:00,16.6,92.5,74.1,996.0,Cyclonic Storm,27.77,5.572174072265625,10.099044799804688,996.8,False
2017104N08085,2017,MAARUTHA,BB,2017-04-16 06:00:00,17.2,92.9,74.1,996.0,Cyclonic Storm,27.74,-4.7464141845703125,13.489349365234377,996.8,False
2017104N08085,2017,MAARUTHA,BB,2017-04-16 09:00:00,17.7,93.2,74.1,996.0,Cyclonic Storm,27.94,-3.5145721435546875,9.142333984375,994.6,False
2017104N08085,2017,MAARUTHA,BB,2017-04-16 12:00:00,18.1,93.6,74.1,996.0,Cyclonic Storm,28.1,-2.319061279296875,-0.985321044921875,996.9,False
2017104N08085,2017,MAARUTHA,BB,2017-04-16 15:00:00,18.5,93.9,74.1,996.0,Cyclonic Storm,28.31,-0.4608306884765625,-1.229156494140625,1000.1,False
2017104N08085,2017,MAARUTHA,BB,2017-04-16 18:00:00,18.8,94.3,74.1,996.0,Cyclonic Storm,,1.6671295166015625,-2.659820556640625,1002.2,False
2017104N08085,2017,MAARUTHA,BB,2017-04-16 21:00:00,19.3,94.8,55.6,1000.0,Deep Depression,,3.7411041259765625,-3.94146728515625,1003.2,False
2017104N08085,2017,MAARUTHA,BB,2017-04-17 00:00:00,19.8,95.4,37.0,1002.0,Depression,,3.7592926025390634,1.8489227294921875,1005.2,False
2017147N14087,2017,MORA,BB,2017-05-27 06:00:00,13.9,87.4,,,,30.54,4.595733642578125,-3.170379638671875,1000.5,True
2017147N14087,2017,MORA,BB,2017-05-27 09:00:00,13.8,87.9,,,,30.44,4.4560546875,-2.179840087890625,998.0,True
2017147N14087,2017,MORA,BB,2017-05-27 12:00:00,13.8,88.4,,,,30.42,1.7685394287109375,-6.350753784179688,997.2,True
2017147N14087,2017,MORA,BB,2017-05-27 15:00:00,13.8,88.8,,,,30.47,3.324371337890625,-4.8081817626953125,999.5,True
2017147N14087,2017,MORA,BB,2017-05-27 18:00:00,13.9,89.2,,,,30.66,2.82183837890625,-1.624298095703125,998.8,True
2017147N14087,2017,MORA,BB,2017-05-27 21:00:00,14.0,89.6,,,,30.7,5.9005126953125,-0.79547119140625,997.1,True
2017147N14087,2017,MORA,BB,2017-05-28 00:00:00,14.2,89.7,46.3,998.0,Depression,30.37,0.6038665771484375,-1.2838592529296875,997.2,True
2017147N14087,2017,MORA,BB,2017-05-28 03:00:00,14.7,90.1,46.3,998.0,Depression,30.28,-0.485748291015625,1.721221923828125,997.9,True
2017147N14087,2017,MORA,BB,2017-05-28 06:00:00,15.1,90.5,46.3,997.0,Depression,30.16,1.338836669921875,0.3096923828125,997.0,True
2017147N14087,2017,MORA,BB,2017-05-28 09:00:00,15.5,90.7,55.6,996.0,Deep Depression,30.24,1.156036376953125,-0.7978973388671875,995.2,True
2017147N14087,2017,MORA,BB,2017-05-28 12:00:00,15.8,90.9,55.6,995.0,Deep Depression,30.33,0.735107421875,-0.4693450927734375,994.8,True
2017147N14087,2017,MORA,BB,2017-05-28 15:00:00,16.0,91.0,64.8,994.0,Cyclonic Storm,30.39,1.841033935546875,1.5828857421875,995.8,False
2017147N14087,2017,MORA,BB,2017-05-28 18:00:00,16.3,91.1,64.8,994.0,Cyclonic Storm,30.43,3.2798004150390625,0.535400390625,995.1,False
2017147N14087,2017,MORA,BB,2017-05-28 21:00:00,16.6,91.2,74.1,992.0,Cyclonic Storm,30.52,6.3646392822265625,-0.5261383056640625,993.1,False
2017147N14087,2017,MORA,BB,2017-05-29 00:00:00,17.0,91.3,83.3,990.0,Cyclonic Storm,30.48,2.365936279296875,1.9459381103515625,991.5,False
2017147N14087,2017,MORA,BB,2017-05-29 03:00:00,17.3,91.3,83.3,990.0,Cyclonic Storm,30.55,1.8146514892578125,1.6147613525390625,991.9,False
2017147N14087,2017,MORA,BB,2017-05-29 06:00:00,17.8,91.5,83.3,988.0,Cyclonic Storm,30.63,-0.377166748046875,2.0167236328125,991.0,False
2017147N14087,2017,MORA,BB,2017-05-29 09:00:00,18.2,91.6,83.3,986.0,Cyclonic Storm,30.9,3.6522216796875,-0.72308349609375,988.9,False
2017147N14087,2017,MORA,BB,2017-05-29 12:00:00,18.7,91.6,92.6,984.0,Severe Cyclonic Storm,31.16,1.2088165283203125,2.7503814697265625,987.1,False
2017147N14087,2017,MORA,BB,2017-05-29 15:00:00,19.0,91.6,101.9,980.0,Severe Cyclonic Storm,31.17,-0.3212890625,0.3907470703125,988.0,False
2017147N14087,2017,MORA,BB,2017-05-29 18:00:00,19.8,91.7,101.9,980.0,Severe Cyclonic Storm,30.89,-0.4717559814453125,5.3614349365234375,987.3,False
2017147N14087,2017,MORA,BB,2017-05-29 21:00:00,20.3,91.7,111.1,978.0,Severe Cyclonic Storm,31.1,-0.2674560546875,4.759613037109375,984.5,False
2017147N14087,2017,MORA,BB,2017-05-30 00:00:00,21.0,91.9,111.1,978.0,Severe Cyclonic Storm,29.86,-6.1376953125,3.77117919921875,984.3,False
2017147N14087,2017,MORA,BB,2017-05-30 03:00:00,21.9,92.0,111.1,978.0,Severe Cyclonic Storm,29.41,-6.7721710205078125,-1.5438690185546875,987.4,False
2017147N14087,2017,MORA,BB,2017-05-30 06:00:00,23.0,92.0,101.9,982.0,Severe Cyclonic Storm,,-4.078781127929688,-0.954345703125,989.5,False
2017147N14087,2017,MORA,BB,2017-05-30 09:00:00,23.9,92.2,74.1,988.0,Cyclonic Storm,,-2.987457275390625,-1.73590087890625,990.7,False
2017147N14087,2017,MORA,BB,2017-05-30 12:00:00,24.7,92.4,55.6,990.0,Deep Depression,,-5.1952972412109375,-1.58270263671875,992.5,False
2017147N14087,2017,MORA,BB,2017-05-30 15:00:00,25.2,92.6,46.3,992.0,Depression,,-0.3767852783203125,-2.3308868408203125,998.8,False
2017147N14087,2017,MORA,BB,2017-05-30 18:00:00,25.7,92.9,37.0,994.0,Depression,,1.8892059326171875,0.14630126953125,998.9,False
2017163N20090,2017,UNNAMED,BB,2017-06-11 12:00:00,20.5,89.5,46.3,990.0,Depression,29.71,6.612106323242188,1.37945556640625,993.1,True
2017163N20090,2017,UNNAMED,BB,2017-06-11 15:00:00,21.0,89.7,46.3,989.0,Depression,29.86,7.5460205078125,-1.3974456787109375,994.7,True
2017163N20090,2017,UNNAMED,BB,2017-06-11 18:00:00,21.5,90.0,46.3,988.0,Depression,29.91,10.136672973632812,0.0724639892578125,994.7,True
2017163N20090,2017,UNNAMED,BB,2017-06-11 21:00:00,22.0,90.3,51.9,988.0,Deep Depression,,6.870285034179688,1.19232177734375,992.9,False
2017163N20090,2017,UNNAMED,BB,2017-06-12 00:00:00,22.5,90.5,55.6,988.0,Deep Depression,,2.9117889404296875,1.228515625,991.4,False
2017163N20090,2017,UNNAMED,BB,2017-06-12 03:00:00,23.0,90.5,55.6,990.0,Deep Depression,,0.616851806640625,0.6322784423828125,992.0,False
2017163N20090,2017,UNNAMED,BB,2017-06-12 06:00:00,23.5,90.7,55.6,990.0,Deep Depression,,-3.2270660400390625,-1.268341064453125,991.9,False
2017163N20090,2017,UNNAMED,BB,2017-06-12 09:00:00,23.8,90.8,55.6,990.0,Deep Depression,,-0.7342987060546875,-1.528411865234375,991.6,False
2017163N20090,2017,UNNAMED,BB,2017-06-12 12:00:00,24.0,91.0,55.6,990.0,Deep Depression,,2.10919189453125,-1.6385345458984375,991.3,False
2017163N20090,2017,UNNAMED,BB,2017-06-12 15:00:00,24.2,91.2,51.9,993.0,Deep Depression,,5.0837249755859375,-1.03204345703125,994.1,False
2017163N20090,2017,UNNAMED,BB,2017-06-12 18:00:00,24.5,91.5,46.3,995.0,Depression,,4.84674072265625,2.43157958984375,995.9,False
2017199N19086,2017,UNNAMED,BB,2017-07-18 00:00:00,19.0,86.0,46.3,992.0,Depression,29.11,-1.9414825439453125,-1.8408203125,993.0,True
2017199N19086,2017,UNNAMED,BB,2017-07-18 03:00:00,19.0,86.0,46.3,992.0,Depression,29.11,-1.8466644287109373,3.2474365234375,994.4,True
2017199N19086,2017,UNNAMED,BB,2017-07-18 06:00:00,19.5,85.5,46.3,992.0,Depression,29.47,-5.375457763671875,-1.04290771484375,994.4,True
2017199N19086,2017,UNNAMED,BB,2017-07-18 09:00:00,19.8,85.3,46.3,992.0,Depression,,-4.6712646484375,0.2418060302734375,993.1,False
2017199N19086,2017,UNNAMED,BB,2017-07-18 12:00:00,19.9,85.3,46.3,992.0,Depression,,-3.97625732421875,0.02301025390625,992.8,False
2017199N19086,2017,UNNAMED,BB,2017-07-18 15:00:00,19.9,85.3,46.3,993.0,Depression,,-2.60565185546875,-0.2458953857421875,995.4,False
2017199N19086,2017,UNNAMED,BB,2017-07-18 18:00:00,19.9,85.3,46.3,994.0,Depression,,-1.248260498046875,0.2310638427734375,995.5,False
2017199N19086,2017,UNNAMED,BB,2017-07-18 21:00:00,20.0,85.3,46.3,994.0,Depression,,-0.1858367919921875,0.3347930908203125,994.0,False
2017199N19086,2017,UNNAMED,BB,2017-07-19 00:00:00,20.1,85.2,46.3,994.0,Depression,,1.0966796875,0.6190643310546875,994.9,False
2017207N24085,2017,UNNAMED,BB,2017-07-26 00:00:00,24.0,85.0,46.3,993.0,Depression,,1.9604949951171875,3.47882080078125,995.5,False
2017207N24085,2017,UNNAMED,BB,2017-07-26 03:00:00,24.0,85.0,46.3,994.0,Depression,,-0.396087646484375,5.137466430664063,997.8,False
2017207N24085,2017,UNNAMED,BB,2017-07-26 06:00:00,24.0,85.0,46.3,994.0,Depression,,-1.3918914794921875,5.8283538818359375,998.9,False
2017207N24085,2017,UNNAMED,BB,2017-07-26 09:00:00,24.0,85.0,42.6,994.0,Depression,,-1.8641204833984373,4.885757446289063,998.6,False
2017207N24085,2017,UNNAMED,BB,2017-07-26 12:00:00,24.0,85.0,37.0,994.0,Depression,,-1.712066650390625,4.8043060302734375,998.4,False
2017207N24085,2017,UNNAMED,BB,2017-07-26 15:00:00,24.0,85.0,37.0,995.0,Depression,,-2.037445068359375,5.4151763916015625,1000.5,False
2017207N24085,2017,UNNAMED,BB,2017-07-26 18:00:00,24.0,85.0,37.0,995.0,Depression,,-2.0685577392578125,5.2949981689453125,1001.4,False
2017207N24085,2017,UNNAMED,BB,2017-07-26 21:00:00,24.0,85.0,37.0,995.0,Depression,,-2.29486083984375,4.91729736328125,1000.8,False
2017207N24085,2017,UNNAMED,BB,2017-07-27 00:00:00,24.0,85.0,37.0,995.0,Depression,,-2.5792999267578125,4.40203857421875,1001.7,False
2017232N19130,2017,HATO,MM,2017-08-19 12:00:00,19.1,130.1,,1006.0,,,-0.1876373291015625,0.1848602294921875,1008.8,False
2017232N19130,2017,HATO,MM,2017-08-19 15:00:00,19.3,129.6,,,,,0.2694244384765625,-0.34197998046875,1010.5,False
2017232N19130,2017,HATO,MM,2017-08-19 18:00:00,19.0,129.6,,1004.0,,,0.1615447998046875,-0.596221923828125,1009.5,False
2017232N19130,2017,HATO,MM,2017-08-19 21:00:00,19.1,129.2,,,,,0.339569091796875,-0.581329345703125,1008.2,False
2017232N19130,2017,HATO,MM,2017-08-20 00:00:00,19.3,128.8,,1004.0,,,0.230224609375,0.095123291015625,1009.5,False
2017232N19130,2017,HATO,MM,2017-08-20 03:00:00,19.4,128.3,,,,,-0.9833526611328124,0.27325439453125,1010.2,False
2017232N19130,2017,HATO,MM,2017-08-20 06:00:00,19.5,127.7,,1002.0,,,-1.04437255859375,0.267242431640625,1008.4,False
2017232N19130,2017,HATO,MM,2017-08-20 09:00:00,19.6,127.2,,,,,-1.0960540771484375,0.4151153564453125,1005.9,False
2017232N19130,2017,HATO,MM,2017-08-20 12:00:00,19.6,126.7,64.8,998.0,Cyclonic Storm,,-0.3726348876953125,0.277252197265625,1006.3,False
2017232N19130,2017,HATO,MM,2017-08-20 15:00:00,19.7,126.3,,,,,0.5137176513671875,0.72125244140625,1008.5,False
2017232N19130,2017,HATO,MM,2017-08-20 18:00:00,19.8,125.9,64.8,996.0,Cyclonic Storm,,0.8195037841796875,0.04052734375,1008.3,False
2017232N19130,2017,HATO,MM,2017-08-20 21:00:00,19.9,125.6,,,,,0.9726409912109376,0.192596435546875,1006.9,False
2017232N19130,2017,HATO,MM,2017-08-21 00:00:00,20.1,125.1,64.8,994.0,Cyclonic Storm,,1.156585693359375,0.119171142578125,1007.5,False
2017232N19130,2017,HATO,MM,2017-08-21 03:00:00,20.2,124.6,,,,,0.7245330810546875,-0.8509368896484375,1007.2,False
2017232N19130,2017,HATO,MM,2017-08-21 06:00:00,20.3,124.1,64.8,994.0,Cyclonic Storm,,-1.007171630859375,0.0305328369140625,1005.3,False
2017232N19130,2017,HATO,MM,2017-08-21 09:00:00,20.4,123.6,,,,,-1.1688079833984375,1.429168701171875,1003.4,False
2017232N19130,2017,HATO,MM,2017-08-21 12:00:00,20.3,122.9,74.1,990.0,Cyclonic Storm,,-0.2151336669921875,0.9888153076171876,1003.6,False
2017232N19130,2017,HATO,MM,2017-08-21 15:00:00,20.2,122.1,,,,,0.5656280517578125,0.9896392822265624,1006.1,False
2017232N19130,2017,HATO,MM,2017-08-21 18:00:00,20.1,121.3,74.1,990.0,Cyclonic Storm,,1.10845947265625,0.47705078125,1005.2,False
2017232N19130,2017,HATO,MM,2017-08-21 21:00:00,20.2,120.6,,,,,1.33990478515625,0.3153076171875,1003.9,False
2017232N19130,2017,HATO,MM,2017-08-22 00:00:00,20.3,120.0,83.3,985.0,Cyclonic Storm,,1.8463897705078125,0.0919647216796875,1005.1,False
2017232N19130,2017,HATO,MM,2017-08-22 03:00:00,20.4,119.4,,,,,2.02264404296875,-0.939178466796875,1004.7,False
2017232N19130,2017,HATO,MM,2017-08-22 06:00:00,20.4,118.7,111.1,975.0,Severe Cyclonic Storm,,1.5034332275390625,-0.7024078369140625,1002.7,False
2017232N19130,2017,HATO,MM,2017-08-22 09:00:00,20.5,118.0,,,,,-0.2777099609375,0.0457305908203125,1000.5,False
2017232N19130,2017,HATO,MM,2017-08-22 12:00:00,20.6,117.3,111.1,975.0,Severe Cyclonic Storm,,-1.0189056396484375,1.0474853515625,1000.5,False
2017232N19130,2017,HATO,MM,2017-08-22 15:00:00,20.8,116.7,,,,,0.6503448486328125,0.9803314208984376,1002.3,False
2017232N19130,2017,HATO,MM,2017-08-22 18:00:00,21.0,116.0,120.4,970.0,Very Severe Cyclonic Storm,,1.1280975341796875,0.8650054931640625,1002.4,False
2017232N19130,2017,HATO,MM,2017-08-22 21:00:00,21.2,115.2,,,,,1.2866973876953125,-0.030181884765625,1000.9,False
2017232N19130,2017,HATO,MM,2017-08-23 00:00:00,21.5,114.5,138.9,965.0,Very Severe Cyclonic Storm,,1.114837646484375,-0.232666015625,1001.8,False
2017232N19130,2017,HATO,MM,2017-08-23 03:00:00,21.9,113.7,,,,,0.167236328125,-0.4229583740234375,1001.9,False
2017232N19130,2017,HATO,MM,2017-08-23 06:00:00,22.2,112.9,138.9,965.0,Very Severe Cyclonic Storm,,-0.3615875244140625,-0.257598876953125,999.5,False
2017232N19130,2017,HATO,MM,2017-08-23 09:00:00,22.5,111.9,,,,,1.07452392578125,0.45001220703125,999.0,False
2017232N19130,2017,HATO,MM,2017-08-23 12:00:00,22.7,110.9,92.6,985.0,Severe Cyclonic Storm,,-0.048126220703125,-1.361419677734375,1001.8,False
2017232N19130,2017,HATO,MM,2017-08-23 15:00:00,22.9,110.0,,,,,0.6537628173828125,-1.3016815185546875,1004.3,False
2017232N19130,2017,HATO,MM,2017-08-23 18:00:00,23.1,109.1,74.1,994.0,Cyclonic Storm,,1.2860260009765625,-1.227996826171875,1003.2,False
2017232N19130,2017,HATO,MM,2017-08-23 21:00:00,23.3,108.3,,,,,1.3827362060546875,-1.489410400390625,1002.4,False
2017232N19130,2017,HATO,MM,2017-08-24 00:00:00,23.4,107.6,64.8,996.0,Cyclonic Storm,,0.670806884765625,-3.606689453125,1004.5,False
2017232N19130,2017,HATO,MM,2017-08-24 03:00:00,23.6,106.9,,,,,2.355331420898437,-4.3984222412109375,1003.9,False
2017232N19130,2017,HATO,MM,2017-08-24 06:00:00,23.7,106.2,64.8,996.0,Cyclonic Storm,,-1.0264434814453125,-6.3295440673828125,1002.7,False
2017232N19130,2017,HATO,MM,2017-08-24 09:00:00,23.7,105.5,,,,,-1.6942138671875,-5.221237182617188,1001.4,False
2017232N19130,2017,HATO,MM,2017-08-24 12:00:00,23.8,104.7,,998.0,,,-1.729278564453125,-2.81329345703125,1002.7,False
2017232N19130,2017,HATO,MM,2017-08-24 15:00:00,23.7,103.6,,,,,0.0745849609375,-1.69207763671875,1005.0,False
2017232N19130,2017,HATO,MM,2017-08-24 18:00:00,23.7,102.4,,1000.0,,,0.8509063720703125,-0.431396484375,1004.4,False
2017232N19130,2017,HATO,MM,2017-08-24 21:00:00,23.7,101.0,,,,,0.929443359375,-0.192840576171875,1004.0,False
2017232N19130,2017,HATO,BB,2017-08-25 00:00:00,23.7,99.7,,,,,0.619293212890625,-0.69659423828125,1006.4,False
2017282N22088,2017,UNNAMED,BB,2017-10-09 00:00:00,22.4,88.4,46.3,996.0,Depression,,-1.2386627197265625,-3.565032958984375,1000.3,False
2017282N22088,2017,UNNAMED,BB,2017-10-09 03:00:00,22.5,88.4,55.6,996.0,Deep Depression,,-0.4793701171875,-2.342041015625,1001.3,False
2017282N22088,2017,UNNAMED,BB,2017-10-09 06:00:00,22.6,88.3,55.6,996.0,Deep Depression,,4.379058837890625,-2.6046142578125,1000.8,False
2017282N22088,2017,UNNAMED,BB,2017-10-09 09:00:00,22.7,88.2,55.6,997.0,Deep Depression,,1.930694580078125,0.398712158203125,998.6,False
2017282N22088,2017,UNNAMED,BB,2017-10-09 12:00:00,22.9,88.1,55.6,997.0,Deep Depression,,0.01995849609375,3.941162109375,999.7,False
2017282N22088,2017,UNNAMED,BB,2017-10-09 15:00:00,23.0,88.0,55.6,997.0,Deep Depression,,-2.191009521484375,4.80377197265625,1003.3,False
2017282N22088,2017,UNNAMED,BB,2017-10-09 18:00:00,23.1,87.8,55.6,997.0,Deep Depression,,-2.14581298828125,4.6478271484375,1003.2,False
2017282N22088,2017,UNNAMED,BB,2017-10-09 21:00:00,23.1,87.5,55.6,998.0,Deep Depression,,-0.754486083984375,5.25299072265625,1002.8,False
2017282N22088,2017,UNNAMED,BB,2017-10-10 00:00:00,23.2,87.1,55.6,998.0,Deep Depression,,0.188568115234375,2.9803619384765625,1002.3,False
2017282N22088,2017,UNNAMED,BB,2017-10-10 03:00:00,23.5,86.7,55.6,1000.0,Deep Depression,,-0.6335906982421875,2.047470092773437,1004.7,False
2017282N22088,2017,UNNAMED,BB,2017-10-10 06:00:00,23.8,86.6,46.3,1000.0,Depression,,-0.510955810546875,1.04937744140625,1004.7,False
2017292N17087,2017,UNNAMED,BB,2017-10-19 00:00:00,16.5,86.5,46.3,999.0,Depression,29.8,3.9174652099609375,3.9501800537109375,1000.6,True
2017292N17087,2017,UNNAMED,BB,2017-10-19 03:00:00,16.8,86.5,46.3,998.0,Depression,29.84,5.730316162109375,4.3577880859375,1002.4,True
2017292N17087,2017,UNNAMED,BB,2017-10-19 06:00:00,17.3,86.3,46.3,998.0,Depression,29.89,4.48052978515625,3.9631500244140634,1001.8,True
2017292N17087,2017,UNNAMED,BB,2017-10-19 09:00:00,18.4,86.3,46.3,998.0,Depression,29.97,-1.855987548828125,1.017608642578125,999.9,True
2017292N17087,2017,UNNAMED,BB,2017-10-19 12:00:00,20.0,86.5,46.3,998.0,Depression,,-2.7895660400390625,-2.4744415283203125,999.2,False
2017307N07102,2017,UNNAMED,MM,2017-11-03 00:00:00,7.2,102.4,,,,29.09,1.062713623046875,0.83099365234375,1006.7,True
2017307N07102,2017,UNNAMED,MM,2017-11-03 03:00:00,7.3,102.0,,,,29.26,1.4801483154296875,-1.7374725341796875,1007.9,True
2017307N07102,2017,UNNAMED,MM,2017-11-03 06:00:00,7.3,101.8,,,,29.39,0.841888427734375,-0.551055908203125,1006.2,True
2017307N07102,2017,UNNAMED,MM,2017-11-03 09:00:00,7.2,101.7,,,,29.39,-0.19940185546875,-1.2235870361328125,1004.2,True
2017307N07102,2017,UNNAMED,MM,2017-11-03 12:00:00,7.0,101.7,,,,29.47,1.07733154296875,0.8201751708984375,1006.0,True
2017307N07102,2017,UNNAMED,MM,2017-11-03 15:00:00,6.8,101.5,,,,,1.2085418701171875,0.9143218994140624,1008.1,False
2017307N07102,2017,UNNAMED,MM,2017-11-03 18:00:00,6.6,101.3,,,,,1.2460479736328125,0.7378387451171875,1007.4,False
2017307N07102,2017,UNNAMED,MM,2017-11-03 21:00:00,6.5,101.0,,,,,0.583526611328125,0.3124542236328125,1005.9,False
2017307N07102,2017,UNNAMED,MM,2017-11-04 00:00:00,6.4,100.7,,,,,-0.6430206298828125,0.1655120849609375,1007.2,False
2017307N07102,2017,UNNAMED,MM,2017-11-04 03:00:00,6.2,100.5,,,,,-0.682220458984375,-0.24249267578125,1008.5,False
2017307N07102,2017,UNNAMED,MM,2017-11-04 06:00:00,6.0,100.4,,,,,-0.57464599609375,-0.213592529296875,1006.4,False
2017307N07102,2017,UNNAMED,MM,2017-11-04 09:00:00,5.8,100.3,,,,29.81,1.03369140625,-1.842437744140625,1004.4,True
2017307N07102,2017,UNNAMED,MM,2017-11-04 12:00:00,5.6,100.3,,,,29.71,1.076507568359375,-2.132431030273437,1005.7,True
2017307N07102,2017,UNNAMED,MM,2017-11-04 15:00:00,5.4,100.3,,,,29.71,-2.0315093994140625,-2.9313201904296875,1007.8,True
2017307N07102,2017,UNNAMED,MM,2017-11-04 18:00:00,5.2,100.4,,,,,-1.250732421875,-0.107940673828125,1006.7,False
2017307N07102,2017,UNNAMED,MM,2017-11-04 21:00:00,5.1,100.6,,,,29.83,-0.1803741455078125,1.56231689453125,1005.1,True
2017307N07102,2017,UNNAMED,MM,2017-11-05 00:00:00,5.1,100.9,,,,,-0.9137725830078124,0.0017547607421875,1008.2,False
2017307N07102,2017,UNNAMED,MM,2017-11-05 03:00:00,5.1,101.3,,,,,-0.6823272705078125,0.4912567138671875,1009.9,False
2017307N07102,2017,UNNAMED,MM,2017-11-05 06:00:00,5.2,101.6,,,,,-0.523162841796875,-0.289581298828125,1009.1,False
2017307N07102,2017,UNNAMED,MM,2017-11-05 09:00:00,5.5,101.8,,,,,0.78240966796875,-0.0345611572265625,1006.4,False
2017307N07102,2017,UNNAMED,MM,2017-11-05 12:00:00,5.8,102.0,,,,,1.0526123046875,-0.3610076904296875,1007.3,False
2017307N07102,2017,UNNAMED,MM,2017-11-05 15:00:00,6.1,102.3,,,,,1.4903717041015625,0.798095703125,1008.2,False
2017307N07102,2017,UNNAMED,MM,2017-11-05 18:00:00,6.5,102.6,,,,29.24,2.244781494140625,-0.3057708740234375,1006.9,True
2017307N07102,2017,UNNAMED,MM,2017-11-05 21:00:00,7.0,102.6,,,,29.2,-1.2367095947265625,-0.092132568359375,1005.5,True
2017307N07102,2017,UNNAMED,MM,2017-11-06 00:00:00,7.5,102.6,,,,29.28,-6.564788818359375,2.8199615478515625,1007.6,True
2017307N07102,2017,UNNAMED,MM,2017-11-06 03:00:00,7.9,102.6,,,,29.08,-7.6718597412109375,1.66680908203125,1008.8,True
2017307N07102,2017,UNNAMED,MM,2017-11-06 06:00:00,8.3,102.6,,,,28.99,-6.9519805908203125,0.32720947265625,1007.3,True
2017307N07102,2017,UNNAMED,MM,2017-11-06 09:00:00,8.6,102.6,,,,28.99,-6.211334228515625,1.3977203369140625,1006.4,True
2017307N07102,2017,UNNAMED,MM,2017-11-06 12:00:00,8.8,102.5,,,,29.04,-6.0010986328125,1.1022491455078125,1007.2,True
2017307N07102,2017,UNNAMED,MM,2017-11-06 15:00:00,9.0,102.3,,,,29.14,-5.273193359375,1.9066314697265625,1009.2,True
2017307N07102,2017,UNNAMED,MM,2017-11-06 18:00:00,9.3,102.0,,,,29.23,-4.646331787109375,1.2828369140625,1008.1,True
2017307N07102,2017,UNNAMED,MM,2017-11-06 21:00:00,9.6,101.7,,,,29.29,-3.752731323242188,0.3501739501953125,1007.2,True
2017307N07102,2017,UNNAMED,MM,2017-11-07 00:00:00,9.9,101.4,,,,28.98,-1.126922607421875,1.93255615234375,1008.4,True
2017307N07102,2017,UNNAMED,MM,2017-11-07 03:00:00,10.2,101.0,,,,29.0,0.357025146484375,-5.3805999755859375,1010.2,True
2017307N07102,2017,UNNAMED,MM,2017-11-07 06:00:00,10.5,100.7,,,,29.05,-3.314910888671875,-8.36376953125,1008.0,True
2017307N07102,2017,UNNAMED,MM,2017-11-07 09:00:00,10.7,100.6,,,,29.04,-3.880081176757813,-7.608123779296875,1006.7,True
2017307N07102,2017,UNNAMED,MM,2017-11-07 12:00:00,10.9,100.5,,,,29.06,-3.820281982421875,-7.309646606445312,1007.5,True
2017307N07102,2017,UNNAMED,MM,2017-11-07 15:00:00,11.0,100.3,,,,29.05,-6.443893432617188,-2.444915771484375,1009.0,True
2017307N07102,2017,UNNAMED,MM,2017-11-07 18:00:00,11.1,100.0,,,,29.07,-6.4097747802734375,-1.00341796875,1008.5,True
2017307N07102,2017,UNNAMED,BB,2017-11-07 21:00:00,11.2,99.8,,,,29.13,-5.453048706054688,-2.703948974609375,1007.9,True
2017307N07102,2017,UNNAMED,BB,2017-11-08 00:00:00,11.3,99.6,,,,,-4.088058471679688,-1.5749053955078125,1009.8,False
2017319N15083,2017,UNNAMED,BB,2017-11-15 03:00:00,15.0,83.0,46.3,1004.0,Depression,28.29,1.79547119140625,-6.604339599609375,1005.3,True
2017319N15083,2017,UNNAMED,BB,2017-11-15 06:00:00,15.5,83.0,46.3,1004.0,Depression,28.07,0.247711181640625,-7.705169677734375,1005.0,True
2017319N15083,2017,UNNAMED,BB,2017-11-15 09:00:00,15.9,83.1,46.3,1003.0,Depression,27.98,-1.9140167236328125,-8.289398193359375,1002.9,True
2017319N15083,2017,UNNAMED,BB,2017-11-15 12:00:00,16.2,83.3,46.3,1001.0,Depression,27.89,-2.0942840576171875,-8.786163330078125,1003.3,True
2017319N15083,2017,UNNAMED,BB,2017-11-15 15:00:00,16.6,83.5,46.3,1002.0,Depression,27.8,-1.383636474609375,-6.5829620361328125,1005.8,True
2017319N15083,2017,UNNAMED,BB,2017-11-15 18:00:00,17.0,83.8,46.3,1002.0,Depression,27.69,0.7012481689453125,-4.8190460205078125,1005.1,True
2017319N15083,2017,UNNAMED,BB,2017-11-15 21:00:00,17.3,84.0,46.3,1003.0,Depression,27.73,0.3698272705078125,-1.2498779296875,1003.8,True
2017319N15083,2017,UNNAMED,BB,2017-11-16 00:00:00,17.5,84.1,46.3,1004.0,Depression,27.67,-5.824066162109375,-1.666961669921875,1004.0,True
2017319N15083,2017,UNNAMED,BB,2017-11-16 03:00:00,17.7,84.3,46.3,1004.0,Depression,27.74,-5.847671508789063,-0.72784423828125,1006.5,True
2017319N15083,2017,UNNAMED,BB,2017-11-16 06:00:00,17.7,84.3,46.3,1004.0,Depression,27.74,-1.1515350341796875,-0.4786224365234375,1005.8,True
2017319N15083,2017,UNNAMED,BB,2017-11-16 09:00:00,17.9,84.6,46.3,1004.0,Depression,27.7,0.547210693359375,0.2072296142578125,1004.1,True
2017319N15083,2017,UNNAMED,BB,2017-11-16 12:00:00,18.1,85.0,46.3,1004.0,Depression,27.88,-1.008941650390625,5.001998901367188,1005.3,True
2017319N15083,2017,UNNAMED,BB,2017-11-16 15:00:00,18.3,85.3,46.3,1004.0,Depression,27.89,-1.0283203125,6.613922119140625,1008.1,True
2017319N15083,2017,UNNAMED,BB,2017-11-16 18:00:00,18.5,85.5,46.3,1004.0,Depression,27.93,-1.3531341552734375,7.488906860351562,1008.6,True
2017319N15083,2017,UNNAMED,BB,2017-11-16 21:00:00,18.5,85.6,46.3,1004.0,Depression,27.93,-1.2305145263671875,6.2354583740234375,1007.1,True
2017319N15083,2017,UNNAMED,BB,2017-11-17 00:00:00,18.8,85.8,46.3,1004.0,Depression,27.94,-2.5993804931640625,3.62030029296875,1007.3,True
2017319N15083,2017,UNNAMED,BB,2017-11-17 03:00:00,19.5,86.3,46.3,1006.0,Depression,27.59,-1.5476226806640625,4.1414947509765625,1010.6,True
2017333N06082,2017,OCKHI,BB,2017-11-28 18:00:00,6.0,82.2,,,,28.54,3.5889892578125,9.995758056640623,1006.9,True
2017333N06082,2017,OCKHI,BB,2017-11-28 21:00:00,5.9,82.0,,,,28.54,0.9506072998046876,10.787506103515623,1004.4,True
2017333N06082,2017,OCKHI,BB,2017-11-29 00:00:00,5.9,81.7,,,,28.39,-4.7765655517578125,11.260467529296877,1005.2,True
2017333N06082,2017,OCKHI,BB,2017-11-29 03:00:00,6.0,81.4,46.3,1004.0,Depression,28.47,-5.7906494140625,12.867233276367188,1006.0,True
2017333N06082,2017,OCKHI,BB,2017-11-29 06:00:00,6.1,80.7,46.3,1004.0,Depression,,1.3216094970703125,5.1016998291015625,1005.7,False
2017333N06082,2017,OCKHI,BB,2017-11-29 09:00:00,6.2,80.1,46.3,1003.0,Depression,28.76,-3.318267822265625,0.6455230712890625,1002.2,True
2017333N06082,2017,OCKHI,BB,2017-11-29 12:00:00,6.2,79.9,46.3,1002.0,Depression,28.76,-5.935943603515625,7.291748046875,1001.8,True
2017333N06082,2017,OCKHI,BB,2017-11-29 15:00:00,6.3,79.5,46.3,1002.0,Depression,28.73,5.461578369140625,8.209716796875,1002.9,True
2017333N06082,2017,OCKHI,BB,2017-11-29 18:00:00,6.5,79.0,46.3,1002.0,Depression,28.81,3.976898193359375,7.770919799804687,1002.3,True
2017333N06082,2017,OCKHI,BB,2017-11-29 21:00:00,6.7,78.5,55.6,1001.0,Deep Depression,28.74,3.241683959960937,13.447723388671877,998.3,True
2017333N06082,2017,OCKHI,BB,2017-11-30 00:00:00,7.0,78.1,55.6,1000.0,Deep Depression,28.54,10.329559326171877,1.93438720703125,999.8,True
2017333N06082,2017,OCKHI,AS,2017-11-30 03:00:00,7.5,77.4,64.8,999.0,Cyclonic Storm,28.52,5.0889739990234375,5.238052368164063,1000.9,False
2017333N06082,2017,OCKHI,AS,2017-11-30 06:00:00,7.8,76.8,74.1,998.0,Cyclonic Storm,28.77,-1.464202880859375,-10.276565551757812,999.6,False
2017333N06082,2017,OCKHI,AS,2017-11-30 09:00:00,7.9,76.3,83.3,996.0,Cyclonic Storm,28.78,-14.225997924804688,-0.993316650390625,995.6,False
2017333N06082,2017,OCKHI,AS,2017-11-30 12:00:00,8.2,75.8,83.3,996.0,Cyclonic Storm,28.91,-10.541061401367188,-7.870040893554687,994.6,False
2017333N06082,2017,OCKHI,AS,2017-11-30 15:00:00,8.3,75.4,83.3,996.0,Cyclonic Storm,28.97,-6.851821899414063,-6.357101440429688,995.7,False
2017333N06082,2017,OCKHI,AS,2017-11-30 18:00:00,8.5,74.9,83.3,994.0,Cyclonic Storm,29.09,-4.00048828125,-13.567596435546877,996.4,False
2017333N06082,2017,OCKHI,AS,2017-11-30 21:00:00,8.6,74.5,83.3,994.0,Cyclonic Storm,29.14,11.494766235351562,-11.503662109375,997.1,False
2017333N06082,2017,OCKHI,AS,2017-12-01 00:00:00,8.8,74.1,92.6,992.0,Severe Cyclonic Storm,29.31,2.517822265625,-15.598419189453123,997.1,False
2017333N06082,2017,OCKHI,AS,2017-12-01 03:00:00,8.8,73.8,101.9,990.0,Severe Cyclonic Storm,29.35,2.910369873046875,-9.567672729492188,995.2,False
2017333N06082,2017,OCKHI,AS,2017-12-01 06:00:00,8.9,73.4,111.1,989.0,Severe Cyclonic Storm,29.42,-4.2227935791015625,-8.531875610351562,994.2,False
2017333N06082,2017,OCKHI,AS,2017-12-01 09:00:00,8.9,73.0,120.4,988.0,Very Severe Cyclonic Storm,29.5,5.704010009765625,-10.182601928710938,992.1,False
2017333N06082,2017,OCKHI,AS,2017-12-01 12:00:00,9.0,72.8,120.4,986.0,Very Severe Cyclonic Storm,29.52,-5.8377838134765625,-6.9272003173828125,991.2,False
2017333N06082,2017,OCKHI,AS,2017-12-01 15:00:00,9.1,72.5,120.4,984.0,Very Severe Cyclonic Storm,29.53,-4.9328460693359375,-14.865158081054688,992.8,False
2017333N06082,2017,OCKHI,AS,2017-12-01 18:00:00,9.2,72.1,129.6,982.0,Very Severe Cyclonic Storm,29.47,1.915618896484375,-17.88262939453125,995.4,False
2017333N06082,2017,OCKHI,AS,2017-12-01 21:00:00,9.3,71.8,138.9,980.0,Very Severe Cyclonic Storm,29.47,4.7659912109375,-17.779678344726562,993.2,False
2017333N06082,2017,OCKHI,AS,2017-12-02 00:00:00,9.5,71.5,148.2,978.0,Very Severe Cyclonic Storm,29.17,4.823944091796875,-17.49847412109375,991.4,False
2017333N06082,2017,OCKHI,AS,2017-12-02 03:00:00,9.6,71.2,148.2,978.0,Very Severe Cyclonic Storm,29.16,9.979049682617188,-10.619613647460938,991.2,False
2017333N06082,2017,OCKHI,AS,2017-12-02 06:00:00,9.8,71.0,157.4,976.0,Very Severe Cyclonic Storm,29.14,8.1839599609375,-9.632965087890623,991.9,False
2017333N06082,2017,OCKHI,AS,2017-12-02 09:00:00,10.2,70.6,157.4,976.0,Very Severe Cyclonic Storm,29.13,2.6008758544921875,-17.539901733398438,991.9,False
2017333N06082,2017,OCKHI,AS,2017-12-02 12:00:00,10.5,70.3,157.4,976.0,Very Severe Cyclonic Storm,29.12,0.155609130859375,-15.540451049804688,990.1,False
2017333N06082,2017,OCKHI,AS,2017-12-02 15:00:00,10.7,70.0,157.4,976.0,Very Severe Cyclonic Storm,29.1,-2.632049560546875,-14.529800415039062,990.1,False
2017333N06082,2017,OCKHI,AS,2017-12-02 18:00:00,11.0,69.7,157.4,976.0,Very Severe Cyclonic Storm,29.06,-5.584564208984375,-11.19989013671875,991.6,False
2017333N06082,2017,OCKHI,AS,2017-12-02 21:00:00,11.2,69.5,157.4,976.0,Very Severe Cyclonic Storm,28.98,-3.37646484375,-3.9666595458984375,990.1,False
2017333N06082,2017,OCKHI,AS,2017-12-03 00:00:00,11.5,69.3,157.4,976.0,Very Severe Cyclonic Storm,28.69,-0.7840118408203125,5.966766357421875,989.0,False
2017333N06082,2017,OCKHI,AS,2017-12-03 03:00:00,11.9,69.0,148.2,977.0,Very Severe Cyclonic Storm,28.56,-10.238189697265623,1.85430908203125,988.6,False
2017333N06082,2017,OCKHI,AS,2017-12-03 06:00:00,12.2,68.9,138.9,978.0,Very Severe Cyclonic Storm,28.51,-5.810958862304688,11.732513427734377,989.0,False
2017333N06082,2017,OCKHI,AS,2017-12-03 09:00:00,12.4,68.8,138.9,980.0,Very Severe Cyclonic Storm,28.4,-0.320220947265625,10.724624633789062,986.0,False
2017333N06082,2017,OCKHI,AS,2017-12-03 12:00:00,12.9,68.7,138.9,982.0,Very Severe Cyclonic Storm,28.27,-12.852828979492188,12.976882934570312,986.6,False
2017333N06082,2017,OCKHI,AS,2017-12-03 15:00:00,13.1,68.6,138.9,982.0,Very Severe Cyclonic Storm,28.28,0.325836181640625,6.98626708984375,983.9,False
2017333N06082,2017,OCKHI,AS,2017-12-03 18:00:00,13.5,68.5,138.9,982.0,Very Severe Cyclonic Storm,28.26,-9.70428466796875,3.664031982421875,987.6,False
2017333N06082,2017,OCKHI,AS,2017-12-03 21:00:00,13.9,68.5,138.9,982.0,Very Severe Cyclonic Storm,28.16,-12.3504638671875,-3.326507568359375,989.6,False
2017333N06082,2017,OCKHI,AS,2017-12-04 00:00:00,14.3,68.5,129.6,984.0,Very Severe Cyclonic Storm,27.77,-9.638351440429688,8.69195556640625,988.6,False
2017333N06082,2017,OCKHI,AS,2017-12-04 03:00:00,14.5,68.5,120.4,986.0,Very Severe Cyclonic Storm,27.69,-8.793319702148438,9.676681518554688,989.8,False
2017333N06082,2017,OCKHI,AS,2017-12-04 06:00:00,14.8,68.7,120.4,986.0,Very Severe Cyclonic Storm,27.75,-9.224166870117188,10.9957275390625,992.9,False
2017333N06082,2017,OCKHI,AS,2017-12-04 09:00:00,15.1,69.0,120.4,986.0,Very Severe Cyclonic Storm,27.77,-1.156768798828125,10.713790893554688,990.5,False
2017333N06082,2017,OCKHI,AS,2017-12-04 12:00:00,15.6,69.2,111.1,988.0,Severe Cyclonic Storm,27.75,-2.4304656982421875,8.6312255859375,990.6,False
2017333N06082,2017,OCKHI,AS,2017-12-04 15:00:00,16.1,69.5,111.1,988.0,Severe Cyclonic Storm,27.83,-4.28887939453125,12.04632568359375,991.7,False
2017333N06082,2017,OCKHI,AS,2017-12-04 18:00:00,16.6,69.9,101.9,990.0,Severe Cyclonic Storm,28.02,-8.309921264648438,15.84686279296875,994.5,False
2017333N06082,2017,OCKHI,AS,2017-12-04 21:00:00,17.0,70.3,101.9,992.0,Severe Cyclonic Storm,27.98,-10.060638427734377,10.38543701171875,996.5,False
2017333N06082,2017,OCKHI,AS,2017-12-05 00:00:00,17.5,70.7,92.6,994.0,Severe Cyclonic Storm,27.8,-10.350631713867188,8.015701293945312,1000.6,False
2017333N06082,2017,OCKHI,AS,2017-12-05 03:00:00,17.9,71.0,83.3,996.0,Cyclonic Storm,27.52,-8.131240844726562,8.642547607421875,1003.0,False
2017333N06082,2017,OCKHI,AS,2017-12-05 06:00:00,18.2,71.2,74.1,998.0,Cyclonic Storm,27.21,-8.541259765625,12.06060791015625,1003.0,False
2017333N06082,2017,OCKHI,AS,2017-12-05 09:00:00,18.3,71.4,55.6,1000.0,Deep Depression,27.18,-0.6614990234375,11.65399169921875,999.4,True
2017333N06082,2017,OCKHI,AS,2017-12-05 12:00:00,18.5,71.5,55.6,1002.0,Deep Depression,27.05,0.5690155029296875,4.366867065429688,1000.6,True
2017333N06082,2017,OCKHI,AS,2017-12-05 15:00:00,18.8,71.6,46.3,1003.0,Depression,26.92,-0.9498443603515624,-10.2005615234375,1003.6,True
2017333N06082,2017,OCKHI,AS,2017-12-05 18:00:00,19.2,71.9,37.0,1004.0,Depression,26.4,-3.5151519775390625,-6.45977783203125,1005.1,False
2017340N09089,2017,UNNAMED,BB,2017-12-06 03:00:00,8.5,88.5,46.3,1004.0,Depression,28.83,3.2449493408203125,-7.6132659912109375,1006.1,True
2017340N09089,2017,UNNAMED,BB,2017-12-06 06:00:00,8.8,88.3,46.3,1004.0,Depression,28.74,4.37847900390625,-4.9864501953125,1005.5,True
2017340N09089,2017,UNNAMED,BB,2017-12-06 09:00:00,9.3,88.1,46.3,1004.0,Depression,28.65,7.265289306640625,-4.58941650390625,1003.3,True
2017340N09089,2017,UNNAMED,BB,2017-12-06 12:00:00,9.8,88.0,46.3,1004.0,Depression,28.59,5.2995452880859375,-7.2577972412109375,1003.6,True
2017340N09089,2017,UNNAMED,BB,2017-12-06 15:00:00,9.9,88.0,46.3,1004.0,Depression,28.57,9.18389892578125,-5.5050048828125,1005.0,True
2017340N09089,2017,UNNAMED,BB,2017-12-06 18:00:00,10.0,88.0,46.3,1004.0,Depression,28.57,11.202423095703123,-4.634735107421875,1004.1,True
2017340N09089,2017,UNNAMED,BB,2017-12-06 21:00:00,10.4,88.0,46.3,1004.0,Depression,28.63,8.60150146484375,-2.244247436523437,1002.1,True
2017340N09089,2017,UNNAMED,BB,2017-12-07 00:00:00,11.1,88.0,46.3,1004.0,Depression,28.36,2.828125,-4.159194946289063,1002.1,True
2017340N09089,2017,UNNAMED,BB,2017-12-07 03:00:00,12.0,88.0,46.3,1004.0,Depression,28.31,-4.398696899414063,-1.174591064453125,1004.0,True
2017340N09089,2017,UNNAMED,BB,2017-12-07 06:00:00,12.2,87.9,46.3,1004.0,Depression,28.31,-0.833343505859375,2.9608306884765625,1003.4,True
2017340N09089,2017,UNNAMED,BB,2017-12-07 09:00:00,12.5,87.8,46.3,1004.0,Depression,28.34,0.18487548828125,3.358993530273437,1001.1,True
2017340N09089,2017,UNNAMED,BB,2017-12-07 12:00:00,12.8,87.7,46.3,1004.0,Depression,28.32,3.36920166015625,3.1747283935546875,1002.8,True
2017340N09089,2017,UNNAMED,BB,2017-12-07 15:00:00,13.1,87.7,46.3,1004.0,Depression,28.27,3.1564178466796875,3.892166137695313,1004.3,True
2017340N09089,2017,UNNAMED,BB,2017-12-07 18:00:00,13.4,87.6,46.3,1004.0,Depression,28.24,0.351043701171875,5.29437255859375,1004.6,True
2017340N09089,2017,UNNAMED,BB,2017-12-07 21:00:00,13.8,87.3,51.9,1003.0,Deep Depression,28.23,2.662933349609375,7.8672027587890625,1003.6,True
2017340N09089,2017,UNNAMED,BB,2017-12-08 00:00:00,14.3,87.0,55.6,1002.0,Deep Depression,28.24,2.26263427734375,0.2890472412109375,1004.3,True
2017340N09089,2017,UNNAMED,BB,2017-12-08 03:00:00,15.0,86.8,55.6,1002.0,Deep Depression,28.27,2.470077514648437,2.24554443359375,1006.0,True
2017340N09089,2017,UNNAMED,BB,2017-12-08 06:00:00,15.8,86.6,55.6,1002.0,Deep Depression,28.15,-1.0471649169921875,3.06646728515625,1004.9,True
2017340N09089,2017,UNNAMED,BB,2017-12-08 09:00:00,16.5,86.5,55.6,1002.0,Deep Depression,27.73,-0.2180633544921875,-4.81640625,1003.5,True
2017340N09089,2017,UNNAMED,BB,2017-12-08 12:00:00,17.0,86.3,55.6,1002.0,Deep Depression,27.33,0.664520263671875,-8.811508178710938,1003.7,True
2017340N09089,2017,UNNAMED,BB,2017-12-08 15:00:00,17.6,86.3,51.9,1003.0,Deep Depression,26.73,5.757537841796875,-8.198593139648438,1005.9,True
2017340N09089,2017,UNNAMED,BB,2017-12-08 18:00:00,18.1,86.4,46.3,1004.0,Depression,26.29,0.910614013671875,2.51190185546875,1004.8,False
2017340N09089,2017,UNNAMED,BB,2017-12-08 21:00:00,18.4,86.4,46.3,1004.0,Depression,26.09,-4.977813720703125,4.7060394287109375,1003.9,False
2017340N09089,2017,UNNAMED,BB,2017-12-09 00:00:00,18.7,86.5,46.3,1004.0,Depression,26.2,-5.2342529296875,4.202301025390625,1004.9,False
2017340N09089,2017,UNNAMED,BB,2017-12-09 03:00:00,18.8,86.7,46.3,1004.0,Depression,26.22,-3.043609619140625,8.381256103515625,1007.9,False
2017340N09089,2017,UNNAMED,BB,2017-12-09 06:00:00,19.0,86.9,46.3,1004.0,Depression,26.3,-1.4399871826171875,9.549179077148438,1007.6,False
2017340N09089,2017,UNNAMED,BB,2017-12-09 09:00:00,19.1,87.1,,,,26.3,1.1702117919921875,5.732818603515625,1005.5,False
2017340N09089,2017,UNNAMED,BB,2017-12-09 12:00:00,19.3,87.3,,,,26.53,0.272216796875,4.9273834228515625,1006.1,True
2017340N09089,2017,UNNAMED,BB,2017-12-09 15:00:00,19.5,87.4,,,,26.61,-0.493896484375,6.627365112304688,1008.2,True
2017340N09089,2017,UNNAMED,BB,2017-12-09 18:00:00,19.8,87.6,,,,26.5,0.6700897216796875,5.1910247802734375,1008.2,True
2017340N09089,2017,UNNAMED,BB,2017-12-09 21:00:00,20.1,87.8,,,,26.5,0.941864013671875,7.554901123046875,1007.7,True
2017340N09089,2017,UNNAMED,BB,2017-12-10 00:00:00,20.4,88.1,,,,26.09,2.2110137939453125,4.840744018554688,1008.2,False
2017340N09089,2017,UNNAMED,BB,2017-12-10 03:00:00,20.7,88.4,,,,26.05,1.4465179443359375,6.678878784179688,1010.9,False
2017340N09089,2017,UNNAMED,BB,2017-12-10 06:00:00,21.1,88.7,,,,25.83,1.5278472900390625,6.739990234375,1010.4,False
2018072N05076,2018,UNNAMED,AS,2018-03-13 03:00:00,5.0,76.0,46.3,1006.0,Depression,28.86,-6.782638549804688,-1.8878173828125,1009.4,True
2018072N05076,2018,UNNAMED,AS,2018-03-13 06:00:00,5.5,75.8,46.3,1006.0,Depression,28.71,-3.464584350585937,-2.347198486328125,1011.2,True
2018072N05076,2018,UNNAMED,AS,2018-03-13 09:00:00,6.1,75.4,46.3,1006.0,Depression,28.54,-4.016616821289063,-2.742828369140625,1008.3,True
2018072N05076,2018,UNNAMED,AS,2018-03-13 12:00:00,6.5,75.0,46.3,1006.0,Depression,28.44,-6.207611083984375,-2.9161529541015625,1008.4,True
2018072N05076,2018,UNNAMED,AS,2018-03-13 15:00:00,6.7,74.9,46.3,1006.0,Depression,28.59,-6.003433227539063,-3.197784423828125,1010.3,True
2018072N05076,2018,UNNAMED,AS,2018-03-13 18:00:00,6.7,74.8,46.3,1006.0,Depression,28.56,-4.2289581298828125,-2.9905548095703125,1010.6,True
2018072N05076,2018,UNNAMED,AS,2018-03-13 21:00:00,6.8,74.7,46.3,1006.0,Depression,28.56,-2.426132202148437,-1.2855072021484375,1008.3,True
2018072N05076,2018,UNNAMED,AS,2018-03-14 00:00:00,7.0,74.5,46.3,1006.0,Depression,28.53,-4.8741607666015625,1.6500701904296875,1007.8,True
2018072N05076,2018,UNNAMED,AS,2018-03-14 03:00:00,7.5,74.0,46.3,1006.0,Depression,28.66,-4.4618072509765625,4.325851440429688,1009.5,True
2018072N05076,2018,UNNAMED,AS,2018-03-14 06:00:00,8.0,73.5,46.3,1006.0,Depression,28.92,-2.3662109375,4.5915069580078125,1010.4,True
2018072N05076,2018,UNNAMED,AS,2018-03-14 09:00:00,8.4,73.1,46.3,1006.0,Depression,29.1,-1.9451904296875,1.2987060546875,1008.1,True
2018072N05076,2018,UNNAMED,AS,2018-03-14 12:00:00,8.7,72.8,46.3,1006.0,Depression,29.13,-2.2746124267578125,0.867950439453125,1007.2,True
2018072N05076,2018,UNNAMED,AS,2018-03-14 15:00:00,8.9,72.6,46.3,1006.0,Depression,29.1,-2.769256591796875,3.0684814453125,1009.4,True
2018072N05076,2018,UNNAMED,AS,2018-03-14 18:00:00,9.1,72.5,46.3,1006.0,Depression,29.1,-1.1473541259765625,4.850112915039063,1010.5,True
2018136N11054,2018,SAGAR,AS,2018-05-15 18:00:00,11.3,53.7,,,,30.38,-1.14801025390625,-3.2413787841796875,1007.4,True
2018136N11054,2018,SAGAR,AS,2018-05-15 21:00:00,11.6,53.2,,,,30.27,-3.03631591796875,-0.41107177734375,1006.9,True
2018136N11054,2018,SAGAR,AS,2018-05-16 00:00:00,12.0,52.7,,,,29.62,-0.6011505126953125,4.3805694580078125,1005.2,True
2018136N11054,2018,SAGAR,AS,2018-05-16 03:00:00,12.4,52.2,,,,29.96,1.055450439453125,10.001846313476562,1005.1,True
2018136N11054,2018,SAGAR,AS,2018-05-16 06:00:00,12.7,51.6,,,,29.79,5.40631103515625,-1.085052490234375,1007.2,True
2018136N11054,2018,SAGAR,AS,2018-05-16 09:00:00,12.9,51.1,,,,29.06,4.081756591796875,-1.143218994140625,1006.5,True
2018136N11054,2018,SAGAR,AS,2018-05-16 12:00:00,13.1,50.5,46.3,1001.0,Depression,29.37,3.052642822265625,0.4059906005859375,1005.2,True
2018136N11054,2018,SAGAR,AS,2018-05-16 15:00:00,13.2,50.0,51.9,1001.0,Deep Depression,29.72,2.459716796875,-3.58416748046875,1005.1,True
2018136N11054,2018,SAGAR,AS,2018-05-16 18:00:00,13.2,49.7,55.6,1001.0,Deep Depression,29.72,1.58270263671875,-0.389892578125,1005.7,True
2018136N11054,2018,SAGAR,AS,2018-05-16 21:00:00,13.2,49.4,55.6,1000.0,Deep Depression,29.72,0.448394775390625,6.0648345947265625,1005.1,True
2018136N11054,2018,SAGAR,AS,2018-05-17 00:00:00,13.2,49.2,55.6,999.0,Deep Depression,28.57,-6.92535400390625,9.8421630859375,1003.7,True
2018136N11054,2018,SAGAR,AS,2018-05-17 03:00:00,13.2,48.9,64.8,997.0,Cyclonic Storm,28.57,-9.547271728515623,7.05181884765625,1004.7,False
2018136N11054,2018,SAGAR,AS,2018-05-17 06:00:00,13.1,48.7,64.8,997.0,Cyclonic Storm,28.66,2.108795166015625,7.294677734375,1007.3,False
2018136N11054,2018,SAGAR,AS,2018-05-17 09:00:00,13.1,48.4,64.8,997.0,Cyclonic Storm,28.66,2.584991455078125,2.2084503173828125,1006.8,False
2018136N11054,2018,SAGAR,AS,2018-05-17 12:00:00,13.0,48.1,74.1,996.0,Cyclonic Storm,28.66,-2.50921630859375,-5.1956634521484375,1005.4,False
2018136N11054,2018,SAGAR,AS,2018-05-17 15:00:00,12.9,47.7,74.1,996.0,Cyclonic Storm,28.66,-5.826828002929688,-2.5524139404296875,1005.8,False
2018136N11054,2018,SAGAR,AS,2018-05-17 18:00:00,12.6,47.3,74.1,996.0,Cyclonic Storm,29.14,-4.610366821289063,-2.5454254150390625,1006.9,False
2018136N11054,2018,SAGAR,AS,2018-05-17 21:00:00,12.4,46.9,74.1,996.0,Cyclonic Storm,29.14,-6.0291900634765625,-1.477752685546875,1006.4,False
2018136N11054,2018,SAGAR,AS,2018-05-18 00:00:00,12.2,46.5,83.3,996.0,Cyclonic Storm,29.91,-4.5754241943359375,-0.0115814208984375,1005.9,False
2018136N11054,2018,SAGAR,AS,2018-05-18 03:00:00,12.0,46.2,83.3,994.0,Cyclonic Storm,30.3,-3.1212158203125,0.3167877197265625,1006.6,False
2018136N11054,2018,SAGAR,AS,2018-05-18 06:00:00,11.9,46.0,83.3,994.0,Cyclonic Storm,30.3,-4.2299652099609375,-0.9697265625,1007.6,False
2018136N11054,2018,SAGAR,AS,2018-05-18 09:00:00,11.7,45.6,83.3,994.0,Cyclonic Storm,30.21,-2.137420654296875,-4.287506103515625,1006.9,False
2018136N11054,2018,SAGAR,AS,2018-05-18 12:00:00,11.5,45.5,83.3,994.0,Cyclonic Storm,,0.1645965576171875,-1.7680206298828125,1006.6,False
2018136N11054,2018,SAGAR,AS,2018-05-18 15:00:00,11.4,45.3,83.3,994.0,Cyclonic Storm,,-0.3185577392578125,1.2421722412109375,1007.7,False
2018136N11054,2018,SAGAR,AS,2018-05-18 18:00:00,11.3,45.1,83.3,994.0,Cyclonic Storm,,-0.6061553955078125,1.6183929443359375,1010.7,False
2018136N11054,2018,SAGAR,AS,2018-05-18 21:00:00,11.1,45.0,83.3,994.0,Cyclonic Storm,,1.0454864501953125,2.250350952148437,1012.0,False
2018136N11054,2018,SAGAR,AS,2018-05-19 00:00:00,11.0,44.8,83.3,994.0,Cyclonic Storm,,1.7774505615234375,1.3542938232421875,1010.8,False
2018136N11054,2018,SAGAR,AS,2018-05-19 03:00:00,10.8,44.5,83.3,994.0,Cyclonic Storm,,2.557464599609375,-0.5745849609375,1010.5,False
2018136N11054,2018,SAGAR,AS,2018-05-19 06:00:00,10.7,44.2,74.1,996.0,Cyclonic Storm,,4.548126220703125,1.0889434814453125,1011.6,False
2018136N11054,2018,SAGAR,AS,2018-05-19 09:00:00,10.5,44.0,74.1,998.0,Cyclonic Storm,,3.1216583251953125,0.920166015625,1008.7,False
2018136N11054,2018,SAGAR,AS,2018-05-19 12:00:00,10.4,43.8,64.8,1000.0,Cyclonic Storm,,1.569580078125,0.73480224609375,1006.5,False
2018136N11054,2018,SAGAR,AS,2018-05-19 15:00:00,10.2,43.6,61.1,1001.0,Deep Depression,,1.6417694091796875,-0.1247100830078125,1006.9,False
2018136N11054,2018,SAGAR,AS,2018-05-19 18:00:00,10.1,43.4,55.6,1001.0,Deep Depression,,2.36322021484375,1.06329345703125,1010.5,False
2018136N11054,2018,SAGAR,AS,2018-05-19 21:00:00,10.0,43.2,51.9,1002.0,Deep Depression,,0.299560546875,-0.8079376220703125,1011.1,False
2018136N11054,2018,SAGAR,AS,2018-05-20 00:00:00,9.9,42.8,46.3,1003.0,Depression,,2.3083038330078125,-0.4858856201171875,1009.5,False
2018136N11054,2018,SAGAR,AS,2018-05-20 03:00:00,9.9,42.3,,,,,3.14288330078125,0.04443359375,1010.4,False
2018136N11054,2018,SAGAR,AS,2018-05-20 06:00:00,9.8,41.8,,,,,6.099945068359375,-0.8016815185546875,1011.0,False
2018141N08059,2018,MEKUNU,AS,2018-05-21 06:00:00,7.9,58.6,,,,30.22,6.726119995117188,-3.6640625,1005.1,True
2018141N08059,2018,MEKUNU,AS,2018-05-21 09:00:00,8.1,58.4,,,,30.22,8.92919921875,4.255340576171875,1004.4,True
2018141N08059,2018,MEKUNU,AS,2018-05-21 12:00:00,8.4,58.3,46.3,1004.0,Depression,30.22,3.3269805908203125,1.8434295654296875,1002.1,True
2018141N08059,2018,MEKUNU,AS,2018-05-21 15:00:00,8.5,58.1,46.3,1004.0,Depression,30.3,6.865646362304688,2.731597900390625,1003.2,True
2018141N08059,2018,MEKUNU,AS,2018-05-21 18:00:00,8.7,57.9,46.3,1003.0,Depression,30.24,3.31915283203125,7.844970703125,1003.4,True
2018141N08059,2018,MEKUNU,AS,2018-05-21 21:00:00,8.9,57.7,46.3,1003.0,Depression,30.3,-2.1751708984375,5.0809173583984375,1001.1,True
2018141N08059,2018,MEKUNU,AS,2018-05-22 00:00:00,9.1,57.5,46.3,1002.0,Depression,29.29,1.5849456787109375,5.308639526367188,999.0,True
2018141N08059,2018,MEKUNU,AS,2018-05-22 03:00:00,9.3,57.3,55.6,1001.0,Deep Depression,29.21,9.246932983398438,5.957763671875,1000.0,True
2018141N08059,2018,MEKUNU,AS,2018-05-22 06:00:00,9.6,57.1,55.6,1000.0,Deep Depression,29.06,11.229934692382812,5.431854248046875,999.5,True
2018141N08059,2018,MEKUNU,AS,2018-05-22 09:00:00,9.9,56.9,61.1,999.0,Deep Depression,29.03,10.153594970703123,1.5901031494140625,997.5,True
2018141N08059,2018,MEKUNU,AS,2018-05-22 12:00:00,10.2,56.8,64.8,998.0,Cyclonic Storm,29.0,7.1717529296875,2.9185028076171875,996.0,False
2018141N08059,2018,MEKUNU,AS,2018-05-22 15:00:00,10.5,56.6,64.8,998.0,Cyclonic Storm,28.88,14.655624389648438,4.80712890625,995.3,False
2018141N08059,2018,MEKUNU,AS,2018-05-22 18:00:00,10.7,56.4,74.1,996.0,Cyclonic Storm,28.95,9.186920166015623,12.058120727539062,995.4,False
2018141N08059,2018,MEKUNU,AS,2018-05-22 21:00:00,10.8,56.2,74.1,996.0,Cyclonic Storm,29.02,13.190536499023438,6.6771240234375,992.6,False
2018141N08059,2018,MEKUNU,AS,2018-05-23 00:00:00,11.0,56.1,83.3,994.0,Cyclonic Storm,28.62,9.470596313476562,9.581985473632812,988.5,False
2018141N08059,2018,MEKUNU,AS,2018-05-23 03:00:00,11.2,56.0,101.9,984.0,Severe Cyclonic Storm,28.71,0.0975494384765625,-0.7540130615234375,987.0,False
2018141N08059,2018,MEKUNU,AS,2018-05-23 06:00:00,11.4,56.1,111.1,980.0,Severe Cyclonic Storm,28.67,-0.3602752685546875,0.3980255126953125,988.1,False
2018141N08059,2018,MEKUNU,AS,2018-05-23 09:00:00,11.7,56.0,120.4,978.0,Very Severe Cyclonic Storm,28.59,-3.677902221679688,-3.80303955078125,987.5,False
2018141N08059,2018,MEKUNU,AS,2018-05-23 12:00:00,12.0,56.0,120.4,978.0,Very Severe Cyclonic Storm,28.54,-2.48199462890625,-6.543228149414063,984.3,False
2018141N08059,2018,MEKUNU,AS,2018-05-23 15:00:00,12.3,55.9,129.6,976.0,Very Severe Cyclonic Storm,28.57,3.2239990234375,-4.8316497802734375,983.9,False
2018141N08059,2018,MEKUNU,AS,2018-05-23 18:00:00,12.5,55.8,129.6,976.0,Very Severe Cyclonic Storm,28.65,0.6320648193359375,-1.51165771484375,985.1,False
2018141N08059,2018,MEKUNU,AS,2018-05-23 21:00:00,12.8,55.7,129.6,976.0,Very Severe Cyclonic Storm,28.78,-1.64093017578125,1.3584747314453125,982.8,False
2018141N08059,2018,MEKUNU,AS,2018-05-24 00:00:00,13.0,55.7,129.6,974.0,Very Severe Cyclonic Storm,28.79,-5.264816284179688,1.627349853515625,980.7,False
2018141N08059,2018,MEKUNU,AS,2018-05-24 03:00:00,13.3,55.5,138.9,972.0,Very Severe Cyclonic Storm,29.2,1.507598876953125,-13.264022827148438,981.9,False
2018141N08059,2018,MEKUNU,AS,2018-05-24 06:00:00,13.7,55.5,148.2,970.0,Very Severe Cyclonic Storm,29.31,-2.213653564453125,-11.571243286132812,982.1,False
2018141N08059,2018,MEKUNU,AS,2018-05-24 09:00:00,14.0,55.4,148.2,970.0,Very Severe Cyclonic Storm,29.31,3.5980682373046875,-5.5057525634765625,979.5,False
2018141N08059,2018,MEKUNU,AS,2018-05-24 12:00:00,14.3,55.3,148.2,970.0,Very Severe Cyclonic Storm,29.52,6.8729400634765625,-10.325836181640623,980.8,False
2018141N08059,2018,MEKUNU,AS,2018-05-24 15:00:00,14.6,55.2,148.2,970.0,Very Severe Cyclonic Storm,29.59,13.262939453125,0.0518798828125,979.8,False
2018141N08059,2018,MEKUNU,AS,2018-05-24 18:00:00,14.9,54.9,148.2,970.0,Very Severe Cyclonic Storm,29.81,-1.970611572265625,-6.5311431884765625,979.2,False
2018141N08059,2018,MEKUNU,AS,2018-05-24 21:00:00,15.1,54.7,148.2,970.0,Very Severe Cyclonic Storm,29.92,6.98822021484375,-5.943817138671875,978.2,False
2018141N08059,2018,MEKUNU,AS,2018-05-25 00:00:00,15.2,54.6,157.4,968.0,Very Severe Cyclonic Storm,29.56,0.951416015625,-4.1949005126953125,977.2,False
2018141N08059,2018,MEKUNU,AS,2018-05-25 03:00:00,15.4,54.6,166.7,964.0,Extremely Severe Cyclonic Storm,29.75,-0.843597412109375,-0.609527587890625,977.5,False
2018141N08059,2018,MEKUNU,AS,2018-05-25 06:00:00,15.8,54.5,166.7,964.0,Extremely Severe Cyclonic Storm,29.89,-2.331649780273437,4.4734954833984375,979.2,False
2018141N08059,2018,MEKUNU,AS,2018-05-25 09:00:00,16.1,54.4,166.7,962.0,Extremely Severe Cyclonic Storm,30.09,0.7904815673828125,10.893829345703123,978.2,False
2018141N08059,2018,MEKUNU,AS,2018-05-25 12:00:00,16.3,54.3,175.9,960.0,Extremely Severe Cyclonic Storm,30.11,2.783782958984375,10.970001220703123,978.7,False
2018141N08059,2018,MEKUNU,AS,2018-05-25 15:00:00,16.5,54.1,175.9,960.0,Extremely Severe Cyclonic Storm,29.82,-1.4228668212890625,6.149917602539063,979.4,False
2018141N08059,2018,MEKUNU,AS,2018-05-25 18:00:00,16.7,53.9,175.9,960.0,Extremely Severe Cyclonic Storm,29.82,-4.798095703125,13.192352294921877,982.8,False
2018141N08059,2018,MEKUNU,AS,2018-05-25 21:00:00,17.0,53.6,166.7,964.0,Extremely Severe Cyclonic Storm,,-0.1496124267578125,-6.66998291015625,984.2,False
2018141N08059,2018,MEKUNU,AS,2018-05-26 00:00:00,17.2,53.5,138.9,976.0,Very Severe Cyclonic Storm,,-8.28106689453125,1.9268951416015625,982.3,False
2018141N08059,2018,MEKUNU,AS,2018-05-26 03:00:00,17.5,53.4,111.1,986.0,Severe Cyclonic Storm,,-4.9239654541015625,6.887115478515625,983.4,False
2018141N08059,2018,MEKUNU,AS,2018-05-26 06:00:00,17.8,53.3,92.6,988.0,Severe Cyclonic Storm,,-3.8179779052734375,1.167510986328125,986.2,False
2018141N08059,2018,MEKUNU,AS,2018-05-26 09:00:00,18.2,53.2,83.3,990.0,Cyclonic Storm,,-12.829437255859377,0.3018035888671875,988.0,False
2018141N08059,2018,MEKUNU,AS,2018-05-26 12:00:00,18.5,53.1,74.1,992.0,Cyclonic Storm,,-13.905532836914062,-3.6735687255859375,985.8,False
2018141N08059,2018,MEKUNU,AS,2018-05-26 15:00:00,18.6,52.9,64.8,994.0,Cyclonic Storm,,-13.047744750976562,2.205322265625,985.3,False
2018141N08059,2018,MEKUNU,AS,2018-05-26 18:00:00,18.8,52.7,55.6,996.0,Deep Depression,,-15.622360229492188,-3.5736541748046875,988.5,False
2018141N08059,2018,MEKUNU,AS,2018-05-26 21:00:00,18.9,52.6,51.9,998.0,Deep Depression,,-15.399856567382812,-8.834793090820312,991.5,False
2018141N08059,2018,MEKUNU,AS,2018-05-27 00:00:00,19.0,52.4,46.3,1000.0,Depression,,-13.329757690429688,-2.03131103515625,993.6,False
2018141N08059,2018,MEKUNU,AS,2018-05-27 03:00:00,19.0,52.1,,,,,-11.161575317382812,-7.90203857421875,996.8,False
2018141N08059,2018,MEKUNU,AS,2018-05-27 06:00:00,19.0,52.0,,,,,-11.096572875976562,-6.5892333984375,999.7,False
2018148N17090,2018,UNNAMED,BB,2018-05-28 00:00:00,16.5,90.2,,,,30.47,0.9147796630859376,0.9524383544921876,1001.7,True
2018148N17090,2018,UNNAMED,BB,2018-05-28 03:00:00,16.7,90.4,,,,30.47,-0.2126312255859375,2.694564819335937,1003.8,True
2018148N17090,2018,UNNAMED,BB,2018-05-28 06:00:00,16.9,90.6,,,,30.32,-2.0380096435546875,-0.82830810546875,1003.2,True
2018148N17090,2018,UNNAMED,BB,2018-05-28 09:00:00,17.1,90.8,,,,30.46,-2.1635894775390625,1.3570404052734375,1000.5,True
2018148N17090,2018,UNNAMED,BB,2018-05-28 12:00:00,17.3,91.0,,,,30.42,-1.797271728515625,-1.2502899169921875,1000.1,True
2018148N17090,2018,UNNAMED,BB,2018-05-28 15:00:00,17.5,91.2,,,,30.4,-3.2766265869140625,-0.2234039306640625,1001.2,True
2018148N17090,2018,UNNAMED,BB,2018-05-28 18:00:00,17.8,91.5,,,,30.33,-1.22113037109375,1.281402587890625,1000.3,True
2018148N17090,2018,UNNAMED,BB,2018-05-28 21:00:00,18.0,91.7,,,,30.31,2.682403564453125,-2.4148406982421875,998.5,True
2018148N17090,2018,UNNAMED,BB,2018-05-29 00:00:00,18.3,92.0,,,,29.83,5.126724243164063,-9.166839599609377,996.4,True
2018148N17090,2018,UNNAMED,BB,2018-05-29 03:00:00,18.5,92.3,,,,29.98,-7.720535278320312,3.5321502685546875,995.7,True
2018148N17090,2018,UNNAMED,BB,2018-05-29 06:00:00,18.7,92.5,46.3,998.0,Depression,30.14,-11.358154296875,-3.829254150390625,993.6,True
2018148N17090,2018,UNNAMED,BB,2018-05-29 09:00:00,19.0,92.9,51.9,995.0,Deep Depression,30.41,-3.384735107421875,-4.4075469970703125,987.8,True
2018148N17090,2018,UNNAMED,BB,2018-05-29 12:00:00,19.4,93.3,55.6,992.0,Deep Depression,30.3,-10.08599853515625,-10.898513793945312,992.2,True
2018148N17090,2018,UNNAMED,BB,2018-05-29 15:00:00,19.7,93.6,55.6,993.0,Deep Depression,30.31,8.35589599609375,-9.668365478515623,996.1,True
2018148N17090,2018,UNNAMED,BB,2018-05-29 18:00:00,20.0,94.0,55.6,994.0,Deep Depression,,5.043502807617188,0.61480712890625,998.9,False
2018148N17090,2018,UNNAMED,BB,2018-05-29 21:00:00,20.6,94.7,51.9,995.0,Deep Depression,,2.746917724609375,6.617889404296875,997.5,False
2018148N17090,2018,UNNAMED,BB,2018-05-30 00:00:00,21.3,95.4,46.3,996.0,Depression,,-2.887924194335937,9.176345825195312,999.4,False
2018148N17090,2018,UNNAMED,BB,2018-05-30 03:00:00,21.8,95.8,37.0,998.0,Depression,,3.3961181640625,9.182510375976562,1000.6,False
2018161N22092,2018,UNNAMED,BB,2018-06-10 06:00:00,22.3,91.5,46.3,990.0,Depression,30.04,4.020172119140625,6.396408081054688,992.5,True
2018161N22092,2018,UNNAMED,BB,2018-06-10 09:00:00,22.5,91.5,46.3,989.0,Depression,29.88,2.1827850341796875,6.5758209228515625,990.5,True
2018161N22092,2018,UNNAMED,BB,2018-06-10 12:00:00,22.7,91.4,46.3,988.0,Depression,,0.05706787109375,7.199722290039063,991.1,False
2018161N22092,2018,UNNAMED,BB,2018-06-10 15:00:00,22.9,91.4,42.6,989.0,Depression,,-1.85260009765625,1.57391357421875,992.7,False
2018161N22092,2018,UNNAMED,BB,2018-06-10 18:00:00,23.0,91.3,37.0,990.0,Depression,,4.1096954345703125,-0.9975738525390624,992.7,False
2018202N21088,2018,UNNAMED,BB,2018-07-21 03:00:00,21.0,88.0,46.3,989.0,Depression,30.13,0.226165771484375,1.2413787841796875,991.2,True
2018202N21088,2018,UNNAMED,BB,2018-07-21 06:00:00,21.4,87.7,46.3,989.0,Depression,30.26,-3.77984619140625,-2.017486572265625,991.1,True
2018202N21088,2018,UNNAMED,BB,2018-07-21 09:00:00,21.5,87.6,55.6,988.0,Deep Depression,30.21,0.35076904296875,-3.336578369140625,989.6,True
2018202N21088,2018,UNNAMED,BB,2018-07-21 12:00:00,21.7,87.4,55.6,988.0,Deep Depression,,0.637359619140625,1.260345458984375,990.4,False
2018202N21088,2018,UNNAMED,BB,2018-07-21 15:00:00,21.9,87.2,51.9,989.0,Deep Depression,,-1.7052459716796875,-1.8879241943359373,992.2,False
2018202N21088,2018,UNNAMED,BB,2018-07-21 18:00:00,22.0,87.0,46.3,990.0,Depression,,-1.71087646484375,-1.480743408203125,992.7,False
2018202N21088,2018,UNNAMED,BB,2018-07-21 21:00:00,22.0,87.0,46.3,991.0,Depression,,-3.279937744140625,-1.7221832275390625,990.9,False
2018202N21088,2018,UNNAMED,BB,2018-07-22 00:00:00,22.2,86.8,46.3,992.0,Depression,,-0.487152099609375,-1.2740020751953125,991.4,False
2018202N21088,2018,UNNAMED,BB,2018-07-22 03:00:00,22.6,86.2,46.3,992.0,Depression,,0.003753662109375,-3.7738189697265625,993.9,False
2018202N21088,2018,UNNAMED,BB,2018-07-22 06:00:00,22.7,86.1,46.3,992.0,Depression,,-1.238616943359375,-3.6810302734375,994.3,False
2018202N21088,2018,UNNAMED,BB,2018-07-22 09:00:00,22.8,85.7,46.3,992.0,Depression,,0.0722198486328125,-2.5267791748046875,992.7,False
2018202N21088,2018,UNNAMED,BB,2018-07-22 12:00:00,23.0,85.1,46.3,992.0,Depression,,-0.352386474609375,-1.7359466552734375,994.1,False
2018202N21088,2018,UNNAMED,BB,2018-07-22 15:00:00,23.2,84.8,42.6,993.0,Depression,,0.690093994140625,-1.49444580078125,996.1,False
2018202N21088,2018,UNNAMED,BB,2018-07-22 18:00:00,23.5,84.5,37.0,993.0,Depression,,0.8273468017578125,-0.9638671875,996.7,False
2018202N21088,2018,UNNAMED,BB,2018-07-22 21:00:00,23.7,84.3,37.0,993.0,Depression,,-0.8257293701171875,-2.34405517578125,994.1,False
2018202N21088,2018,UNNAMED,BB,2018-07-23 00:00:00,23.9,84.0,37.0,993.0,Depression,,-0.634521484375,-1.4673309326171875,994.2,False
2018219N21088,2018,UNNAMED,BB,2018-08-07 09:00:00,21.5,87.5,46.3,992.0,Depression,29.28,-4.1566162109375,10.644927978515623,993.8,True
2018219N21088,2018,UNNAMED,BB,2018-08-07 12:00:00,21.5,87.0,46.3,994.0,Depression,29.11,-2.007171630859375,6.305877685546875,994.3,True
2018219N21088,2018,UNNAMED,BB,2018-08-07 15:00:00,21.5,86.5,46.3,995.0,Depression,,-1.0345611572265625,1.34716796875,997.7,False
2018219N21088,2018,UNNAMED,BB,2018-08-07 18:00:00,21.6,86.0,46.3,995.0,Depression,,-2.443328857421875,2.6878814697265625,998.3,False
2018219N21088,2018,UNNAMED,BB,2018-08-07 21:00:00,21.7,85.3,42.6,996.0,Depression,,-2.450347900390625,1.67999267578125,997.3,False
2018219N21088,2018,UNNAMED,BB,2018-08-08 00:00:00,21.7,84.5,37.0,996.0,Depression,,-2.6949615478515625,1.716033935546875,996.7,False
2018227N20086,2018,UNNAMED,BB,2018-08-15 03:00:00,20.0,86.0,46.3,993.0,Depression,,-2.8454132080078125,-3.1468963623046875,995.4,False
2018227N20086,2018,UNNAMED,BB,2018-08-15 06:00:00,20.1,85.6,46.3,993.0,Depression,,-0.8475341796875,-3.0588531494140625,994.8,False
2018227N20086,2018,UNNAMED,BB,2018-08-15 09:00:00,20.2,85.3,46.3,993.0,Depression,,-2.3326873779296875,-1.1799163818359375,992.8,False
2018227N20086,2018,UNNAMED,BB,2018-08-15 12:00:00,20.2,85.0,46.3,993.0,Depression,,-1.6590728759765625,-1.3982086181640625,993.8,False
2018227N20086,2018,UNNAMED,BB,2018-08-15 15:00:00,20.2,84.6,46.3,993.0,Depression,,-1.3701629638671875,-0.5634613037109375,996.7,False
2018227N20086,2018,UNNAMED,BB,2018-08-15 18:00:00,20.3,84.0,46.3,993.0,Depression,,-1.63934326171875,-0.141357421875,997.5,False
2018227N20086,2018,UNNAMED,BB,2018-08-15 21:00:00,20.4,83.1,46.3,994.0,Depression,,-0.4245452880859375,-2.356170654296875,995.0,False
2018227N20086,2018,UNNAMED,BB,2018-08-16 00:00:00,20.5,82.0,46.3,994.0,Depression,,-1.7669219970703125,-1.2587127685546875,996.0,False
2018227N20086,2018,UNNAMED,BB,2018-08-16 03:00:00,20.6,81.0,37.0,994.0,Depression,,-2.41070556640625,-1.12872314453125,996.7,False
2018227N20086,2018,UNNAMED,BB,2018-08-16 06:00:00,20.7,80.5,37.0,994.0,Depression,,-2.9681549072265625,-0.9364013671875,996.9,False
2018227N20086,2018,UNNAMED,BB,2018-08-16 09:00:00,20.9,79.4,37.0,994.0,Depression,,-2.765975952148437,-0.8457794189453125,994.6,False
2018227N20086,2018,UNNAMED,BB,2018-08-16 12:00:00,21.1,78.3,37.0,994.0,Depression,,0.807861328125,0.1434783935546875,994.9,False
2018227N20086,2018,UNNAMED,AS,2018-08-16 15:00:00,21.1,77.9,37.0,994.0,Depression,,1.274658203125,-1.02117919921875,996.8,False
2018227N20086,2018,UNNAMED,AS,2018-08-16 18:00:00,21.2,77.5,37.0,994.0,Depression,,0.7223358154296875,-0.06634521484375,997.5,False
2018227N20086,2018,UNNAMED,AS,2018-08-16 21:00:00,21.4,76.8,37.0,994.0,Depression,,-0.6942291259765625,-2.8216094970703125,996.7,False
2018227N20086,2018,UNNAMED,AS,2018-08-17 00:00:00,21.8,75.8,37.0,994.0,Depression,,1.3336334228515625,-2.3108673095703125,997.4,False
2018249N22088,2018,UNNAMED,BB,2018-09-06 00:00:00,21.8,88.0,46.3,992.0,Depression,29.37,-6.003189086914063,-2.1155548095703125,995.0,True
2018249N22088,2018,UNNAMED,BB,2018-09-06 03:00:00,21.8,87.9,55.6,990.0,Deep Depression,29.37,-7.7665557861328125,0.2701263427734375,996.6,True
2018249N22088,2018,UNNAMED,BB,2018-09-06 06:00:00,21.8,87.6,55.6,990.0,Deep Depression,,-4.373992919921875,1.903228759765625,995.5,False
2018249N22088,2018,UNNAMED,BB,2018-09-06 09:00:00,21.7,87.2,55.6,990.0,Deep Depression,,-3.260986328125,2.935272216796875,993.8,False
2018249N22088,2018,UNNAMED,BB,2018-09-06 12:00:00,21.7,86.8,55.6,990.0,Deep Depression,,-0.9990081787109376,0.305999755859375,993.8,False
2018249N22088,2018,UNNAMED,BB,2018-09-06 15:00:00,21.8,86.5,55.6,990.0,Deep Depression,,-1.3879547119140625,1.9054718017578125,997.3,False
2018249N22088,2018,UNNAMED,BB,2018-09-06 18:00:00,21.9,86.0,55.6,990.0,Deep Depression,,-3.0562286376953125,0.40850830078125,997.3,False
2018249N22088,2018,UNNAMED,BB,2018-09-06 21:00:00,21.9,85.0,51.9,991.0,Deep Depression,,-0.6059112548828125,0.8931427001953125,996.2,False
2018249N22088,2018,UNNAMED,BB,2018-09-07 00:00:00,22.2,84.0,46.3,991.0,Depression,,1.0622711181640625,-1.7939300537109375,995.9,False
2018249N22088,2018,UNNAMED,BB,2018-09-07 03:00:00,22.9,83.3,37.0,992.0,Depression,,-1.6714935302734375,-3.233489990234375,1000.2,False
2018263N17089,2018,DAYE,BB,2018-09-19 15:00:00,17.2,89.0,46.3,997.0,Depression,29.52,-2.953109741210937,2.75567626953125,998.8,True
2018263N17089,2018,DAYE,BB,2018-09-19 18:00:00,17.2,88.3,46.3,996.0,Depression,29.66,-4.288299560546875,2.3951873779296875,997.5,True
2018263N17089,2018,DAYE,BB,2018-09-19 21:00:00,17.2,87.8,46.3,996.0,Depression,29.65,-4.47210693359375,4.064300537109375,995.2,True
2018263N17089,2018,DAYE,BB,2018-09-20 00:00:00,17.2,87.4,46.3,996.0,Depression,28.46,-7.331756591796875,4.212173461914063,996.0,True
2018263N17089,2018,DAYE,BB,2018-09-20 03:00:00,17.3,87.1,55.6,995.0,Deep Depression,28.4,-2.049301147460937,6.6585845947265625,996.6,True
2018263N17089,2018,DAYE,BB,2018-09-20 06:00:00,17.6,87.0,55.6,995.0,Deep Depression,28.52,3.9251708984375,7.731292724609375,994.7,True
2018263N17089,2018,DAYE,BB,2018-09-20 09:00:00,17.9,86.6,55.6,995.0,Deep Depression,29.13,2.5844879150390625,3.7662200927734375,993.5,True
2018263N17089,2018,DAYE,BB,2018-09-20 12:00:00,18.3,86.1,55.6,994.0,Deep Depression,29.33,2.418701171875,5.238983154296875,992.4,True
2018263N17089,2018,DAYE,BB,2018-09-20 15:00:00,18.6,85.8,64.8,992.0,Cyclonic Storm,29.56,-0.2768096923828125,7.665191650390625,995.2,False
2018263N17089,2018,DAYE,BB,2018-09-20 18:00:00,19.1,85.2,64.8,992.0,Cyclonic Storm,29.73,-2.5842742919921875,7.9555816650390625,995.3,False
2018263N17089,2018,DAYE,BB,2018-09-20 21:00:00,19.4,84.4,64.8,993.0,Cyclonic Storm,,-0.4009857177734375,-1.4607696533203125,995.7,False
2018263N17089,2018,DAYE,BB,2018-09-21 00:00:00,19.8,83.6,55.6,994.0,Deep Depression,,-0.9223785400390624,-0.09527587890625,996.9,False
2018263N17089,2018,DAYE,BB,2018-09-21 03:00:00,20.1,82.5,55.6,994.0,Deep Depression,,-2.598007202148437,-1.0238037109375,998.7,False
2018263N17089,2018,DAYE,BB,2018-09-21 06:00:00,20.5,81.5,55.6,995.0,Deep Depression,,-3.0551300048828125,-2.9493865966796875,998.8,False
2018263N17089,2018,DAYE,BB,2018-09-21 09:00:00,20.9,80.7,51.9,996.0,Deep Depression,,-3.33355712890625,-1.675506591796875,997.6,False
2018263N17089,2018,DAYE,BB,2018-09-21 12:00:00,21.2,80.1,46.3,996.0,Depression,,-3.32891845703125,-2.231689453125,997.5,False
2018263N17089,2018,DAYE,BB,2018-09-21 15:00:00,21.4,79.5,46.3,996.0,Depression,,-4.834320068359375,-2.2358551025390625,1000.0,False
2018263N17089,2018,DAYE,BB,2018-09-21 18:00:00,21.4,78.7,46.3,996.0,Depression,,-4.2284698486328125,-2.9425506591796875,999.5,False
2018263N17089,2018,DAYE,AS,2018-09-21 21:00:00,21.8,77.8,46.3,997.0,Depression,,-1.3053131103515625,-4.898727416992188,1000.0,False
2018263N17089,2018,DAYE,AS,2018-09-22 00:00:00,22.3,76.9,46.3,997.0,Depression,,-2.569076538085937,-3.725631713867188,999.6,False
2018263N17089,2018,DAYE,AS,2018-09-22 03:00:00,22.9,76.3,37.0,998.0,Depression,,-2.3343048095703125,-3.5087890625,1003.2,False
2018263N17089,2018,DAYE,AS,2018-09-22 06:00:00,22.9,76.3,37.0,999.0,Depression,,-1.215850830078125,-3.2999725341796875,1002.9,False
2018279N11069,2018,LUBAN,AS,2018-10-05 18:00:00,11.2,68.9,,,,29.5,1.88739013671875,-3.26806640625,1008.8,True
2018279N11069,2018,LUBAN,AS,2018-10-05 21:00:00,11.1,68.4,,,,29.54,2.870147705078125,-5.055206298828125,1006.2,True
2018279N11069,2018,LUBAN,AS,2018-10-06 00:00:00,11.0,67.9,,,,29.18,1.8669891357421875,-5.599945068359375,1006.3,True
2018279N11069,2018,LUBAN,AS,2018-10-06 03:00:00,11.0,67.5,,,,29.09,1.1766357421875,-5.49725341796875,1008.3,True
2018279N11069,2018,LUBAN,AS,2018-10-06 06:00:00,11.0,67.1,,,,28.98,1.1016082763671875,-4.599868774414063,1008.4,True
2018279N11069,2018,LUBAN,AS,2018-10-06 09:00:00,11.0,66.9,46.3,1003.0,Depression,28.98,-1.5908355712890625,-0.5094146728515625,1005.2,True
2018279N11069,2018,LUBAN,AS,2018-10-06 12:00:00,11.1,66.8,46.3,1002.0,Depression,28.95,-1.680450439453125,-1.7303466796875,1004.4,True
2018279N11069,2018,LUBAN,AS,2018-10-06 15:00:00,11.2,66.6,46.3,1002.0,Depression,28.91,-7.079620361328125,-3.2914581298828125,1006.1,True
2018279N11069,2018,LUBAN,AS,2018-10-06 18:00:00,11.4,66.4,46.3,1002.0,Depression,28.8,-8.294479370117188,-2.1492156982421875,1006.7,True
2018279N11069,2018,LUBAN,AS,2018-10-06 21:00:00,11.4,66.2,46.3,1002.0,Depression,28.9,-7.861190795898437,-1.90826416015625,1003.7,True
2018279N11069,2018,LUBAN,AS,2018-10-07 00:00:00,11.5,66.0,46.3,1002.0,Depression,29.09,-7.474700927734375,0.08868408203125,1003.1,True
2018279N11069,2018,LUBAN,AS,2018-10-07 03:00:00,11.7,65.7,46.3,1002.0,Depression,29.01,-8.882232666015625,0.5483856201171875,1004.5,True
2018279N11069,2018,LUBAN,AS,2018-10-07 06:00:00,11.8,65.3,46.3,1002.0,Depression,28.98,-5.962554931640625,0.8058013916015625,1004.7,True
2018279N11069,2018,LUBAN,AS,2018-10-07 09:00:00,11.8,64.8,55.6,1001.0,Deep Depression,28.83,-2.720977783203125,-2.986923217773437,1001.4,True
2018279N11069,2018,LUBAN,AS,2018-10-07 12:00:00,12.0,64.3,55.6,1001.0,Deep Depression,28.41,-1.7139434814453125,-4.012985229492188,1001.2,True
2018279N11069,2018,LUBAN,AS,2018-10-07 15:00:00,12.0,63.9,55.6,1001.0,Deep Depression,28.36,-2.0765838623046875,0.444183349609375,1001.8,True
2018279N11069,2018,LUBAN,AS,2018-10-07 18:00:00,12.0,63.5,55.6,1000.0,Deep Depression,28.36,-6.189376831054688,2.074935913085937,1002.2,True
2018279N11069,2018,LUBAN,AS,2018-10-07 21:00:00,12.0,63.0,61.1,1000.0,Deep Depression,28.39,-5.9916534423828125,0.22821044921875,999.1,True
2018279N11069,2018,LUBAN,AS,2018-10-08 00:00:00,12.1,62.5,64.8,999.0,Cyclonic Storm,27.66,-5.68505859375,-1.837799072265625,997.9,False
2018279N11069,2018,LUBAN,AS,2018-10-08 03:00:00,12.1,62.1,74.1,998.0,Cyclonic Storm,27.56,-3.91119384765625,-0.9219512939453124,998.5,False
2018279N11069,2018,LUBAN,AS,2018-10-08 06:00:00,12.2,61.9,74.1,997.0,Cyclonic Storm,27.45,-4.331939697265625,1.3270416259765625,998.8,False
2018279N11069,2018,LUBAN,AS,2018-10-08 09:00:00,12.3,61.6,83.3,996.0,Cyclonic Storm,27.5,-3.5342254638671875,-1.981842041015625,995.4,False
2018279N11069,2018,LUBAN,AS,2018-10-08 12:00:00,12.4,61.3,83.3,996.0,Cyclonic Storm,27.46,-5.693206787109375,-7.8910675048828125,994.2,False
2018279N11069,2018,LUBAN,AS,2018-10-08 15:00:00,12.5,61.1,83.3,996.0,Cyclonic Storm,27.53,-0.990966796875,-8.94879150390625,994.5,False
2018279N11069,2018,LUBAN,AS,2018-10-08 18:00:00,12.6,60.9,83.3,994.0,Cyclonic Storm,27.53,-1.6131439208984375,-2.7998504638671875,994.2,False
2018279N11069,2018,LUBAN,AS,2018-10-08 21:00:00,12.7,60.6,83.3,994.0,Cyclonic Storm,27.35,-1.660400390625,-9.90350341796875,993.0,False
2018279N11069,2018,LUBAN,AS,2018-10-09 00:00:00,12.8,60.5,83.3,994.0,Cyclonic Storm,26.61,-2.095672607421875,-4.7147369384765625,990.4,False
2018279N11069,2018,LUBAN,AS,2018-10-09 03:00:00,12.9,60.4,83.3,994.0,Cyclonic Storm,26.49,-3.454696655273437,0.481781005859375,990.9,False
2018279N11069,2018,LUBAN,AS,2018-10-09 06:00:00,13.0,60.4,83.3,994.0,Cyclonic Storm,26.49,1.41741943359375,5.54730224609375,992.5,False
2018279N11069,2018,LUBAN,AS,2018-10-09 09:00:00,13.1,60.3,92.6,992.0,Severe Cyclonic Storm,26.36,6.2650909423828125,5.877120971679688,991.1,False
2018279N11069,2018,LUBAN,AS,2018-10-09 12:00:00,13.2,60.1,101.9,990.0,Severe Cyclonic Storm,26.45,-1.946624755859375,1.9733123779296875,988.4,False
2018279N11069,2018,LUBAN,AS,2018-10-09 15:00:00,13.4,59.8,101.9,990.0,Severe Cyclonic Storm,26.58,-7.370513916015625,-2.5869903564453125,989.2,False
2018279N11069,2018,LUBAN,AS,2018-10-09 18:00:00,13.6,59.6,101.9,990.0,Severe Cyclonic Storm,26.69,0.1483917236328125,-2.7292938232421875,990.0,False
2018279N11069,2018,LUBAN,AS,2018-10-09 21:00:00,13.7,59.3,111.1,988.0,Severe Cyclonic Storm,26.68,-1.3248291015625,-4.950119018554688,989.0,False
2018279N11069,2018,LUBAN,AS,2018-10-10 00:00:00,14.0,59.2,120.4,985.0,Very Severe Cyclonic Storm,26.44,-2.7512359619140625,2.5616607666015625,987.8,False
2018279N11069,2018,LUBAN,AS,2018-10-10 03:00:00,14.1,59.1,120.4,984.0,Very Severe Cyclonic Storm,26.61,-3.3296051025390625,-1.8069305419921875,987.7,False
2018279N11069,2018,LUBAN,AS,2018-10-10 06:00:00,14.2,59.0,138.9,978.0,Very Severe Cyclonic Storm,26.8,-5.283599853515625,1.5666351318359375,988.5,False
2018279N11069,2018,LUBAN,AS,2018-10-10 09:00:00,14.4,58.7,138.9,978.0,Very Severe Cyclonic Storm,27.29,-7.355148315429687,-1.1671295166015625,985.7,False
2018279N11069,2018,LUBAN,AS,2018-10-10 12:00:00,14.4,58.6,138.9,978.0,Very Severe Cyclonic Storm,27.6,-7.9849853515625,-5.45751953125,985.4,False
2018279N11069,2018,LUBAN,AS,2018-10-10 15:00:00,14.5,58.5,138.9,978.0,Very Severe Cyclonic Storm,27.6,-7.5656890869140625,-3.0565643310546875,986.4,False
2018279N11069,2018,LUBAN,AS,2018-10-10 18:00:00,14.5,58.4,138.9,978.0,Very Severe Cyclonic Storm,27.6,-2.384552001953125,3.512115478515625,986.0,False
2018279N11069,2018,LUBAN,AS,2018-10-10 21:00:00,14.5,58.4,138.9,978.0,Very Severe Cyclonic Storm,27.6,2.36474609375,13.435760498046877,985.6,False
2018279N11069,2018,LUBAN,AS,2018-10-11 00:00:00,14.6,58.2,138.9,978.0,Very Severe Cyclonic Storm,27.44,5.0374603271484375,12.823318481445312,985.8,False
2018279N11069,2018,LUBAN,AS,2018-10-11 03:00:00,14.4,58.0,129.6,980.0,Very Severe Cyclonic Storm,27.44,4.1007843017578125,10.497344970703123,986.4,False
2018279N11069,2018,LUBAN,AS,2018-10-11 06:00:00,14.5,57.9,129.6,980.0,Very Severe Cyclonic Storm,27.44,0.441864013671875,12.958251953125,988.2,False
2018279N11069,2018,LUBAN,AS,2018-10-11 09:00:00,14.5,57.9,129.6,980.0,Very Severe Cyclonic Storm,27.44,2.989608764648437,11.895980834960938,985.6,False
2018279N11069,2018,LUBAN,AS,2018-10-11 12:00:00,14.5,57.8,129.6,980.0,Very Severe Cyclonic Storm,27.24,2.1739501953125,3.374130249023437,986.9,False
2018279N11069,2018,LUBAN,AS,2018-10-11 15:00:00,14.5,57.8,129.6,980.0,Very Severe Cyclonic Storm,27.24,-0.1158447265625,1.8067626953125,988.2,False
2018279N11069,2018,LUBAN,AS,2018-10-11 18:00:00,14.6,57.7,129.6,980.0,Very Severe Cyclonic Storm,27.24,-2.1947479248046875,3.3469390869140625,988.9,False
2018279N11069,2018,LUBAN,AS,2018-10-11 21:00:00,14.7,57.7,120.4,980.0,Very Severe Cyclonic Storm,27.32,-7.654190063476562,8.492279052734375,988.8,False
2018279N11069,2018,LUBAN,AS,2018-10-12 00:00:00,14.7,57.6,111.1,984.0,Severe Cyclonic Storm,27.29,-7.962799072265625,3.012969970703125,990.8,False
2018279N11069,2018,LUBAN,AS,2018-10-12 03:00:00,14.6,57.5,101.9,987.0,Severe Cyclonic Storm,27.19,-0.755126953125,9.534042358398438,991.6,False
2018279N11069,2018,LUBAN,AS,2018-10-12 06:00:00,14.7,57.4,92.6,990.0,Severe Cyclonic Storm,27.29,-7.401718139648437,9.028076171875,993.3,False
2018279N11069,2018,LUBAN,AS,2018-10-12 09:00:00,14.6,57.2,92.6,990.0,Severe Cyclonic Storm,27.15,4.046630859375,5.336883544921875,991.2,False
2018279N11069,2018,LUBAN,AS,2018-10-12 12:00:00,14.7,57.0,92.6,991.0,Severe Cyclonic Storm,27.17,1.057037353515625,2.257049560546875,991.6,False
2018279N11069,2018,LUBAN,AS,2018-10-12 15:00:00,14.7,56.8,92.6,992.0,Severe Cyclonic Storm,27.1,1.8946990966796875,2.367950439453125,993.4,False
2018279N11069,2018,LUBAN,AS,2018-10-12 18:00:00,14.8,56.5,83.3,994.0,Cyclonic Storm,27.07,2.6048736572265625,3.2602691650390625,994.9,False
2018279N11069,2018,LUBAN,AS,2018-10-12 21:00:00,14.8,56.2,83.3,994.0,Cyclonic Storm,27.06,4.3790283203125,4.486602783203125,994.3,False
2018279N11069,2018,LUBAN,AS,2018-10-13 00:00:00,14.8,55.9,83.3,994.0,Cyclonic Storm,26.84,2.489227294921875,10.4461669921875,995.6,False
2018279N11069,2018,LUBAN,AS,2018-10-13 03:00:00,14.8,55.6,74.1,994.0,Cyclonic Storm,26.64,4.2227935791015625,4.594528198242188,996.8,False
2018279N11069,2018,LUBAN,AS,2018-10-13 06:00:00,14.9,55.3,74.1,994.0,Cyclonic Storm,26.39,-0.5073089599609375,5.961761474609375,997.6,False
2018279N11069,2018,LUBAN,AS,2018-10-13 09:00:00,14.9,54.9,74.1,994.0,Cyclonic Storm,26.23,1.6393890380859375,7.609405517578125,995.8,False
2018279N11069,2018,LUBAN,AS,2018-10-13 12:00:00,14.9,54.5,74.1,994.0,Cyclonic Storm,26.17,8.122650146484375,4.7444915771484375,997.0,False
2018279N11069,2018,LUBAN,AS,2018-10-13 15:00:00,14.9,54.1,74.1,994.0,Cyclonic Storm,26.92,9.137054443359377,3.777740478515625,998.9,False
2018279N11069,2018,LUBAN,AS,2018-10-13 18:00:00,15.1,53.7,74.1,996.0,Cyclonic Storm,27.25,8.657852172851562,7.793609619140625,1001.3,False
2018279N11069,2018,LUBAN,AS,2018-10-13 21:00:00,15.2,53.3,74.1,996.0,Cyclonic Storm,27.68,9.870620727539062,7.0120391845703125,1000.4,False
2018279N11069,2018,LUBAN,AS,2018-10-14 00:00:00,15.4,52.8,74.1,998.0,Cyclonic Storm,27.91,4.8317413330078125,8.557861328125,999.2,False
2018279N11069,2018,LUBAN,AS,2018-10-14 03:00:00,15.6,52.5,74.1,998.0,Cyclonic Storm,27.66,5.3559112548828125,11.702178955078123,1001.0,False
2018279N11069,2018,LUBAN,AS,2018-10-14 06:00:00,15.9,52.2,64.8,999.0,Cyclonic Storm,27.0,-7.77032470703125,9.43463134765625,1004.0,False
2018279N11069,2018,LUBAN,AS,2018-10-14 09:00:00,15.9,51.8,55.6,1000.0,Deep Depression,,-4.610519409179688,4.289306640625,1003.1,False
2018279N11069,2018,LUBAN,AS,2018-10-14 12:00:00,16.0,51.4,55.6,1001.0,Deep Depression,,-3.390869140625,8.56097412109375,1003.5,False
2018279N11069,2018,LUBAN,AS,2018-10-14 15:00:00,16.1,51.1,51.9,1002.0,Deep Depression,,3.153915405273437,4.2293548583984375,1005.1,False
2018279N11069,2018,LUBAN,AS,2018-10-14 18:00:00,16.3,50.8,46.3,1002.0,Depression,,2.3464813232421875,5.5923614501953125,1006.8,False
2018279N11069,2018,LUBAN,AS,2018-10-14 21:00:00,16.2,50.0,46.3,1003.0,Depression,,6.18194580078125,-1.7837982177734375,1008.5,False
2018279N11069,2018,LUBAN,AS,2018-10-15 00:00:00,16.2,49.0,46.3,1003.0,Depression,,5.806076049804688,2.5614776611328125,1008.3,False
2018281N14088,2018,TITLI,BB,2018-10-08 00:00:00,14.2,88.4,,,,29.27,-1.31396484375,1.082122802734375,1005.4,True
2018281N14088,2018,TITLI,BB,2018-10-08 03:00:00,14.1,88.4,46.3,1002.0,Depression,29.31,-0.14947509765625,5.403244018554688,1007.5,True
2018281N14088,2018,TITLI,BB,2018-10-08 06:00:00,14.1,88.3,46.3,1002.0,Depression,29.29,0.797943115234375,5.8944244384765625,1006.2,True
2018281N14088,2018,TITLI,BB,2018-10-08 09:00:00,14.2,88.1,46.3,1002.0,Depression,29.29,2.1024932861328125,4.165618896484375,1003.3,True
2018281N14088,2018,TITLI,BB,2018-10-08 12:00:00,14.3,87.9,46.3,1002.0,Depression,29.29,0.440582275390625,5.294479370117188,1003.2,True
2018281N14088,2018,TITLI,BB,2018-10-08 15:00:00,14.4,87.7,51.9,1001.0,Deep Depression,29.52,-0.033935546875,5.93988037109375,1004.6,True
2018281N14088,2018,TITLI,BB,2018-10-08 18:00:00,14.5,87.5,55.6,1000.0,Deep Depression,29.7,2.1300201416015625,5.3954620361328125,1003.8,True
2018281N14088,2018,TITLI,BB,2018-10-08 21:00:00,14.6,87.3,55.6,1000.0,Deep Depression,29.85,3.755615234375,5.65118408203125,1001.7,True
2018281N14088,2018,TITLI,BB,2018-10-09 00:00:00,14.7,87.1,55.6,1000.0,Deep Depression,29.36,1.289093017578125,2.378036499023437,1000.3,True
2018281N14088,2018,TITLI,BB,2018-10-09 03:00:00,14.7,86.9,55.6,999.0,Deep Depression,29.36,1.2992095947265625,-0.499664306640625,1001.5,True
2018281N14088,2018,TITLI,BB,2018-10-09 06:00:00,14.8,86.8,64.8,998.0,Cyclonic Storm,29.28,1.16253662109375,1.53460693359375,1000.4,False
2018281N14088,2018,TITLI,BB,2018-10-09 09:00:00,14.9,86.7,64.8,997.0,Cyclonic Storm,29.22,-0.0835418701171875,1.1017303466796875,997.2,False
2018281N14088,2018,TITLI,BB,2018-10-09 12:00:00,15.1,86.6,74.1,996.0,Cyclonic Storm,29.14,2.917633056640625,-2.2493438720703125,996.9,False
2018281N14088,2018,TITLI,BB,2018-10-09 15:00:00,15.3,86.5,74.1,995.0,Cyclonic Storm,29.24,2.897064208984375,-0.5869903564453125,997.7,False
2018281N14088,2018,TITLI,BB,2018-10-09 18:00:00,15.6,86.3,83.3,996.0,Cyclonic Storm,29.49,4.0868682861328125,-4.272262573242188,997.4,False
2018281N14088,2018,TITLI,BB,2018-10-09 21:00:00,15.8,86.1,92.6,994.0,Severe Cyclonic Storm,29.58,5.0472412109375,-5.383712768554688,995.1,False
2018281N14088,2018,TITLI,BB,2018-10-10 00:00:00,16.1,86.0,101.9,990.0,Severe Cyclonic Storm,29.19,2.677474975585937,-2.556503295898437,993.0,False
2018281N14088,2018,TITLI,BB,2018-10-10 03:00:00,16.5,85.9,111.1,988.0,Severe Cyclonic Storm,28.91,-0.9145660400390624,4.3131866455078125,993.7,False
2018281N14088,2018,TITLI,BB,2018-10-10 06:00:00,17.0,85.6,129.6,982.0,Very Severe Cyclonic Storm,29.32,-3.363677978515625,-0.7527008056640625,992.4,False
2018281N14088,2018,TITLI,BB,2018-10-10 09:00:00,17.3,85.4,138.9,976.0,Very Severe Cyclonic Storm,29.73,2.4241485595703125,5.4422454833984375,989.8,False
2018281N14088,2018,TITLI,BB,2018-10-10 12:00:00,17.6,85.3,148.2,972.0,Very Severe Cyclonic Storm,30.04,2.9739990234375,0.09521484375,987.7,False
2018281N14088,2018,TITLI,BB,2018-10-10 15:00:00,17.8,85.1,148.2,972.0,Very Severe Cyclonic Storm,30.18,5.9186859130859375,-2.0721893310546875,989.3,False
2018281N14088,2018,TITLI,BB,2018-10-10 18:00:00,18.3,85.0,148.2,972.0,Very Severe Cyclonic Storm,30.33,-4.506622314453125,9.641021728515623,988.7,False
2018281N14088,2018,TITLI,BB,2018-10-10 21:00:00,18.6,84.6,148.2,972.0,Very Severe Cyclonic Storm,30.29,6.87060546875,-6.400177001953125,988.2,False
2018281N14088,2018,TITLI,BB,2018-10-11 00:00:00,18.8,84.4,148.2,972.0,Very Severe Cyclonic Storm,,0.9632415771484376,7.886795043945312,991.1,False
2018281N14088,2018,TITLI,BB,2018-10-11 03:00:00,18.9,84.1,120.4,985.0,Very Severe Cyclonic Storm,,-3.4861297607421875,-1.130584716796875,995.3,False
2018281N14088,2018,TITLI,BB,2018-10-11 06:00:00,19.2,83.9,111.1,988.0,Severe Cyclonic Storm,,-6.294464111328125,0.585205078125,998.1,False
2018281N14088,2018,TITLI,BB,2018-10-11 09:00:00,19.4,83.8,92.6,994.0,Severe Cyclonic Storm,,-5.3902740478515625,-2.5669097900390625,996.6,False
2018281N14088,2018,TITLI,BB,2018-10-11 12:00:00,19.7,83.8,83.3,996.0,Cyclonic Storm,,-5.5926513671875,-2.1727447509765625,998.4,False
2018281N14088,2018,TITLI,BB,2018-10-11 15:00:00,19.9,83.9,74.1,998.0,Cyclonic Storm,,-7.5445556640625,0.4591064453125,1001.7,False
2018281N14088,2018,TITLI,BB,2018-10-11 18:00:00,20.1,84.2,55.6,999.0,Deep Depression,,-6.745529174804688,3.2981109619140625,1001.1,False
2018281N14088,2018,TITLI,BB,2018-10-11 21:00:00,20.3,84.4,55.6,1000.0,Deep Depression,,-6.8690338134765625,4.156341552734375,999.1,False
2018281N14088,2018,TITLI,BB,2018-10-12 00:00:00,20.5,84.7,55.6,1000.0,Deep Depression,,-5.919830322265625,1.548126220703125,1000.8,False
2018281N14088,2018,TITLI,BB,2018-10-12 03:00:00,20.7,85.0,55.6,1001.0,Deep Depression,,-6.737548828125,2.113143920898437,1003.5,False
2018281N14088,2018,TITLI,BB,2018-10-12 06:00:00,20.9,85.3,55.6,1001.0,Deep Depression,,-5.8548431396484375,3.694091796875,1003.1,False
2018281N14088,2018,TITLI,BB,2018-10-12 09:00:00,20.9,85.5,46.3,1002.0,Depression,,-0.052978515625,6.650360107421875,1001.9,False
2018281N14088,2018,TITLI,BB,2018-10-12 12:00:00,21.2,86.1,46.3,1002.0,Depression,,-2.691009521484375,5.043182373046875,1005.1,False
2018281N14088,2018,TITLI,BB,2018-10-12 15:00:00,21.6,86.7,46.3,1003.0,Depression,,-1.1668243408203125,3.004669189453125,1007.6,False
2018281N14088,2018,TITLI,BB,2018-10-12 18:00:00,21.9,87.2,46.3,1003.0,Depression,,-3.191024780273437,2.8608551025390625,1008.0,False
2018281N14088,2018,TITLI,BB,2018-10-12 21:00:00,22.1,87.5,37.0,1004.0,Depression,,1.7813720703125,3.817657470703125,1006.6,False
2018314N12093,2018,GAJA,BB,2018-11-10 03:00:00,11.7,92.5,46.3,1003.0,Depression,28.92,-4.21136474609375,6.863204956054688,1009.5,True
2018314N12093,2018,GAJA,BB,2018-11-10 06:00:00,12.0,92.0,46.3,1002.0,Depression,28.73,-5.1990814208984375,7.584381103515625,1007.9,True
2018314N12093,2018,GAJA,BB,2018-11-10 09:00:00,12.3,91.4,51.9,1002.0,Deep Depression,28.4,-3.44342041015625,7.4492340087890625,1006.3,True
2018314N12093,2018,GAJA,BB,2018-11-10 12:00:00,12.7,90.7,55.6,1001.0,Deep Depression,28.75,-3.620758056640625,4.524566650390625,1007.4,True
2018314N12093,2018,GAJA,BB,2018-11-10 15:00:00,12.9,90.2,55.6,1001.0,Deep Depression,28.57,-5.417022705078125,3.493072509765625,1009.6,True
2018314N12093,2018,GAJA,BB,2018-11-10 18:00:00,13.1,89.8,55.6,1000.0,Deep Depression,28.7,-5.4654693603515625,2.5897369384765625,1008.5,True
2018314N12093,2018,GAJA,BB,2018-11-10 21:00:00,13.2,89.5,61.1,1000.0,Deep Depression,28.68,-7.5976409912109375,4.186767578125,1006.6,True
2018314N12093,2018,GAJA,BB,2018-11-11 00:00:00,13.4,89.2,64.8,999.0,Cyclonic Storm,28.73,-5.157928466796875,3.1487579345703125,1008.0,False
2018314N12093,2018,GAJA,BB,2018-11-11 03:00:00,13.4,88.8,64.8,999.0,Cyclonic Storm,28.51,-5.76165771484375,1.4443817138671875,1010.2,False
2018314N12093,2018,GAJA,BB,2018-11-11 06:00:00,13.4,88.5,74.1,998.0,Cyclonic Storm,28.48,-7.40850830078125,2.005401611328125,1008.9,False
2018314N12093,2018,GAJA,BB,2018-11-11 09:00:00,13.4,88.0,74.1,998.0,Cyclonic Storm,28.61,-5.342208862304688,0.832427978515625,1006.5,False
2018314N12093,2018,GAJA,BB,2018-11-11 12:00:00,13.3,87.7,74.1,998.0,Cyclonic Storm,28.65,-4.561126708984375,-0.3527069091796875,1007.5,False
2018314N12093,2018,GAJA,BB,2018-11-11 15:00:00,13.2,87.5,74.1,998.0,Cyclonic Storm,28.66,-5.1461029052734375,-2.2888336181640625,1009.0,False
2018314N12093,2018,GAJA,BB,2018-11-11 18:00:00,13.1,87.3,74.1,998.0,Cyclonic Storm,28.71,-2.686065673828125,-0.5672607421875,1007.2,False
2018314N12093,2018,GAJA,BB,2018-11-11 21:00:00,13.1,87.2,74.1,998.0,Cyclonic Storm,28.71,-1.7619171142578125,-2.11407470703125,1005.8,False
2018314N12093,2018,GAJA,BB,2018-11-12 00:00:00,12.9,87.2,74.1,998.0,Cyclonic Storm,28.57,-4.8416595458984375,-2.402435302734375,1006.2,False
2018314N12093,2018,GAJA,BB,2018-11-12 03:00:00,12.7,87.2,74.1,998.0,Cyclonic Storm,28.65,-4.590576171875,-0.6102447509765625,1007.6,False
2018314N12093,2018,GAJA,BB,2018-11-12 06:00:00,12.6,87.3,74.1,998.0,Cyclonic Storm,28.71,-1.4931793212890625,0.87066650390625,1006.7,False
2018314N12093,2018,GAJA,BB,2018-11-12 09:00:00,12.7,87.3,74.1,998.0,Cyclonic Storm,28.65,0.2272796630859375,0.5524444580078125,1004.4,False
2018314N12093,2018,GAJA,BB,2018-11-12 12:00:00,12.8,87.6,74.1,998.0,Cyclonic Storm,28.59,2.119476318359375,-0.182830810546875,1005.1,False
2018314N12093,2018,GAJA,BB,2018-11-12 15:00:00,13.0,87.6,74.1,998.0,Cyclonic Storm,28.59,2.6295166015625,1.373138427734375,1006.6,False
2018314N12093,2018,GAJA,BB,2018-11-12 18:00:00,13.3,87.6,83.3,996.0,Cyclonic Storm,28.57,-0.6783599853515625,4.3460845947265625,1005.8,False
2018314N12093,2018,GAJA,BB,2018-11-12 21:00:00,13.4,87.4,83.3,996.0,Cyclonic Storm,28.56,-2.666900634765625,5.9047698974609375,1004.0,False
2018314N12093,2018,GAJA,BB,2018-11-13 00:00:00,13.6,87.2,74.1,998.0,Cyclonic Storm,28.71,-1.025665283203125,3.698883056640625,1004.5,False
2018314N12093,2018,GAJA,BB,2018-11-13 03:00:00,13.6,87.0,74.1,998.0,Cyclonic Storm,28.72,-2.218292236328125,3.3318328857421875,1006.1,False
2018314N12093,2018,GAJA,BB,2018-11-13 06:00:00,13.7,86.6,74.1,998.0,Cyclonic Storm,28.78,-5.029067993164063,0.0272979736328125,1004.8,False
2018314N12093,2018,GAJA,BB,2018-11-13 09:00:00,13.6,86.3,74.1,998.0,Cyclonic Storm,28.78,-3.111053466796875,0.9910430908203124,1002.2,False
2018314N12093,2018,GAJA,BB,2018-11-13 12:00:00,13.5,86.1,74.1,998.0,Cyclonic Storm,28.84,-5.0062255859375,-3.498321533203125,1003.7,False
2018314N12093,2018,GAJA,BB,2018-11-13 15:00:00,13.4,85.9,74.1,998.0,Cyclonic Storm,28.84,-6.3170928955078125,-1.3746795654296875,1006.0,False
2018314N12093,2018,GAJA,BB,2018-11-13 18:00:00,13.3,85.7,74.1,998.0,Cyclonic Storm,28.82,-6.559585571289063,-0.47796630859375,1005.0,False
2018314N12093,2018,GAJA,BB,2018-11-13 21:00:00,13.2,85.5,74.1,998.0,Cyclonic Storm,28.87,-7.728594779968262,-0.34661865234375,1003.6,False
2018314N12093,2018,GAJA,BB,2018-11-14 00:00:00,13.1,85.4,74.1,998.0,Cyclonic Storm,28.66,-6.789752960205078,0.1865997314453125,1004.3,False
2018314N12093,2018,GAJA,BB,2018-11-14 03:00:00,13.0,85.2,74.1,998.0,Cyclonic Storm,28.65,-7.806015968322754,-0.53692626953125,1006.4,False
2018314N12093,2018,GAJA,BB,2018-11-14 06:00:00,12.8,85.0,83.3,996.0,Cyclonic Storm,28.62,-6.947875022888184,-0.5402374267578125,1005.2,False
2018314N12093,2018,GAJA,BB,2018-11-14 09:00:00,12.6,84.7,83.3,996.0,Cyclonic Storm,28.57,-5.816615104675293,-1.3348388671875,1003.0,False
2018314N12093,2018,GAJA,BB,2018-11-14 12:00:00,12.4,84.4,83.3,996.0,Cyclonic Storm,28.51,-6.785772323608398,-1.43035888671875,1003.3,False
2018314N12093,2018,GAJA,BB,2018-11-14 15:00:00,12.2,84.2,83.3,996.0,Cyclonic Storm,28.42,-6.8641357421875,-0.7905731201171875,1005.5,False
2018314N12093,2018,GAJA,BB,2018-11-14 18:00:00,12.0,83.9,83.3,996.0,Cyclonic Storm,28.46,-6.9909515380859375,0.720733642578125,1004.7,False
2018314N12093,2018,GAJA,BB,2018-11-14 21:00:00,11.8,83.5,83.3,996.0,Cyclonic Storm,28.37,-3.2435302734375,-3.0447540283203125,1002.5,False
2018314N12093,2018,GAJA,BB,2018-11-15 00:00:00,11.5,83.1,83.3,996.0,Cyclonic Storm,28.37,-2.076034545898437,-5.6695709228515625,1002.4,False
2018314N12093,2018,GAJA,BB,2018-11-15 03:00:00,11.4,82.7,92.6,994.0,Severe Cyclonic Storm,28.35,-6.6027374267578125,-2.71337890625,1004.4,False
2018314N12093,2018,GAJA,BB,2018-11-15 06:00:00,11.3,82.2,101.9,990.0,Severe Cyclonic Storm,28.35,-2.5149383544921875,-3.853424072265625,1003.6,False
2018314N12093,2018,GAJA,BB,2018-11-15 09:00:00,11.1,81.6,101.9,989.0,Severe Cyclonic Storm,28.06,-0.2531585693359375,-7.904006958007812,1002.2,False
2018314N12093,2018,GAJA,BB,2018-11-15 12:00:00,10.9,81.2,111.1,988.0,Severe Cyclonic Storm,28.07,-9.939361572265623,-2.969573974609375,1002.0,False
2018314N12093,2018,GAJA,BB,2018-11-15 15:00:00,10.7,80.7,120.4,984.0,Very Severe Cyclonic Storm,28.48,-8.998077392578125,-4.826217651367188,1003.6,False
2018314N12093,2018,GAJA,BB,2018-11-15 18:00:00,10.6,80.3,129.6,976.0,Very Severe Cyclonic Storm,28.51,-3.535125732421875,-6.2917327880859375,1003.3,False
2018314N12093,2018,GAJA,BB,2018-11-15 21:00:00,10.5,79.7,129.6,976.0,Very Severe Cyclonic Storm,,0.7634429931640625,-3.8226165771484375,1002.3,False
2018314N12093,2018,GAJA,BB,2018-11-16 00:00:00,10.5,79.1,101.9,990.0,Severe Cyclonic Storm,,1.9452972412109373,-6.7476348876953125,1003.4,False
2018314N12093,2018,GAJA,BB,2018-11-16 03:00:00,10.4,78.5,83.3,996.0,Cyclonic Storm,,3.4063262939453125,-3.4678192138671875,1007.3,False
2018314N12093,2018,GAJA,AS,2018-11-16 06:00:00,10.5,77.6,55.6,1000.0,Deep Depression,,2.967636108398437,-0.5163421630859375,1010.1,False
2018314N12093,2018,GAJA,AS,2018-11-16 09:00:00,10.3,76.9,51.9,1001.0,Deep Depression,,0.590362548828125,0.5888824462890625,1011.2,False
2018314N12093,2018,GAJA,AS,2018-11-16 12:00:00,10.0,76.3,46.3,1002.0,Depression,28.71,2.56024169921875,1.874359130859375,1007.3,True
2018314N12093,2018,GAJA,AS,2018-11-16 15:00:00,9.9,75.8,46.3,1002.0,Depression,28.75,2.85711669921875,3.3791961669921875,1009.7,True
2018314N12093,2018,GAJA,AS,2018-11-16 18:00:00,9.8,75.3,46.3,1002.0,Depression,29.14,1.9261016845703125,3.188262939453125,1010.1,True
2018314N12093,2018,GAJA,AS,2018-11-16 21:00:00,9.7,74.7,51.9,1003.0,Deep Depression,29.12,2.058380126953125,1.7332763671875,1008.1,True
2018314N12093,2018,GAJA,AS,2018-11-17 00:00:00,9.7,74.2,55.6,1003.0,Deep Depression,28.96,5.2206573486328125,1.318145751953125,1008.0,True
2018314N12093,2018,GAJA,AS,2018-11-17 03:00:00,9.7,73.5,55.6,1003.0,Deep Depression,29.11,4.2421417236328125,4.563400268554688,1010.5,True
2018314N12093,2018,GAJA,AS,2018-11-17 06:00:00,9.8,73.0,55.6,1003.0,Deep Depression,29.25,5.0700531005859375,4.33953857421875,1010.1,True
2018314N12093,2018,GAJA,AS,2018-11-17 09:00:00,9.9,72.4,55.6,1003.0,Deep Depression,29.5,7.534988403320312,4.4756927490234375,1006.6,True
2018314N12093,2018,GAJA,AS,2018-11-17 12:00:00,10.0,71.8,55.6,1003.0,Deep Depression,29.42,7.1535186767578125,-2.96099853515625,1006.5,True
2018314N12093,2018,GAJA,AS,2018-11-17 15:00:00,10.1,71.2,55.6,1003.0,Deep Depression,29.38,5.40234375,-2.383056640625,1009.0,True
2018314N12093,2018,GAJA,AS,2018-11-17 18:00:00,10.2,70.7,55.6,1003.0,Deep Depression,29.54,3.23883056640625,-2.2137451171875,1009.2,True
2018314N12093,2018,GAJA,AS,2018-11-17 21:00:00,10.3,70.2,55.6,1003.0,Deep Depression,29.6,3.046600341796875,-2.185699462890625,1007.7,True
2018314N12093,2018,GAJA,AS,2018-11-18 00:00:00,10.4,69.8,55.6,1003.0,Deep Depression,29.23,-0.3505401611328125,-3.067733764648437,1007.3,True
2018314N12093,2018,GAJA,AS,2018-11-18 03:00:00,10.5,69.5,55.6,1003.0,Deep Depression,29.18,-1.076690673828125,-2.284423828125,1010.1,True
2018314N12093,2018,GAJA,AS,2018-11-18 06:00:00,10.5,69.1,55.6,1003.0,Deep Depression,29.21,-0.1238861083984375,-2.9905242919921875,1010.5,True
2018314N12093,2018,GAJA,AS,2018-11-18 09:00:00,10.6,68.8,55.6,1003.0,Deep Depression,29.23,1.1268157958984375,-2.8222198486328125,1007.3,True
2018314N12093,2018,GAJA,AS,2018-11-18 12:00:00,10.6,68.5,55.6,1003.0,Deep Depression,29.24,-0.4812774658203125,-1.2640838623046875,1006.9,True
2018314N12093,2018,GAJA,AS,2018-11-18 15:00:00,10.6,68.0,55.6,1003.0,Deep Depression,29.27,0.7830963134765625,-2.2168731689453125,1008.4,True
2018314N12093,2018,GAJA,AS,2018-11-18 18:00:00,10.7,67.5,55.6,1003.0,Deep Depression,29.16,-2.9148712158203125,-3.3298492431640625,1009.2,True
2018314N12093,2018,GAJA,AS,2018-11-18 21:00:00,10.7,67.1,55.6,1003.0,Deep Depression,29.22,-3.1486968994140625,-0.9620361328125,1008.0,True
2018314N12093,2018,GAJA,AS,2018-11-19 00:00:00,10.8,66.6,55.6,1003.0,Deep Depression,29.33,-3.812210083007813,1.5400848388671875,1007.3,True
2018314N12093,2018,GAJA,AS,2018-11-19 03:00:00,10.9,66.3,55.6,1003.0,Deep Depression,29.29,-1.48345947265625,1.09283447265625,1010.0,True
2018314N12093,2018,GAJA,AS,2018-11-19 06:00:00,11.0,65.8,46.3,1004.0,Depression,29.34,-5.585494995117188,0.5825653076171875,1010.8,True
2018314N12093,2018,GAJA,AS,2018-11-19 09:00:00,11.2,65.4,46.3,1004.0,Depression,28.94,-9.278579711914062,0.2174072265625,1007.8,True
2018314N12093,2018,GAJA,AS,2018-11-19 12:00:00,11.2,65.0,46.3,1004.0,Depression,28.93,-5.996612548828125,2.2196502685546875,1008.8,True
2018347N07089,2018,PHETHAI,BB,2018-12-13 00:00:00,6.5,88.7,46.3,1004.0,Depression,29.7,1.1498260498046875,-6.0399322509765625,1007.7,True
2018347N07089,2018,PHETHAI,BB,2018-12-13 03:00:00,6.7,88.6,46.3,1004.0,Depression,29.42,1.9602813720703125,-7.9788818359375,1009.7,True
2018347N07089,2018,PHETHAI,BB,2018-12-13 06:00:00,6.8,88.5,46.3,1003.0,Depression,29.42,-0.343353271484375,-4.769332885742188,1006.5,True
2018347N07089,2018,PHETHAI,BB,2018-12-13 09:00:00,7.0,88.4,46.3,1003.0,Depression,29.21,-9.47412109375,-5.8225860595703125,1004.1,True
2018347N07089,2018,PHETHAI,BB,2018-12-13 12:00:00,7.2,88.3,46.3,1003.0,Depression,28.81,-6.180999755859375,-4.0423431396484375,1007.0,True
2018347N07089,2018,PHETHAI,BB,2018-12-13 15:00:00,7.4,88.2,51.9,1003.0,Deep Depression,28.75,-8.767379760742188,-2.6659698486328125,1007.7,True
2018347N07089,2018,PHETHAI,BB,2018-12-13 18:00:00,7.5,88.0,55.6,1002.0,Deep Depression,28.66,-8.50518798828125,-2.5365142822265625,1007.0,True
2018347N07089,2018,PHETHAI,BB,2018-12-13 21:00:00,7.7,87.8,55.6,1002.0,Deep Depression,28.62,-7.844345092773437,-4.912017822265625,1004.5,True
2018347N07089,2018,PHETHAI,BB,2018-12-14 00:00:00,7.9,87.6,55.6,1002.0,Deep Depression,28.41,-6.3855743408203125,-7.65625,1005.0,True
2018347N07089,2018,PHETHAI,BB,2018-12-14 03:00:00,8.1,87.5,55.6,1002.0,Deep Depression,28.41,-7.6859130859375,-1.062835693359375,1007.2,True
2018347N07089,2018,PHETHAI,BB,2018-12-14 06:00:00,8.2,87.4,55.6,1002.0,Deep Depression,28.39,-9.928924560546877,3.695770263671875,1006.0,True
2018347N07089,2018,PHETHAI,BB,2018-12-14 09:00:00,8.2,87.1,55.6,1002.0,Deep Depression,28.31,-6.50811767578125,0.3656005859375,1004.1,True
2018347N07089,2018,PHETHAI,BB,2018-12-14 12:00:00,8.3,86.8,55.6,1002.0,Deep Depression,28.32,-6.104095458984375,1.264984130859375,1004.0,True
2018347N07089,2018,PHETHAI,BB,2018-12-14 15:00:00,8.5,86.5,55.6,1002.0,Deep Depression,28.31,-4.947189331054688,3.559112548828125,1005.6,True
2018347N07089,2018,PHETHAI,BB,2018-12-14 18:00:00,8.7,86.3,55.6,1002.0,Deep Depression,28.32,-3.2538299560546875,4.1478271484375,1004.4,True
2018347N07089,2018,PHETHAI,BB,2018-12-14 21:00:00,8.8,86.0,55.6,1002.0,Deep Depression,28.34,0.8680572509765625,1.551025390625,1002.1,True
2018347N07089,2018,PHETHAI,BB,2018-12-15 00:00:00,9.0,85.7,55.6,1002.0,Deep Depression,28.55,-0.004547119140625,-3.125961303710937,1002.4,True
2018347N07089,2018,PHETHAI,BB,2018-12-15 03:00:00,9.3,85.4,55.6,1001.0,Deep Depression,28.57,2.005599975585937,0.9588775634765624,1004.5,True
2018347N07089,2018,PHETHAI,BB,2018-12-15 06:00:00,9.5,85.3,55.6,1001.0,Deep Depression,28.37,2.9567108154296875,-0.037567138671875,1003.0,True
2018347N07089,2018,PHETHAI,BB,2018-12-15 09:00:00,9.9,85.1,61.1,1001.0,Deep Depression,27.91,2.15625,-2.3771209716796875,1001.2,True
2018347N07089,2018,PHETHAI,BB,2018-12-15 12:00:00,10.2,84.9,64.8,1000.0,Cyclonic Storm,27.8,2.164886474609375,5.6043701171875,1000.0,False
2018347N07089,2018,PHETHAI,BB,2018-12-15 15:00:00,10.5,84.7,64.8,1000.0,Cyclonic Storm,27.78,-2.78912353515625,4.19488525390625,1001.3,False
2018347N07089,2018,PHETHAI,BB,2018-12-15 18:00:00,10.8,84.6,64.8,1000.0,Cyclonic Storm,27.91,-4.592819213867188,0.91522216796875,1000.6,False
2018347N07089,2018,PHETHAI,BB,2018-12-15 21:00:00,11.0,84.4,64.8,1000.0,Cyclonic Storm,27.97,-3.09307861328125,4.061614990234375,998.7,False
2018347N07089,2018,PHETHAI,BB,2018-12-16 00:00:00,11.3,84.3,74.1,998.0,Cyclonic Storm,28.05,-1.1148834228515625,5.1938323974609375,999.5,False
2018347N07089,2018,PHETHAI,BB,2018-12-16 03:00:00,11.8,84.1,83.3,996.0,Cyclonic Storm,27.83,0.2891082763671875,6.9786529541015625,1001.5,False
2018347N07089,2018,PHETHAI,BB,2018-12-16 06:00:00,12.3,83.9,83.3,996.0,Cyclonic Storm,27.63,-1.86480712890625,6.011276245117188,1000.9,False
2018347N07089,2018,PHETHAI,BB,2018-12-16 09:00:00,12.4,83.5,92.6,994.0,Severe Cyclonic Storm,27.53,1.075042724609375,1.3046417236328125,999.0,False
2018347N07089,2018,PHETHAI,BB,2018-12-16 12:00:00,13.4,83.1,101.9,992.0,Severe Cyclonic Storm,27.48,-6.296188354492188,0.279571533203125,1000.5,False
2018347N07089,2018,PHETHAI,BB,2018-12-16 15:00:00,13.8,82.8,101.9,992.0,Severe Cyclonic Storm,27.57,-4.819015502929688,2.977767944335937,1001.0,False
2018347N07089,2018,PHETHAI,BB,2018-12-16 18:00:00,14.1,82.7,101.9,992.0,Severe Cyclonic Storm,27.28,-1.0513916015625,1.818023681640625,1000.6,False
2018347N07089,2018,PHETHAI,BB,2018-12-16 21:00:00,14.5,82.4,101.9,992.0,Severe Cyclonic Storm,26.65,4.4749298095703125,1.6800079345703125,998.5,False
2018347N07089,2018,PHETHAI,BB,2018-12-17 00:00:00,15.0,82.4,92.6,994.0,Severe Cyclonic Storm,26.68,-3.40753173828125,6.076629638671875,1000.6,False
2018347N07089,2018,PHETHAI,BB,2018-12-17 03:00:00,15.5,82.3,83.3,997.0,Cyclonic Storm,26.59,4.930206298828125,2.926177978515625,1003.9,False
2018347N07089,2018,PHETHAI,BB,2018-12-17 06:00:00,16.0,82.3,83.3,997.0,Cyclonic Storm,26.52,3.76092529296875,8.376083374023438,1004.6,False
2018347N07089,2018,PHETHAI,BB,2018-12-17 09:00:00,16.5,82.3,74.1,998.0,Cyclonic Storm,26.15,1.368896484375,7.3779296875,1002.9,False
2018347N07089,2018,PHETHAI,BB,2018-12-17 12:00:00,16.8,82.5,55.6,1001.0,Deep Depression,26.12,2.2577362060546875,9.01800537109375,1005.4,False
2018347N07089,2018,PHETHAI,BB,2018-12-17 15:00:00,17.4,82.6,55.6,1004.0,Deep Depression,,-2.807281494140625,-1.4523468017578125,1010.0,False
2018347N07089,2018,PHETHAI,BB,2018-12-17 18:00:00,17.8,82.8,46.3,1006.0,Depression,,-1.5197601318359375,-2.0173492431640625,1011.4,False
2018365N08115,2018,PABUK,MM,2018-12-30 12:00:00,8.3,115.1,,,,27.57,-6.4182891845703125,-4.124969482421875,1012.6,True
2018365N08115,2018,PABUK,MM,2018-12-30 15:00:00,8.4,114.7,,,,27.71,-4.1251220703125,-3.9604339599609375,1013.7,True
2018365N08115,2018,PABUK,MM,2018-12-30 18:00:00,8.5,114.3,,,,27.71,-0.3655853271484375,-2.91094970703125,1013.1,True
2018365N08115,2018,PABUK,MM,2018-12-30 21:00:00,8.6,113.8,,,,27.71,-0.168914794921875,-2.5764617919921875,1011.9,True
2018365N08115,2018,PABUK,MM,2018-12-31 00:00:00,8.6,113.3,,,,27.55,-0.8580780029296875,-5.5115966796875,1012.7,True
2018365N08115,2018,PABUK,MM,2018-12-31 03:00:00,8.4,112.7,,,,27.55,-1.7818145751953125,-6.6925811767578125,1014.2,True
2018365N08115,2018,PABUK,MM,2018-12-31 06:00:00,7.9,112.1,,1004.0,,27.52,-1.6117401123046875,-5.0872955322265625,1012.0,True
2018365N08115,2018,PABUK,MM,2018-12-31 09:00:00,7.6,111.7,,,,27.85,-0.1100006103515625,-3.5111846923828125,1011.3,True
2018365N08115,2018,PABUK,MM,2018-12-31 12:00:00,7.4,111.5,,1004.0,,27.85,0.1646881103515625,-5.0682220458984375,1013.3,True
2018365N08115,2018,PABUK,MM,2018-12-31 15:00:00,7.2,111.3,,,,27.96,1.2714080810546875,-4.77874755859375,1014.4,True
2018365N08115,2018,PABUK,MM,2018-12-31 18:00:00,7.1,111.1,,1004.0,,27.98,2.147918701171875,-5.0358734130859375,1012.8,True
2018365N08115,2018,PABUK,MM,2018-12-31 21:00:00,6.8,111.0,,,,27.9,1.8464202880859373,-7.31475830078125,1011.3,True
2018365N08115,2018,PABUK,MM,2019-01-01 00:00:00,6.6,110.8,,1004.0,,27.75,0.1473388671875,-9.468307495117188,1012.4,True
2018365N08115,2018,PABUK,MM,2019-01-01 03:00:00,6.4,110.5,,,,27.75,-0.3532867431640625,-9.66424560546875,1013.8,True
2018365N08115,2018,PABUK,MM,2019-01-01 06:00:00,6.2,110.2,64.8,1000.0,Cyclonic Storm,27.68,0.8622894287109375,-8.850616455078125,1011.5,False
2018365N08115,2018,PABUK,MM,2019-01-01 09:00:00,6.0,110.0,,,,27.7,1.754974365234375,-8.782516479492188,1010.0,True
2018365N08115,2018,PABUK,MM,2019-01-01 12:00:00,5.9,109.8,64.8,1000.0,Cyclonic Storm,27.7,1.5940399169921875,-8.007156372070312,1011.3,False
2018365N08115,2018,PABUK,MM,2019-01-01 15:00:00,5.9,109.5,,,,27.7,3.88043212890625,-6.713043212890625,1012.7,True
2018365N08115,2018,PABUK,MM,2019-01-01 18:00:00,5.8,109.3,64.8,1000.0,Cyclonic Storm,27.78,5.1885986328125,-7.341033935546875,1011.9,False
2018365N08115,2018,PABUK,MM,2019-01-01 21:00:00,5.8,109.0,,,,27.78,4.612594604492188,-9.6268310546875,1009.8,True
2018365N08115,2018,PABUK,MM,2019-01-02 00:00:00,5.9,108.6,64.8,1000.0,Cyclonic Storm,27.66,2.823486328125,-12.647430419921877,1010.4,False
2018365N08115,2018,PABUK,MM,2019-01-02 03:00:00,6.0,108.3,,,,27.66,4.095550537109375,-12.791549682617188,1012.0,True
2018365N08115,2018,PABUK,MM,2019-01-02 06:00:00,6.1,107.9,64.8,1000.0,Cyclonic Storm,27.66,6.03204345703125,-12.014511108398438,1009.1,False
2018365N08115,2018,PABUK,MM,2019-01-02 09:00:00,6.2,107.5,,,,27.64,7.6499176025390625,-11.486770629882812,1007.4,True
2018365N08115,2018,PABUK,MM,2019-01-02 12:00:00,6.2,107.0,64.8,1000.0,Cyclonic Storm,27.64,4.4277191162109375,-15.448760986328123,1008.1,False
2018365N08115,2018,PABUK,MM,2019-01-02 15:00:00,6.1,106.5,,,,27.66,9.158843994140623,-13.882431030273438,1007.4,True
2018365N08115,2018,PABUK,MM,2019-01-02 18:00:00,6.1,105.9,64.8,1000.0,Cyclonic Storm,27.66,9.772216796875,-14.60577392578125,1004.7,False
2018365N08115,2018,PABUK,MM,2019-01-02 21:00:00,6.1,105.4,,,,27.66,-1.181243896484375,-6.549896240234375,1001.6,True
2018365N08115,2018,PABUK,MM,2019-01-03 00:00:00,6.1,105.0,64.8,1000.0,Cyclonic Storm,27.78,-7.0078125,-3.8706207275390634,1003.3,False
2018365N08115,2018,PABUK,MM,2019-01-03 03:00:00,6.1,104.6,,,,27.77,-1.8107147216796875,-3.275253295898437,1005.5,True
2018365N08115,2018,PABUK,MM,2019-01-03 06:00:00,6.2,104.3,64.8,1000.0,Cyclonic Storm,27.85,-2.83837890625,1.7425079345703125,1002.8,False
2018365N08115,2018,PABUK,MM,2019-01-03 09:00:00,6.3,104.0,,,,27.99,10.79791259765625,0.78265380859375,1001.6,True
2018365N08115,2018,PABUK,MM,2019-01-03 12:00:00,6.5,103.6,74.1,998.0,Cyclonic Storm,28.05,11.025054931640623,-2.5336456298828125,1001.8,False
2018365N08115,2018,PABUK,MM,2019-01-03 15:00:00,6.8,103.2,,,,28.0,13.118026733398438,-1.064666748046875,1004.3,True
2018365N08115,2018,PABUK,MM,2019-01-03 18:00:00,7.2,102.7,83.3,996.0,Cyclonic Storm,28.16,10.291641235351562,0.74542236328125,1003.5,False
2018365N08115,2018,PABUK,MM,2019-01-03 21:00:00,7.6,102.2,,,,28.31,9.518051147460938,3.529205322265625,1003.3,True
2018365N08115,2018,PABUK,MM,2019-01-04 00:00:00,7.9,101.6,83.3,996.0,Cyclonic Storm,28.04,-5.477508544921875,-19.51771545410156,1000.6,False
2018365N08115,2018,PABUK,MM,2019-01-04 03:00:00,8.1,101.1,,,,28.17,0.630615234375,-16.008758544921875,1003.2,True
2018365N08115,2018,PABUK,MM,2019-01-04 06:00:00,8.2,100.6,83.3,996.0,Cyclonic Storm,28.31,-2.0111083984375,-9.543502807617188,1004.5,False
2018365N08115,2018,PABUK,MM,2019-01-04 09:00:00,8.3,100.2,,,,28.32,-1.396148681640625,-3.362457275390625,1003.5,True
2018365N08115,2018,PABUK,BB,2019-01-04 12:00:00,8.3,99.8,83.3,998.0,Cyclonic Storm,,2.994171142578125,-2.196929931640625,1006.9,False
2018365N08115,2018,PABUK,BB,2019-01-04 15:00:00,8.4,99.3,83.3,998.0,Cyclonic Storm,,2.6869659423828125,-5.2086944580078125,1009.1,False
2018365N08115,2018,PABUK,BB,2019-01-04 18:00:00,8.5,98.9,83.3,998.0,Cyclonic Storm,,2.883514404296875,-3.5938720703125,1009.1,False
2018365N08115,2018,PABUK,BB,2019-01-04 21:00:00,8.7,98.7,83.3,998.0,Cyclonic Storm,,2.1291656494140625,-2.3382720947265625,1007.9,False
2018365N08115,2018,PABUK,BB,2019-01-05 00:00:00,8.8,98.5,74.1,1000.0,Cyclonic Storm,,0.252044677734375,-2.3874664306640625,1008.9,False
2018365N08115,2018,PABUK,BB,2019-01-05 03:00:00,9.1,98.2,74.1,1000.0,Cyclonic Storm,28.64,-2.578765869140625,-2.364227294921875,1009.8,False
2018365N08115,2018,PABUK,BB,2019-01-05 06:00:00,9.3,98.0,74.1,1000.0,Cyclonic Storm,28.61,-4.246368408203125,1.40960693359375,1008.0,False
2018365N08115,2018,PABUK,BB,2019-01-05 09:00:00,9.5,97.7,74.1,1000.0,Cyclonic Storm,28.63,-4.582199096679688,6.595550537109375,1005.9,False
2018365N08115,2018,PABUK,BB,2019-01-05 12:00:00,9.8,97.4,74.1,1000.0,Cyclonic Storm,28.79,-5.416717529296875,6.4266357421875,1007.7,False
2018365N08115,2018,PABUK,BB,2019-01-05 15:00:00,10.1,96.9,74.1,1000.0,Cyclonic Storm,28.94,-4.7188873291015625,8.648605346679688,1008.8,False
2018365N08115,2018,PABUK,BB,2019-01-05 18:00:00,10.4,96.4,64.8,1001.0,Cyclonic Storm,28.76,-5.647628784179688,9.75152587890625,1008.5,False
2018365N08115,2018,PABUK,BB,2019-01-05 21:00:00,10.5,95.9,64.8,1001.0,Cyclonic Storm,28.76,-3.1179656982421875,11.101211547851562,1007.4,False
2018365N08115,2018,PABUK,BB,2019-01-06 00:00:00,10.7,95.3,64.8,1001.0,Cyclonic Storm,28.83,-6.521087646484375,8.255157470703125,1009.2,False
2018365N08115,2018,PABUK,BB,2019-01-06 03:00:00,10.8,94.4,64.8,1001.0,Cyclonic Storm,28.72,-6.1342315673828125,7.31402587890625,1011.2,False
2018365N08115,2018,PABUK,BB,2019-01-06 06:00:00,11.0,93.6,55.6,1002.0,Deep Depression,28.7,-5.28106689453125,5.92596435546875,1009.7,True
2018365N08115,2018,PABUK,BB,2019-01-06 09:00:00,11.1,92.9,55.6,1003.0,Deep Depression,28.68,-5.61187744140625,6.343536376953125,1007.5,True
2018365N08115,2018,PABUK,BB,2019-01-06 12:00:00,11.3,92.4,55.6,1003.0,Deep Depression,28.44,-5.8536224365234375,5.76580810546875,1008.7,True
2018365N08115,2018,PABUK,BB,2019-01-06 15:00:00,11.5,92.0,55.6,1003.0,Deep Depression,28.18,-6.5075225830078125,6.6275787353515625,1010.1,True
2018365N08115,2018,PABUK,BB,2019-01-06 18:00:00,11.7,91.7,55.6,1003.0,Deep Depression,28.1,-5.805709838867188,9.104507446289062,1009.9,True
2018365N08115,2018,PABUK,BB,2019-01-06 21:00:00,12.0,91.2,51.9,1004.0,Deep Depression,28.12,-4.9472198486328125,7.9617156982421875,1008.6,True
2018365N08115,2018,PABUK,BB,2019-01-07 00:00:00,12.3,91.0,46.3,1004.0,Depression,27.95,-4.1410675048828125,7.647979736328125,1008.6,True
2018365N08115,2018,PABUK,BB,2019-01-07 03:00:00,12.5,91.1,46.3,1004.0,Depression,27.98,-2.97406005859375,7.3471832275390625,1011.4,True
2018365N08115,2018,PABUK,BB,2019-01-07 06:00:00,12.6,91.4,46.3,1004.0,Depression,27.96,-2.1371002197265625,9.2193603515625,1010.6,True
2018365N08115,2018,PABUK,BB,2019-01-07 09:00:00,12.9,92.0,46.3,1004.0,Depression,28.06,-0.9124755859375,9.6181640625,1009.0,True
2018365N08115,2018,PABUK,BB,2019-01-07 12:00:00,13.1,92.0,46.3,1004.0,Depression,28.06,0.036163330078125,8.90618896484375,1009.3,True
2018365N08115,2018,PABUK,BB,2019-01-07 15:00:00,13.1,92.0,42.6,1005.0,Depression,28.06,-0.1815338134765625,8.423690795898438,1010.8,True
2018365N08115,2018,PABUK,BB,2019-01-07 18:00:00,13.1,92.0,37.0,1005.0,Depression,28.06,1.074951171875,7.623046875,1011.4,True
2019116N02090,2019,FANI,BB,2019-04-25 18:00:00,1.9,90.2,,,,30.53,-4.8292236328125,-1.7035369873046875,1007.9,True
2019116N02090,2019,FANI,BB,2019-04-25 21:00:00,2.1,90.1,,,,30.49,0.404205322265625,-6.360321044921875,1005.7,True
2019116N02090,2019,FANI,BB,2019-04-26 00:00:00,2.2,90.0,,,,30.18,2.0294342041015625,-1.6886444091796875,1006.2,True
2019116N02090,2019,FANI,BB,2019-04-26 03:00:00,2.3,89.8,,,,30.13,4.0789794921875,-2.914825439453125,1008.3,True
2019116N02090,2019,FANI,BB,2019-04-26 06:00:00,2.5,89.7,,,,30.23,0.3109130859375,-4.8360748291015625,1007.2,True
2019116N02090,2019,FANI,BB,2019-04-26 09:00:00,2.8,89.8,,,,30.28,3.44671630859375,-3.0829010009765625,1005.6,True
2019116N02090,2019,FANI,BB,2019-04-26 12:00:00,3.2,89.8,46.3,998.0,Depression,30.29,2.408920288085937,-0.6219024658203125,1005.8,True
2019116N02090,2019,FANI,BB,2019-04-26 15:00:00,3.5,89.7,46.3,998.0,Depression,30.26,0.746368408203125,1.099212646484375,1006.8,True
2019116N02090,2019,FANI,BB,2019-04-26 18:00:00,3.8,89.5,46.3,998.0,Depression,30.27,5.1036224365234375,3.583282470703125,1006.1,True
2019116N02090,2019,FANI,BB,2019-04-26 21:00:00,4.2,89.4,51.9,998.0,Deep Depression,30.39,2.4390411376953125,5.704360961914063,1003.0,True
2019116N02090,2019,FANI,BB,2019-04-27 00:00:00,4.6,89.4,55.6,997.0,Deep Depression,30.36,-2.65374755859375,4.7768402099609375,1004.2,True
2019116N02090,2019,FANI,BB,2019-04-27 03:00:00,4.9,89.4,55.6,996.0,Deep Depression,30.38,-6.3217315673828125,5.800201416015625,1006.7,True
2019116N02090,2019,FANI,BB,2019-04-27 06:00:00,5.1,89.4,64.8,995.0,Cyclonic Storm,30.38,3.699371337890625,7.6738128662109375,1006.0,False
2019116N02090,2019,FANI,BB,2019-04-27 09:00:00,5.5,89.3,74.1,994.0,Cyclonic Storm,30.35,-1.70111083984375,8.986831665039062,1002.1,False
2019116N02090,2019,FANI,BB,2019-04-27 12:00:00,6.0,89.2,83.3,992.0,Cyclonic Storm,30.41,-8.68560791015625,-2.199325561523437,1003.6,False
2019116N02090,2019,FANI,BB,2019-04-27 15:00:00,6.4,88.9,83.3,992.0,Cyclonic Storm,30.43,-7.65008544921875,-1.679656982421875,1006.3,False
2019116N02090,2019,FANI,BB,2019-04-27 18:00:00,6.6,88.5,83.3,992.0,Cyclonic Storm,30.51,0.995880126953125,-4.162994384765625,1006.6,False
2019116N02090,2019,FANI,BB,2019-04-27 21:00:00,6.8,88.2,83.3,992.0,Cyclonic Storm,30.65,-1.3297576904296875,-8.284027099609375,1003.9,False
2019116N02090,2019,FANI,BB,2019-04-28 00:00:00,7.1,88.1,83.3,992.0,Cyclonic Storm,30.31,0.9464263916015624,-8.385345458984375,1004.8,False
2019116N02090,2019,FANI,BB,2019-04-28 03:00:00,7.2,88.1,83.3,992.0,Cyclonic Storm,30.33,3.9188232421875,-8.415756225585938,1006.4,False
2019116N02090,2019,FANI,BB,2019-04-28 06:00:00,7.4,88.1,83.3,992.0,Cyclonic Storm,30.27,4.640396118164063,-5.8963470458984375,1005.2,False
2019116N02090,2019,FANI,BB,2019-04-28 09:00:00,7.6,87.9,83.3,992.0,Cyclonic Storm,30.27,10.963165283203123,-3.36114501953125,1003.5,False
2019116N02090,2019,FANI,BB,2019-04-28 12:00:00,8.0,87.6,83.3,992.0,Cyclonic Storm,30.26,1.309356689453125,-9.6275634765625,1004.8,False
2019116N02090,2019,FANI,BB,2019-04-28 15:00:00,8.1,87.5,83.3,992.0,Cyclonic Storm,30.26,4.3345489501953125,-9.362060546875,1006.2,False
2019116N02090,2019,FANI,BB,2019-04-28 18:00:00,8.2,87.5,83.3,992.0,Cyclonic Storm,30.36,5.11474609375,-9.93994140625,1005.3,False
2019116N02090,2019,FANI,BB,2019-04-28 21:00:00,8.4,87.4,83.3,992.0,Cyclonic Storm,30.32,6.311248779296875,-10.128936767578123,1002.2,False
2019116N02090,2019,FANI,BB,2019-04-29 00:00:00,8.6,87.4,83.3,992.0,Cyclonic Storm,29.59,5.761978149414063,-10.122940063476562,1001.9,False
2019116N02090,2019,FANI,BB,2019-04-29 03:00:00,8.8,87.2,83.3,992.0,Cyclonic Storm,29.64,8.43218994140625,-8.957931518554688,1004.5,False
2019116N02090,2019,FANI,BB,2019-04-29 06:00:00,9.3,87.2,83.3,992.0,Cyclonic Storm,29.55,9.1307373046875,-4.954315185546875,1003.3,False
2019116N02090,2019,FANI,BB,2019-04-29 09:00:00,9.8,87.1,83.3,992.0,Cyclonic Storm,29.84,11.159530639648438,-7.78204345703125,1001.0,False
2019116N02090,2019,FANI,BB,2019-04-29 12:00:00,10.2,87.1,101.9,986.0,Severe Cyclonic Storm,29.99,8.547500610351562,2.724609375,998.9,False
2019116N02090,2019,FANI,BB,2019-04-29 15:00:00,10.5,86.9,101.9,986.0,Severe Cyclonic Storm,29.93,9.874237060546877,2.5679931640625,998.8,False
2019116N02090,2019,FANI,BB,2019-04-29 18:00:00,10.9,86.8,101.9,986.0,Severe Cyclonic Storm,30.18,10.005523681640623,1.7489013671875,998.9,False
2019116N02090,2019,FANI,BB,2019-04-29 21:00:00,11.3,86.6,120.4,982.0,Very Severe Cyclonic Storm,30.39,16.97186279296875,1.6864013671875,997.6,False
2019116N02090,2019,FANI,BB,2019-04-30 00:00:00,11.8,86.5,129.6,980.0,Very Severe Cyclonic Storm,29.67,8.512176513671875,17.604644775390625,994.8,False
2019116N02090,2019,FANI,BB,2019-04-30 03:00:00,12.3,86.2,138.9,974.0,Very Severe Cyclonic Storm,29.77,1.355987548828125,18.9906005859375,993.8,False
2019116N02090,2019,FANI,BB,2019-04-30 06:00:00,12.7,85.8,148.2,970.0,Very Severe Cyclonic Storm,30.1,-4.35198974609375,8.282333374023438,989.2,False
2019116N02090,2019,FANI,BB,2019-04-30 09:00:00,13.0,85.3,157.4,966.0,Very Severe Cyclonic Storm,30.17,-2.4139862060546875,-4.8932647705078125,985.9,False
2019116N02090,2019,FANI,BB,2019-04-30 12:00:00,13.3,84.8,166.7,962.0,Extremely Severe Cyclonic Storm,30.29,4.429962158203125,-11.599258422851562,989.0,False
2019116N02090,2019,FANI,BB,2019-04-30 15:00:00,13.4,84.6,175.9,957.0,Extremely Severe Cyclonic Storm,30.42,2.76202392578125,-12.106948852539062,989.4,False
2019116N02090,2019,FANI,BB,2019-04-30 18:00:00,13.5,84.4,175.9,957.0,Extremely Severe Cyclonic Storm,30.42,15.876571655273438,3.1583404541015625,991.2,False
2019116N02090,2019,FANI,BB,2019-04-30 21:00:00,13.6,84.2,175.9,957.0,Extremely Severe Cyclonic Storm,30.5,20.252105712890625,9.187103271484377,992.1,False
2019116N02090,2019,FANI,BB,2019-05-01 00:00:00,13.9,84.1,175.9,957.0,Extremely Severe Cyclonic Storm,30.1,10.605743408203123,1.7496185302734375,984.9,False
2019116N02090,2019,FANI,BB,2019-05-01 03:00:00,14.1,84.0,175.9,957.0,Extremely Severe Cyclonic Storm,30.1,13.97698974609375,4.5899658203125,985.2,False
2019116N02090,2019,FANI,BB,2019-05-01 06:00:00,14.2,84.0,175.9,957.0,Extremely Severe Cyclonic Storm,30.16,5.883026123046875,11.660781860351562,982.7,False
2019116N02090,2019,FANI,BB,2019-05-01 09:00:00,14.5,84.1,175.9,955.0,Extremely Severe Cyclonic Storm,30.21,-2.436065673828125,7.869735717773437,976.6,False
2019116N02090,2019,FANI,BB,2019-05-01 12:00:00,14.9,84.1,185.2,950.0,Extremely Severe Cyclonic Storm,30.18,-12.214614868164062,-5.967987060546875,976.4,False
2019116N02090,2019,FANI,BB,2019-05-01 15:00:00,15.0,84.2,185.2,950.0,Extremely Severe Cyclonic Storm,30.21,-3.7940673828125,11.506759643554688,977.1,False
2019116N02090,2019,FANI,BB,2019-05-01 18:00:00,15.2,84.2,185.2,950.0,Extremely Severe Cyclonic Storm,30.18,-5.02520751953125,8.2318115234375,975.9,False
2019116N02090,2019,FANI,BB,2019-05-01 21:00:00,15.5,84.3,185.2,950.0,Extremely Severe Cyclonic Storm,30.28,2.6486968994140625,-3.666946411132813,973.4,False
2019116N02090,2019,FANI,BB,2019-05-02 00:00:00,15.9,84.6,194.5,945.0,Extremely Severe Cyclonic Storm,29.75,-6.979507446289063,-6.91827392578125,975.4,False
2019116N02090,2019,FANI,BB,2019-05-02 03:00:00,16.2,84.7,194.5,945.0,Extremely Severe Cyclonic Storm,29.75,4.8207550048828125,5.806915283203125,976.6,False
2019116N02090,2019,FANI,BB,2019-05-02 06:00:00,16.8,84.8,203.7,940.0,Extremely Severe Cyclonic Storm,30.08,2.259872436523437,-0.49383544921875,975.5,False
2019116N02090,2019,FANI,BB,2019-05-02 09:00:00,17.2,84.8,213.0,932.0,Extremely Severe Cyclonic Storm,30.25,5.734588623046875,-4.29351806640625,974.5,False
2019116N02090,2019,FANI,BB,2019-05-02 12:00:00,17.6,84.8,213.0,932.0,Extremely Severe Cyclonic Storm,29.98,17.263153076171875,-1.319915771484375,977.7,False
2019116N02090,2019,FANI,BB,2019-05-02 15:00:00,17.9,84.9,213.0,934.0,Extremely Severe Cyclonic Storm,29.56,-3.668609619140625,10.948760986328123,977.4,False
2019116N02090,2019,FANI,BB,2019-05-02 18:00:00,18.3,85.0,213.0,934.0,Extremely Severe Cyclonic Storm,29.62,3.5355987548828125,4.766387939453125,978.3,False
2019116N02090,2019,FANI,BB,2019-05-02 21:00:00,18.6,85.2,213.0,934.0,Extremely Severe Cyclonic Storm,29.74,11.972259521484377,13.1915283203125,980.0,False
2019116N02090,2019,FANI,BB,2019-05-03 00:00:00,19.1,85.5,194.5,945.0,Extremely Severe Cyclonic Storm,29.5,8.602264404296875,14.882354736328123,977.8,False
2019116N02090,2019,FANI,BB,2019-05-03 03:00:00,19.6,85.7,185.2,952.0,Extremely Severe Cyclonic Storm,29.33,1.198150634765625,15.89447021484375,981.4,False
2019116N02090,2019,FANI,BB,2019-05-03 06:00:00,20.2,85.9,157.4,966.0,Very Severe Cyclonic Storm,,-5.982025146484375,5.315841674804688,984.1,False
2019116N02090,2019,FANI,BB,2019-05-03 09:00:00,20.7,86.1,138.9,970.0,Very Severe Cyclonic Storm,,-3.979248046875,2.828338623046875,981.5,False
2019116N02090,2019,FANI,BB,2019-05-03 12:00:00,21.2,86.5,129.6,976.0,Very Severe Cyclonic Storm,,-3.965301513671875,-1.58544921875,985.6,False
2019116N02090,2019,FANI,BB,2019-05-03 15:00:00,21.6,86.9,111.1,980.0,Severe Cyclonic Storm,29.66,0.9224090576171876,4.56170654296875,987.4,False
2019116N02090,2019,FANI,BB,2019-05-03 18:00:00,22.1,87.4,101.9,984.0,Severe Cyclonic Storm,,-0.9691925048828124,-0.6790924072265625,988.9,False
2019116N02090,2019,FANI,BB,2019-05-03 21:00:00,22.6,88.1,92.6,986.0,Severe Cyclonic Storm,,1.913421630859375,1.614837646484375,988.2,False
2019116N02090,2019,FANI,BB,2019-05-04 00:00:00,23.2,88.5,74.1,994.0,Cyclonic Storm,,3.1317901611328125,-7.3890380859375,992.8,False
2019116N02090,2019,FANI,BB,2019-05-04 03:00:00,23.7,89.0,55.6,996.0,Deep Depression,,3.29443359375,-4.917648315429688,994.3,False
2019116N02090,2019,FANI,BB,2019-05-04 06:00:00,24.4,89.5,46.3,998.0,Depression,,-0.2088623046875,-4.68646240234375,996.7,False
2019116N02090,2019,FANI,BB,2019-05-04 09:00:00,24.8,89.9,42.6,999.0,Depression,,3.4715118408203125,-1.5290374755859375,995.9,False
2019116N02090,2019,FANI,BB,2019-05-04 12:00:00,25.2,90.7,37.0,1000.0,Depression,,-1.875091552734375,-0.9467315673828124,998.7,False
2019160N11073,2019,VAYU,AS,2019-06-08 18:00:00,10.5,72.7,,,,30.59,-0.0005340576171875,1.788543701171875,1006.3,True
2019160N11073,2019,VAYU,AS,2019-06-08 21:00:00,10.2,72.3,,,,30.76,0.2643280029296875,0.2403717041015625,1004.4,True
2019160N11073,2019,VAYU,AS,2019-06-09 00:00:00,10.1,71.9,,,,30.12,-5.156158447265625,-5.00054931640625,1003.0,True
2019160N11073,2019,VAYU,AS,2019-06-09 03:00:00,10.2,71.6,,,,30.06,-2.8057403564453125,0.8389434814453125,1004.6,True
2019160N11073,2019,VAYU,AS,2019-06-09 06:00:00,10.4,71.4,,,,29.99,-0.3539886474609375,5.9880218505859375,1003.9,True
2019160N11073,2019,VAYU,AS,2019-06-09 09:00:00,10.6,71.2,,,,29.94,5.909912109375,-10.647598266601562,1001.5,True
2019160N11073,2019,VAYU,AS,2019-06-09 12:00:00,10.9,71.1,,,,29.77,6.852142333984375,-6.195571899414063,1002.1,True
2019160N11073,2019,VAYU,AS,2019-06-09 15:00:00,11.2,71.1,,,,29.82,3.436141967773437,-6.157257080078125,1002.3,True
2019160N11073,2019,VAYU,AS,2019-06-09 18:00:00,11.5,71.2,,,,29.98,0.5395355224609375,-3.28436279296875,1002.3,True
2019160N11073,2019,VAYU,AS,2019-06-09 21:00:00,11.8,71.1,,,,30.16,1.4586181640625,-2.3898162841796875,1000.6,True
2019160N11073,2019,VAYU,AS,2019-06-10 00:00:00,12.0,71.0,46.3,998.0,Depression,29.56,-0.4659881591796875,-4.52703857421875,999.8,True
2019160N11073,2019,VAYU,AS,2019-06-10 03:00:00,12.4,70.9,46.3,998.0,Depression,29.75,-2.8315887451171875,-3.27178955078125,999.4,True
2019160N11073,2019,VAYU,AS,2019-06-10 06:00:00,12.6,70.8,55.6,997.0,Deep Depression,29.85,10.440811157226562,1.9234771728515625,999.6,True
2019160N11073,2019,VAYU,AS,2019-06-10 09:00:00,12.9,70.8,55.6,997.0,Deep Depression,29.99,9.985031127929688,5.33319091796875,997.6,True
2019160N11073,2019,VAYU,AS,2019-06-10 12:00:00,13.3,70.7,55.6,996.0,Deep Depression,30.08,0.9356689453125,0.7867431640625,996.8,True
2019160N11073,2019,VAYU,AS,2019-06-10 15:00:00,13.6,70.6,61.1,996.0,Deep Depression,30.26,0.5906219482421875,-8.030609130859375,997.3,True
2019160N11073,2019,VAYU,AS,2019-06-10 18:00:00,13.9,70.6,64.8,995.0,Cyclonic Storm,30.42,-5.2035675048828125,-2.2218017578125,997.0,False
2019160N11073,2019,VAYU,AS,2019-06-10 21:00:00,14.2,70.6,64.8,994.0,Cyclonic Storm,30.52,2.393646240234375,-1.1661224365234375,993.9,False
2019160N11073,2019,VAYU,AS,2019-06-11 00:00:00,14.6,70.7,74.1,993.0,Cyclonic Storm,29.38,-5.12005615234375,3.107574462890625,992.7,False
2019160N11073,2019,VAYU,AS,2019-06-11 03:00:00,14.9,70.7,74.1,992.0,Cyclonic Storm,29.61,-8.139144897460938,-1.842742919921875,993.8,False
2019160N11073,2019,VAYU,AS,2019-06-11 06:00:00,15.2,70.8,83.3,990.0,Cyclonic Storm,29.74,0.8702392578125,-1.438720703125,994.2,False
2019160N11073,2019,VAYU,AS,2019-06-11 09:00:00,15.6,70.8,83.3,988.0,Cyclonic Storm,29.81,8.722900390625,2.484603881835937,992.6,False
2019160N11073,2019,VAYU,AS,2019-06-11 12:00:00,16.1,70.8,101.9,986.0,Severe Cyclonic Storm,29.72,2.009750366210937,-1.60858154296875,988.7,False
2019160N11073,2019,VAYU,AS,2019-06-11 15:00:00,16.6,70.7,111.1,983.0,Severe Cyclonic Storm,29.7,-1.4493408203125,-0.724853515625,989.5,False
2019160N11073,2019,VAYU,AS,2019-06-11 18:00:00,17.0,70.6,120.4,980.0,Very Severe Cyclonic Storm,29.81,-4.8138427734375,-9.450485229492188,990.0,False
2019160N11073,2019,VAYU,AS,2019-06-11 21:00:00,17.4,70.5,129.6,977.0,Very Severe Cyclonic Storm,30.14,-7.410797119140625,-7.0408477783203125,988.5,False
2019160N11073,2019,VAYU,AS,2019-06-12 00:00:00,17.7,70.3,138.9,975.0,Very Severe Cyclonic Storm,29.69,-4.7136993408203125,-14.322418212890623,988.8,False
2019160N11073,2019,VAYU,AS,2019-06-12 03:00:00,18.0,70.2,138.9,973.0,Very Severe Cyclonic Storm,29.85,-4.2631378173828125,-9.93792724609375,987.7,False
2019160N11073,2019,VAYU,AS,2019-06-12 06:00:00,18.4,70.0,138.9,971.0,Very Severe Cyclonic Storm,29.98,0.3748016357421875,-15.229278564453123,987.5,False
2019160N11073,2019,VAYU,AS,2019-06-12 09:00:00,18.8,69.9,148.2,970.0,Very Severe Cyclonic Storm,30.02,1.299102783203125,-13.248626708984377,983.7,False
2019160N11073,2019,VAYU,AS,2019-06-12 12:00:00,19.1,69.9,148.2,970.0,Very Severe Cyclonic Storm,30.01,10.073410034179688,-7.42584228515625,984.3,False
2019160N11073,2019,VAYU,AS,2019-06-12 15:00:00,19.4,69.8,148.2,970.0,Very Severe Cyclonic Storm,29.94,0.2857818603515625,-14.853744506835938,985.3,False
2019160N11073,2019,VAYU,AS,2019-06-12 18:00:00,19.7,69.7,148.2,970.0,Very Severe Cyclonic Storm,29.88,6.329254150390625,-9.032562255859377,984.8,False
2019160N11073,2019,VAYU,AS,2019-06-12 21:00:00,19.9,69.6,148.2,970.0,Very Severe Cyclonic Storm,29.88,8.23260498046875,-8.771682739257812,984.4,False
2019160N11073,2019,VAYU,AS,2019-06-13 00:00:00,20.1,69.6,148.2,970.0,Very Severe Cyclonic Storm,29.63,10.619720458984377,-7.588729858398437,979.2,False
2019160N11073,2019,VAYU,AS,2019-06-13 03:00:00,20.3,69.5,148.2,970.0,Very Severe Cyclonic Storm,29.78,3.9897613525390634,4.822769165039063,978.2,False
2019160N11073,2019,VAYU,AS,2019-06-13 06:00:00,20.5,69.4,148.2,970.0,Very Severe Cyclonic Storm,30.0,-1.4225921630859375,10.38311767578125,978.2,False
2019160N11073,2019,VAYU,AS,2019-06-13 09:00:00,20.7,69.2,148.2,970.0,Very Severe Cyclonic Storm,30.03,-5.1632232666015625,-1.028594970703125,976.8,False
2019160N11073,2019,VAYU,AS,2019-06-13 12:00:00,20.8,69.1,148.2,970.0,Very Severe Cyclonic Storm,30.1,8.076766967773438,-13.072113037109377,982.2,False
2019160N11073,2019,VAYU,AS,2019-06-13 15:00:00,20.9,68.9,148.2,970.0,Very Severe Cyclonic Storm,30.23,3.977218627929688,-12.97088623046875,981.4,False
2019160N11073,2019,VAYU,AS,2019-06-13 18:00:00,20.9,68.9,148.2,970.0,Very Severe Cyclonic Storm,30.23,11.8223876953125,-7.419143676757812,983.9,False
2019160N11073,2019,VAYU,AS,2019-06-13 21:00:00,20.9,68.7,148.2,970.0,Very Severe Cyclonic Storm,30.41,15.867172241210938,-0.9951324462890624,985.0,False
2019160N11073,2019,VAYU,AS,2019-06-14 00:00:00,21.0,68.6,148.2,970.0,Very Severe Cyclonic Storm,30.09,9.466293334960938,-0.7763824462890625,978.9,False
2019160N11073,2019,VAYU,AS,2019-06-14 03:00:00,21.0,68.4,138.9,973.0,Very Severe Cyclonic Storm,30.09,-0.6084136962890625,5.6612701416015625,977.1,False
2019160N11073,2019,VAYU,AS,2019-06-14 06:00:00,21.0,68.4,138.9,973.0,Very Severe Cyclonic Storm,30.09,-9.59991455078125,8.348892211914062,979.5,False
2019160N11073,2019,VAYU,AS,2019-06-14 09:00:00,20.9,68.3,138.9,973.0,Very Severe Cyclonic Storm,29.88,-2.0498809814453125,-6.84130859375,978.7,False
2019160N11073,2019,VAYU,AS,2019-06-14 12:00:00,20.8,68.2,129.6,976.0,Very Severe Cyclonic Storm,29.96,10.53460693359375,4.337570190429688,976.2,False
2019160N11073,2019,VAYU,AS,2019-06-14 15:00:00,20.8,68.1,129.6,976.0,Very Severe Cyclonic Storm,29.8,4.189483642578125,-0.2766571044921875,976.3,False
2019160N11073,2019,VAYU,AS,2019-06-14 18:00:00,20.8,67.9,120.4,978.0,Very Severe Cyclonic Storm,29.8,-6.6059417724609375,8.693023681640625,978.0,False
2019160N11073,2019,VAYU,AS,2019-06-14 21:00:00,20.7,67.7,120.4,978.0,Very Severe Cyclonic Storm,29.74,-8.6361083984375,3.5690460205078125,973.6,False
2019160N11073,2019,VAYU,AS,2019-06-15 00:00:00,20.7,67.5,120.4,978.0,Very Severe Cyclonic Storm,29.62,-3.961669921875,-7.224395751953125,971.0,False
2019160N11073,2019,VAYU,AS,2019-06-15 03:00:00,20.6,67.3,120.4,979.0,Very Severe Cyclonic Storm,29.61,11.06854248046875,-3.0089111328125,972.6,False
2019160N11073,2019,VAYU,AS,2019-06-15 06:00:00,20.6,66.9,120.4,979.0,Very Severe Cyclonic Storm,29.5,8.653762817382812,-1.6368865966796875,973.9,False
2019160N11073,2019,VAYU,AS,2019-06-15 09:00:00,20.6,66.7,120.4,980.0,Very Severe Cyclonic Storm,29.47,13.356170654296877,-5.274993896484375,974.8,False
2019160N11073,2019,VAYU,AS,2019-06-15 12:00:00,20.7,66.4,120.4,980.0,Very Severe Cyclonic Storm,29.43,0.8127899169921875,-10.292160034179688,971.4,False
2019160N11073,2019,VAYU,AS,2019-06-15 15:00:00,20.7,66.2,120.4,980.0,Very Severe Cyclonic Storm,29.46,4.231124877929688,-7.889617919921875,973.8,False
2019160N11073,2019,VAYU,AS,2019-06-15 18:00:00,20.7,66.0,120.4,981.0,Very Severe Cyclonic Storm,29.47,3.68359375,-5.75042724609375,979.0,False
2019160N11073,2019,VAYU,AS,2019-06-15 21:00:00,20.7,65.8,120.4,981.0,Very Severe Cyclonic Storm,29.45,6.507720947265625,-8.761688232421875,981.4,False
2019160N11073,2019,VAYU,AS,2019-06-16 00:00:00,20.8,65.5,111.1,983.0,Severe Cyclonic Storm,29.2,-2.0158233642578125,-11.305252075195312,979.4,False
2019160N11073,2019,VAYU,AS,2019-06-16 03:00:00,20.8,65.2,101.9,985.0,Severe Cyclonic Storm,29.22,-3.1888885498046875,-11.654388427734377,981.0,False
2019160N11073,2019,VAYU,AS,2019-06-16 06:00:00,20.8,65.1,101.9,985.0,Severe Cyclonic Storm,29.32,-1.8569793701171875,-17.728546142578125,983.8,False
2019160N11073,2019,VAYU,AS,2019-06-16 09:00:00,20.7,65.1,101.9,986.0,Severe Cyclonic Storm,29.32,0.8365325927734375,-18.30586242675781,985.2,False
2019160N11073,2019,VAYU,AS,2019-06-16 12:00:00,20.8,65.2,92.6,988.0,Severe Cyclonic Storm,29.22,6.484100341796875,-13.297943115234377,988.4,False
2019160N11073,2019,VAYU,AS,2019-06-16 15:00:00,20.8,65.6,83.3,990.0,Cyclonic Storm,29.2,15.399459838867188,-8.874771118164062,991.5,False
2019160N11073,2019,VAYU,AS,2019-06-16 18:00:00,21.1,66.1,74.1,992.0,Cyclonic Storm,29.24,10.49566650390625,-2.2943878173828125,992.9,False
2019160N11073,2019,VAYU,AS,2019-06-16 21:00:00,21.4,66.4,74.1,993.0,Cyclonic Storm,29.22,0.60595703125,4.8419952392578125,992.3,False
2019160N11073,2019,VAYU,AS,2019-06-17 00:00:00,21.7,66.6,64.8,995.0,Cyclonic Storm,28.5,1.549407958984375,1.9959716796875,993.8,False
2019160N11073,2019,VAYU,AS,2019-06-17 03:00:00,21.8,66.8,55.6,996.0,Deep Depression,28.49,5.335723876953125,3.8084564208984375,995.9,True
2019160N11073,2019,VAYU,AS,2019-06-17 06:00:00,21.9,67.0,55.6,997.0,Deep Depression,28.58,5.16766357421875,4.1732330322265625,997.3,True
2019160N11073,2019,VAYU,AS,2019-06-17 09:00:00,22.2,67.4,46.3,998.0,Depression,28.84,4.464080810546875,6.929168701171875,996.8,True
2019160N11073,2019,VAYU,AS,2019-06-17 12:00:00,22.5,67.9,37.0,998.0,Depression,28.17,1.66522216796875,6.7211456298828125,995.6,True
2019160N11073,2019,VAYU,AS,2019-06-17 15:00:00,22.8,68.1,,,,28.13,0.671142578125,3.54632568359375,996.4,True
2019160N11073,2019,VAYU,AS,2019-06-17 18:00:00,23.1,68.3,,,,28.61,0.511566162109375,3.425262451171875,998.0,True
2019160N11073,2019,VAYU,AS,2019-06-17 21:00:00,23.2,68.6,,,,29.41,3.3567352294921875,2.792694091796875,997.6,True
2019160N11073,2019,VAYU,AS,2019-06-18 00:00:00,23.2,69.0,,,,,1.938995361328125,1.349395751953125,996.9,False
2019160N11073,2019,VAYU,AS,2019-06-18 03:00:00,23.1,69.6,,,,,4.125762939453125,1.1427459716796875,998.9,False
2019160N11073,2019,VAYU,AS,2019-06-18 06:00:00,23.0,70.2,,,,29.71,3.455169677734375,5.362075805664063,999.0,True
2019218N21088,2019,UNNAMED,BB,2019-08-06 03:00:00,20.5,88.0,46.3,990.0,Depression,29.33,-1.7767333984375,-10.21875,991.9,True
2019218N21088,2019,UNNAMED,BB,2019-08-06 06:00:00,20.5,88.0,46.3,990.0,Depression,29.33,-3.123626708984375,-8.983917236328125,991.5,True
2019218N21088,2019,UNNAMED,BB,2019-08-06 09:00:00,20.6,87.9,46.3,990.0,Depression,29.33,-1.92535400390625,-8.543914794921875,989.5,True
2019218N21088,2019,UNNAMED,BB,2019-08-06 12:00:00,20.7,87.8,46.3,990.0,Depression,29.38,-5.958038330078125,-4.5252838134765625,988.7,True
2019218N21088,2019,UNNAMED,BB,2019-08-06 15:00:00,20.7,87.7,46.3,990.0,Depression,29.38,-0.4464263916015625,-3.1390380859375,989.9,True
2019218N21088,2019,UNNAMED,BB,2019-08-06 18:00:00,20.8,87.6,46.3,990.0,Depression,29.43,3.47808837890625,-6.263107299804688,989.7,True
2019218N21088,2019,UNNAMED,BB,2019-08-06 21:00:00,20.9,87.5,51.9,989.0,Deep Depression,29.62,-1.63134765625,-6.83416748046875,987.5,True
2019218N21088,2019,UNNAMED,BB,2019-08-07 00:00:00,21.0,87.4,55.6,988.0,Deep Depression,29.65,1.0589752197265625,-4.7425689697265625,986.9,True
2019218N21088,2019,UNNAMED,BB,2019-08-07 03:00:00,21.1,87.4,55.6,988.0,Deep Depression,29.65,3.0965576171875,0.7431793212890625,988.0,True
2019218N21088,2019,UNNAMED,BB,2019-08-07 06:00:00,21.2,87.2,55.6,988.0,Deep Depression,29.88,1.3336639404296875,1.1506500244140625,988.2,True
2019218N21088,2019,UNNAMED,BB,2019-08-07 09:00:00,21.5,86.9,55.6,988.0,Deep Depression,29.83,0.6010894775390625,4.67822265625,986.6,True
2019218N21088,2019,UNNAMED,BB,2019-08-07 12:00:00,21.9,86.5,55.6,988.0,Deep Depression,,-0.75616455078125,-0.25506591796875,987.3,False
2019218N21088,2019,UNNAMED,BB,2019-08-07 15:00:00,22.2,86.1,55.6,988.0,Deep Depression,,-1.31402587890625,-1.0431060791015625,989.5,False
2019218N21088,2019,UNNAMED,BB,2019-08-07 18:00:00,22.4,85.6,55.6,988.0,Deep Depression,,-2.184967041015625,-2.4069366455078125,990.4,False
2019218N21088,2019,UNNAMED,BB,2019-08-07 21:00:00,22.6,84.9,51.9,994.0,Deep Depression,,-2.7080535888671875,-2.83258056640625,988.5,False
2019218N21088,2019,UNNAMED,BB,2019-08-08 00:00:00,22.8,84.0,46.3,999.0,Depression,,-1.5185546875,-1.5099029541015625,990.7,False
2019218N21088,2019,UNNAMED,BB,2019-08-08 03:00:00,23.0,82.9,46.3,999.0,Depression,,-0.57391357421875,-2.08978271484375,992.3,False
2019218N21088,2019,UNNAMED,BB,2019-08-08 06:00:00,23.4,81.9,46.3,999.0,Depression,,-2.577133178710937,-3.0838165283203125,992.3,False
2019218N21088,2019,UNNAMED,BB,2019-08-08 09:00:00,23.6,80.9,46.3,999.0,Depression,,-2.697418212890625,-2.214019775390625,990.5,False
2019218N21088,2019,UNNAMED,BB,2019-08-08 12:00:00,23.6,80.2,46.3,999.0,Depression,,-0.53076171875,-1.9849090576171875,990.2,False
2019218N21088,2019,UNNAMED,BB,2019-08-08 15:00:00,23.6,80.0,46.3,1000.0,Depression,,0.159698486328125,-0.951873779296875,992.4,False
2019218N21088,2019,UNNAMED,BB,2019-08-08 18:00:00,23.6,79.8,46.3,1000.0,Depression,,0.3007049560546875,-0.0436553955078125,993.0,False
2019218N21088,2019,UNNAMED,BB,2019-08-08 21:00:00,23.6,79.4,46.3,1000.0,Depression,,1.8525390625,1.9020538330078125,992.3,False
2019218N21088,2019,UNNAMED,BB,2019-08-09 00:00:00,23.6,78.6,46.3,1000.0,Depression,,0.8269805908203125,4.5034027099609375,993.0,False
2019218N21088,2019,UNNAMED,AS,2019-08-09 03:00:00,23.8,77.3,46.3,1000.0,Depression,,-2.1495819091796875,-0.6086578369140625,993.5,False
2019218N21088,2019,UNNAMED,AS,2019-08-09 06:00:00,24.0,76.1,46.3,1000.0,Depression,,-1.4605560302734375,-1.61175537109375,994.2,False
2019264N19071,2019,HIKAA:HIKKA,AS,2019-09-20 18:00:00,19.3,71.3,,,,28.52,0.746490478515625,1.0587158203125,1004.5,True
2019264N19071,2019,HIKAA:HIKKA,AS,2019-09-20 21:00:00,19.2,71.1,,,,28.26,1.3210296630859375,1.2000885009765625,1002.8,True
2019264N19071,2019,HIKAA:HIKKA,AS,2019-09-21 00:00:00,19.1,70.9,,,,28.26,0.683990478515625,5.050079345703125,1002.6,True
2019264N19071,2019,HIKAA:HIKKA,AS,2019-09-21 03:00:00,19.1,70.7,,,,28.24,0.4640960693359375,4.997329711914063,1004.2,True
2019264N19071,2019,HIKAA:HIKKA,AS,2019-09-21 06:00:00,19.1,70.6,,,,28.2,0.310821533203125,5.954193115234375,1004.0,True
2019264N19071,2019,HIKAA:HIKKA,AS,2019-09-21 09:00:00,19.1,70.5,,,,28.2,0.85052490234375,5.5174560546875,1001.8,True
2019264N19071,2019,HIKAA:HIKKA,AS,2019-09-21 12:00:00,19.2,70.3,,,,28.22,-2.68695068359375,0.3914794921875,1000.6,True
2019264N19071,2019,HIKAA:HIKKA,AS,2019-09-21 15:00:00,19.2,70.1,,,,28.22,-1.286956787109375,-3.3022003173828125,1001.9,True
2019264N19071,2019,HIKAA:HIKKA,AS,2019-09-21 18:00:00,19.3,69.9,,,,28.22,0.174346923828125,-1.689208984375,1002.6,True
2019264N19071,2019,HIKAA:HIKKA,AS,2019-09-21 21:00:00,19.4,69.7,,,,28.22,-1.1065521240234375,-3.2351837158203125,1001.3,True
2019264N19071,2019,HIKAA:HIKKA,AS,2019-09-22 00:00:00,19.6,69.5,,,,28.3,2.558258056640625,-0.6223297119140625,1000.6,True
2019264N19071,2019,HIKAA:HIKKA,AS,2019-09-22 03:00:00,19.8,69.2,46.3,1002.0,Depression,28.31,4.4791259765625,0.51641845703125,1002.6,True
2019264N19071,2019,HIKAA:HIKKA,AS,2019-09-22 06:00:00,20.0,68.9,46.3,1000.0,Depression,28.32,2.003021240234375,2.975448608398437,1003.0,True
2019264N19071,2019,HIKAA:HIKKA,AS,2019-09-22 09:00:00,20.2,68.5,51.9,1000.0,Deep Depression,28.4,-0.49932861328125,2.4441680908203125,1000.1,True
2019264N19071,2019,HIKAA:HIKKA,AS,2019-09-22 12:00:00,20.4,68.1,55.6,999.0,Deep Depression,28.58,-7.2722625732421875,-1.1142425537109375,999.7,True
2019264N19071,2019,HIKAA:HIKKA,AS,2019-09-22 15:00:00,20.5,67.6,55.6,999.0,Deep Depression,28.6,-7.5775146484375,-5.7071380615234375,1000.7,True
2019264N19071,2019,HIKAA:HIKKA,AS,2019-09-22 18:00:00,20.4,67.1,55.6,998.0,Deep Depression,28.67,-8.813629150390625,-5.13525390625,1001.4,True
2019264N19071,2019,HIKAA:HIKKA,AS,2019-09-22 21:00:00,20.4,66.6,61.1,998.0,Deep Depression,28.84,-5.7437286376953125,-8.451919555664062,1000.1,True
2019264N19071,2019,HIKAA:HIKKA,AS,2019-09-23 00:00:00,20.4,66.1,64.8,997.0,Cyclonic Storm,28.19,-6.705245971679688,-8.285736083984375,1000.0,False
2019264N19071,2019,HIKAA:HIKKA,AS,2019-09-23 03:00:00,20.3,65.5,74.1,996.0,Cyclonic Storm,27.97,-2.544296264648437,-7.524505615234375,1000.7,False
2019264N19071,2019,HIKAA:HIKKA,AS,2019-09-23 06:00:00,20.3,64.9,83.3,994.0,Cyclonic Storm,28.02,-0.679351806640625,-8.663970947265625,1001.8,False
2019264N19071,2019,HIKAA:HIKKA,AS,2019-09-23 09:00:00,20.2,64.1,101.9,988.0,Severe Cyclonic Storm,27.79,1.619842529296875,-10.171066284179688,1000.5,False
2019264N19071,2019,HIKAA:HIKKA,AS,2019-09-23 12:00:00,20.2,63.6,101.9,988.0,Severe Cyclonic Storm,27.81,0.252288818359375,-11.13812255859375,1000.2,False
2019264N19071,2019,HIKAA:HIKKA,AS,2019-09-23 15:00:00,20.2,62.9,101.9,988.0,Severe Cyclonic Storm,27.54,-2.75775146484375,-8.90277099609375,1001.8,False
2019264N19071,2019,HIKAA:HIKKA,AS,2019-09-23 18:00:00,20.2,62.3,111.1,986.0,Severe Cyclonic Storm,27.32,-1.1628875732421875,-8.24658203125,1003.5,False
2019264N19071,2019,HIKAA:HIKKA,AS,2019-09-23 21:00:00,20.2,61.6,111.1,986.0,Severe Cyclonic Storm,27.73,-2.2438507080078125,-9.2430419921875,1002.8,False
2019264N19071,2019,HIKAA:HIKKA,AS,2019-09-24 00:00:00,20.1,61.0,129.6,980.0,Very Severe Cyclonic Storm,26.65,-0.4821014404296875,-5.848190307617188,1002.0,False
2019264N19071,2019,HIKAA:HIKKA,AS,2019-09-24 03:00:00,20.1,60.3,138.9,978.0,Very Severe Cyclonic Storm,26.6,-1.205902099609375,-9.3193359375,1003.4,False
2019264N19071,2019,HIKAA:HIKKA,AS,2019-09-24 06:00:00,20.0,59.6,138.9,978.0,Very Severe Cyclonic Storm,26.57,-1.784759521484375,-9.350448608398438,1005.0,False
2019264N19071,2019,HIKAA:HIKKA,AS,2019-09-24 09:00:00,19.9,58.9,138.9,978.0,Very Severe Cyclonic Storm,26.46,-1.4633026123046875,-8.522048950195312,1003.2,False
2019264N19071,2019,HIKAA:HIKKA,AS,2019-09-24 12:00:00,19.8,58.3,138.9,978.0,Very Severe Cyclonic Storm,25.49,0.524993896484375,-5.2566680908203125,1002.3,False
2019264N19071,2019,HIKAA:HIKKA,AS,2019-09-24 15:00:00,19.7,57.6,111.1,986.0,Severe Cyclonic Storm,,-2.0642242431640625,-4.970062255859375,1004.0,False
2019264N19071,2019,HIKAA:HIKKA,AS,2019-09-24 18:00:00,19.7,57.1,101.9,989.0,Severe Cyclonic Storm,,-4.024200439453125,-5.1606292724609375,1005.2,False
2019264N19071,2019,HIKAA:HIKKA,AS,2019-09-24 21:00:00,19.6,56.5,83.3,994.0,Cyclonic Storm,,-2.7989044189453125,-2.308441162109375,1003.9,False
2019264N19071,2019,HIKAA:HIKKA,AS,2019-09-25 00:00:00,19.6,56.0,64.8,997.0,Cyclonic Storm,,-3.146347045898437,-0.987030029296875,1003.5,False
2019264N19071,2019,HIKAA:HIKKA,AS,2019-09-25 03:00:00,19.4,55.5,55.6,999.0,Deep Depression,,-4.2872314453125,-0.2021942138671875,1005.1,False
2019264N19071,2019,HIKAA:HIKKA,AS,2019-09-25 06:00:00,19.2,55.0,46.3,1002.0,Depression,,-4.92889404296875,0.4058380126953125,1006.5,False
2019264N19071,2019,HIKAA:HIKKA,AS,2019-09-25 09:00:00,19.2,54.5,,,,,-4.881027221679688,0.2203369140625,1004.1,False
2019264N19071,2019,HIKAA:HIKKA,AS,2019-09-25 12:00:00,19.2,54.0,,,,,-5.515625,0.2191925048828125,1002.9,False
2019264N19071,2019,HIKAA:HIKKA,AS,2019-09-25 15:00:00,19.1,53.4,,,,,-5.35205078125,-0.802337646484375,1004.3,False
2019264N19071,2019,HIKAA:HIKKA,AS,2019-09-25 18:00:00,19.0,52.8,,,,,-6.235610961914063,-1.14501953125,1006.2,False
2019264N19071,2019,HIKAA:HIKKA,AS,2019-09-25 21:00:00,18.9,52.3,,,,,-5.5445556640625,-1.8800201416015625,1006.1,False
2019264N19071,2019,HIKAA:HIKKA,AS,2019-09-26 00:00:00,18.9,51.7,,,,,-4.753463745117188,-2.2577056884765625,1006.1,False
2019264N19071,2019,HIKAA:HIKKA,AS,2019-09-26 03:00:00,18.9,51.1,,,,,-3.7633056640625,-1.4772186279296875,1007.9,False
2019264N19071,2019,HIKAA:HIKKA,AS,2019-09-26 06:00:00,18.8,50.5,,,,,-3.91790771484375,-0.0970001220703125,1009.1,False
2019273N23070,2019,UNNAMED,AS,2019-09-29 12:00:00,23.1,70.2,46.3,1002.0,Depression,29.75,3.72882080078125,5.0055084228515625,1004.8,True
2019273N23070,2019,UNNAMED,AS,2019-09-29 15:00:00,23.1,70.2,46.3,1002.0,Depression,29.75,4.052047729492188,0.1253814697265625,1005.9,True
2019273N23070,2019,UNNAMED,AS,2019-09-29 18:00:00,23.1,70.2,46.3,1002.0,Depression,29.75,6.140960693359375,-2.2900543212890625,1006.9,True
2019273N23070,2019,UNNAMED,AS,2019-09-29 21:00:00,23.1,70.3,46.3,1002.0,Depression,29.75,7.02734375,-2.8966827392578125,1006.0,True
2019273N23070,2019,UNNAMED,AS,2019-09-30 00:00:00,23.2,70.5,46.3,1002.0,Depression,,4.65673828125,-5.7896728515625,1004.4,False
2019273N23070,2019,UNNAMED,AS,2019-09-30 03:00:00,23.4,70.7,46.3,1002.0,Depression,,-2.134979248046875,-5.2097930908203125,1006.8,False
2019273N23070,2019,UNNAMED,AS,2019-09-30 06:00:00,23.5,71.3,46.3,1002.0,Depression,,-1.3246002197265625,-0.9262237548828124,1007.3,False
2019273N23070,2019,UNNAMED,AS,2019-09-30 09:00:00,23.5,71.6,46.3,1002.0,Depression,,-0.6620635986328125,-2.049407958984375,1004.9,False
2019273N23070,2019,UNNAMED,AS,2019-09-30 12:00:00,23.5,71.9,46.3,1002.0,Depression,,1.109039306640625,-1.68359375,1003.8,False
2019273N23070,2019,UNNAMED,AS,2019-09-30 15:00:00,23.6,72.2,46.3,1002.0,Depression,,2.3771514892578125,0.1731414794921875,1004.5,False
2019273N23070,2019,UNNAMED,AS,2019-09-30 18:00:00,23.7,72.7,46.3,1002.0,Depression,,-3.971145629882813,-0.951934814453125,1006.1,False
2019273N23070,2019,UNNAMED,AS,2019-09-30 21:00:00,23.8,73.3,46.3,1002.0,Depression,,-0.0380096435546875,1.75201416015625,1003.9,False
2019273N23070,2019,UNNAMED,AS,2019-10-01 00:00:00,24.0,74.1,46.3,1002.0,Depression,,-3.741256713867188,2.478240966796875,1005.5,False
2019296N15066,2019,KYAAR:KYARR,AS,2019-10-22 18:00:00,14.7,66.4,,,,28.96,2.5766143798828125,2.350799560546875,1005.6,True
2019296N15066,2019,KYAAR:KYARR,AS,2019-10-22 21:00:00,14.9,66.8,,,,28.96,1.4335479736328125,-1.800750732421875,1003.7,True
2019296N15066,2019,KYAAR:KYARR,AS,2019-10-23 00:00:00,15.1,67.2,,,,28.98,2.5819091796875,0.1419219970703125,1002.5,True
2019296N15066,2019,KYAAR:KYARR,AS,2019-10-23 03:00:00,15.2,67.6,,,,28.88,3.0518035888671875,-3.300277709960937,1004.3,True
2019296N15066,2019,KYAAR:KYARR,AS,2019-10-23 06:00:00,15.3,68.1,,,,28.99,1.5579986572265625,-3.91790771484375,1004.5,True
2019296N15066,2019,KYAAR:KYARR,AS,2019-10-23 09:00:00,15.4,68.5,,,,28.9,-0.81298828125,-2.231307983398437,1001.3,True
2019296N15066,2019,KYAAR:KYARR,AS,2019-10-23 12:00:00,15.5,69.0,,,,28.81,-1.381134033203125,-2.074325561523437,1000.4,True
2019296N15066,2019,KYAAR:KYARR,AS,2019-10-23 15:00:00,15.6,69.6,,,,28.89,-0.232421875,-1.0764312744140625,1001.6,True
2019296N15066,2019,KYAAR:KYARR,AS,2019-10-23 18:00:00,15.6,70.1,,,,28.86,-1.389739990234375,3.5088653564453125,1001.7,True
2019296N15066,2019,KYAAR:KYARR,AS,2019-10-23 21:00:00,15.6,70.4,,,,28.84,-0.3276519775390625,2.32684326171875,999.3,True
2019296N15066,2019,KYAAR:KYARR,AS,2019-10-24 00:00:00,15.5,70.5,,,,28.36,-4.089385986328125,-3.96514892578125,998.7,True
2019296N15066,2019,KYAAR:KYARR,AS,2019-10-24 03:00:00,15.3,70.6,46.3,1000.0,Depression,28.37,0.0404510498046875,-5.094329833984375,1000.3,True
2019296N15066,2019,KYAAR:KYARR,AS,2019-10-24 06:00:00,15.2,70.7,46.3,1000.0,Depression,28.42,3.567657470703125,-0.4459686279296875,1000.0,True
2019296N15066,2019,KYAAR:KYARR,AS,2019-10-24 09:00:00,15.3,70.8,51.9,999.0,Deep Depression,28.42,6.8177032470703125,-1.320953369140625,996.8,True
2019296N15066,2019,KYAAR:KYARR,AS,2019-10-24 12:00:00,15.5,71.0,55.6,998.0,Deep Depression,28.47,3.899505615234375,-1.301361083984375,996.4,True
2019296N15066,2019,KYAAR:KYARR,AS,2019-10-24 15:00:00,15.5,71.1,55.6,998.0,Deep Depression,28.47,5.221939086914063,-8.41522216796875,998.7,True
2019296N15066,2019,KYAAR:KYARR,AS,2019-10-24 18:00:00,15.6,71.3,55.6,997.0,Deep Depression,28.55,5.8392333984375,-4.9752960205078125,997.9,True
2019296N15066,2019,KYAAR:KYARR,AS,2019-10-24 21:00:00,15.6,71.4,64.8,997.0,Cyclonic Storm,28.72,8.805145263671875,-0.0742645263671875,995.3,False
2019296N15066,2019,KYAAR:KYARR,AS,2019-10-25 00:00:00,15.8,71.6,74.1,996.0,Cyclonic Storm,28.19,2.4504852294921875,-0.735107421875,993.9,False
2019296N15066,2019,KYAAR:KYARR,AS,2019-10-25 03:00:00,15.9,71.7,74.1,996.0,Cyclonic Storm,28.42,-3.724273681640625,-0.5214385986328125,995.2,False
2019296N15066,2019,KYAAR:KYARR,AS,2019-10-25 06:00:00,16.0,71.8,83.3,994.0,Cyclonic Storm,28.42,-0.5838623046875,-0.421905517578125,994.1,False
2019296N15066,2019,KYAAR:KYARR,AS,2019-10-25 09:00:00,16.1,71.8,83.3,994.0,Cyclonic Storm,28.42,3.1194305419921875,-4.2155609130859375,991.9,False
2019296N15066,2019,KYAAR:KYARR,AS,2019-10-25 12:00:00,16.3,71.8,92.6,992.0,Severe Cyclonic Storm,28.5,-0.84130859375,-6.68316650390625,992.2,False
2019296N15066,2019,KYAAR:KYARR,AS,2019-10-25 15:00:00,16.3,71.7,101.9,991.0,Severe Cyclonic Storm,28.5,5.84039306640625,-2.729583740234375,992.2,False
2019296N15066,2019,KYAAR:KYARR,AS,2019-10-25 18:00:00,16.5,71.5,101.9,990.0,Severe Cyclonic Storm,28.48,4.0253448486328125,-1.7560882568359375,990.8,False
2019296N15066,2019,KYAAR:KYARR,AS,2019-10-25 21:00:00,16.5,71.1,111.1,988.0,Severe Cyclonic Storm,28.13,6.5286712646484375,-0.0237579345703125,990.5,False
2019296N15066,2019,KYAAR:KYARR,AS,2019-10-26 00:00:00,16.6,70.8,120.4,984.0,Very Severe Cyclonic Storm,27.81,6.9234771728515625,-0.0483551025390625,988.6,False
2019296N15066,2019,KYAAR:KYARR,AS,2019-10-26 03:00:00,16.6,70.4,120.4,984.0,Very Severe Cyclonic Storm,27.78,7.7328948974609375,1.7733306884765625,989.1,False
2019296N15066,2019,KYAAR:KYARR,AS,2019-10-26 06:00:00,16.6,70.0,138.9,978.0,Very Severe Cyclonic Storm,27.88,5.7308349609375,-2.2158355712890625,990.7,False
2019296N15066,2019,KYAAR:KYARR,AS,2019-10-26 09:00:00,16.6,69.7,148.2,974.0,Very Severe Cyclonic Storm,27.9,9.958770751953123,3.992706298828125,988.2,False
2019296N15066,2019,KYAAR:KYARR,AS,2019-10-26 12:00:00,16.7,69.4,157.4,970.0,Very Severe Cyclonic Storm,27.95,-2.69830322265625,5.6803741455078125,985.6,False
2019296N15066,2019,KYAAR:KYARR,AS,2019-10-26 15:00:00,16.7,69.1,166.7,966.0,Extremely Severe Cyclonic Storm,28.03,-1.5921478271484375,-5.370285034179688,987.7,False
2019296N15066,2019,KYAAR:KYARR,AS,2019-10-26 18:00:00,16.8,68.9,194.5,950.0,Extremely Severe Cyclonic Storm,28.03,-2.926239013671875,11.329330444335938,989.3,False
2019296N15066,2019,KYAAR:KYARR,AS,2019-10-26 21:00:00,16.9,68.5,203.7,946.0,Extremely Severe Cyclonic Storm,28.2,-11.184341430664062,2.0255279541015625,987.2,False
2019296N15066,2019,KYAAR:KYARR,AS,2019-10-27 00:00:00,17.0,68.2,222.2,934.0,Super Cyclonic Storm,28.01,-3.87066650390625,4.74591064453125,984.0,False
2019296N15066,2019,KYAAR:KYARR,AS,2019-10-27 03:00:00,17.1,67.8,231.5,928.0,Super Cyclonic Storm,27.73,3.709747314453125,-1.2325592041015625,983.5,False
2019296N15066,2019,KYAAR:KYARR,AS,2019-10-27 06:00:00,17.3,67.4,231.5,928.0,Super Cyclonic Storm,27.55,-5.201416015625,-1.2552337646484375,982.1,False
2019296N15066,2019,KYAAR:KYARR,AS,2019-10-27 09:00:00,17.4,67.1,240.8,922.0,Super Cyclonic Storm,27.5,-0.3282318115234375,-9.535430908203123,982.4,False
2019296N15066,2019,KYAAR:KYARR,AS,2019-10-27 12:00:00,17.5,66.8,240.8,922.0,Super Cyclonic Storm,27.49,3.427886962890625,-1.8560791015625,978.4,False
2019296N15066,2019,KYAAR:KYARR,AS,2019-10-27 15:00:00,17.6,66.5,240.8,922.0,Super Cyclonic Storm,27.5,9.76312255859375,3.7494049072265625,981.7,False
2019296N15066,2019,KYAAR:KYARR,AS,2019-10-27 18:00:00,17.8,66.3,240.8,922.0,Super Cyclonic Storm,27.48,1.3647308349609375,12.611602783203123,981.2,False
2019296N15066,2019,KYAAR:KYARR,AS,2019-10-27 21:00:00,18.0,65.8,231.5,926.0,Super Cyclonic Storm,27.4,-7.578445434570312,2.39471435546875,977.1,False
2019296N15066,2019,KYAAR:KYARR,AS,2019-10-28 00:00:00,18.2,65.5,231.5,928.0,Super Cyclonic Storm,27.2,-13.242462158203123,0.6490325927734375,975.4,False
2019296N15066,2019,KYAAR:KYARR,AS,2019-10-28 03:00:00,18.2,65.1,231.5,928.0,Super Cyclonic Storm,27.14,0.2932586669921875,-13.239959716796877,976.5,False
2019296N15066,2019,KYAAR:KYARR,AS,2019-10-28 06:00:00,18.3,64.8,231.5,928.0,Super Cyclonic Storm,27.15,9.908828735351562,-2.024078369140625,977.3,False
2019296N15066,2019,KYAAR:KYARR,AS,2019-10-28 09:00:00,18.4,64.5,231.5,928.0,Super Cyclonic Storm,27.16,5.5184173583984375,-1.3262786865234375,975.3,False
2019296N15066,2019,KYAAR:KYARR,AS,2019-10-28 12:00:00,18.5,64.4,231.5,928.0,Super Cyclonic Storm,27.16,10.010009765625,17.147674560546875,976.1,False
2019296N15066,2019,KYAAR:KYARR,AS,2019-10-28 15:00:00,18.7,64.1,231.5,928.0,Super Cyclonic Storm,27.18,7.060821533203125,-5.839599609375,974.8,False
2019296N15066,2019,KYAAR:KYARR,AS,2019-10-28 18:00:00,18.8,64.0,231.5,930.0,Super Cyclonic Storm,27.18,9.260650634765623,6.1929931640625,977.4,False
2019296N15066,2019,KYAAR:KYARR,AS,2019-10-28 21:00:00,18.9,63.8,231.5,930.0,Super Cyclonic Storm,27.12,6.434097290039063,1.5587921142578125,975.4,False
2019296N15066,2019,KYAAR:KYARR,AS,2019-10-29 00:00:00,19.1,63.6,222.2,934.0,Super Cyclonic Storm,27.02,9.74700927734375,11.846267700195312,978.2,False
2019296N15066,2019,KYAAR:KYARR,AS,2019-10-29 03:00:00,19.2,63.4,213.0,940.0,Extremely Severe Cyclonic Storm,27.0,-3.4148712158203125,20.383087158203125,985.2,False
2019296N15066,2019,KYAAR:KYARR,AS,2019-10-29 06:00:00,19.4,63.3,203.7,946.0,Extremely Severe Cyclonic Storm,26.98,-10.45257568359375,14.5042724609375,989.2,False
2019296N15066,2019,KYAAR:KYARR,AS,2019-10-29 09:00:00,19.5,63.1,194.5,950.0,Extremely Severe Cyclonic Storm,27.06,1.0295867919921875,16.635177612304688,988.2,False
2019296N15066,2019,KYAAR:KYARR,AS,2019-10-29 12:00:00,19.6,63.1,185.2,956.0,Extremely Severe Cyclonic Storm,27.06,0.6817779541015625,16.946975708007812,987.1,False
2019296N15066,2019,KYAAR:KYARR,AS,2019-10-29 15:00:00,19.6,62.9,185.2,956.0,Extremely Severe Cyclonic Storm,27.06,-2.3745880126953125,17.11395263671875,991.4,False
2019296N15066,2019,KYAAR:KYARR,AS,2019-10-29 18:00:00,19.6,62.8,175.9,960.0,Extremely Severe Cyclonic Storm,27.21,1.390350341796875,14.8768310546875,993.0,False
2019296N15066,2019,KYAAR:KYARR,AS,2019-10-29 21:00:00,19.6,62.5,166.7,966.0,Extremely Severe Cyclonic Storm,27.33,2.1397705078125,9.99871826171875,992.3,False
2019296N15066,2019,KYAAR:KYARR,AS,2019-10-30 00:00:00,19.6,62.3,157.4,970.0,Very Severe Cyclonic Storm,26.96,0.24761962890625,2.36956787109375,990.8,False
2019296N15066,2019,KYAAR:KYARR,AS,2019-10-30 03:00:00,19.5,62.1,148.2,974.0,Very Severe Cyclonic Storm,26.92,-5.583175659179688,-0.7499542236328125,991.4,False
2019296N15066,2019,KYAAR:KYARR,AS,2019-10-30 06:00:00,19.3,61.8,138.9,978.0,Very Severe Cyclonic Storm,26.94,2.174102783203125,1.7398529052734375,993.2,False
2019296N15066,2019,KYAAR:KYARR,AS,2019-10-30 09:00:00,19.2,61.6,129.6,982.0,Very Severe Cyclonic Storm,26.98,-2.834213256835937,1.9331512451171875,992.7,False
2019296N15066,2019,KYAAR:KYARR,AS,2019-10-30 12:00:00,18.9,61.4,120.4,984.0,Very Severe Cyclonic Storm,26.93,0.32586669921875,11.499481201171877,995.8,False
2019296N15066,2019,KYAAR:KYARR,AS,2019-10-30 15:00:00,18.9,61.1,111.1,988.0,Severe Cyclonic Storm,26.99,-3.079559326171875,3.4997711181640625,998.0,False
2019296N15066,2019,KYAAR:KYARR,AS,2019-10-30 18:00:00,18.7,60.8,101.9,990.0,Severe Cyclonic Storm,27.17,-2.6597900390625,4.743438720703125,1000.3,False
2019296N15066,2019,KYAAR:KYARR,AS,2019-10-30 21:00:00,18.5,60.5,101.9,991.0,Severe Cyclonic Storm,27.35,-0.12872314453125,4.736236572265625,1000.2,False
2019296N15066,2019,KYAAR:KYARR,AS,2019-10-31 00:00:00,18.3,60.4,92.6,994.0,Severe Cyclonic Storm,27.64,-1.602996826171875,8.7950439453125,1000.6,False
2019296N15066,2019,KYAAR:KYARR,AS,2019-10-31 03:00:00,18.0,60.1,83.3,996.0,Cyclonic Storm,27.77,0.2191314697265625,3.85333251953125,1002.6,False
2019296N15066,2019,KYAAR:KYARR,AS,2019-10-31 06:00:00,17.7,60.0,74.1,998.0,Cyclonic Storm,27.84,0.64068603515625,7.058364868164063,1004.9,False
2019296N15066,2019,KYAAR:KYARR,AS,2019-10-31 09:00:00,17.5,59.9,74.1,998.0,Cyclonic Storm,27.89,2.3456268310546875,8.075119018554688,1003.3,False
2019296N15066,2019,KYAAR:KYARR,AS,2019-10-31 12:00:00,17.4,59.9,64.8,999.0,Cyclonic Storm,27.89,0.4551849365234375,5.35174560546875,1002.3,False
2019296N15066,2019,KYAAR:KYARR,AS,2019-10-31 15:00:00,17.2,59.7,55.6,1001.0,Deep Depression,27.83,0.222930908203125,1.8157501220703125,1003.1,True
2019296N15066,2019,KYAAR:KYARR,AS,2019-10-31 18:00:00,16.9,59.6,55.6,1001.0,Deep Depression,27.95,-0.8045501708984375,0.8425445556640625,1004.2,True
2019296N15066,2019,KYAAR:KYARR,AS,2019-10-31 21:00:00,16.7,59.5,55.6,1001.0,Deep Depression,27.97,0.5430755615234375,1.578887939453125,1003.3,True
2019296N15066,2019,KYAAR:KYARR,AS,2019-11-01 00:00:00,16.5,59.3,46.3,1002.0,Depression,27.85,-0.200469970703125,0.03778076171875,1003.1,True
2019296N15066,2019,KYAAR:KYARR,AS,2019-11-01 03:00:00,16.2,59.0,46.3,1002.0,Depression,27.76,-3.4686431884765625,-1.180023193359375,1004.7,True
2019296N15066,2019,KYAAR:KYARR,AS,2019-11-01 06:00:00,16.0,58.6,46.3,1002.0,Depression,27.73,-5.2572021484375,-2.9808349609375,1005.8,True
2019296N15066,2019,KYAAR:KYARR,AS,2019-11-01 09:00:00,15.7,58.2,46.3,1002.0,Depression,27.76,-6.3712005615234375,-4.06268310546875,1003.0,True
2019296N15066,2019,KYAAR:KYARR,AS,2019-11-01 12:00:00,15.4,57.6,46.3,1002.0,Depression,27.96,-5.24603271484375,-7.160690307617188,1003.4,True
2019296N15066,2019,KYAAR:KYARR,AS,2019-11-01 15:00:00,14.9,57.4,46.3,1002.0,Depression,28.07,-3.746063232421875,-6.9202423095703125,1004.6,True
2019296N15066,2019,KYAAR:KYARR,AS,2019-11-01 18:00:00,14.4,57.1,46.3,1002.0,Depression,28.28,-2.0469970703125,-7.5712432861328125,1005.9,True
2019296N15066,2019,KYAAR:KYARR,AS,2019-11-01 21:00:00,14.0,56.6,46.3,1002.0,Depression,28.62,0.01519775390625,-7.881484985351562,1004.8,True
2019296N15066,2019,KYAAR:KYARR,AS,2019-11-02 00:00:00,13.8,56.1,46.3,1002.0,Depression,28.86,-2.888824462890625,-5.8467559814453125,1004.2,True
2019296N15066,2019,KYAAR:KYARR,AS,2019-11-02 03:00:00,13.6,55.2,46.3,1003.0,Depression,28.49,-4.2982940673828125,-7.1593780517578125,1006.9,True
2019296N15066,2019,KYAAR:KYARR,AS,2019-11-02 06:00:00,13.3,54.3,46.3,1003.0,Depression,28.36,-3.992523193359375,-8.9744873046875,1009.6,True
2019296N15066,2019,KYAAR:KYARR,AS,2019-11-02 09:00:00,12.9,53.8,46.3,1003.0,Depression,28.22,-3.1761016845703125,-9.19073486328125,1007.6,True
2019296N15066,2019,KYAAR:KYARR,AS,2019-11-02 12:00:00,12.6,53.0,37.0,1003.0,Depression,28.0,-3.9328765869140634,-9.750350952148438,1006.9,True
2019296N15066,2019,KYAAR:KYARR,AS,2019-11-02 15:00:00,12.1,52.3,37.0,1003.0,Depression,27.94,-1.34613037109375,-7.840789794921875,1009.1,True
2019296N15066,2019,KYAAR:KYARR,AS,2019-11-02 18:00:00,11.1,51.9,,,,28.11,1.03753662109375,-10.365646362304688,1009.9,True
2019296N15066,2019,KYAAR:KYARR,AS,2019-11-02 21:00:00,10.3,51.9,,,,28.4,1.423309326171875,-8.238235473632812,1008.6,True
2019296N15066,2019,KYAAR:KYARR,AS,2019-11-03 00:00:00,9.8,52.1,,,,27.87,-0.9859466552734376,-4.212448120117188,1008.2,True
2019296N15066,2019,KYAAR:KYARR,AS,2019-11-03 03:00:00,9.5,52.2,,,,27.95,-0.957122802734375,-3.234405517578125,1009.4,True
2019296N15066,2019,KYAAR:KYARR,AS,2019-11-03 06:00:00,9.2,52.2,,,,28.24,-1.014190673828125,-2.3633270263671875,1010.9,True
2019301N05081,2019,MAHA,BB,2019-10-28 06:00:00,4.9,81.2,,,,28.61,-2.267929077148437,-4.886383056640625,1009.1,True
2019301N05081,2019,MAHA,BB,2019-10-28 09:00:00,4.9,80.6,,,,28.58,-2.5099029541015625,-5.5782318115234375,1006.6,True
2019301N05081,2019,MAHA,BB,2019-10-28 12:00:00,4.8,80.0,,,,28.64,-3.740966796875,-4.118927001953125,1006.5,True
2019301N05081,2019,MAHA,BB,2019-10-28 15:00:00,4.7,79.4,,,,28.83,-3.417694091796875,-2.055419921875,1009.2,True
2019301N05081,2019,MAHA,BB,2019-10-28 18:00:00,4.6,78.8,,,,29.08,-2.536224365234375,-0.6195068359375,1008.7,True
2019301N05081,2019,MAHA,BB,2019-10-28 21:00:00,4.5,78.1,,,,29.24,0.3403472900390625,0.6925811767578125,1007.6,True
2019301N05081,2019,MAHA,AS,2019-10-29 00:00:00,4.5,77.5,,,,29.31,-1.06646728515625,0.5933380126953125,1007.2,True
2019301N05081,2019,MAHA,AS,2019-10-29 03:00:00,4.7,77.1,,,,29.31,-1.7263946533203125,-0.813201904296875,1009.2,True
2019301N05081,2019,MAHA,AS,2019-10-29 06:00:00,5.1,76.8,,,,29.43,-3.05023193359375,-6.2427978515625,1009.0,True
2019301N05081,2019,MAHA,AS,2019-10-29 09:00:00,5.5,76.8,,,,29.25,-3.1188507080078125,-4.9615020751953125,1007.0,True
2019301N05081,2019,MAHA,AS,2019-10-29 12:00:00,5.9,76.8,,,,29.3,-3.8318939208984375,-1.3372039794921875,1006.1,True
2019301N05081,2019,MAHA,AS,2019-10-29 15:00:00,6.3,76.7,,,,29.29,-4.6324005126953125,1.90203857421875,1008.0,True
2019301N05081,2019,MAHA,AS,2019-10-29 18:00:00,6.7,76.4,,,,29.3,-5.875274658203125,1.3524169921875,1008.2,True
2019301N05081,2019,MAHA,AS,2019-10-29 21:00:00,7.1,76.0,,,,29.34,-6.5594482421875,-0.05596923828125,1005.8,True
2019301N05081,2019,MAHA,AS,2019-10-30 00:00:00,7.4,75.7,46.3,1003.0,Depression,28.92,-3.47796630859375,5.99163818359375,1006.4,True
2019301N05081,2019,MAHA,AS,2019-10-30 03:00:00,8.0,75.1,46.3,1003.0,Depression,29.06,-1.6232147216796875,2.7910614013671875,1007.9,True
2019301N05081,2019,MAHA,AS,2019-10-30 06:00:00,8.3,74.9,46.3,1002.0,Depression,29.04,2.687774658203125,7.827743530273437,1007.1,True
2019301N05081,2019,MAHA,AS,2019-10-30 09:00:00,8.7,74.5,55.6,1001.0,Deep Depression,29.09,1.9030914306640625,2.9858856201171875,1003.3,True
2019301N05081,2019,MAHA,AS,2019-10-30 12:00:00,9.3,74.1,64.8,1000.0,Cyclonic Storm,29.28,3.93817138671875,-3.959503173828125,1004.0,False
2019301N05081,2019,MAHA,AS,2019-10-30 15:00:00,9.8,73.8,74.1,998.0,Cyclonic Storm,29.3,3.092315673828125,-3.006088256835937,1005.4,False
2019301N05081,2019,MAHA,AS,2019-10-30 18:00:00,10.3,73.4,74.1,998.0,Cyclonic Storm,28.94,4.6654052734375,-5.332733154296875,1005.3,False
2019301N05081,2019,MAHA,AS,2019-10-30 21:00:00,10.7,73.3,74.1,998.0,Cyclonic Storm,28.99,0.00994873046875,-3.747161865234375,1002.8,False
2019301N05081,2019,MAHA,AS,2019-10-31 00:00:00,11.1,73.3,83.3,996.0,Cyclonic Storm,28.72,2.620635986328125,-0.4129638671875,1002.1,False
2019301N05081,2019,MAHA,AS,2019-10-31 03:00:00,11.6,73.1,83.3,996.0,Cyclonic Storm,28.7,-2.062118530273437,-4.68182373046875,1003.2,False
2019301N05081,2019,MAHA,AS,2019-10-31 06:00:00,12.0,73.1,92.6,994.0,Severe Cyclonic Storm,28.85,-4.12786865234375,0.0319976806640625,1003.0,False
2019301N05081,2019,MAHA,AS,2019-10-31 09:00:00,12.5,73.1,92.6,994.0,Severe Cyclonic Storm,28.81,-1.7637481689453125,7.847579956054687,1000.2,False
2019301N05081,2019,MAHA,AS,2019-10-31 12:00:00,13.0,72.9,92.6,992.0,Severe Cyclonic Storm,28.83,-6.9911041259765625,0.55194091796875,1000.7,False
2019301N05081,2019,MAHA,AS,2019-10-31 15:00:00,13.5,72.6,101.9,990.0,Severe Cyclonic Storm,29.06,-3.150115966796875,-7.171554565429688,1003.4,False
2019301N05081,2019,MAHA,AS,2019-10-31 18:00:00,13.9,72.3,101.9,990.0,Severe Cyclonic Storm,28.94,-0.1424407958984375,-8.253158569335938,1004.3,False
2019301N05081,2019,MAHA,AS,2019-10-31 21:00:00,14.1,72.0,101.9,990.0,Severe Cyclonic Storm,28.8,5.9258880615234375,-4.803924560546875,1002.8,False
2019301N05081,2019,MAHA,AS,2019-11-01 00:00:00,14.6,71.6,101.9,990.0,Severe Cyclonic Storm,28.47,5.944061279296875,0.43817138671875,1002.9,False
2019301N05081,2019,MAHA,AS,2019-11-01 03:00:00,14.8,70.9,101.9,990.0,Severe Cyclonic Storm,28.31,4.4053802490234375,1.148101806640625,1003.8,False
2019301N05081,2019,MAHA,AS,2019-11-01 06:00:00,15.2,70.4,101.9,990.0,Severe Cyclonic Storm,28.36,-3.8616943359375,-3.4085693359375,1003.6,False
2019301N05081,2019,MAHA,AS,2019-11-01 09:00:00,15.3,70.0,101.9,990.0,Severe Cyclonic Storm,28.25,2.7860260009765625,-7.36346435546875,1001.6,False
2019301N05081,2019,MAHA,AS,2019-11-01 12:00:00,15.5,69.7,92.6,992.0,Severe Cyclonic Storm,28.12,-1.20989990234375,-2.1528778076171875,1000.4,False
2019301N05081,2019,MAHA,AS,2019-11-01 15:00:00,15.7,69.4,92.6,992.0,Severe Cyclonic Storm,28.23,-0.102508544921875,-3.0149688720703125,1002.2,False
2019301N05081,2019,MAHA,AS,2019-11-01 18:00:00,15.9,69.1,92.6,992.0,Severe Cyclonic Storm,27.9,0.8924560546875,-6.3935089111328125,1003.2,False
2019301N05081,2019,MAHA,AS,2019-11-01 21:00:00,16.0,68.9,92.6,992.0,Severe Cyclonic Storm,27.9,2.15386962890625,-0.2808990478515625,1001.1,False
2019301N05081,2019,MAHA,AS,2019-11-02 00:00:00,16.2,68.6,92.6,992.0,Severe Cyclonic Storm,27.19,-2.092926025390625,-3.912185668945313,1000.6,False
2019301N05081,2019,MAHA,AS,2019-11-02 03:00:00,16.3,68.4,92.6,992.0,Severe Cyclonic Storm,27.19,2.0620574951171875,1.9587860107421875,1002.6,False
2019301N05081,2019,MAHA,AS,2019-11-02 06:00:00,16.6,68.2,92.6,992.0,Severe Cyclonic Storm,27.07,1.608062744140625,4.3409423828125,1003.4,False
2019301N05081,2019,MAHA,AS,2019-11-02 09:00:00,16.8,67.9,92.6,992.0,Severe Cyclonic Storm,27.05,0.9381561279296876,3.76531982421875,1000.7,False
2019301N05081,2019,MAHA,AS,2019-11-02 12:00:00,17.0,67.6,101.9,990.0,Severe Cyclonic Storm,27.23,-1.2893218994140625,-4.7269134521484375,1000.8,False
2019301N05081,2019,MAHA,AS,2019-11-02 15:00:00,17.1,67.3,101.9,990.0,Severe Cyclonic Storm,27.36,4.57379150390625,-4.658172607421875,1003.0,False
2019301N05081,2019,MAHA,AS,2019-11-02 18:00:00,17.2,67.1,111.1,988.0,Severe Cyclonic Storm,27.4,0.80609130859375,-6.936935424804688,1003.9,False
2019301N05081,2019,MAHA,AS,2019-11-02 21:00:00,17.4,66.8,111.1,988.0,Severe Cyclonic Storm,27.34,-2.016143798828125,-7.8105010986328125,1002.8,False
2019301N05081,2019,MAHA,AS,2019-11-03 00:00:00,17.5,66.6,111.1,988.0,Severe Cyclonic Storm,27.24,-0.2877044677734375,-9.283737182617188,1002.4,False
2019301N05081,2019,MAHA,AS,2019-11-03 03:00:00,17.5,66.4,111.1,988.0,Severe Cyclonic Storm,27.24,-0.618255615234375,-2.529327392578125,1003.5,False
2019301N05081,2019,MAHA,AS,2019-11-03 06:00:00,17.6,66.2,111.1,988.0,Severe Cyclonic Storm,27.24,-1.231964111328125,0.1239776611328125,1004.1,False
2019301N05081,2019,MAHA,AS,2019-11-03 09:00:00,17.6,65.9,120.4,984.0,Very Severe Cyclonic Storm,27.21,3.0357208251953125,3.0419921875,1002.5,False
2019301N05081,2019,MAHA,AS,2019-11-03 12:00:00,17.7,65.7,129.6,982.0,Very Severe Cyclonic Storm,26.98,-1.3632049560546875,1.6828765869140625,1001.8,False
2019301N05081,2019,MAHA,AS,2019-11-03 15:00:00,17.8,65.5,138.9,978.0,Very Severe Cyclonic Storm,26.99,1.6108551025390625,3.4261932373046875,1004.2,False
2019301N05081,2019,MAHA,AS,2019-11-03 18:00:00,17.9,65.4,148.2,974.0,Very Severe Cyclonic Storm,26.66,-4.976776123046875,9.659988403320312,1005.3,False
2019301N05081,2019,MAHA,AS,2019-11-03 21:00:00,18.0,65.1,157.4,970.0,Very Severe Cyclonic Storm,26.62,-0.495147705078125,5.947479248046875,1002.9,False
2019301N05081,2019,MAHA,AS,2019-11-04 00:00:00,18.1,64.9,166.7,966.0,Extremely Severe Cyclonic Storm,26.62,-0.5524749755859375,13.146636962890623,1002.8,False
2019301N05081,2019,MAHA,AS,2019-11-04 03:00:00,18.3,64.6,166.7,966.0,Extremely Severe Cyclonic Storm,26.76,-1.781341552734375,4.9219818115234375,1000.5,False
2019301N05081,2019,MAHA,AS,2019-11-04 06:00:00,18.6,64.4,166.7,966.0,Extremely Severe Cyclonic Storm,26.65,-0.1347503662109375,12.155990600585938,1000.8,False
2019301N05081,2019,MAHA,AS,2019-11-04 09:00:00,18.7,64.2,175.9,962.0,Extremely Severe Cyclonic Storm,26.59,2.1791229248046875,11.974319458007812,999.8,False
2019301N05081,2019,MAHA,AS,2019-11-04 12:00:00,18.9,64.1,185.2,956.0,Extremely Severe Cyclonic Storm,26.48,0.327911376953125,9.852005004882812,999.5,False
2019301N05081,2019,MAHA,AS,2019-11-04 15:00:00,19.2,63.9,185.2,956.0,Extremely Severe Cyclonic Storm,25.99,-6.4046783447265625,11.658447265625,1003.5,False
2019301N05081,2019,MAHA,AS,2019-11-04 18:00:00,19.3,63.7,185.2,956.0,Extremely Severe Cyclonic Storm,26.23,-3.971923828125,12.089218139648438,1004.4,False
2019301N05081,2019,MAHA,AS,2019-11-04 21:00:00,19.4,63.6,185.2,956.0,Extremely Severe Cyclonic Storm,26.31,-7.568267822265625,11.346282958984377,1003.0,False
2019301N05081,2019,MAHA,AS,2019-11-05 00:00:00,19.5,63.5,166.7,966.0,Extremely Severe Cyclonic Storm,26.18,-4.4664154052734375,13.228240966796877,1002.6,False
2019301N05081,2019,MAHA,AS,2019-11-05 03:00:00,19.6,63.5,157.4,970.0,Very Severe Cyclonic Storm,26.18,-1.8024444580078125,14.161392211914062,1004.0,False
2019301N05081,2019,MAHA,AS,2019-11-05 06:00:00,19.7,63.6,148.2,974.0,Very Severe Cyclonic Storm,25.83,-8.225326538085938,10.328384399414062,1005.5,False
2019301N05081,2019,MAHA,AS,2019-11-05 09:00:00,19.7,63.7,148.2,974.0,Very Severe Cyclonic Storm,25.61,-8.116531372070312,12.5440673828125,1002.9,False
2019301N05081,2019,MAHA,AS,2019-11-05 12:00:00,19.8,64.0,129.6,982.0,Very Severe Cyclonic Storm,25.72,-5.090484619140625,11.95050048828125,1002.9,False
2019301N05081,2019,MAHA,AS,2019-11-05 15:00:00,19.8,64.3,129.6,982.0,Very Severe Cyclonic Storm,25.87,-7.092376708984375,8.78338623046875,1004.0,False
2019301N05081,2019,MAHA,AS,2019-11-05 18:00:00,19.8,64.8,129.6,982.0,Very Severe Cyclonic Storm,26.42,-9.784652709960938,9.910659790039062,1005.7,False
2019301N05081,2019,MAHA,AS,2019-11-05 21:00:00,19.8,65.3,129.6,982.0,Very Severe Cyclonic Storm,26.73,-10.330169677734377,10.370651245117188,1005.4,False
2019301N05081,2019,MAHA,AS,2019-11-06 00:00:00,19.8,65.6,111.1,988.0,Severe Cyclonic Storm,26.63,-10.058502197265623,7.992813110351562,1003.2,False
2019301N05081,2019,MAHA,AS,2019-11-06 03:00:00,19.7,66.0,101.9,990.0,Severe Cyclonic Storm,26.93,-7.31689453125,10.105255126953123,1005.8,False
2019301N05081,2019,MAHA,AS,2019-11-06 06:00:00,19.7,66.4,92.6,994.0,Severe Cyclonic Storm,27.23,-4.839385986328125,12.318344116210938,1006.6,False
2019301N05081,2019,MAHA,AS,2019-11-06 09:00:00,19.6,66.9,92.6,994.0,Severe Cyclonic Storm,27.1,-0.5975799560546875,14.042556762695312,1003.0,False
2019301N05081,2019,MAHA,AS,2019-11-06 12:00:00,19.6,67.5,83.3,996.0,Cyclonic Storm,27.67,3.1977996826171875,13.454483032226562,1002.2,False
2019301N05081,2019,MAHA,AS,2019-11-06 15:00:00,19.6,68.1,74.1,998.0,Cyclonic Storm,27.74,5.2531585693359375,10.8197021484375,1002.5,False
2019301N05081,2019,MAHA,AS,2019-11-06 18:00:00,19.6,68.5,74.1,998.0,Cyclonic Storm,27.9,1.7806243896484375,10.490631103515623,1003.1,False
2019301N05081,2019,MAHA,AS,2019-11-06 21:00:00,19.6,69.0,64.8,1000.0,Cyclonic Storm,27.94,-2.2024078369140625,10.938400268554688,1002.9,False
2019301N05081,2019,MAHA,AS,2019-11-07 00:00:00,19.7,69.6,55.6,1003.0,Deep Depression,28.01,-5.0087890625,3.65985107421875,1004.3,True
2019301N05081,2019,MAHA,AS,2019-11-07 03:00:00,19.9,70.1,55.6,1003.0,Deep Depression,28.13,-6.1866455078125,3.690460205078125,1007.7,True
2019301N05081,2019,MAHA,AS,2019-11-07 06:00:00,20.1,70.4,46.3,1005.0,Depression,28.35,-4.45562744140625,6.485610961914063,1007.9,True
2019301N05081,2019,MAHA,AS,2019-11-07 09:00:00,20.2,70.8,37.0,1005.0,Depression,28.52,-4.5325927734375,3.1782989501953125,1005.5,True
2019301N05081,2019,MAHA,AS,2019-11-07 12:00:00,20.2,71.3,,,,28.55,-2.6533203125,3.599456787109375,1005.5,True
2019301N05081,2019,MAHA,AS,2019-11-07 15:00:00,20.3,71.7,,,,29.04,-2.5782012939453125,3.2026824951171875,1007.8,True
2019301N05081,2019,MAHA,AS,2019-11-07 18:00:00,20.4,72.0,,,,29.29,-4.9662628173828125,0.9000396728515625,1008.3,True
2019301N05081,2019,MAHA,AS,2019-11-07 21:00:00,20.3,72.2,,,,29.33,-4.23443603515625,3.2998809814453125,1007.3,True
2019301N05081,2019,MAHA,AS,2019-11-08 00:00:00,20.2,72.3,,,,28.95,-3.92376708984375,1.7952423095703125,1007.2,True
2019301N05081,2019,MAHA,AS,2019-11-08 03:00:00,20.1,72.4,,,,28.85,-2.5075836181640625,5.342437744140625,1009.6,True
2019301N05081,2019,MAHA,AS,2019-11-08 06:00:00,20.1,72.5,,,,28.85,-0.531829833984375,6.1629638671875,1010.3,True
2019301N05081,2019,MAHA,AS,2019-11-08 09:00:00,20.2,72.5,,,,28.77,-0.9476318359375,4.1200714111328125,1008.3,True
2019301N05081,2019,MAHA,AS,2019-11-08 12:00:00,20.3,72.5,,,,28.77,0.8238372802734375,1.788360595703125,1008.8,True
2019301N05081,2019,MAHA,AS,2019-11-08 15:00:00,20.3,72.4,,,,28.77,-1.715728759765625,-0.293792724609375,1011.2,True
2019301N05081,2019,MAHA,AS,2019-11-08 18:00:00,20.3,72.3,,,,28.95,-1.986480712890625,-1.4372711181640625,1010.9,True
2019301N05081,2019,MAHA,AS,2019-11-08 21:00:00,20.3,72.3,,,,28.95,-2.224960327148437,-0.0164794921875,1010.0,True
2019301N05081,2019,MAHA,AS,2019-11-09 00:00:00,20.2,72.3,,,,28.61,-2.7587890625,0.0224609375,1009.7,True
2019301N05081,2019,MAHA,AS,2019-11-09 03:00:00,20.1,72.1,,,,28.49,-2.2699127197265625,-0.048828125,1011.8,True
2019301N05081,2019,MAHA,AS,2019-11-09 06:00:00,19.9,71.9,,,,28.49,-1.7035675048828125,1.8102264404296875,1011.8,True
2019301N05081,2019,MAHA,AS,2019-11-09 09:00:00,19.8,71.7,,,,28.49,0.4620819091796875,0.793426513671875,1009.3,True
2019301N05081,2019,MAHA,AS,2019-11-09 12:00:00,19.8,71.4,,,,28.4,0.6264190673828125,-1.442138671875,1009.2,True
2019301N05081,2019,MAHA,AS,2019-11-09 15:00:00,19.7,71.2,,,,28.37,-0.4706878662109375,-2.601226806640625,1011.3,True
2019301N05081,2019,MAHA,AS,2019-11-09 18:00:00,19.5,70.9,,,,28.27,-1.14654541015625,-1.1959075927734375,1012.2,True
2019301N05081,2019,MAHA,AS,2019-11-09 21:00:00,19.4,70.5,,,,28.27,-1.6867218017578125,0.0041656494140625,1010.6,True
2019301N05081,2019,MAHA,AS,2019-11-10 00:00:00,19.3,70.1,,,,28.06,-0.6728668212890625,0.5086822509765625,1010.4,True
2019301N05081,2019,MAHA,AS,2019-11-10 03:00:00,19.2,69.7,,,,27.76,-2.0045166015625,0.428070068359375,1012.2,True
2019301N05081,2019,MAHA,AS,2019-11-10 06:00:00,19.2,69.3,,,,27.58,-2.7422637939453125,-0.6747283935546875,1012.8,True
2019301N05081,2019,MAHA,AS,2019-11-10 09:00:00,19.1,68.9,,,,27.56,-1.42041015625,0.064300537109375,1010.5,True
2019301N05081,2019,MAHA,AS,2019-11-10 12:00:00,19.0,68.5,,,,27.52,-2.3421630859375,-2.893463134765625,1010.0,True
2019301N05081,2019,MAHA,AS,2019-11-10 15:00:00,18.7,68.2,,,,27.48,-2.5586700439453125,-3.4480743408203125,1011.8,True
2019301N05081,2019,MAHA,AS,2019-11-10 18:00:00,18.4,67.9,,,,27.1,-2.8177032470703125,-2.0377960205078125,1012.1,True
2019301N05081,2019,MAHA,AS,2019-11-10 21:00:00,18.2,67.8,,,,26.95,-2.6609649658203125,-1.182525634765625,1010.3,True
2019301N05081,2019,MAHA,AS,2019-11-11 00:00:00,18.1,67.7,,,,27.19,-0.4676361083984375,0.4996490478515625,1010.1,True
2019302N11118,2019,BULBUL:MATMO,MM,2019-10-28 12:00:00,10.6,118.2,,,,,0.202392578125,1.207244873046875,1009.6,False
2019302N11118,2019,BULBUL:MATMO,MM,2019-10-28 15:00:00,10.6,117.9,,,,,0.224884033203125,1.802001953125,1011.5,False
2019302N11118,2019,BULBUL:MATMO,MM,2019-10-28 18:00:00,11.1,117.2,,1004.0,,,0.140533447265625,0.8238525390625,1010.6,False
2019302N11118,2019,BULBUL:MATMO,MM,2019-10-28 21:00:00,11.4,116.7,,,,,0.7094879150390625,0.1769561767578125,1009.3,False
2019302N11118,2019,BULBUL:MATMO,MM,2019-10-29 00:00:00,11.7,116.1,,1004.0,,,-0.05572509765625,-1.0521697998046875,1010.9,False
2019302N11118,2019,BULBUL:MATMO,MM,2019-10-29 03:00:00,12.0,115.5,,,,,-2.6238555908203125,-1.425506591796875,1012.2,False
2019302N11118,2019,BULBUL:MATMO,MM,2019-10-29 06:00:00,12.2,115.0,,1002.0,,,-1.47796630859375,-2.4644775390625,1009.3,False
2019302N11118,2019,BULBUL:MATMO,MM,2019-10-29 09:00:00,12.5,114.5,,,,,-0.1168975830078125,-2.9253692626953125,1007.4,False
2019302N11118,2019,BULBUL:MATMO,MM,2019-10-29 12:00:00,12.7,114.0,,1002.0,,,1.5040435791015625,-2.5325164794921875,1009.3,False
2019302N11118,2019,BULBUL:MATMO,MM,2019-10-29 15:00:00,12.8,113.4,,,,,0.8939666748046875,-2.70343017578125,1010.7,False
2019302N11118,2019,BULBUL:MATMO,MM,2019-10-29 18:00:00,12.9,112.8,64.8,1000.0,Cyclonic Storm,,0.223358154296875,-2.6905517578125,1010.2,False
2019302N11118,2019,BULBUL:MATMO,MM,2019-10-29 21:00:00,13.1,112.3,,,,,-0.2283935546875,-2.12823486328125,1009.5,False
2019302N11118,2019,BULBUL:MATMO,MM,2019-10-30 00:00:00,13.1,111.7,83.3,994.0,Cyclonic Storm,,0.15777587890625,-2.04351806640625,1010.9,False
2019302N11118,2019,BULBUL:MATMO,MM,2019-10-30 03:00:00,13.2,111.2,,,,,-1.1603240966796875,-2.0097198486328125,1011.9,False
2019302N11118,2019,BULBUL:MATMO,MM,2019-10-30 06:00:00,13.2,110.8,92.6,992.0,Severe Cyclonic Storm,,0.706329345703125,-2.3275299072265625,1008.3,False
2019302N11118,2019,BULBUL:MATMO,MM,2019-10-30 09:00:00,13.2,110.5,,,,,0.4685211181640625,-2.9906768798828125,1007.0,False
2019302N11118,2019,BULBUL:MATMO,MM,2019-10-30 12:00:00,13.3,110.1,92.6,992.0,Severe Cyclonic Storm,,0.88543701171875,-3.256378173828125,1007.8,False
2019302N11118,2019,BULBUL:MATMO,MM,2019-10-30 15:00:00,13.4,109.5,,,,,0.516143798828125,-3.8273773193359375,1008.9,False
2019302N11118,2019,BULBUL:MATMO,MM,2019-10-30 18:00:00,13.5,108.8,92.6,994.0,Severe Cyclonic Storm,,1.0882568359375,-4.037811279296875,1007.8,False
2019302N11118,2019,BULBUL:MATMO,MM,2019-10-30 21:00:00,13.5,108.0,,,,,1.95623779296875,-4.346771240234375,1006.2,False
2019302N11118,2019,BULBUL:MATMO,MM,2019-10-31 00:00:00,13.6,107.2,64.8,1000.0,Cyclonic Storm,,2.278839111328125,-3.9520263671875,1007.5,False
2019302N11118,2019,BULBUL:MATMO,MM,2019-10-31 03:00:00,13.6,106.5,,,,,2.2494049072265625,-3.04705810546875,1008.4,False
2019302N11118,2019,BULBUL:MATMO,MM,2019-10-31 06:00:00,13.7,105.9,,1002.0,,,1.62701416015625,-3.163314819335937,1006.7,False
2019302N11118,2019,BULBUL:MATMO,MM,2019-10-31 09:00:00,13.8,105.4,,,,,2.1561737060546875,-2.1856231689453125,1005.8,False
2019302N11118,2019,BULBUL:MATMO,MM,2019-10-31 12:00:00,13.9,104.9,,1006.0,,,-0.9286041259765624,-2.56524658203125,1006.8,False
2019302N11118,2019,BULBUL:MATMO,MM,2019-10-31 15:00:00,13.9,104.3,,,,,0.547149658203125,-3.933273315429688,1008.8,False
2019302N11118,2019,BULBUL:MATMO,MM,2019-10-31 18:00:00,14.0,103.6,,1008.0,,,1.0294342041015625,-4.0217132568359375,1009.1,False
2019302N11118,2019,BULBUL:MATMO,MM,2019-10-31 21:00:00,14.2,102.8,,,,,0.9551849365234376,-4.224822998046875,1009.1,False
2019302N11118,2019,BULBUL:MATMO,MM,2019-11-01 00:00:00,14.3,102.2,,,,,-0.661407470703125,-3.27667236328125,1011.3,False
2019302N11118,2019,BULBUL:MATMO,MM,2019-11-01 03:00:00,14.4,101.8,,,,,-2.1717681884765625,-4.605804443359375,1012.7,False
2019302N11118,2019,BULBUL:MATMO,MM,2019-11-01 06:00:00,14.5,101.4,,,,,-1.5208740234375,-2.5892333984375,1010.8,False
2019302N11118,2019,BULBUL:MATMO,MM,2019-11-01 09:00:00,14.5,101.0,,,,,-0.4376068115234375,-2.30291748046875,1008.5,False
2019302N11118,2019,BULBUL:MATMO,MM,2019-11-01 12:00:00,14.4,100.7,,,,,0.07330322265625,-1.4800262451171875,1010.0,False
2019302N11118,2019,BULBUL:MATMO,MM,2019-11-01 15:00:00,14.3,100.4,,,,,-0.311492919921875,-1.7884063720703125,1011.1,False
2019302N11118,2019,BULBUL:MATMO,MM,2019-11-01 18:00:00,14.2,100.0,,,,,0.3670654296875,-2.2089385986328125,1010.4,False
2019302N11118,2019,BULBUL:MATMO,BB,2019-11-01 21:00:00,14.1,99.6,,,,,-0.63421630859375,-1.5689849853515625,1009.6,False
2019302N11118,2019,BULBUL:MATMO,BB,2019-11-02 00:00:00,14.0,99.3,,,,,-0.805816650390625,-0.0196075439453125,1011.1,False
2019302N11118,2019,BULBUL:MATMO,BB,2019-11-02 03:00:00,13.9,99.0,,,,,-1.6859893798828125,-0.6144561767578125,1013.1,False
2019302N11118,2019,BULBUL:MATMO,BB,2019-11-02 06:00:00,13.8,98.8,,,,,-2.213226318359375,-0.8875732421875,1011.5,False
2019302N11118,2019,BULBUL:MATMO,BB,2019-11-02 09:00:00,13.7,98.6,,,,,-0.0012969970703125,-0.57354736328125,1009.5,False
2019302N11118,2019,BULBUL:MATMO,BB,2019-11-02 12:00:00,13.6,98.3,,,,30.14,0.3757171630859375,-2.007186889648437,1010.0,True
2019302N11118,2019,BULBUL:MATMO,BB,2019-11-02 15:00:00,13.5,98.0,,,,30.2,-2.05609130859375,-1.299774169921875,1011.2,True
2019302N11118,2019,BULBUL:MATMO,BB,2019-11-02 18:00:00,13.4,97.6,,,,30.55,-2.96636962890625,0.2954864501953125,1010.1,True
2019302N11118,2019,BULBUL:MATMO,BB,2019-11-02 21:00:00,13.3,97.2,,,,30.34,-2.826690673828125,1.3828582763671875,1009.1,True
2019302N11118,2019,BULBUL:MATMO,BB,2019-11-03 00:00:00,13.3,96.7,,,,30.17,-2.325790405273437,3.0736846923828125,1010.1,True
2019302N11118,2019,BULBUL:MATMO,BB,2019-11-03 03:00:00,13.3,96.3,,,,30.15,-2.723724365234375,3.055633544921875,1011.5,True
2019302N11118,2019,BULBUL:MATMO,BB,2019-11-03 06:00:00,13.3,96.0,,,,30.11,-1.646026611328125,3.4179229736328125,1009.6,True
2019302N11118,2019,BULBUL:MATMO,BB,2019-11-03 09:00:00,13.3,95.7,,,,29.99,0.1167755126953125,3.2978515625,1007.7,True
2019302N11118,2019,BULBUL:MATMO,BB,2019-11-03 12:00:00,13.3,95.4,,,,29.82,-0.1425018310546875,2.9065093994140625,1008.9,True
2019302N11118,2019,BULBUL:MATMO,BB,2019-11-03 15:00:00,13.3,95.1,,,,29.72,-0.2455902099609375,3.4564666748046875,1011.2,True
2019302N11118,2019,BULBUL:MATMO,BB,2019-11-03 18:00:00,13.2,94.8,,,,29.92,0.554473876953125,2.4383087158203125,1009.4,True
2019302N11118,2019,BULBUL:MATMO,BB,2019-11-03 21:00:00,13.1,94.5,,,,30.14,1.932586669921875,3.662322998046875,1008.9,True
2019302N11118,2019,BULBUL:MATMO,BB,2019-11-04 00:00:00,13.0,94.1,,,,29.81,1.0510406494140625,1.879058837890625,1009.7,True
2019302N11118,2019,BULBUL:MATMO,BB,2019-11-04 03:00:00,12.9,93.7,,,,29.84,0.270416259765625,1.1905364990234375,1011.5,True
2019302N11118,2019,BULBUL:MATMO,BB,2019-11-04 06:00:00,12.8,93.2,,,,29.86,-2.902328491210937,-0.8283843994140625,1009.1,True
2019302N11118,2019,BULBUL:MATMO,BB,2019-11-04 09:00:00,12.8,92.7,,,,,0.6674041748046875,-0.3811492919921875,1007.2,False
2019302N11118,2019,BULBUL:MATMO,BB,2019-11-04 12:00:00,12.8,92.3,,,,29.93,1.101348876953125,-1.3755340576171875,1008.8,True
2019302N11118,2019,BULBUL:MATMO,BB,2019-11-04 15:00:00,12.8,91.9,,,,30.0,-0.6371002197265625,-1.825927734375,1009.8,True
2019302N11118,2019,BULBUL:MATMO,BB,2019-11-04 18:00:00,12.8,91.6,,,,30.09,-1.830322265625,-1.2516021728515625,1008.3,True
2019302N11118,2019,BULBUL:MATMO,BB,2019-11-04 21:00:00,12.8,91.3,,,,30.02,-1.537017822265625,0.036712646484375,1006.7,True
2019302N11118,2019,BULBUL:MATMO,BB,2019-11-05 00:00:00,12.9,91.1,37.0,1004.0,Depression,29.72,-5.1705169677734375,-2.341094970703125,1006.5,True
2019302N11118,2019,BULBUL:MATMO,BB,2019-11-05 03:00:00,12.9,90.9,46.3,1003.0,Depression,29.72,-5.3913116455078125,1.3996734619140625,1007.7,True
2019302N11118,2019,BULBUL:MATMO,BB,2019-11-05 06:00:00,12.9,90.6,46.3,1003.0,Depression,29.69,-3.079818725585937,-5.0202484130859375,1005.8,True
2019302N11118,2019,BULBUL:MATMO,BB,2019-11-05 09:00:00,13.0,90.4,46.3,1003.0,Depression,29.69,-2.8323516845703125,-3.2440185546875,1003.1,True
2019302N11118,2019,BULBUL:MATMO,BB,2019-11-05 12:00:00,13.1,90.1,46.3,1003.0,Depression,29.7,1.261077880859375,-6.47723388671875,1003.8,True
2019302N11118,2019,BULBUL:MATMO,BB,2019-11-05 15:00:00,13.1,89.9,46.3,1003.0,Depression,29.7,2.954498291015625,-1.85821533203125,1005.0,True
2019302N11118,2019,BULBUL:MATMO,BB,2019-11-05 18:00:00,13.1,89.8,46.3,1002.0,Depression,29.79,1.9419097900390625,-4.0532073974609375,1004.1,True
2019302N11118,2019,BULBUL:MATMO,BB,2019-11-05 21:00:00,13.2,89.8,51.9,1002.0,Deep Depression,29.75,-0.084075927734375,-4.1400909423828125,1001.8,True
2019302N11118,2019,BULBUL:MATMO,BB,2019-11-06 00:00:00,13.3,89.8,55.6,1001.0,Deep Depression,29.73,-3.047760009765625,1.4996490478515625,1001.5,True
2019302N11118,2019,BULBUL:MATMO,BB,2019-11-06 03:00:00,13.3,89.8,55.6,1001.0,Deep Depression,29.73,-4.15087890625,3.053497314453125,1002.9,True
2019302N11118,2019,BULBUL:MATMO,BB,2019-11-06 06:00:00,13.3,89.7,55.6,1001.0,Deep Depression,29.73,-2.930206298828125,4.3290863037109375,1000.0,True
2019302N11118,2019,BULBUL:MATMO,BB,2019-11-06 09:00:00,13.3,89.7,55.6,1001.0,Deep Depression,29.73,-2.7294158935546875,-3.0033416748046875,997.1,True
2019302N11118,2019,BULBUL:MATMO,BB,2019-11-06 12:00:00,13.4,89.7,55.6,1000.0,Deep Depression,29.7,-0.9789581298828124,-4.3550872802734375,999.4,True
2019302N11118,2019,BULBUL:MATMO,BB,2019-11-06 15:00:00,13.6,89.6,61.1,999.0,Deep Depression,29.79,4.4416351318359375,-8.0631103515625,1002.2,True
2019302N11118,2019,BULBUL:MATMO,BB,2019-11-06 18:00:00,13.9,89.6,64.8,998.0,Cyclonic Storm,29.75,0.6224212646484375,-8.690032958984375,1000.6,False
2019302N11118,2019,BULBUL:MATMO,BB,2019-11-06 21:00:00,14.1,89.4,64.8,998.0,Cyclonic Storm,29.75,5.9763031005859375,-5.8496856689453125,998.9,False
2019302N11118,2019,BULBUL:MATMO,BB,2019-11-07 00:00:00,14.4,89.3,64.8,998.0,Cyclonic Storm,29.32,3.8623046875,-2.77471923828125,998.3,False
2019302N11118,2019,BULBUL:MATMO,BB,2019-11-07 03:00:00,14.8,89.1,64.8,998.0,Cyclonic Storm,29.23,0.4383544921875,4.140655517578125,996.9,False
2019302N11118,2019,BULBUL:MATMO,BB,2019-11-07 06:00:00,15.2,88.7,74.1,996.0,Cyclonic Storm,29.26,-8.40582275390625,1.2873687744140625,995.1,False
2019302N11118,2019,BULBUL:MATMO,BB,2019-11-07 09:00:00,15.4,88.4,83.3,995.0,Cyclonic Storm,29.29,-4.2708740234375,2.3404083251953125,993.1,False
2019302N11118,2019,BULBUL:MATMO,BB,2019-11-07 12:00:00,15.8,88.2,83.3,994.0,Cyclonic Storm,29.33,-1.9892578125,6.113128662109375,994.0,False
2019302N11118,2019,BULBUL:MATMO,BB,2019-11-07 15:00:00,16.0,88.0,92.6,992.0,Severe Cyclonic Storm,29.45,-1.9698028564453125,2.6001434326171875,995.3,False
2019302N11118,2019,BULBUL:MATMO,BB,2019-11-07 18:00:00,16.3,87.8,101.9,989.0,Severe Cyclonic Storm,29.54,4.204635620117188,-3.400741577148437,994.3,False
2019302N11118,2019,BULBUL:MATMO,BB,2019-11-07 21:00:00,16.6,87.7,111.1,986.0,Severe Cyclonic Storm,29.5,9.47259521484375,-2.6210174560546875,993.1,False
2019302N11118,2019,BULBUL:MATMO,BB,2019-11-08 00:00:00,17.0,87.7,120.4,983.0,Very Severe Cyclonic Storm,28.56,7.40631103515625,-3.708663940429688,993.3,False
2019302N11118,2019,BULBUL:MATMO,BB,2019-11-08 03:00:00,17.3,87.7,120.4,982.0,Very Severe Cyclonic Storm,28.66,9.484603881835938,-1.239593505859375,996.5,False
2019302N11118,2019,BULBUL:MATMO,BB,2019-11-08 06:00:00,17.7,87.8,129.6,980.0,Very Severe Cyclonic Storm,28.76,6.324615478515625,1.7283935546875,994.8,False
2019302N11118,2019,BULBUL:MATMO,BB,2019-11-08 09:00:00,18.2,87.8,129.6,980.0,Very Severe Cyclonic Storm,28.87,3.8541259765625,3.3827667236328125,992.5,False
2019302N11118,2019,BULBUL:MATMO,BB,2019-11-08 12:00:00,18.6,87.8,138.9,976.0,Very Severe Cyclonic Storm,28.78,4.7545013427734375,3.938751220703125,991.7,False
2019302N11118,2019,BULBUL:MATMO,BB,2019-11-08 15:00:00,19.1,87.8,138.9,976.0,Very Severe Cyclonic Storm,28.54,-3.098541259765625,6.034332275390625,992.1,False
2019302N11118,2019,BULBUL:MATMO,BB,2019-11-08 18:00:00,19.3,87.7,138.9,976.0,Very Severe Cyclonic Storm,28.46,3.397308349609375,8.802963256835938,991.8,False
2019302N11118,2019,BULBUL:MATMO,BB,2019-11-08 21:00:00,19.6,87.7,138.9,976.0,Very Severe Cyclonic Storm,28.5,5.3746490478515625,11.1553955078125,990.7,False
2019302N11118,2019,BULBUL:MATMO,BB,2019-11-09 00:00:00,20.0,87.6,138.9,976.0,Very Severe Cyclonic Storm,28.53,2.1689453125,3.2421875,989.6,False
2019302N11118,2019,BULBUL:MATMO,BB,2019-11-09 03:00:00,20.4,87.6,129.6,980.0,Very Severe Cyclonic Storm,27.85,-7.407608032226562,0.029296875,992.8,False
2019302N11118,2019,BULBUL:MATMO,BB,2019-11-09 06:00:00,20.6,87.8,129.6,982.0,Very Severe Cyclonic Storm,27.69,7.013229370117188,7.692062377929687,992.5,False
2019302N11118,2019,BULBUL:MATMO,BB,2019-11-09 09:00:00,20.9,87.9,129.6,982.0,Very Severe Cyclonic Storm,27.68,-0.1795196533203125,10.272918701171877,991.1,False
2019302N11118,2019,BULBUL:MATMO,BB,2019-11-09 12:00:00,21.2,88.1,129.6,982.0,Very Severe Cyclonic Storm,27.77,-8.759323120117188,0.004150390625,991.6,False
2019302N11118,2019,BULBUL:MATMO,BB,2019-11-09 15:00:00,21.4,88.3,111.1,986.0,Severe Cyclonic Storm,27.95,-11.292953491210938,-1.297515869140625,996.6,False
2019302N11118,2019,BULBUL:MATMO,BB,2019-11-09 18:00:00,21.6,88.6,111.1,990.0,Severe Cyclonic Storm,27.94,-6.60650634765625,-0.2593841552734375,994.7,False
2019302N11118,2019,BULBUL:MATMO,BB,2019-11-09 21:00:00,21.8,89.1,92.6,996.0,Severe Cyclonic Storm,,-5.6554718017578125,4.905532836914063,995.2,False
2019302N11118,2019,BULBUL:MATMO,BB,2019-11-10 00:00:00,22.0,89.5,83.3,998.0,Cyclonic Storm,,-4.375015258789063,10.813369750976562,998.0,False
2019302N11118,2019,BULBUL:MATMO,BB,2019-11-10 03:00:00,22.2,89.8,74.1,1000.0,Cyclonic Storm,,-4.4918212890625,6.841156005859375,1000.5,False
2019302N11118,2019,BULBUL:MATMO,BB,2019-11-10 06:00:00,22.3,90.1,74.1,1000.0,Cyclonic Storm,,0.7997283935546875,9.294021606445312,999.7,False
2019302N11118,2019,BULBUL:MATMO,BB,2019-11-10 09:00:00,22.4,90.3,55.6,1002.0,Deep Depression,,0.54150390625,6.093597412109375,998.0,False
2019302N11118,2019,BULBUL:MATMO,BB,2019-11-10 12:00:00,22.6,90.6,55.6,1002.0,Deep Depression,,0.2340087890625,2.991302490234375,1002.1,False
2019302N11118,2019,BULBUL:MATMO,BB,2019-11-10 15:00:00,22.6,90.8,55.6,1002.0,Deep Depression,,0.5751190185546875,4.000167846679688,1005.6,False
2019302N11118,2019,BULBUL:MATMO,BB,2019-11-10 18:00:00,22.8,91.1,55.6,1002.0,Deep Depression,,-1.8362579345703125,2.0627899169921875,1006.3,False
2019302N11118,2019,BULBUL:MATMO,BB,2019-11-10 21:00:00,22.9,91.3,46.3,1003.0,Depression,,-2.8426055908203125,1.660247802734375,1006.2,False
2019302N11118,2019,BULBUL:MATMO,BB,2019-11-11 00:00:00,23.1,91.5,37.0,1004.0,Depression,,-2.345565795898437,1.7740631103515625,1007.5,False
2019335N05058,2019,PAWAN,AS,2019-11-30 18:00:00,4.6,58.0,,,,29.31,5.300079345703125,0.228546142578125,1008.9,True
2019335N05058,2019,PAWAN,AS,2019-11-30 21:00:00,4.7,57.8,,,,29.34,6.0952911376953125,-0.56585693359375,1007.0,True
2019335N05058,2019,PAWAN,AS,2019-12-01 00:00:00,4.8,57.6,,,,29.18,4.532012939453125,-1.2427825927734375,1006.4,True
2019335N05058,2019,PAWAN,AS,2019-12-01 03:00:00,4.9,57.5,,,,29.14,4.1430206298828125,1.13079833984375,1007.0,True
2019335N05058,2019,PAWAN,AS,2019-12-01 06:00:00,4.9,57.4,,,,29.14,3.064849853515625,2.8499908447265625,1007.9,True
2019335N05058,2019,PAWAN,AS,2019-12-01 09:00:00,4.9,57.3,,,,29.13,4.011245727539063,5.6229400634765625,1005.4,True
2019335N05058,2019,PAWAN,AS,2019-12-01 12:00:00,5.0,57.2,,,,29.13,-0.0159912109375,4.47747802734375,1004.4,True
2019335N05058,2019,PAWAN,AS,2019-12-01 15:00:00,5.1,57.1,,,,29.05,2.762542724609375,5.1790313720703125,1005.3,True
2019335N05058,2019,PAWAN,AS,2019-12-01 18:00:00,5.2,57.0,,,,29.0,-1.86859130859375,4.815475463867188,1006.2,True
2019335N05058,2019,PAWAN,AS,2019-12-01 21:00:00,5.3,56.9,,,,29.0,0.5828399658203125,5.6088714599609375,1004.1,True
2019335N05058,2019,PAWAN,AS,2019-12-02 00:00:00,5.5,56.9,,,,28.7,-6.6620025634765625,5.150146484375,1002.7,True
2019335N05058,2019,PAWAN,AS,2019-12-02 03:00:00,5.7,56.9,,,,28.68,-7.264022827148437,3.6585693359375,1004.1,True
2019335N05058,2019,PAWAN,AS,2019-12-02 06:00:00,5.8,56.9,,,,28.68,-6.731781005859375,3.676788330078125,1004.9,True
2019335N05058,2019,PAWAN,AS,2019-12-02 09:00:00,5.9,56.9,,,,28.7,-6.689605712890625,-3.3550567626953125,1002.3,True
2019335N05058,2019,PAWAN,AS,2019-12-02 12:00:00,5.9,56.8,46.3,1003.0,Depression,28.47,-3.584869384765625,-9.06585693359375,1001.1,True
2019335N05058,2019,PAWAN,AS,2019-12-02 15:00:00,6.0,56.8,46.3,1003.0,Depression,28.47,5.221466064453125,-7.915496826171875,1002.1,True
2019335N05058,2019,PAWAN,AS,2019-12-02 18:00:00,6.2,56.8,46.3,1002.0,Depression,28.55,4.4345245361328125,-8.012435913085938,1000.9,True
2019335N05058,2019,PAWAN,AS,2019-12-02 21:00:00,6.3,56.8,51.9,1002.0,Deep Depression,28.55,5.9070892333984375,-4.87347412109375,999.7,True
2019335N05058,2019,PAWAN,AS,2019-12-03 00:00:00,6.5,56.9,55.6,1001.0,Deep Depression,28.09,3.3369293212890625,-3.6081695556640634,998.7,True
2019335N05058,2019,PAWAN,AS,2019-12-03 03:00:00,6.7,56.9,55.6,1000.0,Deep Depression,28.0,-2.2587127685546875,-0.8672637939453125,1000.5,True
2019335N05058,2019,PAWAN,AS,2019-12-03 06:00:00,6.9,56.9,55.6,1000.0,Deep Depression,27.91,-1.708099365234375,-1.4128570556640625,1002.1,True
2019335N05058,2019,PAWAN,AS,2019-12-03 09:00:00,7.0,56.9,55.6,1000.0,Deep Depression,27.91,-0.989105224609375,-4.5032958984375,999.8,True
2019335N05058,2019,PAWAN,AS,2019-12-03 12:00:00,7.0,57.0,55.6,1000.0,Deep Depression,27.91,-2.9931182861328125,-6.963043212890625,999.9,True
2019335N05058,2019,PAWAN,AS,2019-12-03 15:00:00,7.0,57.0,55.6,1000.0,Deep Depression,27.91,0.24615478515625,-7.779632568359375,1001.9,True
2019335N05058,2019,PAWAN,AS,2019-12-03 18:00:00,7.1,57.1,55.6,1000.0,Deep Depression,27.91,2.5372772216796875,-5.207611083984375,1002.7,True
2019335N05058,2019,PAWAN,AS,2019-12-03 21:00:00,7.2,57.1,55.6,1000.0,Deep Depression,27.86,0.4712677001953125,-2.534515380859375,1001.5,True
2019335N05058,2019,PAWAN,AS,2019-12-04 00:00:00,7.3,57.1,55.6,1000.0,Deep Depression,28.13,-2.15667724609375,-0.9105072021484376,1001.4,True
2019335N05058,2019,PAWAN,AS,2019-12-04 03:00:00,7.4,57.1,55.6,1000.0,Deep Depression,28.08,-1.4163360595703125,2.657333374023437,1002.8,True
2019335N05058,2019,PAWAN,AS,2019-12-04 06:00:00,7.5,57.1,55.6,1000.0,Deep Depression,28.08,3.51177978515625,2.968902587890625,1004.1,True
2019335N05058,2019,PAWAN,AS,2019-12-04 09:00:00,7.6,57.0,55.6,1000.0,Deep Depression,28.08,5.364501953125,0.9446258544921876,1002.1,True
2019335N05058,2019,PAWAN,AS,2019-12-04 12:00:00,7.8,56.9,55.6,1000.0,Deep Depression,27.99,4.973388671875,-0.72747802734375,1001.3,True
2019335N05058,2019,PAWAN,AS,2019-12-04 15:00:00,8.1,56.9,55.6,1000.0,Deep Depression,27.97,2.970001220703125,2.455322265625,1004.0,True
2019335N05058,2019,PAWAN,AS,2019-12-04 18:00:00,8.6,56.9,55.6,1000.0,Deep Depression,27.91,-0.8086700439453125,6.5865325927734375,1005.2,True
2019335N05058,2019,PAWAN,AS,2019-12-04 21:00:00,9.0,56.7,61.1,1000.0,Deep Depression,27.79,-2.80450439453125,6.455718994140625,1003.5,True
2019335N05058,2019,PAWAN,AS,2019-12-05 00:00:00,9.3,56.6,64.8,999.0,Cyclonic Storm,27.63,-5.5335235595703125,4.166839599609375,1002.8,False
2019335N05058,2019,PAWAN,AS,2019-12-05 03:00:00,9.3,56.4,64.8,999.0,Cyclonic Storm,27.63,-5.227706909179688,6.307342529296875,1005.2,False
2019335N05058,2019,PAWAN,AS,2019-12-05 06:00:00,9.4,56.1,64.8,999.0,Cyclonic Storm,27.5,-5.768112182617188,7.466644287109375,1006.5,False
2019335N05058,2019,PAWAN,AS,2019-12-05 09:00:00,9.3,55.4,64.8,999.0,Cyclonic Storm,27.56,-4.649093627929688,3.563140869140625,1004.2,False
2019335N05058,2019,PAWAN,AS,2019-12-05 12:00:00,9.3,55.0,74.1,998.0,Cyclonic Storm,27.43,-2.738616943359375,1.5927581787109375,1003.8,False
2019335N05058,2019,PAWAN,AS,2019-12-05 15:00:00,9.1,54.7,64.8,999.0,Cyclonic Storm,27.44,-3.9835205078125,2.9226226806640625,1006.1,False
2019335N05058,2019,PAWAN,AS,2019-12-05 18:00:00,8.9,54.3,64.8,999.0,Cyclonic Storm,27.3,-4.9744873046875,1.417724609375,1007.1,False
2019335N05058,2019,PAWAN,AS,2019-12-05 21:00:00,8.6,53.9,64.8,999.0,Cyclonic Storm,27.29,-2.3963775634765625,3.365447998046875,1005.4,False
2019335N05058,2019,PAWAN,AS,2019-12-06 00:00:00,8.3,53.4,64.8,999.0,Cyclonic Storm,26.9,-3.633834838867188,2.821029663085937,1004.7,False
2019335N05058,2019,PAWAN,AS,2019-12-06 03:00:00,8.1,53.1,64.8,999.0,Cyclonic Storm,26.99,-0.405242919921875,-0.73382568359375,1006.5,False
2019335N05058,2019,PAWAN,AS,2019-12-06 06:00:00,8.0,52.8,64.8,999.0,Cyclonic Storm,26.93,-2.13726806640625,3.061874389648437,1007.6,False
2019335N05058,2019,PAWAN,AS,2019-12-06 09:00:00,7.9,52.5,64.8,999.0,Cyclonic Storm,26.86,-1.339874267578125,3.784225463867188,1005.2,False
2019335N05058,2019,PAWAN,AS,2019-12-06 12:00:00,7.9,52.2,64.8,999.0,Cyclonic Storm,26.83,-8.507415771484375,3.4052734375,1005.8,False
2019335N05058,2019,PAWAN,AS,2019-12-06 15:00:00,7.8,51.6,64.8,999.0,Cyclonic Storm,27.13,-4.345855712890625,0.7779693603515625,1007.5,False
2019335N05058,2019,PAWAN,AS,2019-12-06 18:00:00,7.8,51.1,64.8,999.0,Cyclonic Storm,26.8,-5.8983154296875,2.9026641845703125,1008.3,False
2019335N05058,2019,PAWAN,AS,2019-12-06 21:00:00,7.7,50.6,64.8,999.0,Cyclonic Storm,26.72,-6.695159912109375,2.2237091064453125,1007.9,False
2019335N05058,2019,PAWAN,AS,2019-12-07 00:00:00,7.7,49.8,64.8,999.0,Cyclonic Storm,27.07,-8.586029052734375,2.6768951416015625,1007.2,False
2019335N05058,2019,PAWAN,AS,2019-12-07 03:00:00,7.6,49.4,55.6,1000.0,Deep Depression,27.0,-8.994705200195312,5.2686920166015625,1009.0,True
2019335N05058,2019,PAWAN,AS,2019-12-07 06:00:00,7.5,48.9,55.6,1001.0,Deep Depression,27.0,-9.776763916015623,3.39471435546875,1011.3,True
2019335N05058,2019,PAWAN,AS,2019-12-07 09:00:00,7.4,48.5,46.3,1003.0,Depression,27.0,-7.3205718994140625,1.646026611328125,1009.7,True
2019335N05058,2019,PAWAN,AS,2019-12-07 12:00:00,7.2,48.2,,,,26.91,-5.799819946289063,0.2053375244140625,1008.5,True
2019335N05058,2019,PAWAN,AS,2019-12-07 15:00:00,7.1,47.8,,,,26.79,-5.914215087890625,-0.864837646484375,1010.2,True
2019335N05058,2019,PAWAN,AS,2019-12-07 18:00:00,7.1,47.4,,,,26.79,-5.8079376220703125,-1.905731201171875,1011.7,True
2019337N11072,2019,UNNAMED,AS,2019-12-02 12:00:00,10.7,72.3,,,,29.39,0.191497802734375,4.70367431640625,1006.6,True
2019337N11072,2019,UNNAMED,AS,2019-12-02 15:00:00,11.2,72.0,,,,29.56,1.598419189453125,2.997589111328125,1009.0,True
2019337N11072,2019,UNNAMED,AS,2019-12-02 18:00:00,11.6,71.7,,,,29.47,2.8935089111328125,5.186782836914063,1008.8,True
2019337N11072,2019,UNNAMED,AS,2019-12-02 21:00:00,12.0,71.3,,,,29.41,5.2430267333984375,-0.60101318359375,1006.6,True
2019337N11072,2019,UNNAMED,AS,2019-12-03 00:00:00,12.4,71.0,,,,29.13,2.3183746337890625,-1.4157867431640625,1005.2,True
2019337N11072,2019,UNNAMED,AS,2019-12-03 03:00:00,12.6,70.8,,,,29.11,6.0157012939453125,0.8192596435546875,1007.2,True
2019337N11072,2019,UNNAMED,AS,2019-12-03 06:00:00,12.8,70.6,,,,29.17,1.768463134765625,4.9299163818359375,1007.9,True
2019337N11072,2019,UNNAMED,AS,2019-12-03 09:00:00,13.1,70.4,,,,29.06,2.213043212890625,7.8551025390625,1005.5,True
2019337N11072,2019,UNNAMED,AS,2019-12-03 12:00:00,13.3,70.2,,,,28.99,-1.5282745361328125,6.510589599609375,1006.1,True
2019337N11072,2019,UNNAMED,AS,2019-12-03 15:00:00,13.4,69.8,,,,28.84,0.44146728515625,6.773101806640625,1007.7,True
2019337N11072,2019,UNNAMED,AS,2019-12-03 18:00:00,13.4,69.9,46.3,1002.0,Depression,28.9,-2.0584259033203125,11.465240478515623,1009.0,True
2019337N11072,2019,UNNAMED,AS,2019-12-03 21:00:00,13.8,70.0,51.9,1001.0,Deep Depression,28.74,-4.336349487304688,12.267242431640623,1008.1,True
2019337N11072,2019,UNNAMED,AS,2019-12-04 00:00:00,14.2,69.9,55.6,1000.0,Deep Depression,28.65,-0.37933349609375,8.682266235351562,1008.2,True
2019337N11072,2019,UNNAMED,AS,2019-12-04 03:00:00,14.7,69.5,55.6,1000.0,Deep Depression,28.5,-8.861648559570312,4.3096771240234375,1010.8,True
2019337N11072,2019,UNNAMED,AS,2019-12-04 06:00:00,14.8,69.1,55.6,1000.0,Deep Depression,28.35,0.09185791015625,6.373199462890625,1011.0,True
2019337N11072,2019,UNNAMED,AS,2019-12-04 09:00:00,14.8,68.7,55.6,1000.0,Deep Depression,28.36,1.032470703125,5.912399291992188,1008.1,True
2019337N11072,2019,UNNAMED,AS,2019-12-04 12:00:00,14.9,68.4,55.6,1000.0,Deep Depression,28.37,-2.806884765625,3.40338134765625,1008.0,True
2019337N11072,2019,UNNAMED,AS,2019-12-04 15:00:00,14.9,68.3,55.6,1000.0,Deep Depression,28.37,-3.047576904296875,2.180908203125,1011.0,True
2019337N11072,2019,UNNAMED,AS,2019-12-04 18:00:00,15.0,68.3,55.6,1000.0,Deep Depression,28.37,-2.5049591064453125,5.0220794677734375,1011.7,True
2019337N11072,2019,UNNAMED,AS,2019-12-04 21:00:00,15.1,68.2,51.9,1001.0,Deep Depression,28.37,-3.00177001953125,7.072906494140625,1010.2,True
2019337N11072,2019,UNNAMED,AS,2019-12-05 00:00:00,15.2,68.0,46.3,1002.0,Depression,28.12,-4.6360626220703125,5.595550537109375,1009.2,True
2019337N11072,2019,UNNAMED,AS,2019-12-05 03:00:00,15.4,67.6,46.3,1002.0,Depression,27.65,-6.566574096679688,4.124725341796875,1011.4,True
2019337N11072,2019,UNNAMED,AS,2019-12-05 06:00:00,15.6,67.2,37.0,1004.0,Depression,27.44,-5.194869995117188,5.154144287109375,1012.2,True
2019337N11072,2019,UNNAMED,AS,2019-12-05 09:00:00,15.9,66.7,,,,27.22,-6.621749877929688,2.948883056640625,1010.5,True
2019337N11072,2019,UNNAMED,AS,2019-12-05 12:00:00,16.1,66.2,,,,27.15,-5.344085693359375,0.9052581787109376,1010.2,True
2019337N11072,2019,UNNAMED,AS,2019-12-05 15:00:00,16.1,65.7,,,,27.27,-4.2149658203125,0.4450836181640625,1012.5,True
2019337N11072,2019,UNNAMED,AS,2019-12-05 18:00:00,16.1,65.3,,,,27.36,-4.8582763671875,-2.989501953125,1013.1,True
2019337N11072,2019,UNNAMED,AS,2019-12-05 21:00:00,16.1,65.0,,,,27.29,-4.1649322509765625,-1.495880126953125,1011.5,True
2019337N11072,2019,UNNAMED,AS,2019-12-06 00:00:00,16.0,64.7,,,,27.21,-6.298873901367188,-1.5080718994140625,1010.9,True
2019337N11072,2019,UNNAMED,AS,2019-12-06 03:00:00,15.9,64.3,,,,27.25,-5.703094482421875,-1.54144287109375,1013.2,True
2019337N11072,2019,UNNAMED,AS,2019-12-06 06:00:00,15.9,63.8,,,,27.2,-6.30426025390625,-1.0123443603515625,1013.6,True
2019342N09062,2019,UNNAMED,AS,2019-12-08 09:00:00,9.4,62.2,46.3,1002.0,Depression,28.33,-4.5780029296875,1.070526123046875,1007.1,True
2019342N09062,2019,UNNAMED,AS,2019-12-08 12:00:00,9.6,61.6,46.3,1002.0,Depression,28.05,-2.03094482421875,-5.2445220947265625,1007.4,True
2019342N09062,2019,UNNAMED,AS,2019-12-08 15:00:00,9.8,61.2,46.3,1002.0,Depression,27.99,-1.495697021484375,1.458648681640625,1008.8,True
2019342N09062,2019,UNNAMED,AS,2019-12-08 18:00:00,10.0,61.0,46.3,1002.0,Depression,27.97,-5.284454345703125,3.499237060546875,1010.1,True
2019342N09062,2019,UNNAMED,AS,2019-12-08 21:00:00,10.2,60.7,51.9,1001.0,Deep Depression,27.96,-9.20684814453125,6.721405029296875,1009.4,True
2019342N09062,2019,UNNAMED,AS,2019-12-09 00:00:00,10.4,60.4,55.6,1000.0,Deep Depression,28.01,-9.152603149414062,6.6879425048828125,1009.3,True
2019342N09062,2019,UNNAMED,AS,2019-12-09 03:00:00,10.5,60.0,55.6,1000.0,Deep Depression,27.95,-6.3403167724609375,6.4331817626953125,1011.1,True
2019342N09062,2019,UNNAMED,AS,2019-12-09 06:00:00,10.6,59.4,55.6,1000.0,Deep Depression,27.79,-7.530105590820312,6.124771118164063,1013.0,True
2019342N09062,2019,UNNAMED,AS,2019-12-09 09:00:00,10.6,59.0,51.9,1001.0,Deep Depression,27.92,-7.830291748046875,4.508697509765625,1010.9,True
2019342N09062,2019,UNNAMED,AS,2019-12-09 12:00:00,10.6,58.5,46.3,1002.0,Depression,28.23,-6.867340087890625,4.5791778564453125,1009.1,True
2019342N09062,2019,UNNAMED,AS,2019-12-09 15:00:00,10.6,57.8,46.3,1002.0,Depression,27.98,-6.15289306640625,3.803787231445313,1011.0,True
2019342N09062,2019,UNNAMED,AS,2019-12-09 18:00:00,10.6,57.0,46.3,1002.0,Depression,27.64,-6.935470581054688,3.438232421875,1011.7,True
2019342N09062,2019,UNNAMED,AS,2019-12-09 21:00:00,10.6,56.3,46.3,1002.0,Depression,27.45,-6.8388519287109375,2.547637939453125,1010.7,True
2019342N09062,2019,UNNAMED,AS,2019-12-10 00:00:00,10.6,55.7,46.3,1002.0,Depression,27.76,-6.89031982421875,1.877288818359375,1010.3,True
2019342N09062,2019,UNNAMED,AS,2019-12-10 03:00:00,10.6,55.2,46.3,1002.0,Depression,27.72,-8.043182373046875,1.7003631591796875,1011.3,True
2020136N10088,2020,AMPHAN,BB,2020-05-15 06:00:00,9.5,87.5,,,,30.83,3.624053955078125,4.49495792388916,1004.0,True
2020136N10088,2020,AMPHAN,BB,2020-05-15 09:00:00,9.5,87.2,,,,30.81,4.89251708984375,3.587753295898437,1001.7,True
2020136N10088,2020,AMPHAN,BB,2020-05-15 12:00:00,9.5,87.0,,,,30.85,3.081085205078125,7.660675048828125,1001.9,True
2020136N10088,2020,AMPHAN,BB,2020-05-15 15:00:00,9.5,86.8,,,,30.85,6.7597198486328125,5.9654541015625,1002.7,True
2020136N10088,2020,AMPHAN,BB,2020-05-15 18:00:00,9.5,86.6,,,,30.82,8.0059814453125,4.71697998046875,1001.7,True
2020136N10088,2020,AMPHAN,BB,2020-05-15 21:00:00,9.6,86.5,,,,30.82,6.4643402099609375,6.230621337890625,999.3,True
2020136N10088,2020,AMPHAN,BB,2020-05-16 00:00:00,9.8,86.4,46.3,1000.0,Depression,30.35,7.813568115234375,5.5941162109375,998.4,True
2020136N10088,2020,AMPHAN,BB,2020-05-16 03:00:00,10.1,86.2,46.3,1000.0,Depression,30.43,6.180435180664063,3.113861083984375,998.0,True
2020136N10088,2020,AMPHAN,BB,2020-05-16 06:00:00,10.3,86.1,46.3,1000.0,Depression,30.46,-1.2631988525390625,3.568466186523437,996.2,True
2020136N10088,2020,AMPHAN,BB,2020-05-16 09:00:00,10.5,86.1,55.6,998.0,Deep Depression,30.47,-6.3140411376953125,2.9525299072265625,993.8,True
2020136N10088,2020,AMPHAN,BB,2020-05-16 12:00:00,10.6,86.2,64.8,996.0,Cyclonic Storm,30.4,-3.2642974853515625,11.488479614257812,991.3,False
2020136N10088,2020,AMPHAN,BB,2020-05-16 15:00:00,10.8,86.1,74.1,995.0,Cyclonic Storm,30.53,-6.299560546875,5.5841064453125,990.0,False
2020136N10088,2020,AMPHAN,BB,2020-05-16 18:00:00,10.9,86.1,74.1,995.0,Cyclonic Storm,30.59,-12.231430053710938,2.499969482421875,988.8,False
2020136N10088,2020,AMPHAN,BB,2020-05-16 21:00:00,11.1,86.1,83.3,994.0,Cyclonic Storm,30.59,-5.61651611328125,1.9306488037109373,984.9,False
2020136N10088,2020,AMPHAN,BB,2020-05-17 00:00:00,11.2,86.1,83.3,993.0,Cyclonic Storm,30.35,-12.303436279296877,-3.7173919677734375,980.9,False
2020136N10088,2020,AMPHAN,BB,2020-05-17 03:00:00,11.3,86.1,92.6,990.0,Severe Cyclonic Storm,30.35,-1.121826171875,-8.634963989257812,978.9,False
2020136N10088,2020,AMPHAN,BB,2020-05-17 06:00:00,11.5,86.2,101.9,988.0,Severe Cyclonic Storm,30.34,5.540283203125,-1.3241729736328125,977.9,False
2020136N10088,2020,AMPHAN,BB,2020-05-17 09:00:00,11.6,86.2,120.4,980.0,Very Severe Cyclonic Storm,30.34,21.086212158203125,0.45733642578125,979.1,False
2020136N10088,2020,AMPHAN,BB,2020-05-17 12:00:00,11.9,86.2,129.6,978.0,Very Severe Cyclonic Storm,30.39,8.674163818359375,-1.7761383056640625,974.7,False
2020136N10088,2020,AMPHAN,BB,2020-05-17 15:00:00,12.5,86.4,138.9,972.0,Very Severe Cyclonic Storm,30.32,-11.714630126953123,4.6109619140625,975.0,False
2020136N10088,2020,AMPHAN,BB,2020-05-17 18:00:00,12.5,86.4,148.2,970.0,Very Severe Cyclonic Storm,30.32,8.874313354492188,8.244705200195312,974.9,False
2020136N10088,2020,AMPHAN,BB,2020-05-17 21:00:00,12.9,86.5,166.7,962.0,Extremely Severe Cyclonic Storm,30.52,-4.0067291259765625,8.887786865234375,971.4,False
2020136N10088,2020,AMPHAN,BB,2020-05-18 00:00:00,13.2,86.4,185.2,952.0,Extremely Severe Cyclonic Storm,29.61,-12.213241577148438,11.664703369140623,969.7,False
2020136N10088,2020,AMPHAN,BB,2020-05-18 03:00:00,13.3,86.2,213.0,936.0,Extremely Severe Cyclonic Storm,29.63,1.99578857421875,-1.0614166259765625,967.5,False
2020136N10088,2020,AMPHAN,BB,2020-05-18 06:00:00,13.4,86.2,222.2,930.0,Super Cyclonic Storm,29.73,6.3858489990234375,3.64306640625,966.2,False
2020136N10088,2020,AMPHAN,BB,2020-05-18 09:00:00,13.7,86.2,222.2,930.0,Super Cyclonic Storm,29.83,6.504486083984375,5.095138549804688,962.7,False
2020136N10088,2020,AMPHAN,BB,2020-05-18 12:00:00,14.1,86.4,231.5,926.0,Super Cyclonic Storm,29.98,-0.518280029296875,11.19873046875,959.5,False
2020136N10088,2020,AMPHAN,BB,2020-05-18 15:00:00,14.5,86.5,231.5,926.0,Super Cyclonic Storm,30.09,-6.419677734375,3.789108276367188,960.6,False
2020136N10088,2020,AMPHAN,BB,2020-05-18 18:00:00,14.9,86.6,240.8,920.0,Super Cyclonic Storm,30.54,-8.442092895507812,1.3292236328125,958.6,False
2020136N10088,2020,AMPHAN,BB,2020-05-18 21:00:00,15.2,86.7,240.8,920.0,Super Cyclonic Storm,30.56,4.88214111328125,11.9541015625,956.0,False
2020136N10088,2020,AMPHAN,BB,2020-05-19 00:00:00,15.6,86.8,231.5,926.0,Super Cyclonic Storm,30.18,16.36865234375,5.7901458740234375,953.0,False
2020136N10088,2020,AMPHAN,BB,2020-05-19 03:00:00,16.0,86.9,222.2,930.0,Super Cyclonic Storm,30.32,10.558761596679688,17.80682373046875,953.2,False
2020136N10088,2020,AMPHAN,BB,2020-05-19 06:00:00,16.5,87.0,213.0,936.0,Extremely Severe Cyclonic Storm,30.59,11.402923583984377,15.167312622070312,951.1,False
2020136N10088,2020,AMPHAN,BB,2020-05-19 09:00:00,16.9,87.0,203.7,942.0,Extremely Severe Cyclonic Storm,30.74,9.919509887695312,16.454696655273438,944.8,False
2020136N10088,2020,AMPHAN,BB,2020-05-19 12:00:00,17.3,87.1,194.5,946.0,Extremely Severe Cyclonic Storm,30.82,15.557647705078123,-1.075836181640625,951.5,False
2020136N10088,2020,AMPHAN,BB,2020-05-19 15:00:00,17.9,87.1,185.2,948.0,Extremely Severe Cyclonic Storm,31.3,-16.702224731445312,-6.866790771484375,959.9,False
2020136N10088,2020,AMPHAN,BB,2020-05-19 18:00:00,18.3,87.2,185.2,948.0,Extremely Severe Cyclonic Storm,31.41,-3.269927978515625,10.871292114257812,959.2,False
2020136N10088,2020,AMPHAN,BB,2020-05-19 21:00:00,18.7,87.3,185.2,948.0,Extremely Severe Cyclonic Storm,31.32,-8.036514282226562,9.79144287109375,958.0,False
2020136N10088,2020,AMPHAN,BB,2020-05-20 00:00:00,19.2,87.5,175.9,952.0,Extremely Severe Cyclonic Storm,29.63,-0.8614501953125,0.3629608154296875,961.2,False
2020136N10088,2020,AMPHAN,BB,2020-05-20 03:00:00,19.8,87.7,175.9,954.0,Extremely Severe Cyclonic Storm,29.21,10.326080322265623,15.952301025390623,964.3,False
2020136N10088,2020,AMPHAN,BB,2020-05-20 06:00:00,20.6,88.0,166.7,956.0,Extremely Severe Cyclonic Storm,29.32,5.912521362304688,15.3541259765625,969.1,False
2020136N10088,2020,AMPHAN,BB,2020-05-20 09:00:00,21.4,88.1,166.7,960.0,Extremely Severe Cyclonic Storm,30.54,-12.858657836914062,9.993255615234377,965.4,False
2020136N10088,2020,AMPHAN,BB,2020-05-20 12:00:00,22.1,88.4,157.4,957.0,Very Severe Cyclonic Storm,,-4.958663940429688,12.268341064453123,972.5,False
2020136N10088,2020,AMPHAN,BB,2020-05-20 15:00:00,22.8,88.6,120.4,968.0,Very Severe Cyclonic Storm,,-7.8808135986328125,4.42486572265625,977.7,False
2020136N10088,2020,AMPHAN,BB,2020-05-20 18:00:00,23.5,89.1,92.6,978.0,Severe Cyclonic Storm,,-10.668731689453123,5.781829833984375,985.8,False
2020136N10088,2020,AMPHAN,BB,2020-05-20 21:00:00,24.3,89.3,83.3,986.0,Cyclonic Storm,,-10.263809204101562,1.595184326171875,989.0,False
2020136N10088,2020,AMPHAN,BB,2020-05-21 00:00:00,24.6,89.6,74.1,988.0,Cyclonic Storm,,-8.3555908203125,4.469985961914063,991.5,False
2020136N10088,2020,AMPHAN,BB,2020-05-21 03:00:00,25.1,89.9,64.8,990.0,Cyclonic Storm,,-7.3413238525390625,1.43988037109375,996.9,False
2020136N10088,2020,AMPHAN,BB,2020-05-21 06:00:00,25.4,90.1,55.6,992.0,Deep Depression,,-5.5320587158203125,-0.922149658203125,999.0,False
2020136N10088,2020,AMPHAN,BB,2020-05-21 09:00:00,25.2,89.6,46.3,994.0,Depression,,-4.0880889892578125,-0.314910888671875,997.2,False
2020136N10088,2020,AMPHAN,BB,2020-05-21 12:00:00,25.4,89.6,37.0,995.0,Depression,,-5.490524291992188,-3.157135009765625,998.6,False
2020150N17054,2020,UNNAMED,AS,2020-05-29 09:00:00,17.3,54.3,46.3,1000.0,Depression,,0.2686614990234375,-4.79461669921875,1003.8,False
2020150N17054,2020,UNNAMED,AS,2020-05-29 12:00:00,17.3,54.3,46.3,1000.0,Depression,,0.2996063232421875,-5.1888580322265625,1001.2,False
2020150N17054,2020,UNNAMED,AS,2020-05-29 15:00:00,17.3,54.3,46.3,1000.0,Depression,,-1.227508544921875,-8.510818481445312,999.5,False
2020150N17054,2020,UNNAMED,AS,2020-05-29 18:00:00,17.3,54.3,46.3,1000.0,Depression,,-5.774383544921875,-5.53790283203125,1001.7,False
2020150N17054,2020,UNNAMED,AS,2020-05-29 21:00:00,17.3,54.2,46.3,1000.0,Depression,,2.6527099609375,-9.435501098632812,998.8,False
2020150N17054,2020,UNNAMED,AS,2020-05-30 00:00:00,17.3,54.2,46.3,1000.0,Depression,,8.038253784179688,-9.176010131835938,996.7,False
2020150N17054,2020,UNNAMED,AS,2020-05-30 03:00:00,17.3,54.2,46.3,1000.0,Depression,,7.029953002929688,-0.9477691650390624,998.0,False
2020150N17054,2020,UNNAMED,AS,2020-05-30 06:00:00,17.2,54.0,46.3,1000.0,Depression,,8.294509887695312,-2.8131103515625,1000.6,False
2020150N17054,2020,UNNAMED,AS,2020-05-30 09:00:00,17.2,54.0,46.3,1000.0,Depression,,8.910308837890625,-1.0639190673828125,999.5,False
2020150N17054,2020,UNNAMED,AS,2020-05-30 12:00:00,17.2,54.0,46.3,1000.0,Depression,,8.63299560546875,3.9036865234375,997.2,False
2020150N17054,2020,UNNAMED,AS,2020-05-30 15:00:00,17.2,54.0,46.3,1000.0,Depression,,9.2882080078125,5.9150390625,998.9,False
2020150N17054,2020,UNNAMED,AS,2020-05-30 18:00:00,17.2,54.0,46.3,1000.0,Depression,,7.783584594726562,7.047409057617188,1001.2,False
2020150N17054,2020,UNNAMED,AS,2020-05-30 21:00:00,17.1,53.9,46.3,1000.0,Depression,,5.141448974609375,6.443572998046875,1001.4,False
2020150N17054,2020,UNNAMED,AS,2020-05-31 00:00:00,17.1,53.8,46.3,1000.0,Depression,,4.91571044921875,7.16070556640625,1000.3,False
2020150N17054,2020,UNNAMED,AS,2020-05-31 03:00:00,17.1,53.8,46.3,1000.0,Depression,,4.502944946289063,9.016220092773438,1001.5,False
2020150N17054,2020,UNNAMED,AS,2020-05-31 06:00:00,17.0,53.5,46.3,1000.0,Depression,,5.7118072509765625,8.572586059570312,1002.2,False
2020150N17054,2020,UNNAMED,AS,2020-05-31 09:00:00,16.9,53.3,46.3,1000.0,Depression,,6.949478149414063,6.554290771484375,1000.1,False
2020150N17054,2020,UNNAMED,AS,2020-05-31 12:00:00,16.9,53.1,46.3,1000.0,Depression,,4.9716644287109375,6.035858154296875,998.7,False
2020150N17054,2020,UNNAMED,AS,2020-05-31 15:00:00,16.9,53.0,46.3,1000.0,Depression,,-2.1538238525390625,7.113449096679688,1001.0,False
2020150N17054,2020,UNNAMED,AS,2020-05-31 18:00:00,16.8,52.9,46.3,1000.0,Depression,,-1.691741943359375,4.4495849609375,1005.0,False
2020153N13072,2020,NISARGA,AS,2020-05-31 18:00:00,12.9,72.2,,,,30.72,-1.731781005859375,-7.3326416015625,1009.3,True
2020153N13072,2020,NISARGA,AS,2020-05-31 21:00:00,12.9,72.0,,,,30.72,-1.476470947265625,-4.562652587890625,1008.0,True
2020153N13072,2020,NISARGA,AS,2020-06-01 00:00:00,13.0,71.6,46.3,1004.0,Depression,30.41,-0.7351226806640625,-1.30242919921875,1007.1,True
2020153N13072,2020,NISARGA,AS,2020-06-01 03:00:00,13.1,71.4,46.3,1004.0,Depression,30.41,-1.707366943359375,-0.4296875,1007.9,True
2020153N13072,2020,NISARGA,AS,2020-06-01 06:00:00,13.4,71.2,46.3,1004.0,Depression,30.45,-0.4886627197265625,-0.9638519287109376,1008.8,True
2020153N13072,2020,NISARGA,AS,2020-06-01 09:00:00,13.7,71.1,46.3,1004.0,Depression,30.5,3.6372222900390634,1.2830047607421875,1006.1,True
2020153N13072,2020,NISARGA,AS,2020-06-01 12:00:00,14.0,71.1,46.3,1003.0,Depression,30.48,4.2286376953125,4.225494384765625,1003.8,True
2020153N13072,2020,NISARGA,AS,2020-06-01 15:00:00,14.2,71.2,46.3,1003.0,Depression,30.46,-3.315414428710937,5.222930908203125,1003.9,True
2020153N13072,2020,NISARGA,AS,2020-06-01 18:00:00,14.4,71.2,46.3,1003.0,Depression,30.45,-4.125,0.6758270263671875,1003.6,True
2020153N13072,2020,NISARGA,AS,2020-06-01 21:00:00,14.7,71.2,51.9,1002.0,Deep Depression,30.46,-3.952560424804688,1.0653076171875,1001.0,True
2020153N13072,2020,NISARGA,AS,2020-06-02 00:00:00,15.0,71.3,55.6,1000.0,Deep Depression,30.41,-5.653366088867188,-1.091064453125,999.3,True
2020153N13072,2020,NISARGA,AS,2020-06-02 03:00:00,15.3,71.3,55.6,1000.0,Deep Depression,30.39,7.86370849609375,-0.802032470703125,999.2,True
2020153N13072,2020,NISARGA,AS,2020-06-02 06:00:00,15.7,71.3,64.8,999.0,Cyclonic Storm,30.5,1.537109375,2.24322509765625,996.8,False
2020153N13072,2020,NISARGA,AS,2020-06-02 09:00:00,16.0,71.3,64.8,999.0,Cyclonic Storm,30.53,1.63507080078125,-1.8140716552734373,992.8,False
2020153N13072,2020,NISARGA,AS,2020-06-02 12:00:00,16.3,71.4,74.1,996.0,Cyclonic Storm,30.45,-11.9429931640625,2.876312255859375,994.2,False
2020153N13072,2020,NISARGA,AS,2020-06-02 15:00:00,16.2,71.5,74.1,996.0,Cyclonic Storm,30.45,5.018585205078125,-5.643402099609375,993.9,False
2020153N13072,2020,NISARGA,AS,2020-06-02 18:00:00,16.8,71.6,74.1,996.0,Cyclonic Storm,30.41,-2.68023681640625,-13.24163818359375,995.2,False
2020153N13072,2020,NISARGA,AS,2020-06-02 21:00:00,17.0,71.9,83.3,994.0,Cyclonic Storm,30.25,0.542877197265625,-7.06732177734375,989.3,False
2020153N13072,2020,NISARGA,AS,2020-06-03 00:00:00,17.3,72.1,92.6,992.0,Severe Cyclonic Storm,30.17,3.899322509765625,-6.33740234375,987.8,False
2020153N13072,2020,NISARGA,AS,2020-06-03 03:00:00,17.6,72.4,101.9,988.0,Severe Cyclonic Storm,30.43,1.811798095703125,8.116867065429688,988.4,False
2020153N13072,2020,NISARGA,AS,2020-06-03 06:00:00,18.1,72.9,111.1,984.0,Severe Cyclonic Storm,,-1.1245574951171875,8.567672729492188,990.2,False
2020153N13072,2020,NISARGA,AS,2020-06-03 09:00:00,18.5,73.2,101.9,992.0,Severe Cyclonic Storm,,-1.6708221435546875,4.3206939697265625,990.2,False
2020153N13072,2020,NISARGA,AS,2020-06-03 12:00:00,19.1,73.7,74.1,998.0,Cyclonic Storm,,-1.2098388671875,7.9863739013671875,992.6,False
2020153N13072,2020,NISARGA,AS,2020-06-03 15:00:00,19.6,74.0,55.6,1000.0,Deep Depression,,3.4037628173828125,2.858139038085937,995.3,False
2020153N13072,2020,NISARGA,AS,2020-06-03 18:00:00,20.0,74.7,55.6,1001.0,Deep Depression,,-0.964813232421875,5.90679931640625,997.1,False
2020153N13072,2020,NISARGA,AS,2020-06-03 21:00:00,20.3,75.3,51.9,1003.0,Deep Depression,,3.613983154296875,4.038131713867188,997.1,False
2020153N13072,2020,NISARGA,AS,2020-06-04 00:00:00,20.9,76.0,46.3,1004.0,Depression,,-1.35699462890625,2.686187744140625,996.2,False
2020153N13072,2020,NISARGA,AS,2020-06-04 03:00:00,21.5,76.8,37.0,1005.0,Depression,,-1.0423126220703125,4.8923187255859375,998.6,False
2020153N13072,2020,NISARGA,AS,2020-06-04 06:00:00,22.2,77.6,37.0,1005.0,Depression,,-1.3865966796875,3.7937164306640634,1000.1,False
2020285N15087,2020,UNNAMED,BB,2020-10-11 00:00:00,15.3,86.5,37.0,999.0,Depression,29.44,-2.0347137451171875,-1.2973480224609375,1002.2,True
2020285N15087,2020,UNNAMED,BB,2020-10-11 03:00:00,15.4,86.2,46.3,998.0,Depression,29.47,-3.071441650390625,-1.3984527587890625,1004.5,True
2020285N15087,2020,UNNAMED,BB,2020-10-11 06:00:00,15.4,85.8,46.3,998.0,Depression,29.35,-1.2094268798828125,-2.171600341796875,1003.7,True
2020285N15087,2020,UNNAMED,BB,2020-10-11 09:00:00,15.4,85.5,46.3,998.0,Depression,29.29,-1.7290496826171875,-1.995086669921875,1000.6,True
2020285N15087,2020,UNNAMED,BB,2020-10-11 12:00:00,15.5,85.4,46.3,998.0,Depression,29.29,1.636322021484375,-3.3230133056640625,1000.9,True
2020285N15087,2020,UNNAMED,BB,2020-10-11 15:00:00,15.5,85.3,46.3,998.0,Depression,29.29,1.7754974365234375,-2.185962677001953,1002.6,True
2020285N15087,2020,UNNAMED,BB,2020-10-11 18:00:00,15.6,85.2,46.3,998.0,Depression,29.29,3.7916259765625,-1.1602506637573242,1001.6,True
2020285N15087,2020,UNNAMED,BB,2020-10-11 21:00:00,15.7,85.1,46.3,998.0,Depression,29.34,-0.6634521484375,-4.6526947021484375,1000.4,True
2020285N15087,2020,UNNAMED,BB,2020-10-12 00:00:00,15.7,85.0,46.3,998.0,Depression,29.53,-3.950714111328125,-6.5891876220703125,998.8,True
2020285N15087,2020,UNNAMED,BB,2020-10-12 03:00:00,15.7,85.0,55.6,997.0,Deep Depression,29.53,-4.359619140625,-2.9210357666015625,1000.3,True
2020285N15087,2020,UNNAMED,BB,2020-10-12 06:00:00,15.9,84.8,55.6,997.0,Deep Depression,29.54,-4.47833251953125,-0.2696533203125,998.9,True
2020285N15087,2020,UNNAMED,BB,2020-10-12 09:00:00,16.0,84.7,55.6,997.0,Deep Depression,29.54,-0.243560791015625,2.586029052734375,996.5,True
2020285N15087,2020,UNNAMED,BB,2020-10-12 12:00:00,16.1,84.6,55.6,997.0,Deep Depression,29.57,0.7577972412109375,-0.8710479736328125,995.8,True
2020285N15087,2020,UNNAMED,BB,2020-10-12 15:00:00,16.3,84.1,55.6,997.0,Deep Depression,29.58,-2.650360107421875,6.2637786865234375,998.1,True
2020285N15087,2020,UNNAMED,BB,2020-10-12 18:00:00,16.5,83.4,55.6,997.0,Deep Depression,29.48,7.3111572265625,4.0066680908203125,998.3,True
2020285N15087,2020,UNNAMED,BB,2020-10-12 21:00:00,16.7,82.9,55.6,997.0,Deep Depression,29.51,7.74224853515625,10.341079711914062,996.8,True
2020285N15087,2020,UNNAMED,BB,2020-10-13 00:00:00,16.9,82.5,55.6,997.0,Deep Depression,29.87,-2.5820770263671875,3.897796630859375,996.6,True
2020285N15087,2020,UNNAMED,BB,2020-10-13 03:00:00,17.0,82.1,55.6,996.0,Deep Depression,,-3.4314422607421875,2.0491485595703125,999.1,False
2020285N15087,2020,UNNAMED,BB,2020-10-13 06:00:00,17.3,81.5,46.3,998.0,Depression,,-5.340240478515625,3.1808624267578125,999.0,False
2020285N15087,2020,UNNAMED,BB,2020-10-13 09:00:00,17.4,81.0,46.3,998.0,Depression,,-5.5639495849609375,2.813827514648437,996.2,False
2020285N15087,2020,UNNAMED,BB,2020-10-13 12:00:00,17.5,80.5,46.3,998.0,Depression,,-5.125640869140625,0.9771728515625,997.2,False
2020285N15087,2020,UNNAMED,BB,2020-10-13 15:00:00,17.6,80.0,46.3,998.0,Depression,,-5.613204956054688,2.75421142578125,999.7,False
2020285N15087,2020,UNNAMED,BB,2020-10-13 18:00:00,17.6,79.5,46.3,998.0,Depression,,-6.015167236328125,2.40069580078125,1000.5,False
2020285N15087,2020,UNNAMED,BB,2020-10-13 21:00:00,17.7,78.8,42.6,999.0,Depression,,-7.5437164306640625,0.109222412109375,999.1,False
2020285N15087,2020,UNNAMED,BB,2020-10-14 00:00:00,17.7,78.1,37.0,1000.0,Depression,,-7.7526702880859375,-2.4918365478515625,999.8,False
2020285N15087,2020,UNNAMED,AS,2020-10-14 03:00:00,17.7,77.5,37.0,1000.0,Depression,,-6.6395111083984375,-3.8946685791015625,1002.4,False
2020285N15087,2020,UNNAMED,AS,2020-10-14 06:00:00,17.7,77.0,37.0,1000.0,Depression,,-6.5012969970703125,-3.889556884765625,1002.5,False
2020291N18069,2020,UNNAMED,AS,2020-10-17 03:00:00,17.8,69.0,37.0,1004.0,Depression,28.67,1.4197845458984375,9.039413452148438,1001.2,True
2020291N18069,2020,UNNAMED,AS,2020-10-17 06:00:00,17.8,68.2,37.0,1004.0,Depression,28.7,3.2914581298828125,9.395111083984377,1001.3,True
2020291N18069,2020,UNNAMED,AS,2020-10-17 09:00:00,17.8,67.8,42.6,1004.0,Depression,28.68,1.3986663818359375,8.546173095703125,997.8,True
2020291N18069,2020,UNNAMED,AS,2020-10-17 12:00:00,17.8,67.5,46.3,1003.0,Depression,28.71,-0.2528533935546875,5.573013305664063,998.2,True
2020291N18069,2020,UNNAMED,AS,2020-10-17 15:00:00,17.8,67.1,46.3,1003.0,Depression,28.84,1.144287109375,-0.144317626953125,999.4,True
2020291N18069,2020,UNNAMED,AS,2020-10-17 18:00:00,17.8,66.8,46.3,1003.0,Depression,28.81,1.6318359375,-1.0776519775390625,1001.2,True
2020291N18069,2020,UNNAMED,AS,2020-10-17 21:00:00,17.8,66.7,46.3,1003.0,Depression,28.81,4.151290893554688,5.63165283203125,1000.7,True
2020291N18069,2020,UNNAMED,AS,2020-10-18 00:00:00,17.8,66.4,46.3,1003.0,Depression,28.6,4.234664916992188,3.4713134765625,1001.2,True
2020291N18069,2020,UNNAMED,AS,2020-10-18 03:00:00,17.8,65.8,37.0,1004.0,Depression,28.47,6.774703979492188,3.042694091796875,1003.4,True
2020291N18069,2020,UNNAMED,AS,2020-10-18 06:00:00,17.8,65.3,37.0,1004.0,Depression,28.53,6.053436279296875,6.0334014892578125,1004.9,True
2020291N18069,2020,UNNAMED,AS,2020-10-18 09:00:00,17.8,65.0,37.0,1004.0,Depression,28.58,4.594512939453125,5.9599151611328125,1002.2,True
2020291N18069,2020,UNNAMED,AS,2020-10-18 12:00:00,17.8,64.8,37.0,1004.0,Depression,28.54,0.8047943115234375,4.2472076416015625,1001.9,True
2020291N18069,2020,UNNAMED,AS,2020-10-18 15:00:00,17.8,64.6,37.0,1004.0,Depression,28.61,-1.580230712890625,6.1251373291015625,1003.2,True
2020291N18069,2020,UNNAMED,AS,2020-10-18 18:00:00,17.8,64.3,37.0,1004.0,Depression,28.65,-2.0290069580078125,6.125335693359375,1004.1,True
2020296N19087,2020,UNNAMED,BB,2020-10-22 03:00:00,18.7,87.0,37.0,999.0,Depression,29.47,0.2190399169921875,7.132003784179688,1002.9,True
2020296N19087,2020,UNNAMED,BB,2020-10-22 06:00:00,19.0,87.0,46.3,998.0,Depression,29.57,-0.37261962890625,3.76104736328125,1001.9,True
2020296N19087,2020,UNNAMED,BB,2020-10-22 09:00:00,19.4,87.1,46.3,998.0,Depression,29.8,-3.9691314697265625,-0.944183349609375,1000.1,True
2020296N19087,2020,UNNAMED,BB,2020-10-22 12:00:00,19.7,87.3,46.3,998.0,Depression,29.65,-4.755538940429688,-5.2850341796875,1000.5,True
2020296N19087,2020,UNNAMED,BB,2020-10-22 15:00:00,19.9,87.4,46.3,998.0,Depression,29.49,-4.908737182617188,-3.4893035888671875,1002.8,True
2020296N19087,2020,UNNAMED,BB,2020-10-22 18:00:00,20.2,87.6,46.3,998.0,Depression,29.52,-3.368865966796875,-5.715179443359375,1001.9,True
2020296N19087,2020,UNNAMED,BB,2020-10-22 21:00:00,20.7,87.9,46.3,998.0,Depression,29.67,-1.862060546875,-2.87689208984375,999.9,True
2020296N19087,2020,UNNAMED,BB,2020-10-23 00:00:00,21.2,88.2,46.3,998.0,Depression,30.02,-1.65582275390625,-7.2544097900390625,1000.4,True
2020296N19087,2020,UNNAMED,BB,2020-10-23 03:00:00,21.4,88.4,46.3,998.0,Depression,30.11,2.0078887939453125,-8.807861328125,1001.9,True
2020296N19087,2020,UNNAMED,BB,2020-10-23 06:00:00,21.7,88.5,46.3,998.0,Depression,30.03,2.4563140869140625,-6.8248443603515625,1001.6,True
2020296N19087,2020,UNNAMED,BB,2020-10-23 09:00:00,22.5,89.1,46.3,998.0,Depression,,3.1087646484375,-2.986328125,1000.1,False
2020296N19087,2020,UNNAMED,BB,2020-10-23 12:00:00,23.3,89.5,37.0,1000.0,Depression,,0.3445892333984375,0.0082550048828125,1000.8,False
2020296N19087,2020,UNNAMED,BB,2020-10-23 15:00:00,23.8,89.7,37.0,1000.0,Depression,,-1.3092498779296875,1.0217132568359375,1002.5,False
2020296N19087,2020,UNNAMED,BB,2020-10-23 18:00:00,24.0,89.9,37.0,1000.0,Depression,,-1.57830810546875,0.31201171875,1002.3,False
2020326N11063,2020,GATI,AS,2020-11-20 12:00:00,11.2,62.6,,,,28.4,-2.7213287353515625,-4.690475463867188,1006.2,True
2020326N11063,2020,GATI,AS,2020-11-20 15:00:00,11.0,62.2,,,,28.43,-4.52667236328125,-3.528839111328125,1007.8,True
2020326N11063,2020,GATI,AS,2020-11-20 18:00:00,10.9,61.7,,,,28.3,-6.5164337158203125,-1.628662109375,1008.2,True
2020326N11063,2020,GATI,AS,2020-11-20 21:00:00,11.1,61.2,,,,28.16,-6.8243408203125,0.2454071044921875,1006.4,True
2020326N11063,2020,GATI,AS,2020-11-21 00:00:00,11.3,60.6,,,,27.94,-8.0738525390625,0.142120361328125,1005.7,True
2020326N11063,2020,GATI,AS,2020-11-21 03:00:00,11.3,59.7,,,,27.71,-8.559005737304688,-1.0622100830078125,1007.8,True
2020326N11063,2020,GATI,AS,2020-11-21 06:00:00,11.3,58.8,,,,27.59,-10.315139770507812,-3.698394775390625,1008.5,True
2020326N11063,2020,GATI,AS,2020-11-21 09:00:00,11.3,57.9,,,,27.5,-9.345367431640623,-6.8979034423828125,1006.7,True
2020326N11063,2020,GATI,AS,2020-11-21 12:00:00,11.3,57.1,,,,27.42,-6.2263946533203125,-7.832977294921875,1005.5,True
2020326N11063,2020,GATI,AS,2020-11-21 15:00:00,11.1,56.2,,,,27.45,-5.015396118164063,-8.887298583984375,1007.3,True
2020326N11063,2020,GATI,AS,2020-11-21 18:00:00,10.9,55.8,46.3,1000.0,Depression,27.47,-5.99603271484375,-6.648239135742188,1008.0,True
2020326N11063,2020,GATI,AS,2020-11-21 21:00:00,10.9,55.2,51.9,999.0,Deep Depression,27.5,-6.08758544921875,-4.076019287109375,1006.1,True
2020326N11063,2020,GATI,AS,2020-11-22 00:00:00,10.8,54.5,55.6,998.0,Deep Depression,27.63,-2.531158447265625,0.1907958984375,1005.6,True
2020326N11063,2020,GATI,AS,2020-11-22 03:00:00,10.6,53.5,74.1,996.0,Cyclonic Storm,27.24,6.748138427734375,-3.4796142578125,1007.5,False
2020326N11063,2020,GATI,AS,2020-11-22 06:00:00,10.4,52.6,92.6,992.0,Severe Cyclonic Storm,26.11,10.538787841796877,-3.017120361328125,1009.4,False
2020326N11063,2020,GATI,AS,2020-11-22 09:00:00,10.4,52.0,120.4,982.0,Very Severe Cyclonic Storm,25.83,12.452316284179688,-0.6804046630859375,1008.1,False
2020326N11063,2020,GATI,AS,2020-11-22 12:00:00,10.4,51.5,138.9,976.0,Very Severe Cyclonic Storm,26.4,11.107864379882812,2.81201171875,1007.8,False
2020326N11063,2020,GATI,AS,2020-11-22 15:00:00,10.4,51.0,138.9,976.0,Very Severe Cyclonic Storm,,5.3404541015625,1.9597930908203125,1009.9,False
2020326N11063,2020,GATI,AS,2020-11-22 18:00:00,10.4,50.6,120.4,982.0,Very Severe Cyclonic Storm,,2.6753082275390625,1.862548828125,1012.7,False
2020326N11063,2020,GATI,AS,2020-11-22 21:00:00,10.5,50.2,111.1,986.0,Severe Cyclonic Storm,,3.0608673095703125,1.3646087646484375,1012.2,False
2020326N11063,2020,GATI,AS,2020-11-23 00:00:00,10.7,50.0,83.3,994.0,Cyclonic Storm,,0.1071929931640625,-0.16217041015625,1013.1,False
2020326N11063,2020,GATI,AS,2020-11-23 03:00:00,10.9,49.6,64.8,997.0,Cyclonic Storm,,-0.82330322265625,0.458770751953125,1014.7,False
2020326N11063,2020,GATI,AS,2020-11-23 06:00:00,11.1,49.3,55.6,998.0,Deep Depression,,-1.8141632080078125,1.6116485595703125,1016.3,False
2020326N11063,2020,GATI,AS,2020-11-23 09:00:00,11.3,48.9,55.6,999.0,Deep Depression,,-2.2205352783203125,0.1128997802734375,1012.7,False
2020326N11063,2020,GATI,AS,2020-11-23 12:00:00,11.5,48.6,55.6,999.0,Deep Depression,,0.243194580078125,-2.828826904296875,1010.2,False
2020326N11063,2020,GATI,AS,2020-11-23 15:00:00,11.7,48.0,55.6,1000.0,Deep Depression,26.96,-0.892425537109375,-1.642364501953125,1011.8,True
2020326N11063,2020,GATI,AS,2020-11-23 18:00:00,11.8,47.5,55.6,1000.0,Deep Depression,26.96,-1.369720458984375,-0.5816650390625,1013.5,True
2020326N11063,2020,GATI,AS,2020-11-23 21:00:00,11.7,47.1,51.9,1001.0,Deep Depression,26.96,-1.5121917724609375,-1.0814361572265625,1012.3,True
2020326N11063,2020,GATI,AS,2020-11-24 00:00:00,11.5,46.8,46.3,1001.0,Depression,,-0.637237548828125,0.0369873046875,1012.0,False
2020326N11063,2020,GATI,AS,2020-11-24 03:00:00,11.2,46.6,37.0,1002.0,Depression,,0.6015625,1.2219390869140625,1014.7,False
2020326N11063,2020,GATI,AS,2020-11-24 06:00:00,10.9,46.5,,,,,-2.0980682373046875,0.2327423095703125,1016.5,False
2020326N11063,2020,GATI,AS,2020-11-24 09:00:00,10.7,46.4,,,,,-2.9275054931640625,1.4500732421875,1013.2,False
2020326N11063,2020,GATI,AS,2020-11-24 12:00:00,10.4,46.3,,,,,-2.360931396484375,0.6177825927734375,1010.1,False
2020327N08086,2020,NIVAR,BB,2020-11-22 06:00:00,7.8,86.1,,,,29.18,-6.451446533203125,5.542449951171875,1008.6,True
2020327N08086,2020,NIVAR,BB,2020-11-22 09:00:00,8.2,85.9,,,,28.98,-7.502761840820312,1.4611968994140625,1006.0,True
2020327N08086,2020,NIVAR,BB,2020-11-22 12:00:00,8.5,85.6,,,,28.94,-5.514205932617188,-5.07763671875,1007.9,True
2020327N08086,2020,NIVAR,BB,2020-11-22 15:00:00,8.8,85.3,,,,28.94,-1.4486083984375,-4.675949096679688,1010.2,True
2020327N08086,2020,NIVAR,BB,2020-11-22 18:00:00,9.0,85.1,,,,28.97,1.1548004150390625,-3.509521484375,1009.4,True
2020327N08086,2020,NIVAR,BB,2020-11-22 21:00:00,9.0,85.0,46.3,1002.0,Depression,28.97,6.6419219970703125,0.0960540771484375,1006.9,True
2020327N08086,2020,NIVAR,BB,2020-11-23 00:00:00,9.3,84.6,46.3,1002.0,Depression,29.29,4.820083618164063,5.06927490234375,1006.6,True
2020327N08086,2020,NIVAR,BB,2020-11-23 03:00:00,9.5,84.2,46.3,1002.0,Depression,29.26,4.97357177734375,4.305450439453125,1008.4,True
2020327N08086,2020,NIVAR,BB,2020-11-23 06:00:00,9.6,84.0,46.3,1001.0,Depression,29.3,7.9700164794921875,0.6360626220703125,1007.7,True
2020327N08086,2020,NIVAR,BB,2020-11-23 09:00:00,9.7,83.8,51.9,1000.0,Deep Depression,29.36,6.767745971679688,4.5123138427734375,1004.8,True
2020327N08086,2020,NIVAR,BB,2020-11-23 12:00:00,9.9,83.6,55.6,999.0,Deep Depression,29.48,2.463897705078125,3.403594970703125,1005.5,True
2020327N08086,2020,NIVAR,BB,2020-11-23 15:00:00,9.9,83.5,55.6,999.0,Deep Depression,29.48,-0.597503662109375,5.420135498046875,1008.0,True
2020327N08086,2020,NIVAR,BB,2020-11-23 18:00:00,10.0,83.5,55.6,998.0,Deep Depression,29.48,-3.438079833984375,6.5911865234375,1007.1,True
2020327N08086,2020,NIVAR,BB,2020-11-23 21:00:00,9.9,83.3,61.1,998.0,Deep Depression,29.57,-4.1430511474609375,7.1334075927734375,1004.5,True
2020327N08086,2020,NIVAR,BB,2020-11-24 00:00:00,9.8,83.2,64.8,997.0,Cyclonic Storm,29.21,-1.832550048828125,3.9637451171875,1003.1,False
2020327N08086,2020,NIVAR,BB,2020-11-24 03:00:00,9.8,83.1,64.8,997.0,Cyclonic Storm,29.24,-3.74609375,-2.060287475585937,1004.6,False
2020327N08086,2020,NIVAR,BB,2020-11-24 06:00:00,9.8,83.0,74.1,994.0,Cyclonic Storm,29.24,-6.376388549804688,3.0891876220703125,1003.4,False
2020327N08086,2020,NIVAR,BB,2020-11-24 09:00:00,9.9,82.9,83.3,992.0,Cyclonic Storm,29.28,-9.549575805664062,2.2362060546875,1000.2,False
2020327N08086,2020,NIVAR,BB,2020-11-24 12:00:00,10.0,82.8,83.3,992.0,Cyclonic Storm,29.31,-3.512298583984375,-5.7562408447265625,999.5,False
2020327N08086,2020,NIVAR,BB,2020-11-24 15:00:00,10.1,82.7,83.3,992.0,Cyclonic Storm,29.31,2.6767730712890625,-6.580856323242188,1000.2,False
2020327N08086,2020,NIVAR,BB,2020-11-24 18:00:00,10.2,82.6,92.6,990.0,Severe Cyclonic Storm,29.36,-2.65252685546875,-7.382217407226562,998.5,False
2020327N08086,2020,NIVAR,BB,2020-11-24 21:00:00,10.4,82.4,101.9,988.0,Severe Cyclonic Storm,29.33,-5.2869720458984375,1.198944091796875,996.0,False
2020327N08086,2020,NIVAR,BB,2020-11-25 00:00:00,10.6,82.2,111.1,986.0,Severe Cyclonic Storm,28.85,4.379852294921875,4.593795776367188,996.2,False
2020327N08086,2020,NIVAR,BB,2020-11-25 03:00:00,10.8,81.8,111.1,986.0,Severe Cyclonic Storm,28.89,-1.1262054443359375,0.5221099853515625,997.2,False
2020327N08086,2020,NIVAR,BB,2020-11-25 06:00:00,11.1,81.4,111.1,986.0,Severe Cyclonic Storm,28.88,-0.2868194580078125,4.8038177490234375,994.1,False
2020327N08086,2020,NIVAR,BB,2020-11-25 09:00:00,11.3,81.1,120.4,982.0,Very Severe Cyclonic Storm,28.7,1.9464569091796875,-7.975067138671875,992.3,False
2020327N08086,2020,NIVAR,BB,2020-11-25 12:00:00,11.5,80.9,120.4,982.0,Very Severe Cyclonic Storm,28.68,4.7865142822265625,-5.46783447265625,994.5,False
2020327N08086,2020,NIVAR,BB,2020-11-25 15:00:00,11.8,80.6,120.4,982.0,Very Severe Cyclonic Storm,28.56,4.5345611572265625,-8.789230346679688,997.1,False
2020327N08086,2020,NIVAR,BB,2020-11-25 18:00:00,12.0,80.4,120.4,982.0,Very Severe Cyclonic Storm,28.56,6.1005401611328125,6.6502838134765625,996.4,False
2020327N08086,2020,NIVAR,BB,2020-11-25 21:00:00,12.2,80.1,111.1,986.0,Severe Cyclonic Storm,,5.88677978515625,3.2717742919921875,994.5,False
2020327N08086,2020,NIVAR,BB,2020-11-26 00:00:00,12.5,80.0,92.6,992.0,Severe Cyclonic Storm,,1.7606658935546875,-0.29547119140625,996.8,False
2020327N08086,2020,NIVAR,BB,2020-11-26 03:00:00,12.7,79.7,74.1,996.0,Cyclonic Storm,,3.426498413085937,0.9665985107421876,1000.5,False
2020327N08086,2020,NIVAR,BB,2020-11-26 06:00:00,13.0,79.6,64.8,998.0,Cyclonic Storm,,4.8663330078125,1.0748291015625,1000.7,False
2020327N08086,2020,NIVAR,BB,2020-11-26 09:00:00,13.3,79.6,55.6,999.0,Deep Depression,,4.9516448974609375,2.34466552734375,999.2,False
2020327N08086,2020,NIVAR,BB,2020-11-26 12:00:00,13.5,79.8,55.6,1000.0,Deep Depression,,-1.35626220703125,3.330169677734375,1002.3,False
2020327N08086,2020,NIVAR,BB,2020-11-26 15:00:00,13.6,80.0,46.3,1001.0,Depression,,-0.94683837890625,5.975372314453125,1005.9,False
2020327N08086,2020,NIVAR,BB,2020-11-26 18:00:00,13.8,80.3,37.0,1002.0,Depression,,-3.8792572021484375,10.330413818359377,1007.3,False
2020327N08086,2020,NIVAR,BB,2020-11-26 21:00:00,13.8,80.6,,,,28.05,-3.3561248779296875,13.669219970703123,1006.8,True
2020327N08086,2020,NIVAR,BB,2020-11-27 00:00:00,14.0,80.7,,,,27.81,-3.5738677978515625,9.023284912109377,1007.8,True
2020327N08086,2020,NIVAR,BB,2020-11-27 03:00:00,14.2,80.6,,,,27.85,-1.8898162841796875,7.5657958984375,1010.1,True
2020327N08086,2020,NIVAR,BB,2020-11-27 06:00:00,14.4,80.5,,,,27.76,-2.85565185546875,7.090850830078125,1010.2,True
2020327N08086,2020,NIVAR,BB,2020-11-27 09:00:00,14.7,80.3,,,,27.82,-3.866622924804688,6.309005737304688,1008.2,True
2020327N08086,2020,NIVAR,BB,2020-11-27 12:00:00,15.0,80.1,,,,27.92,-3.755935668945313,4.70770263671875,1009.5,True
2020335N06090,2020,BUREVI,BB,2020-11-29 12:00:00,6.4,90.4,,,,29.01,-1.374542236328125,0.8442840576171875,1007.2,True
2020335N06090,2020,BUREVI,BB,2020-11-29 15:00:00,6.6,89.8,,,,28.96,-3.203475952148437,0.4096221923828125,1009.5,True
2020335N06090,2020,BUREVI,BB,2020-11-29 18:00:00,6.9,89.1,,,,28.93,-5.9053497314453125,0.0182952880859375,1008.7,True
2020335N06090,2020,BUREVI,BB,2020-11-29 21:00:00,7.2,88.4,,,,28.83,-7.1353607177734375,-0.823974609375,1006.7,True
2020335N06090,2020,BUREVI,BB,2020-11-30 00:00:00,7.5,87.8,37.0,1003.0,Depression,28.71,-7.4615478515625,-6.406417846679688,1007.3,True
2020335N06090,2020,BUREVI,BB,2020-11-30 03:00:00,7.6,87.6,46.3,1002.0,Depression,28.78,-5.1976318359375,-6.434860229492188,1009.0,True
2020335N06090,2020,BUREVI,BB,2020-11-30 06:00:00,7.6,87.4,46.3,1002.0,Depression,28.78,-1.93170166015625,-5.577194213867188,1006.9,True
2020335N06090,2020,BUREVI,BB,2020-11-30 09:00:00,7.6,87.2,46.3,1002.0,Depression,28.81,-7.269744873046875,1.3814697265625,1002.9,True
2020335N06090,2020,BUREVI,BB,2020-11-30 12:00:00,7.5,87.1,46.3,1002.0,Depression,28.79,-9.589706420898438,-7.28192138671875,1006.0,True
2020335N06090,2020,BUREVI,BB,2020-11-30 15:00:00,7.5,87.0,46.3,1002.0,Depression,28.79,-8.316116333007812,-7.428329467773437,1008.2,True
2020335N06090,2020,BUREVI,BB,2020-11-30 18:00:00,7.5,86.8,46.3,1002.0,Depression,28.79,-9.20013427734375,-4.6316986083984375,1007.4,True
2020335N06090,2020,BUREVI,BB,2020-11-30 21:00:00,7.4,86.4,51.9,1001.0,Deep Depression,28.81,-9.386001586914062,0.2417449951171875,1004.9,True
2020335N06090,2020,BUREVI,BB,2020-12-01 00:00:00,7.4,86.1,55.6,1000.0,Deep Depression,28.67,-8.053329467773438,-4.6669921875,1005.6,True
2020335N06090,2020,BUREVI,BB,2020-12-01 03:00:00,7.4,85.8,55.6,1000.0,Deep Depression,28.6,-9.285995483398438,-5.9297637939453125,1007.6,True
2020335N06090,2020,BUREVI,BB,2020-12-01 06:00:00,7.5,85.4,55.6,1000.0,Deep Depression,28.57,-8.662887573242188,-4.8712921142578125,1005.9,True
2020335N06090,2020,BUREVI,BB,2020-12-01 09:00:00,7.6,85.1,61.1,1000.0,Deep Depression,28.71,-3.94342041015625,-6.75726318359375,1003.7,True
2020335N06090,2020,BUREVI,BB,2020-12-01 12:00:00,7.7,84.9,64.8,999.0,Cyclonic Storm,28.62,-4.870773315429688,-7.2309417724609375,1004.2,False
2020335N06090,2020,BUREVI,BB,2020-12-01 15:00:00,7.8,84.6,64.8,999.0,Cyclonic Storm,28.7,-4.2206878662109375,-8.350082397460938,1005.6,False
2020335N06090,2020,BUREVI,BB,2020-12-01 18:00:00,8.0,84.3,64.8,999.0,Cyclonic Storm,28.65,-6.4167327880859375,-3.7657623291015625,1004.9,False
2020335N06090,2020,BUREVI,BB,2020-12-01 21:00:00,8.3,83.7,64.8,999.0,Cyclonic Storm,28.7,-8.643783569335938,-3.1276092529296875,1003.1,False
2020335N06090,2020,BUREVI,BB,2020-12-02 00:00:00,8.5,83.3,74.1,998.0,Cyclonic Storm,28.6,-7.94775390625,-2.112289428710937,1003.9,False
2020335N06090,2020,BUREVI,BB,2020-12-02 03:00:00,8.6,82.9,74.1,998.0,Cyclonic Storm,28.52,-5.6493988037109375,6.287857055664063,1005.3,False
2020335N06090,2020,BUREVI,BB,2020-12-02 06:00:00,8.7,82.6,83.3,996.0,Cyclonic Storm,28.48,-5.092437744140625,5.752487182617188,1004.3,False
2020335N06090,2020,BUREVI,BB,2020-12-02 09:00:00,8.8,82.2,83.3,996.0,Cyclonic Storm,28.5,-4.0213470458984375,8.856536865234375,1001.0,False
2020335N06090,2020,BUREVI,BB,2020-12-02 12:00:00,8.8,81.9,83.3,996.0,Cyclonic Storm,28.45,-7.127899169921875,-4.02960205078125,1001.0,False
2020335N06090,2020,BUREVI,BB,2020-12-02 15:00:00,8.9,81.6,83.3,996.0,Cyclonic Storm,28.03,-5.0082855224609375,-4.070220947265625,1003.8,False
2020335N06090,2020,BUREVI,BB,2020-12-02 18:00:00,9.0,81.2,83.3,996.0,Cyclonic Storm,27.95,3.326416015625,1.6196136474609375,1003.4,False
2020335N06090,2020,BUREVI,BB,2020-12-02 21:00:00,9.0,80.9,74.1,998.0,Cyclonic Storm,27.96,2.281951904296875,3.996414184570313,1001.7,False
2020335N06090,2020,BUREVI,BB,2020-12-03 00:00:00,9.0,80.5,74.1,998.0,Cyclonic Storm,,4.736175537109375,1.4441986083984375,1002.6,False
2020335N06090,2020,BUREVI,BB,2020-12-03 03:00:00,9.1,80.4,74.1,998.0,Cyclonic Storm,,5.043609619140625,3.0868072509765625,1005.9,False
2020335N06090,2020,BUREVI,BB,2020-12-03 06:00:00,9.3,80.1,74.1,998.0,Cyclonic Storm,27.86,4.308151245117188,-2.02008056640625,1005.2,False
2020335N06090,2020,BUREVI,BB,2020-12-03 09:00:00,9.4,79.8,64.8,999.0,Cyclonic Storm,27.75,-1.0644989013671875,-7.959884643554687,1003.3,False
2020335N06090,2020,BUREVI,BB,2020-12-03 12:00:00,9.4,79.6,55.6,1000.0,Deep Depression,27.64,0.9520111083984376,-10.206100463867188,1004.7,True
2020335N06090,2020,BUREVI,BB,2020-12-03 15:00:00,9.4,79.4,55.6,1000.0,Deep Depression,27.64,-1.1714630126953125,-9.578582763671877,1006.5,True
2020335N06090,2020,BUREVI,BB,2020-12-03 18:00:00,9.3,79.3,55.6,1000.0,Deep Depression,27.87,5.363311767578125,-9.377029418945312,1006.7,True
2020335N06090,2020,BUREVI,BB,2020-12-03 21:00:00,9.3,79.3,55.6,1000.0,Deep Depression,27.87,6.204498291015625,-8.272201538085938,1004.2,True
2020335N06090,2020,BUREVI,BB,2020-12-04 00:00:00,9.2,79.3,55.6,1000.0,Deep Depression,27.76,7.842361450195312,-8.751480102539062,1005.1,True
2020335N06090,2020,BUREVI,BB,2020-12-04 03:00:00,9.1,79.2,55.6,1001.0,Deep Depression,28.08,9.948165893554688,-4.232330322265625,1007.3,True
2020335N06090,2020,BUREVI,BB,2020-12-04 06:00:00,9.2,79.3,55.6,1001.0,Deep Depression,27.76,6.68316650390625,-4.029067993164063,1007.1,True
2020335N06090,2020,BUREVI,BB,2020-12-04 09:00:00,9.3,79.4,51.9,1002.0,Deep Depression,27.74,0.5181732177734375,0.4246063232421875,1004.3,True
2020335N06090,2020,BUREVI,BB,2020-12-04 12:00:00,9.4,79.4,46.3,1002.0,Depression,27.55,-8.14697265625,-7.5980224609375,1006.1,True
2020335N06090,2020,BUREVI,BB,2020-12-04 15:00:00,9.3,79.3,46.3,1003.0,Depression,27.76,-4.4272003173828125,-8.915878295898438,1007.6,True
2020335N06090,2020,BUREVI,BB,2020-12-04 18:00:00,9.2,79.2,46.3,1003.0,Depression,27.76,-2.1287994384765625,-10.264724731445312,1007.6,True
2020335N06090,2020,BUREVI,BB,2020-12-04 21:00:00,9.1,79.3,42.6,1004.0,Depression,28.08,4.1959991455078125,-11.035964965820312,1006.1,True
2020335N06090,2020,BUREVI,BB,2020-12-05 00:00:00,9.1,79.4,37.0,1004.0,Depression,27.85,-0.6333465576171875,-9.510330200195312,1006.6,True
2020335N06090,2020,BUREVI,BB,2020-12-05 03:00:00,9.2,79.5,37.0,1006.0,Depression,27.61,2.0648956298828125,-7.3311767578125,1009.2,True
2020335N06090,2020,BUREVI,BB,2020-12-05 06:00:00,9.5,80.1,,,,,2.134490966796875,-6.8871917724609375,1008.6,False
2020353N06129,2020,KROVANH,MM,2020-12-17 12:00:00,5.8,129.0,,,,27.3,-6.9931640625,-5.3397979736328125,1009.5,True
2020353N06129,2020,KROVANH,MM,2020-12-17 15:00:00,6.2,128.4,,,,27.23,-7.486083984375,-4.8379669189453125,1010.4,True
2020353N06129,2020,KROVANH,MM,2020-12-17 18:00:00,6.5,127.8,,,,27.24,-6.6856231689453125,-5.877212524414063,1010.0,True
2020353N06129,2020,KROVANH,MM,2020-12-17 21:00:00,6.7,127.4,,,,27.28,-8.541519165039062,-6.221221923828125,1008.2,True
2020353N06129,2020,KROVANH,MM,2020-12-18 00:00:00,7.1,127.2,,1004.0,,27.71,-8.961181640625,-5.9503173828125,1009.5,True
2020353N06129,2020,KROVANH,MM,2020-12-18 03:00:00,7.6,126.7,,,,27.78,-7.581268310546875,-6.5789794921875,1011.1,True
2020353N06129,2020,KROVANH,MM,2020-12-18 06:00:00,8.1,126.1,,1002.0,,27.7,-6.269622802734375,-4.790008544921875,1009.8,True
2020353N06129,2020,KROVANH,MM,2020-12-18 09:00:00,8.6,125.2,,,,27.69,-5.3058624267578125,-2.38848876953125,1008.7,True
2020353N06129,2020,KROVANH,MM,2020-12-18 12:00:00,8.9,124.3,,1004.0,,,-0.907012939453125,-1.1914825439453125,1010.2,False
2020353N06129,2020,KROVANH,MM,2020-12-18 15:00:00,8.9,123.3,,,,,-1.2487640380859375,-0.5827484130859375,1011.9,False
2020353N06129,2020,KROVANH,MM,2020-12-18 18:00:00,8.8,122.4,,1004.0,,,-1.3795623779296875,-1.7486419677734375,1010.7,False
2020353N06129,2020,KROVANH,MM,2020-12-18 21:00:00,8.8,121.6,,,,,-1.7879791259765625,-1.4012603759765625,1009.5,False
2020353N06129,2020,KROVANH,MM,2020-12-19 00:00:00,8.9,121.0,,1004.0,,,-1.7621612548828125,-2.137054443359375,1011.8,False
2020353N06129,2020,KROVANH,MM,2020-12-19 03:00:00,9.0,120.4,,,,,-2.5926666259765625,-2.0393218994140625,1013.3,False
2020353N06129,2020,KROVANH,MM,2020-12-19 06:00:00,9.2,119.8,,1004.0,,,-2.32464599609375,-1.7819061279296875,1010.4,False
2020353N06129,2020,KROVANH,MM,2020-12-19 09:00:00,9.5,119.1,,,,,-1.268707275390625,-1.557098388671875,1009.5,False
2020353N06129,2020,KROVANH,MM,2020-12-19 12:00:00,9.7,118.4,,1004.0,,,0.08026123046875,0.092926025390625,1010.2,False
2020353N06129,2020,KROVANH,MM,2020-12-19 15:00:00,9.7,117.6,,,,,0.2610015869140625,-1.5248565673828125,1011.8,False
2020353N06129,2020,KROVANH,MM,2020-12-19 18:00:00,9.8,116.9,,1004.0,,,-2.919036865234375,-4.3793487548828125,1011.5,False
2020353N06129,2020,KROVANH,MM,2020-12-19 21:00:00,9.9,116.2,,,,28.27,-2.3596343994140625,-6.031509399414063,1010.7,True
2020353N06129,2020,KROVANH,MM,2020-12-20 00:00:00,10.0,115.6,64.8,1002.0,Cyclonic Storm,28.1,-2.6117401123046875,-6.8263092041015625,1012.0,False
2020353N06129,2020,KROVANH,MM,2020-12-20 03:00:00,10.1,115.3,,,,28.1,-2.954696655273437,-8.18707275390625,1013.0,True
2020353N06129,2020,KROVANH,MM,2020-12-20 06:00:00,10.1,115.0,64.8,1000.0,Cyclonic Storm,28.1,-3.28704833984375,-6.380889892578125,1011.0,False
2020353N06129,2020,KROVANH,MM,2020-12-20 09:00:00,10.0,114.7,,,,28.1,-2.92913818359375,-5.3616943359375,1009.4,True
2020353N06129,2020,KROVANH,MM,2020-12-20 12:00:00,9.9,114.4,64.8,1002.0,Cyclonic Storm,28.1,1.1044921875,-5.0373077392578125,1010.9,False
2020353N06129,2020,KROVANH,MM,2020-12-20 15:00:00,9.7,114.1,,,,,0.040740966796875,-4.6087493896484375,1012.0,False
2020353N06129,2020,KROVANH,MM,2020-12-20 18:00:00,9.5,113.9,64.8,1002.0,Cyclonic Storm,,-0.7571563720703125,-3.61737060546875,1011.2,False
2020353N06129,2020,KROVANH,MM,2020-12-20 21:00:00,9.3,113.7,,,,,-0.80767822265625,-4.2012481689453125,1009.9,False
2020353N06129,2020,KROVANH,MM,2020-12-21 00:00:00,9.2,113.4,64.8,1002.0,Cyclonic Storm,,-1.3268890380859375,-4.027801513671875,1011.2,False
2020353N06129,2020,KROVANH,MM,2020-12-21 03:00:00,9.1,113.2,,,,,-1.570953369140625,-5.347991943359375,1012.1,False
2020353N06129,2020,KROVANH,MM,2020-12-21 06:00:00,9.0,112.9,64.8,1002.0,Cyclonic Storm,,-1.3299102783203125,-4.11334228515625,1009.4,False
2020353N06129,2020,KROVANH,MM,2020-12-21 09:00:00,8.9,112.6,,,,,-0.926666259765625,-3.715423583984375,1008.0,False
2020353N06129,2020,KROVANH,MM,2020-12-21 12:00:00,8.8,112.3,64.8,1002.0,Cyclonic Storm,,0.45623779296875,-2.874664306640625,1009.6,False
2020353N06129,2020,KROVANH,MM,2020-12-21 15:00:00,8.6,111.9,,,,27.46,1.0236663818359375,-5.842330932617188,1011.2,True
2020353N06129,2020,KROVANH,MM,2020-12-21 18:00:00,8.5,111.6,64.8,1002.0,Cyclonic Storm,27.46,2.063232421875,-7.7998504638671875,1010.2,False
2020353N06129,2020,KROVANH,MM,2020-12-21 21:00:00,8.2,111.3,,,,27.49,2.483367919921875,-8.729644775390625,1008.6,True
2020353N06129,2020,KROVANH,MM,2020-12-22 00:00:00,7.9,111.0,64.8,1002.0,Cyclonic Storm,27.46,0.2285614013671875,-9.306533813476562,1010.6,False
2020353N06129,2020,KROVANH,MM,2020-12-22 03:00:00,7.7,110.7,,,,27.47,0.415496826171875,-9.022003173828123,1011.9,True
2020353N06129,2020,KROVANH,MM,2020-12-22 06:00:00,7.8,110.5,,1004.0,,27.47,0.9180908203125,-6.7957763671875,1009.5,True
2020353N06129,2020,KROVANH,MM,2020-12-22 09:00:00,7.8,110.3,,,,27.47,0.575439453125,-6.548095703125,1007.8,True
2020353N06129,2020,KROVANH,MM,2020-12-22 12:00:00,7.9,110.0,,1004.0,,27.46,-1.1078948974609375,-7.2209625244140625,1009.4,True
2020353N06129,2020,KROVANH,MM,2020-12-22 15:00:00,7.9,109.6,,,,27.46,0.775909423828125,-6.6400299072265625,1010.0,True
2020353N06129,2020,KROVANH,MM,2020-12-22 18:00:00,8.0,109.3,,1004.0,,27.46,0.964691162109375,-8.116363525390625,1009.2,True
2020353N06129,2020,KROVANH,MM,2020-12-22 21:00:00,8.1,108.9,,,,27.46,2.5750274658203125,-7.0745849609375,1008.4,True
2020353N06129,2020,KROVANH,MM,2020-12-23 00:00:00,8.1,108.5,,1006.0,,27.22,0.853179931640625,-7.545303344726562,1009.1,True
2020353N06129,2020,KROVANH,MM,2020-12-23 03:00:00,8.2,108.0,,,,27.23,-0.24560546875,-7.2005462646484375,1010.5,True
2020353N06129,2020,KROVANH,MM,2020-12-23 06:00:00,8.3,107.4,,1006.0,,27.23,1.28240966796875,-7.29705810546875,1008.1,True
2020353N06129,2020,KROVANH,MM,2020-12-23 09:00:00,8.2,106.9,,,,27.23,4.61566162109375,-6.1353912353515625,1006.1,True
2020353N06129,2020,KROVANH,MM,2020-12-23 12:00:00,8.0,106.3,,1006.0,,27.22,3.6045989990234375,-7.955673217773437,1006.7,True
2020353N06129,2020,KROVANH,MM,2020-12-23 15:00:00,8.0,105.8,,,,27.22,-3.5690155029296875,-9.280136108398438,1008.0,True
2020353N06129,2020,KROVANH,MM,2020-12-23 18:00:00,7.9,105.2,,1006.0,,27.22,-7.950881958007812,-4.4185638427734375,1007.1,True
2020353N06129,2020,KROVANH,MM,2020-12-23 21:00:00,7.8,104.6,,,,27.49,-7.493850708007812,-1.2297210693359375,1005.5,True
2020353N06129,2020,KROVANH,MM,2020-12-24 00:00:00,7.8,103.9,,1006.0,,27.54,-8.548751831054688,0.1674041748046875,1006.9,True
2020353N06129,2020,KROVANH,MM,2020-12-24 03:00:00,7.8,103.3,,,,27.89,-7.866317749023437,-1.0728607177734375,1008.3,True
2020353N06129,2020,KROVANH,MM,2020-12-24 06:00:00,7.8,102.7,,1004.0,,28.04,-6.420135498046875,-2.4553985595703125,1006.6,True
2020353N06129,2020,KROVANH,MM,2020-12-24 09:00:00,8.0,102.2,,,,28.07,-7.079071044921875,-2.944244384765625,1005.0,True
2020353N06129,2020,KROVANH,MM,2020-12-24 12:00:00,8.2,101.6,,1006.0,,27.83,-5.10870361328125,-3.2169647216796875,1007.1,True
2020353N06129,2020,KROVANH,MM,2020-12-24 15:00:00,8.3,101.1,,,,27.69,-3.76055908203125,-1.99810791015625,1008.8,True
2020353N06129,2020,KROVANH,MM,2020-12-24 18:00:00,8.6,100.7,,1008.0,,27.94,-4.3823089599609375,0.79693603515625,1008.0,True
2020353N06129,2020,KROVANH,MM,2020-12-24 21:00:00,8.9,100.2,,,,27.88,-7.1880950927734375,0.4615325927734375,1007.1,True
2020353N06129,2020,KROVANH,BB,2020-12-25 00:00:00,9.4,99.6,,,,27.58,-8.003082275390625,-1.446197509765625,1008.0,True
2020353N06129,2020,KROVANH,BB,2020-12-25 03:00:00,9.7,98.9,,,,,-2.579559326171875,-0.8825531005859375,1010.9,False
2020353N06129,2020,KROVANH,BB,2020-12-25 06:00:00,10.0,98.1,,,,27.91,-0.9623870849609376,-7.0272216796875,1008.9,True
2020353N06129,2020,KROVANH,BB,2020-12-25 09:00:00,10.6,97.3,,,,28.77,-4.153106689453125,-7.392608642578125,1007.2,True
2020353N06129,2020,KROVANH,BB,2020-12-25 12:00:00,11.3,97.0,,,,28.9,-6.160888671875,-4.297622680664063,1008.7,True
2021092N11096,2021,UNNAMED,BB,2021-04-02 00:00:00,11.0,96.3,46.3,1000.0,Depression,29.34,4.0963287353515625,-6.792388916015625,1006.4,True
2021092N11096,2021,UNNAMED,BB,2021-04-02 03:00:00,11.0,96.3,46.3,1000.0,Depression,29.34,5.896148681640625,-5.3262939453125,1008.6,True
2021092N11096,2021,UNNAMED,BB,2021-04-02 06:00:00,11.2,96.4,46.3,1000.0,Depression,29.46,7.352142333984375,-4.143722534179688,1007.9,True
2021092N11096,2021,UNNAMED,BB,2021-04-02 09:00:00,11.5,96.6,46.3,1000.0,Depression,29.4,8.271194458007812,-4.6573638916015625,1005.2,True
2021092N11096,2021,UNNAMED,BB,2021-04-02 12:00:00,11.8,96.8,46.3,1000.0,Depression,29.61,5.801284790039063,-4.8362579345703125,1006.2,True
2021092N11096,2021,UNNAMED,BB,2021-04-02 15:00:00,12.0,97.0,46.3,1000.0,Depression,29.84,1.368408203125,-5.2743682861328125,1007.6,True
2021092N11096,2021,UNNAMED,BB,2021-04-02 18:00:00,12.3,97.2,46.3,1000.0,Depression,29.85,-3.86737060546875,-4.07122802734375,1006.5,True
2021092N11096,2021,UNNAMED,BB,2021-04-02 21:00:00,12.7,97.4,46.3,1001.0,Depression,30.03,-4.345184326171875,-1.83929443359375,1005.1,True
2021092N11096,2021,UNNAMED,BB,2021-04-03 00:00:00,13.0,97.5,46.3,1002.0,Depression,29.88,-2.78594970703125,-0.2794036865234375,1006.3,True
2021092N11096,2021,UNNAMED,BB,2021-04-03 03:00:00,13.2,97.6,37.0,1004.0,Depression,30.07,-3.29486083984375,0.3419036865234375,1008.5,True
2021133N10071,2021,TAUKTAE,AS,2021-05-13 06:00:00,10.0,70.9,,,,31.02,1.7634429931640625,4.30230712890625,1007.0,True
2021133N10071,2021,TAUKTAE,AS,2021-05-13 09:00:00,10.1,71.1,,,,31.02,0.27093505859375,2.45404052734375,1004.0,True
2021133N10071,2021,TAUKTAE,AS,2021-05-13 12:00:00,10.2,71.3,,,,31.03,0.4921112060546875,1.6671600341796875,1002.9,True
2021133N10071,2021,TAUKTAE,AS,2021-05-13 15:00:00,10.3,71.4,,,,30.94,0.88592529296875,3.667312622070313,1003.6,True
2021133N10071,2021,TAUKTAE,AS,2021-05-13 18:00:00,10.5,71.5,,,,31.12,1.5379638671875,1.2903900146484375,1003.3,True
2021133N10071,2021,TAUKTAE,AS,2021-05-13 21:00:00,10.7,71.6,,,,31.29,0.41912841796875,-1.653289794921875,1000.7,True
2021133N10071,2021,TAUKTAE,AS,2021-05-14 00:00:00,10.9,71.8,,,,30.86,-1.279083251953125,-3.086578369140625,999.9,True
2021133N10071,2021,TAUKTAE,AS,2021-05-14 03:00:00,11.0,72.0,46.3,997.0,Depression,30.8,-2.396209716796875,-2.854888916015625,1001.0,True
2021133N10071,2021,TAUKTAE,AS,2021-05-14 06:00:00,11.2,72.2,46.3,996.0,Depression,30.86,-2.649169921875,-1.5461273193359375,1000.5,True
2021133N10071,2021,TAUKTAE,AS,2021-05-14 09:00:00,11.5,72.4,55.6,995.0,Deep Depression,30.95,-0.7899322509765625,-0.7409515380859375,997.7,True
2021133N10071,2021,TAUKTAE,AS,2021-05-14 12:00:00,11.7,72.6,55.6,995.0,Deep Depression,31.01,-1.2389373779296875,-2.8023681640625,996.7,True
2021133N10071,2021,TAUKTAE,AS,2021-05-14 15:00:00,12.0,72.7,61.1,994.0,Deep Depression,31.07,-7.838027954101562,-2.765777587890625,997.1,True
2021133N10071,2021,TAUKTAE,AS,2021-05-14 18:00:00,12.3,72.8,64.8,993.0,Cyclonic Storm,31.16,-9.516616821289062,-3.7966461181640634,996.1,False
2021133N10071,2021,TAUKTAE,AS,2021-05-14 21:00:00,12.4,72.8,74.1,992.0,Cyclonic Storm,31.14,-4.2386016845703125,-8.708251953125,993.7,False
2021133N10071,2021,TAUKTAE,AS,2021-05-15 00:00:00,12.8,72.9,74.1,992.0,Cyclonic Storm,30.63,-0.011749267578125,-6.611053466796875,992.5,False
2021133N10071,2021,TAUKTAE,AS,2021-05-15 03:00:00,13.0,72.9,74.1,992.0,Cyclonic Storm,30.79,10.345260620117188,-4.375503540039063,993.5,False
2021133N10071,2021,TAUKTAE,AS,2021-05-15 06:00:00,13.3,73.0,83.3,990.0,Cyclonic Storm,30.95,17.1624755859375,-4.4680938720703125,994.4,False
2021133N10071,2021,TAUKTAE,AS,2021-05-15 09:00:00,13.6,73.0,83.3,990.0,Cyclonic Storm,31.07,14.389541625976562,-3.925247192382813,992.5,False
2021133N10071,2021,TAUKTAE,AS,2021-05-15 12:00:00,13.9,73.0,101.9,985.0,Severe Cyclonic Storm,31.14,3.76519775390625,-8.866806030273438,985.0,False
2021133N10071,2021,TAUKTAE,AS,2021-05-15 15:00:00,14.2,72.9,101.9,984.0,Severe Cyclonic Storm,31.14,-8.758636474609375,-8.786834716796875,984.4,False
2021133N10071,2021,TAUKTAE,AS,2021-05-15 18:00:00,14.5,72.8,111.1,982.0,Severe Cyclonic Storm,31.16,4.997360229492188,-19.2459716796875,987.1,False
2021133N10071,2021,TAUKTAE,AS,2021-05-15 21:00:00,14.7,72.8,111.1,982.0,Severe Cyclonic Storm,31.17,3.111083984375,-16.178009033203125,983.9,False
2021133N10071,2021,TAUKTAE,AS,2021-05-16 00:00:00,15.0,72.8,120.4,979.0,Very Severe Cyclonic Storm,30.67,-1.5539703369140625,-15.670150756835938,980.7,False
2021133N10071,2021,TAUKTAE,AS,2021-05-16 03:00:00,15.4,72.8,129.6,976.0,Very Severe Cyclonic Storm,30.98,-9.306076049804688,-18.248855590820312,985.2,False
2021133N10071,2021,TAUKTAE,AS,2021-05-16 06:00:00,15.8,72.8,129.6,976.0,Very Severe Cyclonic Storm,31.07,0.0039825439453125,-16.860427856445312,983.2,False
2021133N10071,2021,TAUKTAE,AS,2021-05-16 09:00:00,16.3,72.7,129.6,976.0,Very Severe Cyclonic Storm,31.1,1.4256439208984375,-10.353790283203123,980.3,False
2021133N10071,2021,TAUKTAE,AS,2021-05-16 12:00:00,16.8,72.5,138.9,972.0,Very Severe Cyclonic Storm,31.08,5.02508544921875,-4.549484252929688,977.7,False
2021133N10071,2021,TAUKTAE,AS,2021-05-16 15:00:00,17.3,72.3,148.2,968.0,Very Severe Cyclonic Storm,31.23,0.195037841796875,-0.1462554931640625,977.7,False
2021133N10071,2021,TAUKTAE,AS,2021-05-16 18:00:00,17.7,72.0,157.4,964.0,Very Severe Cyclonic Storm,31.14,-3.9056396484375,3.719146728515625,977.6,False
2021133N10071,2021,TAUKTAE,AS,2021-05-16 21:00:00,18.0,71.8,166.7,960.0,Extremely Severe Cyclonic Storm,30.99,-2.912628173828125,-2.4586639404296875,975.0,False
2021133N10071,2021,TAUKTAE,AS,2021-05-17 00:00:00,18.4,71.7,185.2,950.0,Extremely Severe Cyclonic Storm,30.62,-8.906723022460938,0.3141937255859375,972.3,False
2021133N10071,2021,TAUKTAE,AS,2021-05-17 03:00:00,18.8,71.6,185.2,950.0,Extremely Severe Cyclonic Storm,30.4,5.868072509765625,-11.829544067382812,975.2,False
2021133N10071,2021,TAUKTAE,AS,2021-05-17 06:00:00,19.3,71.5,185.2,950.0,Extremely Severe Cyclonic Storm,29.88,10.739822387695312,1.6981353759765625,974.1,False
2021133N10071,2021,TAUKTAE,AS,2021-05-17 09:00:00,19.6,71.4,185.2,950.0,Extremely Severe Cyclonic Storm,29.68,16.820846557617188,16.635101318359375,979.9,False
2021133N10071,2021,TAUKTAE,AS,2021-05-17 12:00:00,20.1,71.4,175.9,955.0,Extremely Severe Cyclonic Storm,29.29,9.478866577148438,10.850341796875,976.2,False
2021133N10071,2021,TAUKTAE,AS,2021-05-17 15:00:00,20.5,71.3,166.7,960.0,Extremely Severe Cyclonic Storm,29.02,0.6096038818359375,-5.85394287109375,977.9,False
2021133N10071,2021,TAUKTAE,AS,2021-05-17 18:00:00,20.9,71.2,157.4,964.0,Very Severe Cyclonic Storm,,-4.1968841552734375,-2.812530517578125,981.1,False
2021133N10071,2021,TAUKTAE,AS,2021-05-17 21:00:00,21.2,71.2,138.9,972.0,Very Severe Cyclonic Storm,,-2.67041015625,0.0316925048828125,980.4,False
2021133N10071,2021,TAUKTAE,AS,2021-05-18 00:00:00,21.5,71.2,120.4,978.0,Very Severe Cyclonic Storm,,-1.8334197998046875,-1.4629669189453125,981.6,False
2021133N10071,2021,TAUKTAE,AS,2021-05-18 03:00:00,21.7,71.3,101.9,984.0,Severe Cyclonic Storm,,-1.189605712890625,-3.1270294189453125,984.4,False
2021133N10071,2021,TAUKTAE,AS,2021-05-18 06:00:00,22.1,71.6,83.3,990.0,Cyclonic Storm,,-1.539794921875,-1.533721923828125,987.5,False
2021133N10071,2021,TAUKTAE,AS,2021-05-18 09:00:00,22.6,71.7,74.1,992.0,Cyclonic Storm,,-0.3284759521484375,-3.1897735595703125,988.1,False
2021133N10071,2021,TAUKTAE,AS,2021-05-18 12:00:00,23.2,72.1,64.8,993.0,Cyclonic Storm,,-3.796554565429688,-4.8760986328125,989.5,False
2021133N10071,2021,TAUKTAE,AS,2021-05-18 15:00:00,23.7,72.5,55.6,994.0,Deep Depression,,-6.7787933349609375,-1.1904449462890625,993.1,False
2021133N10071,2021,TAUKTAE,AS,2021-05-18 18:00:00,24.1,73.1,55.6,995.0,Deep Depression,,-5.555953979492188,4.629852294921875,995.8,False
2021133N10071,2021,TAUKTAE,AS,2021-05-18 21:00:00,24.4,73.4,51.9,996.0,Deep Depression,,-4.318893432617188,5.101837158203125,997.5,False
2021133N10071,2021,TAUKTAE,AS,2021-05-19 00:00:00,24.6,73.6,46.3,996.0,Depression,,2.16326904296875,6.450469970703125,997.2,False
2021133N10071,2021,TAUKTAE,AS,2021-05-19 03:00:00,24.9,73.7,37.0,997.0,Depression,,3.428329467773437,4.3705902099609375,999.0,False
2021133N10071,2021,TAUKTAE,AS,2021-05-19 06:00:00,25.8,74.8,37.0,997.0,Depression,,1.076812744140625,6.6697540283203125,999.6,False
2021143N15090,2021,YAAS,BB,2021-05-23 00:00:00,15.5,90.0,,,,31.04,6.90631103515625,2.2790679931640625,1001.1,True
2021143N15090,2021,YAAS,BB,2021-05-23 03:00:00,15.4,89.9,,,,31.04,4.528228759765625,3.506103515625,1002.6,True
2021143N15090,2021,YAAS,BB,2021-05-23 06:00:00,15.6,89.8,46.3,996.0,Depression,31.02,2.802459716796875,1.9266815185546875,1001.2,True
2021143N15090,2021,YAAS,BB,2021-05-23 09:00:00,15.6,89.7,46.3,995.0,Depression,31.02,3.981414794921875,3.2119140625,998.6,True
2021143N15090,2021,YAAS,BB,2021-05-23 12:00:00,15.7,89.6,46.3,994.0,Depression,31.12,2.2156524658203125,0.5138092041015625,997.0,True
2021143N15090,2021,YAAS,BB,2021-05-23 15:00:00,15.8,89.5,51.9,993.0,Deep Depression,31.12,0.6424713134765625,-1.4837646484375,997.4,True
2021143N15090,2021,YAAS,BB,2021-05-23 18:00:00,15.8,89.5,55.6,992.0,Deep Depression,31.12,0.435821533203125,-3.42742919921875,996.5,True
2021143N15090,2021,YAAS,BB,2021-05-23 21:00:00,16.0,89.6,61.1,991.0,Deep Depression,31.26,4.15814208984375,-2.46417236328125,994.1,True
2021143N15090,2021,YAAS,BB,2021-05-24 00:00:00,16.1,89.8,64.8,990.0,Cyclonic Storm,30.59,3.388534545898437,-2.155426025390625,992.1,False
2021143N15090,2021,YAAS,BB,2021-05-24 03:00:00,16.5,89.7,74.1,988.0,Cyclonic Storm,30.52,-2.2751007080078125,0.858642578125,993.2,False
2021143N15090,2021,YAAS,BB,2021-05-24 06:00:00,16.6,89.6,74.1,988.0,Cyclonic Storm,30.57,2.0324249267578125,0.4640655517578125,991.1,False
2021143N15090,2021,YAAS,BB,2021-05-24 09:00:00,16.9,89.6,74.1,988.0,Cyclonic Storm,30.58,2.9453887939453125,3.5604400634765625,987.3,False
2021143N15090,2021,YAAS,BB,2021-05-24 12:00:00,17.2,89.4,83.3,986.0,Cyclonic Storm,30.49,1.95556640625,6.9609222412109375,986.5,False
2021143N15090,2021,YAAS,BB,2021-05-24 15:00:00,17.4,89.2,83.3,986.0,Cyclonic Storm,30.43,-8.42669677734375,6.387237548828125,986.3,False
2021143N15090,2021,YAAS,BB,2021-05-24 18:00:00,17.6,89.0,92.6,984.0,Severe Cyclonic Storm,30.5,-7.388809204101562,-1.1432952880859375,982.4,False
2021143N15090,2021,YAAS,BB,2021-05-24 21:00:00,17.8,88.9,101.9,982.0,Severe Cyclonic Storm,30.52,3.108856201171875,-0.37945556640625,979.6,False
2021143N15090,2021,YAAS,BB,2021-05-25 00:00:00,18.1,88.6,101.9,980.0,Severe Cyclonic Storm,29.99,5.3858795166015625,-2.472152709960937,979.6,False
2021143N15090,2021,YAAS,BB,2021-05-25 03:00:00,18.4,88.4,101.9,980.0,Severe Cyclonic Storm,29.72,-5.484466552734375,2.3914947509765625,979.1,False
2021143N15090,2021,YAAS,BB,2021-05-25 06:00:00,18.8,88.2,111.1,978.0,Severe Cyclonic Storm,29.8,-2.758544921875,-6.143707275390625,978.5,False
2021143N15090,2021,YAAS,BB,2021-05-25 09:00:00,19.1,88.2,111.1,978.0,Severe Cyclonic Storm,29.91,5.7226104736328125,-3.660690307617188,976.2,False
2021143N15090,2021,YAAS,BB,2021-05-25 12:00:00,19.5,88.2,120.4,976.0,Very Severe Cyclonic Storm,30.24,-1.12286376953125,2.9652862548828125,974.9,False
2021143N15090,2021,YAAS,BB,2021-05-25 15:00:00,19.9,88.0,120.4,976.0,Very Severe Cyclonic Storm,30.68,-5.4742431640625,-5.7926177978515625,976.2,False
2021143N15090,2021,YAAS,BB,2021-05-25 18:00:00,20.3,87.8,129.6,974.0,Very Severe Cyclonic Storm,30.79,-0.63323974609375,-3.932449340820313,975.3,False
2021143N15090,2021,YAAS,BB,2021-05-25 21:00:00,20.4,87.7,138.9,970.0,Very Severe Cyclonic Storm,30.66,6.4849395751953125,2.506134033203125,973.3,False
2021143N15090,2021,YAAS,BB,2021-05-26 00:00:00,20.6,87.6,138.9,970.0,Very Severe Cyclonic Storm,30.35,18.349899291992188,5.3712158203125,977.5,False
2021143N15090,2021,YAAS,BB,2021-05-26 03:00:00,21.1,87.2,138.9,970.0,Very Severe Cyclonic Storm,30.32,12.563201904296877,10.841888427734377,977.8,False
2021143N15090,2021,YAAS,BB,2021-05-26 06:00:00,21.5,86.9,138.9,970.0,Very Severe Cyclonic Storm,30.7,-8.146774291992188,0.1104888916015625,979.2,False
2021143N15090,2021,YAAS,BB,2021-05-26 09:00:00,21.7,86.6,101.9,978.0,Severe Cyclonic Storm,,-3.7364654541015625,-5.8402862548828125,982.3,False
2021143N15090,2021,YAAS,BB,2021-05-26 12:00:00,21.9,86.5,83.3,984.0,Cyclonic Storm,,-6.133819580078125,-2.1890411376953125,984.1,False
2021143N15090,2021,YAAS,BB,2021-05-26 15:00:00,22.2,86.1,74.1,986.0,Cyclonic Storm,,-2.964691162109375,-6.8483734130859375,988.6,False
2021143N15090,2021,YAAS,BB,2021-05-26 18:00:00,22.5,85.8,55.6,988.0,Deep Depression,,-1.4044189453125,-6.020263671875,989.8,False
2021143N15090,2021,YAAS,BB,2021-05-26 21:00:00,22.8,85.7,55.6,988.0,Deep Depression,,-1.137420654296875,-4.866378784179688,988.6,False
2021143N15090,2021,YAAS,BB,2021-05-27 00:00:00,23.1,85.7,55.6,988.0,Deep Depression,,-2.75433349609375,-3.4755859375,989.5,False
2021143N15090,2021,YAAS,BB,2021-05-27 03:00:00,23.3,85.7,55.6,990.0,Deep Depression,,-4.5201568603515625,-1.7722320556640625,992.1,False
2021143N15090,2021,YAAS,BB,2021-05-27 06:00:00,23.6,85.6,46.3,991.0,Depression,,-3.706756591796875,-1.72247314453125,993.7,False
2021143N15090,2021,YAAS,BB,2021-05-27 09:00:00,23.9,85.5,46.3,992.0,Depression,,-4.82928466796875,1.6385345458984375,993.7,False
2021143N15090,2021,YAAS,BB,2021-05-27 12:00:00,24.3,85.3,46.3,992.0,Depression,,-3.298583984375,0.15081787109375,993.2,False
2021143N15090,2021,YAAS,BB,2021-05-27 15:00:00,24.5,85.1,46.3,992.0,Depression,,-2.4639892578125,0.806854248046875,994.4,False
2021143N15090,2021,YAAS,BB,2021-05-27 18:00:00,24.7,84.8,46.3,992.0,Depression,,-2.6333160400390625,2.844223022460937,994.8,False
2021256N20087,2021,UNNAMED,BB,2021-09-12 12:00:00,20.3,87.4,46.3,992.0,Depression,29.57,-0.5692596435546875,2.6692657470703125,993.2,True
2021256N20087,2021,UNNAMED,BB,2021-09-12 15:00:00,20.4,87.2,46.3,992.0,Depression,29.81,-3.2293853759765625,1.3361053466796875,994.9,True
2021256N20087,2021,UNNAMED,BB,2021-09-12 18:00:00,20.4,87.1,46.3,992.0,Depression,,-2.9138336181640625,1.0374298095703125,993.9,False
2021256N20087,2021,UNNAMED,BB,2021-09-12 21:00:00,20.5,87.1,51.9,991.0,Deep Depression,,-1.537078857421875,-0.91925048828125,991.0,False
2021256N20087,2021,UNNAMED,BB,2021-09-13 00:00:00,20.6,87.0,55.6,990.0,Deep Depression,,7.189056396484375,-0.5809478759765625,990.6,False
2021256N20087,2021,UNNAMED,BB,2021-09-13 03:00:00,20.9,86.5,55.6,990.0,Deep Depression,,0.56793212890625,-4.115692138671875,993.1,False
2021256N20087,2021,UNNAMED,BB,2021-09-13 06:00:00,21.1,86.2,55.6,990.0,Deep Depression,,2.5051727294921875,2.3442535400390625,992.9,False
2021256N20087,2021,UNNAMED,BB,2021-09-13 09:00:00,21.3,85.9,55.6,990.0,Deep Depression,,-0.96710205078125,3.4040679931640625,992.1,False
2021256N20087,2021,UNNAMED,BB,2021-09-13 12:00:00,21.4,85.5,55.6,990.0,Deep Depression,,-2.95428466796875,3.219818115234375,993.6,False
2021256N20087,2021,UNNAMED,BB,2021-09-13 15:00:00,21.5,85.2,55.6,990.0,Deep Depression,,-2.0335845947265625,2.7478485107421875,995.7,False
2021256N20087,2021,UNNAMED,BB,2021-09-13 18:00:00,21.6,84.8,55.6,990.0,Deep Depression,,-1.4037017822265625,1.459503173828125,994.8,False
2021256N20087,2021,UNNAMED,BB,2021-09-13 21:00:00,21.8,84.2,55.6,990.0,Deep Depression,,-0.6919403076171875,-2.293914794921875,993.1,False
2021256N20087,2021,UNNAMED,BB,2021-09-14 00:00:00,22.0,83.6,55.6,990.0,Deep Depression,,1.183074951171875,-2.4953765869140625,994.8,False
2021256N20087,2021,UNNAMED,BB,2021-09-14 03:00:00,22.1,83.4,46.3,990.0,Depression,,1.696441650390625,0.7678680419921875,996.7,False
2021256N20087,2021,UNNAMED,BB,2021-09-14 06:00:00,22.4,83.0,46.3,990.0,Depression,,0.350433349609375,-0.3296051025390625,997.3,False
2021256N20087,2021,UNNAMED,BB,2021-09-14 09:00:00,22.6,82.7,46.3,993.0,Depression,,0.030731201171875,1.8091888427734373,995.6,False
2021256N20087,2021,UNNAMED,BB,2021-09-14 12:00:00,22.7,82.5,46.3,996.0,Depression,,-0.6764068603515625,1.7629547119140625,996.4,False
2021256N20087,2021,UNNAMED,BB,2021-09-14 15:00:00,22.8,82.3,46.3,996.0,Depression,,0.031890869140625,1.23687744140625,999.4,False
2021256N20087,2021,UNNAMED,BB,2021-09-14 18:00:00,23.0,82.0,46.3,996.0,Depression,,0.386993408203125,1.2529754638671875,1000.1,False
2021264N13119,2021,DIANMU,MM,2021-09-21 00:00:00,12.9,119.0,,,,,-1.8264617919921875,1.7602386474609375,1009.2,False
2021264N13119,2021,DIANMU,MM,2021-09-21 03:00:00,12.4,118.7,,,,,-0.3296356201171875,2.553375244140625,1009.7,False
2021264N13119,2021,DIANMU,MM,2021-09-21 06:00:00,12.0,118.4,,,,,0.7936859130859375,2.682891845703125,1006.6,False
2021264N13119,2021,DIANMU,MM,2021-09-21 09:00:00,11.8,118.0,,,,,1.489715576171875,3.695999145507813,1005.7,False
2021264N13119,2021,DIANMU,MM,2021-09-21 12:00:00,11.7,117.6,,,,,0.77056884765625,2.7958221435546875,1006.9,False
2021264N13119,2021,DIANMU,MM,2021-09-21 15:00:00,11.7,117.0,,,,,-0.3652496337890625,2.610565185546875,1009.5,False
2021264N13119,2021,DIANMU,MM,2021-09-21 18:00:00,11.7,116.4,,,,,-0.0940093994140625,2.125274658203125,1008.6,False
2021264N13119,2021,DIANMU,MM,2021-09-21 21:00:00,11.8,115.9,,,,,-0.1633453369140625,1.8994903564453125,1006.9,False
2021264N13119,2021,DIANMU,MM,2021-09-22 00:00:00,11.9,115.3,,1006.0,,,-0.9093475341796876,2.455184936523437,1008.8,False
2021264N13119,2021,DIANMU,MM,2021-09-22 03:00:00,12.2,114.7,,,,,0.0780029296875,2.806365966796875,1009.6,False
2021264N13119,2021,DIANMU,MM,2021-09-22 06:00:00,12.5,114.1,,1006.0,,,0.6513824462890625,2.591171264648437,1007.1,False
2021264N13119,2021,DIANMU,MM,2021-09-22 09:00:00,12.6,113.7,,,,,0.6015472412109375,1.72564697265625,1005.7,False
2021264N13119,2021,DIANMU,MM,2021-09-22 12:00:00,12.7,113.5,,1004.0,,,0.3672332763671875,1.1436920166015625,1008.0,False
2021264N13119,2021,DIANMU,MM,2021-09-22 15:00:00,12.9,113.1,,,,,0.2983245849609375,0.3773345947265625,1010.4,False
2021264N13119,2021,DIANMU,MM,2021-09-22 18:00:00,13.2,112.7,,1002.0,,,1.5337066650390625,0.2553253173828125,1009.0,False
2021264N13119,2021,DIANMU,MM,2021-09-22 21:00:00,13.5,112.1,,,,,-0.24462890625,0.1267242431640625,1008.4,False
2021264N13119,2021,DIANMU,MM,2021-09-23 00:00:00,13.9,111.6,,1002.0,,,0.2302093505859375,-0.1831512451171875,1009.7,False
2021264N13119,2021,DIANMU,MM,2021-09-23 03:00:00,14.3,111.0,,,,,1.141754150390625,0.7006988525390625,1011.0,False
2021264N13119,2021,DIANMU,MM,2021-09-23 06:00:00,14.7,110.5,64.8,1000.0,Cyclonic Storm,,0.92877197265625,-0.5748138427734375,1008.9,False
2021264N13119,2021,DIANMU,MM,2021-09-23 09:00:00,15.1,109.9,,,,,-0.212890625,-0.8664093017578125,1006.9,False
2021264N13119,2021,DIANMU,MM,2021-09-23 12:00:00,15.3,109.3,64.8,1000.0,Cyclonic Storm,,-0.366363525390625,-1.07672119140625,1008.3,False
2021264N13119,2021,DIANMU,MM,2021-09-23 15:00:00,15.4,108.7,,,,,1.0591278076171875,-0.1688690185546875,1009.4,False
2021264N13119,2021,DIANMU,MM,2021-09-23 18:00:00,15.6,108.1,,1004.0,,,2.281036376953125,-0.765289306640625,1008.9,False
2021264N13119,2021,DIANMU,MM,2021-09-23 21:00:00,15.7,107.2,,,,,4.355072021484375,-1.0701751708984375,1006.7,False
2021264N13119,2021,DIANMU,MM,2021-09-24 00:00:00,15.8,106.5,,1004.0,,,4.42828369140625,-2.404281616210937,1007.1,False
2021264N13119,2021,DIANMU,MM,2021-09-24 03:00:00,16.0,105.9,,,,,4.752944946289063,-2.34478759765625,1007.1,False
2021264N13119,2021,DIANMU,MM,2021-09-24 06:00:00,16.1,105.4,,1004.0,,,4.55841064453125,-3.0457763671875,1005.2,False
2021264N13119,2021,DIANMU,MM,2021-09-24 09:00:00,16.2,105.0,,,,,2.3394317626953125,-3.559722900390625,1002.8,False
2021264N13119,2021,DIANMU,MM,2021-09-24 12:00:00,16.3,104.7,,1004.0,,,1.1773529052734375,-1.7210845947265625,1003.7,False
2021264N13119,2021,DIANMU,MM,2021-09-24 15:00:00,16.1,104.1,,,,,3.26129150390625,0.925384521484375,1006.1,False
2021264N13119,2021,DIANMU,MM,2021-09-24 18:00:00,16.0,103.5,,1004.0,,,3.5087432861328125,1.3137969970703125,1005.0,False
2021264N13119,2021,DIANMU,MM,2021-09-24 21:00:00,16.0,103.0,,,,,3.311920166015625,1.0893707275390625,1003.7,False
2021264N13119,2021,DIANMU,MM,2021-09-25 00:00:00,16.0,102.6,,1004.0,,,2.820037841796875,-0.186187744140625,1004.4,False
2021264N13119,2021,DIANMU,MM,2021-09-25 03:00:00,16.0,102.1,,,,,3.1441650390625,-0.7982025146484375,1006.1,False
2021264N13119,2021,DIANMU,MM,2021-09-25 06:00:00,16.0,101.6,,1004.0,,,3.202972412109375,-0.305694580078125,1004.3,False
2021264N13119,2021,DIANMU,MM,2021-09-25 09:00:00,16.0,101.2,,,,,3.7320556640625,0.9401397705078124,1002.8,False
2021264N13119,2021,DIANMU,MM,2021-09-25 12:00:00,16.1,101.0,,1002.0,,,0.1143341064453125,2.5830535888671875,1003.8,False
2021264N13119,2021,DIANMU,MM,2021-09-25 15:00:00,16.1,100.7,,,,,-2.330291748046875,4.1475372314453125,1005.2,False
2021264N13119,2021,DIANMU,MM,2021-09-25 18:00:00,16.1,100.4,,1004.0,,,-2.854736328125,5.9888458251953125,1004.2,False
2021264N13119,2021,DIANMU,BB,2021-09-25 21:00:00,16.1,99.9,,,,,-0.4574432373046875,4.564620971679688,1003.4,False
2021264N13119,2021,DIANMU,BB,2021-09-26 00:00:00,16.1,99.5,,,,,-0.8544921875,2.776641845703125,1004.7,False
2021267N18094,2021,GULAB:SHAHEEN-GU,BB,2021-09-23 18:00:00,18.4,94.1,,,,28.97,-2.871307373046875,-3.586578369140625,1006.8,True
2021267N18094,2021,GULAB:SHAHEEN-GU,BB,2021-09-23 21:00:00,18.2,93.7,,,,29.08,-8.568756103515625,-2.905136108398437,1004.8,True
2021267N18094,2021,GULAB:SHAHEEN-GU,BB,2021-09-24 00:00:00,18.1,93.3,,,,29.15,-3.59515380859375,-6.4189300537109375,1005.0,True
2021267N18094,2021,GULAB:SHAHEEN-GU,BB,2021-09-24 03:00:00,18.2,92.9,,,,29.14,-3.7206878662109375,-3.79107666015625,1006.2,True
2021267N18094,2021,GULAB:SHAHEEN-GU,BB,2021-09-24 06:00:00,18.3,92.4,,,,29.13,0.42657470703125,0.0596923828125,1005.0,True
2021267N18094,2021,GULAB:SHAHEEN-GU,BB,2021-09-24 09:00:00,18.3,91.9,,,,29.17,4.6499786376953125,-0.805816650390625,1002.6,True
2021267N18094,2021,GULAB:SHAHEEN-GU,BB,2021-09-24 12:00:00,18.3,91.4,46.3,1000.0,Depression,29.14,7.610946655273437,-3.3919830322265625,1002.4,True
2021267N18094,2021,GULAB:SHAHEEN-GU,BB,2021-09-24 15:00:00,18.3,90.9,46.3,1000.0,Depression,29.17,4.28668212890625,-4.512115478515625,1004.7,True
2021267N18094,2021,GULAB:SHAHEEN-GU,BB,2021-09-24 18:00:00,18.3,90.5,46.3,1000.0,Depression,29.2,4.3056182861328125,-3.1393280029296875,1004.5,True
2021267N18094,2021,GULAB:SHAHEEN-GU,BB,2021-09-24 21:00:00,18.3,90.1,51.9,1000.0,Deep Depression,29.13,6.438873291015625,-4.7446136474609375,1003.2,True
2021267N18094,2021,GULAB:SHAHEEN-GU,BB,2021-09-25 00:00:00,18.3,89.8,55.6,999.0,Deep Depression,29.18,3.068084716796875,-5.142242431640625,1001.6,True
2021267N18094,2021,GULAB:SHAHEEN-GU,BB,2021-09-25 03:00:00,18.3,89.4,55.6,998.0,Deep Depression,29.16,4.5123291015625,0.7838287353515625,1002.3,True
2021267N18094,2021,GULAB:SHAHEEN-GU,BB,2021-09-25 06:00:00,18.3,88.9,55.6,998.0,Deep Depression,29.09,4.502777099609375,-3.942413330078125,1001.4,True
2021267N18094,2021,GULAB:SHAHEEN-GU,BB,2021-09-25 09:00:00,18.3,88.6,61.1,998.0,Deep Depression,29.11,5.6236572265625,-6.703414916992188,1000.2,True
2021267N18094,2021,GULAB:SHAHEEN-GU,BB,2021-09-25 12:00:00,18.3,88.5,64.8,997.0,Cyclonic Storm,29.11,5.1143341064453125,-1.1083526611328125,998.5,False
2021267N18094,2021,GULAB:SHAHEEN-GU,BB,2021-09-25 15:00:00,18.2,88.4,64.8,997.0,Cyclonic Storm,29.11,4.698028564453125,4.2393341064453125,999.6,False
2021267N18094,2021,GULAB:SHAHEEN-GU,BB,2021-09-25 18:00:00,18.3,88.2,64.8,996.0,Cyclonic Storm,29.14,3.381591796875,4.1157989501953125,998.7,False
2021267N18094,2021,GULAB:SHAHEEN-GU,BB,2021-09-25 21:00:00,18.3,87.7,64.8,996.0,Cyclonic Storm,29.19,6.4478302001953125,2.5597381591796875,997.8,False
2021267N18094,2021,GULAB:SHAHEEN-GU,BB,2021-09-26 00:00:00,18.3,87.3,74.1,994.0,Cyclonic Storm,29.26,7.978515625,6.219024658203125,997.4,False
2021267N18094,2021,GULAB:SHAHEEN-GU,BB,2021-09-26 03:00:00,18.4,86.5,74.1,994.0,Cyclonic Storm,29.34,-0.0735015869140625,3.3805084228515625,997.7,False
2021267N18094,2021,GULAB:SHAHEEN-GU,BB,2021-09-26 06:00:00,18.5,86.0,83.3,992.0,Cyclonic Storm,29.41,-2.114288330078125,5.25921630859375,996.4,False
2021267N18094,2021,GULAB:SHAHEEN-GU,BB,2021-09-26 09:00:00,18.4,85.3,83.3,992.0,Cyclonic Storm,29.64,0.1827545166015625,-3.4061279296875,994.1,False
2021267N18094,2021,GULAB:SHAHEEN-GU,BB,2021-09-26 12:00:00,18.4,84.6,83.3,992.0,Cyclonic Storm,29.94,0.6303253173828125,-6.3476409912109375,994.8,False
2021267N18094,2021,GULAB:SHAHEEN-GU,BB,2021-09-26 15:00:00,18.3,83.9,83.3,992.0,Cyclonic Storm,,1.8034820556640625,2.1429443359375,996.1,False
2021267N18094,2021,GULAB:SHAHEEN-GU,BB,2021-09-26 18:00:00,18.3,83.4,64.8,994.0,Cyclonic Storm,,-1.333831787109375,-4.6761627197265625,993.4,False
2021267N18094,2021,GULAB:SHAHEEN-GU,BB,2021-09-26 21:00:00,18.2,82.9,55.6,996.0,Deep Depression,,-6.1122894287109375,-0.1837615966796875,993.9,False
2021267N18094,2021,GULAB:SHAHEEN-GU,BB,2021-09-27 00:00:00,18.2,82.6,55.6,996.0,Deep Depression,,-6.22052001953125,-0.6977081298828125,994.6,False
2021267N18094,2021,GULAB:SHAHEEN-GU,BB,2021-09-27 03:00:00,18.2,82.2,55.6,996.0,Deep Depression,,-5.1810302734375,3.70587158203125,995.5,False
2021267N18094,2021,GULAB:SHAHEEN-GU,BB,2021-09-27 06:00:00,18.5,81.7,55.6,996.0,Deep Depression,,-6.012847900390625,2.2828826904296875,996.4,False
2021267N18094,2021,GULAB:SHAHEEN-GU,BB,2021-09-27 09:00:00,18.6,80.8,51.9,997.0,Deep Depression,,-1.1634063720703125,1.4830474853515625,993.0,False
2021267N18094,2021,GULAB:SHAHEEN-GU,BB,2021-09-27 12:00:00,18.8,80.0,46.3,998.0,Depression,,-3.833663940429688,-4.4150390625,992.2,False
2021267N18094,2021,GULAB:SHAHEEN-GU,BB,2021-09-27 15:00:00,18.9,79.5,46.3,998.0,Depression,,-3.00860595703125,-4.695114135742188,994.7,False
2021267N18094,2021,GULAB:SHAHEEN-GU,BB,2021-09-27 18:00:00,19.1,79.2,46.3,998.0,Depression,,-0.7517547607421875,-2.0811767578125,995.7,False
2021267N18094,2021,GULAB:SHAHEEN-GU,BB,2021-09-27 21:00:00,19.2,78.8,46.3,998.0,Depression,,0.4521026611328125,-3.977630615234375,995.2,False
2021267N18094,2021,GULAB:SHAHEEN-GU,BB,2021-09-28 00:00:00,19.5,78.3,46.3,998.0,Depression,,1.223541259765625,-1.56011962890625,996.4,False
2021267N18094,2021,GULAB:SHAHEEN-GU,AS,2021-09-28 03:00:00,19.8,77.8,37.0,999.0,Depression,,-0.9410552978515624,-1.9757080078125,999.2,False
2021267N18094,2021,GULAB:SHAHEEN-GU,AS,2021-09-28 06:00:00,20.1,77.5,,,,,-2.635986328125,0.2237396240234375,1000.3,False
2021267N18094,2021,GULAB:SHAHEEN-GU,AS,2021-09-28 09:00:00,20.3,77.0,,,,,1.320770263671875,-1.134368896484375,998.7,False
2021267N18094,2021,GULAB:SHAHEEN-GU,AS,2021-09-28 12:00:00,20.5,76.5,,,,,1.3709716796875,0.71368408203125,998.7,False
2021267N18094,2021,GULAB:SHAHEEN-GU,AS,2021-09-28 15:00:00,20.7,75.9,,,,,2.1969757080078125,2.5528106689453125,1001.4,False
2021267N18094,2021,GULAB:SHAHEEN-GU,AS,2021-09-28 18:00:00,20.9,75.3,,,,,3.3307647705078125,4.03125,1001.3,False
2021267N18094,2021,GULAB:SHAHEEN-GU,AS,2021-09-28 21:00:00,21.2,74.7,,,,,2.495391845703125,3.525375366210937,1000.5,False
2021267N18094,2021,GULAB:SHAHEEN-GU,AS,2021-09-29 00:00:00,21.5,74.1,,,,,1.3535003662109375,3.2384490966796875,1001.2,False
2021267N18094,2021,GULAB:SHAHEEN-GU,AS,2021-09-29 03:00:00,21.9,73.3,,,,,-3.640670776367188,3.832916259765625,1001.0,False
2021267N18094,2021,GULAB:SHAHEEN-GU,AS,2021-09-29 06:00:00,22.2,72.6,,,,,-6.9843292236328125,-0.572296142578125,1000.2,False
2021267N18094,2021,GULAB:SHAHEEN-GU,AS,2021-09-29 09:00:00,22.4,72.0,,,,,-6.71380615234375,-3.046844482421875,998.0,False
2021267N18094,2021,GULAB:SHAHEEN-GU,AS,2021-09-29 12:00:00,22.6,71.5,,,,,-0.5313873291015625,-1.9604949951171875,998.1,False
2021267N18094,2021,GULAB:SHAHEEN-GU,AS,2021-09-29 15:00:00,22.7,70.8,,,,,0.7278594970703125,-1.328369140625,999.2,False
2021267N18094,2021,GULAB:SHAHEEN-GU,AS,2021-09-29 18:00:00,22.7,70.1,,,,29.41,1.3987274169921875,-2.464019775390625,999.4,True
2021267N18094,2021,GULAB:SHAHEEN-GU,AS,2021-09-29 21:00:00,22.7,69.6,,,,,-2.637603759765625,-0.6199951171875,997.6,False
2021267N18094,2021,GULAB:SHAHEEN-GU,AS,2021-09-30 00:00:00,22.6,69.3,46.3,998.0,Depression,28.83,-4.288619995117188,7.638748168945312,997.6,True
2021267N18094,2021,GULAB:SHAHEEN-GU,AS,2021-09-30 03:00:00,22.6,68.7,46.3,998.0,Depression,28.49,2.64141845703125,7.5444793701171875,998.3,True
2021267N18094,2021,GULAB:SHAHEEN-GU,AS,2021-09-30 06:00:00,22.6,68.3,46.3,998.0,Depression,28.75,1.103973388671875,6.497650146484375,998.9,True
2021267N18094,2021,GULAB:SHAHEEN-GU,AS,2021-09-30 09:00:00,22.8,67.7,46.3,,Depression,28.57,0.0309600830078125,5.961944580078125,996.3,True
2021267N18094,2021,GULAB:SHAHEEN-GU,AS,2021-09-30 12:00:00,22.9,67.2,46.3,998.0,Depression,28.9,-1.2930145263671875,9.154891967773438,995.4,True
2021267N18094,2021,GULAB:SHAHEEN-GU,AS,2021-09-30 15:00:00,22.9,66.8,51.9,,Deep Depression,29.02,0.706817626953125,5.7003173828125,996.8,True
2021267N18094,2021,GULAB:SHAHEEN-GU,AS,2021-09-30 18:00:00,23.0,66.4,55.6,996.0,Deep Depression,29.11,0.4654083251953125,9.131271362304688,997.6,True
2021267N18094,2021,GULAB:SHAHEEN-GU,AS,2021-09-30 21:00:00,23.0,65.9,61.1,,Deep Depression,29.48,3.29656982421875,5.765777587890625,994.8,True
2021267N18094,2021,GULAB:SHAHEEN-GU,AS,2021-10-01 00:00:00,23.1,65.4,64.8,995.0,Cyclonic Storm,29.34,3.2174835205078125,4.2339935302734375,994.4,False
2021267N18094,2021,GULAB:SHAHEEN-GU,AS,2021-10-01 03:00:00,23.1,64.9,74.1,994.0,Cyclonic Storm,29.26,4.345733642578125,3.043304443359375,995.1,False
2021267N18094,2021,GULAB:SHAHEEN-GU,AS,2021-10-01 06:00:00,23.2,64.6,83.3,992.0,Cyclonic Storm,29.27,1.27178955078125,-2.68658447265625,994.8,False
2021267N18094,2021,GULAB:SHAHEEN-GU,AS,2021-10-01 09:00:00,23.3,64.2,83.3,991.0,Cyclonic Storm,29.32,8.311843872070312,-0.8734130859375,994.1,False
2021267N18094,2021,GULAB:SHAHEEN-GU,AS,2021-10-01 12:00:00,23.5,63.9,101.9,987.0,Severe Cyclonic Storm,29.38,7.365753173828125,5.082077026367188,991.8,False
2021267N18094,2021,GULAB:SHAHEEN-GU,AS,2021-10-01 15:00:00,23.6,63.5,101.9,986.0,Severe Cyclonic Storm,29.59,8.935516357421875,-0.54266357421875,992.1,False
2021267N18094,2021,GULAB:SHAHEEN-GU,AS,2021-10-01 18:00:00,23.7,63.2,111.1,984.0,Severe Cyclonic Storm,30.06,-4.791961669921875,4.426284790039063,992.2,False
2021267N18094,2021,GULAB:SHAHEEN-GU,AS,2021-10-01 21:00:00,23.8,62.8,111.1,984.0,Severe Cyclonic Storm,30.17,2.54217529296875,-0.9984893798828124,991.1,False
2021267N18094,2021,GULAB:SHAHEEN-GU,AS,2021-10-02 00:00:00,23.8,62.5,111.1,984.0,Severe Cyclonic Storm,29.52,-3.1230926513671875,4.2427978515625,991.1,False
2021267N18094,2021,GULAB:SHAHEEN-GU,AS,2021-10-02 03:00:00,24.0,62.1,111.1,984.0,Severe Cyclonic Storm,29.34,-9.640243530273438,-0.9364013671875,992.7,False
2021267N18094,2021,GULAB:SHAHEEN-GU,AS,2021-10-02 06:00:00,24.1,61.7,111.1,984.0,Severe Cyclonic Storm,29.21,-4.722747802734375,4.2110595703125,993.3,False
2021267N18094,2021,GULAB:SHAHEEN-GU,AS,2021-10-02 09:00:00,24.2,61.3,111.1,984.0,Severe Cyclonic Storm,28.7,-9.503448486328123,2.1957550048828125,992.9,False
2021267N18094,2021,GULAB:SHAHEEN-GU,AS,2021-10-02 12:00:00,24.4,60.9,111.1,984.0,Severe Cyclonic Storm,28.61,-12.157943725585938,-1.0341033935546875,994.3,False
2021267N18094,2021,GULAB:SHAHEEN-GU,AS,2021-10-02 15:00:00,24.4,60.5,111.1,984.0,Severe Cyclonic Storm,28.55,-7.4081573486328125,3.4113311767578125,996.4,False
2021267N18094,2021,GULAB:SHAHEEN-GU,AS,2021-10-02 18:00:00,24.3,60.1,111.1,984.0,Severe Cyclonic Storm,29.08,-4.500411987304688,13.407958984375,998.9,False
2021267N18094,2021,GULAB:SHAHEEN-GU,AS,2021-10-02 21:00:00,24.3,59.7,111.1,984.0,Severe Cyclonic Storm,29.14,-9.34552001953125,11.761978149414062,999.8,False
2021267N18094,2021,GULAB:SHAHEEN-GU,AS,2021-10-03 00:00:00,24.2,59.5,111.1,984.0,Severe Cyclonic Storm,29.05,-10.056472778320312,7.92572021484375,998.2,False
2021267N18094,2021,GULAB:SHAHEEN-GU,AS,2021-10-03 03:00:00,24.1,59.1,111.1,984.0,Severe Cyclonic Storm,30.21,4.056854248046875,-0.656097412109375,998.7,False
2021267N18094,2021,GULAB:SHAHEEN-GU,AS,2021-10-03 06:00:00,24.1,58.8,111.1,984.0,Severe Cyclonic Storm,30.84,3.724441528320313,0.6977081298828125,1000.4,False
2021267N18094,2021,GULAB:SHAHEEN-GU,AS,2021-10-03 09:00:00,24.1,58.4,111.1,984.0,Severe Cyclonic Storm,31.18,5.1844635009765625,0.814208984375,999.0,False
2021267N18094,2021,GULAB:SHAHEEN-GU,AS,2021-10-03 12:00:00,24.0,58.1,111.1,984.0,Severe Cyclonic Storm,31.63,1.589569091796875,-5.40277099609375,999.2,False
2021267N18094,2021,GULAB:SHAHEEN-GU,AS,2021-10-03 15:00:00,24.0,57.8,111.1,984.0,Severe Cyclonic Storm,31.83,-0.6182098388671875,-1.493499755859375,1000.3,False
2021267N18094,2021,GULAB:SHAHEEN-GU,AS,2021-10-03 18:00:00,23.9,57.6,101.9,986.0,Severe Cyclonic Storm,31.77,-5.3800811767578125,4.98541259765625,1001.9,False
2021267N18094,2021,GULAB:SHAHEEN-GU,AS,2021-10-03 21:00:00,23.8,57.3,101.9,988.0,Severe Cyclonic Storm,,-1.2998046875,4.0899658203125,1002.8,False
2021267N18094,2021,GULAB:SHAHEEN-GU,AS,2021-10-04 00:00:00,23.7,56.9,74.1,994.0,Cyclonic Storm,,-3.4019927978515625,-0.105682373046875,1005.6,False
2021267N18094,2021,GULAB:SHAHEEN-GU,AS,2021-10-04 03:00:00,23.5,56.5,55.6,998.0,Deep Depression,,-3.299102783203125,-1.0265350341796875,1007.5,False
2021267N18094,2021,GULAB:SHAHEEN-GU,AS,2021-10-04 06:00:00,23.4,56.1,37.0,1000.0,Depression,,-2.60906982421875,-2.0197906494140625,1007.4,False
2021280N14068,2021,UNNAMED,AS,2021-10-07 03:00:00,14.0,67.5,46.3,1002.0,Depression,28.18,1.11492919921875,-2.5620880126953125,1007.7,True
2021280N14068,2021,UNNAMED,AS,2021-10-07 06:00:00,14.2,67.2,46.3,1002.0,Depression,28.14,0.3801727294921875,-2.2391815185546875,1009.0,True
2021280N14068,2021,UNNAMED,AS,2021-10-07 09:00:00,14.3,67.1,46.3,1002.0,Depression,28.13,1.5916595458984375,-3.148956298828125,1006.9,True
2021280N14068,2021,UNNAMED,AS,2021-10-07 12:00:00,14.3,67.0,46.3,1002.0,Depression,28.13,0.476043701171875,-5.7317962646484375,1005.8,True
2021280N14068,2021,UNNAMED,AS,2021-10-07 15:00:00,14.4,66.9,46.3,1002.0,Depression,28.11,-0.5186614990234375,-5.4678802490234375,1006.9,True
2021280N14068,2021,UNNAMED,AS,2021-10-07 18:00:00,14.5,66.8,46.3,1002.0,Depression,28.03,-0.3280181884765625,-4.0864105224609375,1007.7,True
2021280N14068,2021,UNNAMED,AS,2021-10-07 21:00:00,14.5,66.7,46.3,1002.0,Depression,28.03,0.9622802734375,-2.5821533203125,1006.3,True
2021280N14068,2021,UNNAMED,AS,2021-10-08 00:00:00,14.6,66.6,46.3,1002.0,Depression,27.88,2.0404052734375,-1.93634033203125,1005.7,True
2021280N14068,2021,UNNAMED,AS,2021-10-08 03:00:00,14.7,66.4,46.3,1002.0,Depression,27.91,4.033218383789063,-2.25469970703125,1007.2,True
2021280N14068,2021,UNNAMED,AS,2021-10-08 06:00:00,14.7,66.2,46.3,1002.0,Depression,27.96,2.708709716796875,-2.5741424560546875,1009.1,True
2021280N14068,2021,UNNAMED,AS,2021-10-08 09:00:00,14.7,66.0,46.3,1003.0,Depression,27.99,1.662322998046875,-3.2436981201171875,1007.3,True
2021280N14068,2021,UNNAMED,AS,2021-10-08 12:00:00,14.6,65.9,46.3,1003.0,Depression,27.95,3.22265625,-1.764556884765625,1005.9,True
2021280N14068,2021,UNNAMED,AS,2021-10-08 15:00:00,14.5,65.8,46.3,1003.0,Depression,27.99,4.025848388671875,-2.2631988525390625,1006.9,True
2021280N14068,2021,UNNAMED,AS,2021-10-08 18:00:00,14.5,65.8,46.3,1003.0,Depression,27.99,4.88018798828125,-1.3390655517578125,1008.6,True
2021312N07090,2021,UNNAMED,BB,2021-11-08 06:00:00,7.4,90.1,,,,28.84,-2.342376708984375,-3.421356201171875,1007.4,True
2021312N07090,2021,UNNAMED,BB,2021-11-08 09:00:00,7.7,89.8,,,,28.82,-4.104827880859375,-2.464935302734375,1005.2,True
2021312N07090,2021,UNNAMED,BB,2021-11-08 12:00:00,8.0,89.4,,,,28.79,-2.31011962890625,0.74267578125,1006.6,True
2021312N07090,2021,UNNAMED,BB,2021-11-08 15:00:00,8.1,89.0,,,,28.71,-3.035980224609375,3.286865234375,1008.5,True
2021312N07090,2021,UNNAMED,BB,2021-11-08 18:00:00,8.2,88.6,,,,28.83,-3.0679168701171875,2.865203857421875,1008.0,True
2021312N07090,2021,UNNAMED,BB,2021-11-08 21:00:00,8.4,88.2,,,,28.91,-1.7220611572265625,2.770965576171875,1006.4,True
2021312N07090,2021,UNNAMED,BB,2021-11-09 00:00:00,8.5,87.9,,,,29.29,-0.672607421875,-0.01983642578125,1006.4,True
2021312N07090,2021,UNNAMED,BB,2021-11-09 03:00:00,8.6,87.8,,,,29.28,-3.0266571044921875,-2.4875640869140625,1008.4,True
2021312N07090,2021,UNNAMED,BB,2021-11-09 06:00:00,8.7,87.8,,,,29.37,-4.26214599609375,-2.9762115478515625,1007.2,True
2021312N07090,2021,UNNAMED,BB,2021-11-09 09:00:00,8.8,87.7,,,,29.37,-5.0448760986328125,-2.3475341796875,1005.0,True
2021312N07090,2021,UNNAMED,BB,2021-11-09 12:00:00,9.0,87.5,,,,29.34,-4.938156127929688,-2.1288604736328125,1004.9,True
2021312N07090,2021,UNNAMED,BB,2021-11-09 15:00:00,9.3,87.3,,,,29.34,-4.457244873046875,0.425445556640625,1006.5,True
2021312N07090,2021,UNNAMED,BB,2021-11-09 18:00:00,9.6,86.9,,,,29.26,-3.416168212890625,3.391510009765625,1005.9,True
2021312N07090,2021,UNNAMED,BB,2021-11-09 21:00:00,9.8,86.5,,,,29.22,-3.1385040283203125,4.610595703125,1004.0,True
2021312N07090,2021,UNNAMED,BB,2021-11-10 00:00:00,9.9,85.9,,,,29.44,0.333892822265625,5.8255767822265625,1004.1,True
2021312N07090,2021,UNNAMED,BB,2021-11-10 03:00:00,10.1,85.1,,,,29.39,0.2872772216796875,3.788040161132813,1005.7,True
2021312N07090,2021,UNNAMED,BB,2021-11-10 06:00:00,10.3,84.2,,,,29.44,2.95654296875,0.9887847900390624,1004.6,True
2021312N07090,2021,UNNAMED,BB,2021-11-10 09:00:00,10.5,83.5,,,,29.29,3.257659912109375,1.3950653076171875,1001.4,True
2021312N07090,2021,UNNAMED,BB,2021-11-10 12:00:00,10.8,83.1,46.3,1000.0,Depression,29.19,7.050384521484375,-2.714508056640625,1002.2,True
2021312N07090,2021,UNNAMED,BB,2021-11-10 15:00:00,11.4,82.6,46.3,1000.0,Depression,29.23,0.931976318359375,1.1740264892578125,1003.1,True
2021312N07090,2021,UNNAMED,BB,2021-11-10 18:00:00,11.9,82.1,46.3,1000.0,Depression,29.2,-4.806442260742188,3.7423248291015625,1001.6,True
2021312N07090,2021,UNNAMED,BB,2021-11-10 21:00:00,12.1,81.8,46.3,1000.0,Depression,29.18,3.761184692382813,2.8743133544921875,998.4,True
2021312N07090,2021,UNNAMED,BB,2021-11-11 00:00:00,12.3,81.6,46.3,1000.0,Depression,28.98,2.2739410400390625,2.0877838134765625,998.1,True
2021312N07090,2021,UNNAMED,BB,2021-11-11 03:00:00,12.5,81.2,46.3,1000.0,Depression,29.03,12.7529296875,-0.2413482666015625,1000.5,True
2021312N07090,2021,UNNAMED,BB,2021-11-11 06:00:00,12.8,80.8,46.3,1000.0,Depression,28.95,6.5984954833984375,-2.435546875,999.8,True
2021312N07090,2021,UNNAMED,BB,2021-11-11 09:00:00,12.9,80.4,46.3,1000.0,Depression,28.74,5.094741821289063,-4.219039916992188,997.6,True
2021312N07090,2021,UNNAMED,BB,2021-11-11 12:00:00,13.0,80.1,46.3,1000.0,Depression,,2.8148345947265625,-4.461456298828125,999.6,False
2021312N07090,2021,UNNAMED,BB,2021-11-11 15:00:00,12.9,79.4,42.6,1000.0,Depression,,0.982818603515625,-6.1285552978515625,1003.7,False
2021312N07090,2021,UNNAMED,BB,2021-11-11 18:00:00,12.9,78.5,37.0,1000.0,Depression,,1.239105224609375,-6.472198486328125,1007.0,False
2021322N11082,2021,UNNAMED,BB,2021-11-18 03:00:00,11.0,82.3,46.3,1000.0,Depression,29.11,3.20062255859375,1.4949493408203125,1004.0,True
2021322N11082,2021,UNNAMED,BB,2021-11-18 06:00:00,11.2,81.7,46.3,1000.0,Depression,29.2,1.1218109130859375,2.653106689453125,1003.7,True
2021322N11082,2021,UNNAMED,BB,2021-11-18 09:00:00,11.5,81.2,46.3,1000.0,Depression,28.93,4.839859008789063,0.2471160888671875,1000.7,True
2021322N11082,2021,UNNAMED,BB,2021-11-18 12:00:00,11.8,80.9,46.3,1000.0,Depression,28.8,7.568878173828125,1.07501220703125,1001.4,True
2021322N11082,2021,UNNAMED,BB,2021-11-18 15:00:00,12.0,80.7,46.3,1000.0,Depression,28.47,4.849395751953125,6.9520416259765625,1003.5,True
2021322N11082,2021,UNNAMED,BB,2021-11-18 18:00:00,12.2,80.5,46.3,1000.0,Depression,28.47,0.826812744140625,8.241500854492188,1003.3,True
2021322N11082,2021,UNNAMED,BB,2021-11-18 21:00:00,12.3,80.3,46.3,1000.0,Depression,28.39,-0.0008392333984375,5.9968109130859375,1001.0,True
2021322N11082,2021,UNNAMED,BB,2021-11-19 00:00:00,12.5,80.0,46.3,1000.0,Depression,,0.0644378662109375,2.577880859375,1001.0,False
2021322N11082,2021,UNNAMED,BB,2021-11-19 03:00:00,12.7,79.7,37.0,1002.0,Depression,,-0.351348876953125,-0.0297393798828125,1004.2,False
2021335N08096,2021,JAWAD,BB,2021-11-30 18:00:00,8.4,96.3,,,,28.84,-8.03778076171875,-1.8095245361328125,1008.2,True
2021335N08096,2021,JAWAD,BB,2021-11-30 21:00:00,8.0,96.1,,,,28.83,-6.405487060546875,0.5903778076171875,1006.1,True
2021335N08096,2021,JAWAD,BB,2021-12-01 00:00:00,7.8,95.7,,,,28.92,-3.885696411132813,-0.249298095703125,1007.6,True
2021335N08096,2021,JAWAD,BB,2021-12-01 03:00:00,7.8,94.9,,,,28.99,-5.424468994140625,1.7293548583984375,1009.2,True
2021335N08096,2021,JAWAD,BB,2021-12-01 06:00:00,8.0,94.0,,,,28.82,-5.567153930664063,-1.8503570556640625,1007.7,True
2021335N08096,2021,JAWAD,BB,2021-12-01 09:00:00,8.1,93.4,,,,28.75,-1.79486083984375,-3.658721923828125,1005.2,True
2021335N08096,2021,JAWAD,BB,2021-12-01 12:00:00,8.2,92.9,,,,28.8,-0.4355926513671875,-1.7539825439453125,1006.1,True
2021335N08096,2021,JAWAD,BB,2021-12-01 15:00:00,8.5,92.3,,,,28.89,0.4720611572265625,-1.31201171875,1008.3,True
2021335N08096,2021,JAWAD,BB,2021-12-01 18:00:00,8.9,91.8,,,,28.87,2.509368896484375,-0.1475067138671875,1007.0,True
2021335N08096,2021,JAWAD,BB,2021-12-01 21:00:00,9.2,91.3,,,,29.0,4.2965240478515625,2.761474609375,1005.1,True
2021335N08096,2021,JAWAD,BB,2021-12-02 00:00:00,9.6,90.8,,,,28.82,5.859375,1.7196807861328125,1005.3,True
2021335N08096,2021,JAWAD,BB,2021-12-02 03:00:00,10.0,90.1,,,,28.86,4.4492950439453125,1.2187652587890625,1008.1,True
2021335N08096,2021,JAWAD,BB,2021-12-02 06:00:00,10.5,89.3,,,,28.9,4.6681976318359375,-0.4821014404296875,1006.9,True
2021335N08096,2021,JAWAD,BB,2021-12-02 09:00:00,11.0,88.7,,,,28.88,4.8956451416015625,0.9905548095703124,1004.2,True
2021335N08096,2021,JAWAD,BB,2021-12-02 12:00:00,11.4,88.4,46.3,1004.0,Depression,29.0,2.3782958984375,3.2918853759765625,1005.2,True
2021335N08096,2021,JAWAD,BB,2021-12-02 15:00:00,11.8,87.9,46.3,1004.0,Depression,29.12,5.2469482421875,4.052825927734375,1007.6,True
2021335N08096,2021,JAWAD,BB,2021-12-02 18:00:00,12.2,87.3,46.3,1004.0,Depression,29.23,6.7975616455078125,5.1265869140625,1006.8,True
2021335N08096,2021,JAWAD,BB,2021-12-02 21:00:00,12.9,86.7,51.9,1003.0,Deep Depression,29.1,-2.376068115234375,10.276596069335938,1003.0,True
2021335N08096,2021,JAWAD,BB,2021-12-03 00:00:00,13.6,86.2,55.6,1002.0,Deep Depression,28.99,-7.709121704101562,3.38629150390625,1004.3,True
2021335N08096,2021,JAWAD,BB,2021-12-03 03:00:00,14.0,85.9,55.6,1002.0,Deep Depression,28.75,-8.612899780273438,5.640396118164063,1007.0,True
2021335N08096,2021,JAWAD,BB,2021-12-03 06:00:00,14.4,85.6,64.8,1001.0,Cyclonic Storm,28.63,-6.11688232421875,3.411285400390625,1006.0,False
2021335N08096,2021,JAWAD,BB,2021-12-03 09:00:00,14.7,85.3,64.8,1001.0,Cyclonic Storm,28.55,-2.388153076171875,3.654449462890625,1003.7,False
2021335N08096,2021,JAWAD,BB,2021-12-03 12:00:00,15.0,85.1,74.1,1000.0,Cyclonic Storm,28.7,-2.072784423828125,-2.931976318359375,1004.5,False
2021335N08096,2021,JAWAD,BB,2021-12-03 15:00:00,15.2,85.0,74.1,1000.0,Cyclonic Storm,28.68,-5.383270263671875,1.9025726318359373,1007.0,False
2021335N08096,2021,JAWAD,BB,2021-12-03 18:00:00,15.5,84.9,74.1,1000.0,Cyclonic Storm,28.63,-4.8521575927734375,5.3240814208984375,1006.4,False
2021335N08096,2021,JAWAD,BB,2021-12-03 21:00:00,15.7,84.9,74.1,1000.0,Cyclonic Storm,28.62,-2.074447631835937,5.544921875,1004.8,False
2021335N08096,2021,JAWAD,BB,2021-12-04 00:00:00,16.0,84.8,74.1,1000.0,Cyclonic Storm,28.4,-2.4861602783203125,-4.2271575927734375,1005.2,False
2021335N08096,2021,JAWAD,BB,2021-12-04 03:00:00,16.2,84.8,74.1,1000.0,Cyclonic Storm,28.35,-2.8337860107421875,1.594970703125,1007.0,False
2021335N08096,2021,JAWAD,BB,2021-12-04 06:00:00,16.3,84.9,64.8,1001.0,Cyclonic Storm,28.37,1.642913818359375,6.543243408203125,1006.6,False
2021335N08096,2021,JAWAD,BB,2021-12-04 09:00:00,16.5,84.9,64.8,1001.0,Cyclonic Storm,28.26,0.7752227783203125,6.2775726318359375,1004.3,False
2021335N08096,2021,JAWAD,BB,2021-12-04 12:00:00,16.8,85.1,55.6,1002.0,Deep Depression,28.1,2.6337432861328125,-1.0352783203125,1005.2,True
2021335N08096,2021,JAWAD,BB,2021-12-04 15:00:00,17.1,85.1,55.6,1002.0,Deep Depression,28.03,0.7635650634765625,-9.241546630859377,1008.4,True
2021335N08096,2021,JAWAD,BB,2021-12-04 18:00:00,17.3,85.3,55.6,1002.0,Deep Depression,28.12,-3.5819854736328125,2.512680053710937,1008.1,True
2021335N08096,2021,JAWAD,BB,2021-12-04 21:00:00,17.4,85.4,55.6,1002.0,Deep Depression,28.14,-2.2740020751953125,5.5637054443359375,1007.0,True
2021335N08096,2021,JAWAD,BB,2021-12-05 00:00:00,17.7,85.7,55.6,1002.0,Deep Depression,28.23,-1.6550750732421875,4.7945556640625,1007.0,True
2021335N08096,2021,JAWAD,BB,2021-12-05 03:00:00,18.3,85.8,55.6,1003.0,Deep Depression,27.9,-3.3409576416015625,3.762969970703125,1009.3,True
2021335N08096,2021,JAWAD,BB,2021-12-05 06:00:00,18.7,86.1,55.6,1003.0,Deep Depression,27.85,-3.0838623046875,6.3614654541015625,1009.1,True
2021335N08096,2021,JAWAD,BB,2021-12-05 09:00:00,19.0,86.3,46.3,1004.0,Depression,27.96,-0.3385162353515625,9.578216552734377,1007.0,True
2021335N08096,2021,JAWAD,BB,2021-12-05 12:00:00,19.5,86.7,46.3,1004.0,Depression,27.66,-0.7299041748046875,6.9246826171875,1008.3,True
2021335N08096,2021,JAWAD,BB,2021-12-05 15:00:00,20.0,87.0,46.3,1004.0,Depression,26.92,-1.17755126953125,4.848297119140625,1010.9,True
2021335N08096,2021,JAWAD,BB,2021-12-05 18:00:00,20.7,87.2,46.3,1004.0,Depression,26.12,-0.92926025390625,4.3942413330078125,1011.0,False
2021335N08096,2021,JAWAD,BB,2021-12-05 21:00:00,21.2,87.4,,,,25.99,0.1774749755859375,2.9432830810546875,1010.0,False
2021335N08096,2021,JAWAD,BB,2021-12-06 00:00:00,21.5,87.7,,,,25.43,2.2882080078125,-4.9659271240234375,1010.7,False
2021335N08096,2021,JAWAD,BB,2021-12-06 03:00:00,21.9,88.1,,,,,-1.8745269775390625,-4.210479736328125,1013.0,False
2021335N08096,2021,JAWAD,BB,2021-12-06 06:00:00,22.3,88.5,,,,,-0.3850250244140625,-2.107086181640625,1012.1,False
2022062N06085,2022,UNNAMED,BB,2022-03-03 00:00:00,6.5,84.9,46.3,1004.0,Depression,28.75,1.943359375,-10.786026000976562,1006.3,True
2022062N06085,2022,UNNAMED,BB,2022-03-03 03:00:00,6.5,84.4,46.3,1004.0,Depression,28.82,2.3697967529296875,-10.640060424804688,1008.8,True
2022062N06085,2022,UNNAMED,BB,2022-03-03 06:00:00,6.8,84.0,46.3,1004.0,Depression,28.82,2.740341186523437,-8.901168823242188,1008.5,True
2022062N06085,2022,UNNAMED,BB,2022-03-03 09:00:00,7.2,83.8,46.3,1004.0,Depression,28.82,3.613128662109375,-7.92095947265625,1005.7,True
2022062N06085,2022,UNNAMED,BB,2022-03-03 12:00:00,7.7,83.7,46.3,1004.0,Depression,28.77,7.661544799804687,-4.6796722412109375,1004.2,True
2022062N06085,2022,UNNAMED,BB,2022-03-03 15:00:00,8.0,83.5,46.3,1004.0,Depression,28.84,4.897491455078125,-5.84405517578125,1006.4,True
2022062N06085,2022,UNNAMED,BB,2022-03-03 18:00:00,8.2,83.4,46.3,1004.0,Depression,28.84,2.4241943359375,-2.9069976806640625,1006.8,True
2022062N06085,2022,UNNAMED,BB,2022-03-03 21:00:00,8.4,83.2,46.3,1004.0,Depression,28.65,4.6737060546875,0.4914398193359375,1005.2,True
2022062N06085,2022,UNNAMED,BB,2022-03-04 00:00:00,8.7,83.2,46.3,1004.0,Depression,28.49,6.2057037353515625,6.512496948242188,1004.1,True
2022062N06085,2022,UNNAMED,BB,2022-03-04 03:00:00,9.1,83.1,46.3,1004.0,Depression,28.25,9.160964965820312,3.2420806884765625,1005.5,True
2022062N06085,2022,UNNAMED,BB,2022-03-04 06:00:00,9.5,83.1,46.3,1003.0,Depression,28.15,-2.5445098876953125,6.586029052734375,1004.8,True
2022062N06085,2022,UNNAMED,BB,2022-03-04 09:00:00,9.9,83.1,51.9,1003.0,Deep Depression,28.16,-6.004302978515625,2.0200347900390625,1002.8,True
2022062N06085,2022,UNNAMED,BB,2022-03-04 12:00:00,10.3,83.2,55.6,1002.0,Deep Depression,28.33,-3.2084197998046875,0.0460968017578125,1003.9,True
2022062N06085,2022,UNNAMED,BB,2022-03-04 15:00:00,10.6,83.3,55.6,1002.0,Deep Depression,28.34,2.423858642578125,5.0500335693359375,1006.0,True
2022062N06085,2022,UNNAMED,BB,2022-03-04 18:00:00,10.9,83.4,55.6,1002.0,Deep Depression,28.18,-6.892364501953125,10.81683349609375,1005.7,True
2022062N06085,2022,UNNAMED,BB,2022-03-04 21:00:00,11.1,83.3,55.6,1002.0,Deep Depression,28.13,-6.8069610595703125,6.13812255859375,1003.0,True
2022062N06085,2022,UNNAMED,BB,2022-03-05 00:00:00,11.3,83.3,55.6,1002.0,Deep Depression,27.79,-6.9642486572265625,-4.75360107421875,1005.9,True
2022062N06085,2022,UNNAMED,BB,2022-03-05 03:00:00,11.5,83.2,55.6,1002.0,Deep Depression,27.88,-5.758270263671875,-0.32244873046875,1007.9,True
2022062N06085,2022,UNNAMED,BB,2022-03-05 06:00:00,11.6,83.1,55.6,1002.0,Deep Depression,27.89,-2.71038818359375,-7.519363403320312,1007.6,True
2022062N06085,2022,UNNAMED,BB,2022-03-05 09:00:00,11.6,83.1,55.6,1002.0,Deep Depression,27.89,1.3036041259765625,-7.5400390625,1005.1,True
2022062N06085,2022,UNNAMED,BB,2022-03-05 12:00:00,11.5,83.0,55.6,1002.0,Deep Depression,27.89,-5.9246826171875,-7.771835327148437,1004.8,True
2022062N06085,2022,UNNAMED,BB,2022-03-05 15:00:00,11.4,82.8,51.9,1003.0,Deep Depression,27.89,-5.8449249267578125,-7.869003295898437,1007.8,True
2022062N06085,2022,UNNAMED,BB,2022-03-05 18:00:00,11.3,82.7,46.3,1003.0,Depression,27.83,-4.4446563720703125,-4.3243255615234375,1007.6,True
2022062N06085,2022,UNNAMED,BB,2022-03-05 21:00:00,11.1,82.6,46.3,1004.0,Depression,27.82,-3.5247344970703125,-2.107894897460937,1005.9,True
2022062N06085,2022,UNNAMED,BB,2022-03-06 00:00:00,11.0,82.4,46.3,1004.0,Depression,27.92,-6.221115112304688,-0.6919708251953125,1006.5,True
2022062N06085,2022,UNNAMED,BB,2022-03-06 03:00:00,10.9,82.1,,,,28.06,-8.112716674804688,-1.5778045654296875,1009.0,True
2022062N06085,2022,UNNAMED,BB,2022-03-06 06:00:00,10.9,81.8,,,,28.04,-7.3625335693359375,-1.144317626953125,1009.5,True
2022062N06085,2022,UNNAMED,BB,2022-03-06 09:00:00,10.9,81.4,,,,28.1,-6.9849700927734375,-1.541290283203125,1007.8,True
2022062N06085,2022,UNNAMED,BB,2022-03-06 12:00:00,10.8,81.0,,,,27.89,-5.01898193359375,-3.632736206054688,1007.6,True
2022062N06085,2022,UNNAMED,BB,2022-03-06 15:00:00,10.8,80.6,,,,27.79,-6.599700927734375,-6.139678955078125,1010.4,True
2022062N06085,2022,UNNAMED,BB,2022-03-06 18:00:00,10.7,80.3,,,,27.8,-6.0248565673828125,-4.76849365234375,1011.7,True
2022079N10093,2022,UNNAMED,BB,2022-03-20 00:00:00,9.8,92.5,46.3,1002.0,Depression,29.37,1.057373046875,-7.497695922851562,1004.8,True
2022079N10093,2022,UNNAMED,BB,2022-03-20 03:00:00,10.1,92.6,46.3,1002.0,Depression,29.39,2.6301727294921875,-6.92437744140625,1007.3,True
2022079N10093,2022,UNNAMED,BB,2022-03-20 06:00:00,10.4,92.9,46.3,1002.0,Depression,29.39,3.131942749023437,-9.484695434570312,1006.2,True
2022079N10093,2022,UNNAMED,BB,2022-03-20 09:00:00,10.7,93.1,46.3,1002.0,Depression,29.48,2.7451934814453125,-9.096893310546877,1004.2,True
2022079N10093,2022,UNNAMED,BB,2022-03-20 12:00:00,10.9,93.2,46.3,1002.0,Depression,29.66,4.981597900390625,-7.611495971679687,1005.0,True
2022079N10093,2022,UNNAMED,BB,2022-03-20 15:00:00,11.1,93.3,46.3,1002.0,Depression,29.66,7.482620239257812,-5.90655517578125,1007.1,True
2022079N10093,2022,UNNAMED,BB,2022-03-20 18:00:00,11.3,93.4,46.3,1001.0,Depression,29.82,8.357131958007812,-5.0492095947265625,1006.5,True
2022079N10093,2022,UNNAMED,BB,2022-03-20 21:00:00,11.6,93.6,51.9,1001.0,Deep Depression,29.87,8.905914306640625,-5.252166748046875,1004.4,True
2022079N10093,2022,UNNAMED,BB,2022-03-21 00:00:00,11.9,93.7,55.6,1000.0,Deep Depression,29.13,9.01031494140625,-5.3712005615234375,1004.2,True
2022079N10093,2022,UNNAMED,BB,2022-03-21 03:00:00,12.3,93.8,55.6,1000.0,Deep Depression,29.21,10.57666015625,-6.963638305664063,1005.7,True
2022079N10093,2022,UNNAMED,BB,2022-03-21 06:00:00,12.6,93.9,55.6,1000.0,Deep Depression,29.48,11.895065307617188,-4.4827880859375,1004.1,True
2022079N10093,2022,UNNAMED,BB,2022-03-21 09:00:00,12.9,94.0,55.6,1000.0,Deep Depression,29.78,10.776611328125,-1.458038330078125,1001.7,True
2022079N10093,2022,UNNAMED,BB,2022-03-21 12:00:00,13.3,94.0,55.6,1000.0,Deep Depression,29.83,7.96893310546875,-3.54656982421875,1002.3,True
2022079N10093,2022,UNNAMED,BB,2022-03-21 15:00:00,13.6,94.0,55.6,1000.0,Deep Depression,29.79,9.080810546875,-4.644302368164063,1004.4,True
2022079N10093,2022,UNNAMED,BB,2022-03-21 18:00:00,14.0,94.0,55.6,1000.0,Deep Depression,29.41,10.546005249023438,-3.725875854492188,1004.2,True
2022079N10093,2022,UNNAMED,BB,2022-03-21 21:00:00,14.5,94.1,55.6,1000.0,Deep Depression,29.31,11.548660278320312,-3.23797607421875,1002.2,True
2022079N10093,2022,UNNAMED,BB,2022-03-22 00:00:00,14.9,94.2,55.6,1000.0,Deep Depression,28.85,3.385955810546875,-0.5503692626953125,1002.3,True
2022079N10093,2022,UNNAMED,BB,2022-03-22 03:00:00,15.2,94.2,55.6,1000.0,Deep Depression,28.69,5.7314300537109375,-0.5458526611328125,1005.0,True
2022079N10093,2022,UNNAMED,BB,2022-03-22 06:00:00,15.8,94.2,55.6,1000.0,Deep Depression,28.64,11.738540649414062,2.468292236328125,1004.8,True
2022079N10093,2022,UNNAMED,BB,2022-03-22 09:00:00,16.3,94.3,55.6,1000.0,Deep Depression,,8.934738159179688,0.767791748046875,1003.6,False
2022079N10093,2022,UNNAMED,BB,2022-03-22 12:00:00,16.6,94.4,46.3,1001.0,Depression,,5.568603515625,2.263534545898437,1003.7,False
2022079N10093,2022,UNNAMED,BB,2022-03-22 15:00:00,17.0,94.5,46.3,1002.0,Depression,,4.84832763671875,1.402008056640625,1005.8,False
2022079N10093,2022,UNNAMED,BB,2022-03-22 18:00:00,17.6,94.5,46.3,1002.0,Depression,27.92,10.49676513671875,1.53509521484375,1006.6,True
2022079N10093,2022,UNNAMED,BB,2022-03-22 21:00:00,18.3,94.5,42.6,1003.0,Depression,,1.9767913818359373,3.21697998046875,1005.1,False
2022079N10093,2022,UNNAMED,BB,2022-03-23 00:00:00,19.0,94.6,37.0,1003.0,Depression,,-1.237701416015625,1.5016326904296875,1006.7,False
2022126N07095,2022,ASANI,BB,2022-05-05 12:00:00,7.1,94.5,,,,30.52,1.91302490234375,4.5040435791015625,1005.1,True
2022126N07095,2022,ASANI,BB,2022-05-05 15:00:00,7.2,94.2,,,,30.44,0.8062896728515625,5.74359130859375,1006.9,True
2022126N07095,2022,ASANI,BB,2022-05-05 18:00:00,7.4,94.0,,,,30.42,-0.346282958984375,6.339889526367188,1005.8,True
2022126N07095,2022,ASANI,BB,2022-05-05 21:00:00,7.6,93.8,,,,30.3,3.938690185546875,0.661285400390625,1003.5,True
2022126N07095,2022,ASANI,BB,2022-05-06 00:00:00,7.7,93.6,,,,30.27,3.0500640869140625,-2.318634033203125,1003.6,True
2022126N07095,2022,ASANI,BB,2022-05-06 03:00:00,7.8,93.4,,,,30.27,6.6657562255859375,0.429473876953125,1005.2,True
2022126N07095,2022,ASANI,BB,2022-05-06 06:00:00,7.9,93.3,,,,30.35,8.173370361328125,-2.7082061767578125,1004.0,True
2022126N07095,2022,ASANI,BB,2022-05-06 09:00:00,8.0,93.1,,,,30.4,7.5150146484375,-5.2015533447265625,1002.4,True
2022126N07095,2022,ASANI,BB,2022-05-06 12:00:00,8.2,92.9,,,,30.41,4.5158538818359375,-3.180160522460937,1001.8,True
2022126N07095,2022,ASANI,BB,2022-05-06 15:00:00,8.3,92.7,,,,30.51,4.6490325927734375,1.65106201171875,1003.0,True
2022126N07095,2022,ASANI,BB,2022-05-06 18:00:00,8.5,92.4,,,,30.74,2.43524169921875,-1.135406494140625,1002.0,True
2022126N07095,2022,ASANI,BB,2022-05-06 21:00:00,8.9,91.9,,,,30.94,0.24566650390625,-6.1688079833984375,1000.0,True
2022126N07095,2022,ASANI,BB,2022-05-07 00:00:00,9.2,91.5,,,,30.64,3.5926513671875,-7.16497802734375,1001.4,True
2022126N07095,2022,ASANI,BB,2022-05-07 03:00:00,9.3,91.3,,,,30.63,5.731658935546875,-4.8930511474609375,1003.1,True
2022126N07095,2022,ASANI,BB,2022-05-07 06:00:00,9.4,91.2,46.3,996.0,Depression,30.73,5.387374877929688,-1.944122314453125,1001.4,True
2022126N07095,2022,ASANI,BB,2022-05-07 09:00:00,9.7,90.8,51.9,996.0,Deep Depression,30.86,8.093185424804688,-4.9679718017578125,999.1,True
2022126N07095,2022,ASANI,BB,2022-05-07 12:00:00,10.1,90.5,55.6,995.0,Deep Depression,31.01,7.688888549804687,-0.5014801025390625,998.2,True
2022126N07095,2022,ASANI,BB,2022-05-07 15:00:00,10.4,90.2,55.6,995.0,Deep Depression,31.18,-0.319091796875,-0.147125244140625,997.8,True
2022126N07095,2022,ASANI,BB,2022-05-07 18:00:00,10.7,90.0,55.6,994.0,Deep Depression,31.24,-2.265975952148437,1.726531982421875,996.4,True
2022126N07095,2022,ASANI,BB,2022-05-07 21:00:00,10.9,89.6,61.1,993.0,Deep Depression,31.18,1.4246978759765625,-0.4039154052734375,994.6,True
2022126N07095,2022,ASANI,BB,2022-05-08 00:00:00,11.2,89.3,64.8,992.0,Cyclonic Storm,30.05,0.4996795654296875,6.2486419677734375,993.5,False
2022126N07095,2022,ASANI,BB,2022-05-08 03:00:00,11.5,88.9,74.1,990.0,Cyclonic Storm,30.22,-0.3389892578125,13.194488525390623,994.4,False
2022126N07095,2022,ASANI,BB,2022-05-08 06:00:00,11.9,88.6,83.3,988.0,Cyclonic Storm,30.31,1.3865966796875,7.53302001953125,992.2,False
2022126N07095,2022,ASANI,BB,2022-05-08 09:00:00,12.1,88.2,83.3,988.0,Cyclonic Storm,30.37,10.362747192382812,10.278884887695312,991.5,False
2022126N07095,2022,ASANI,BB,2022-05-08 12:00:00,12.5,88.0,92.6,986.0,Severe Cyclonic Storm,30.39,2.932830810546875,12.523391723632812,989.9,False
2022126N07095,2022,ASANI,BB,2022-05-08 15:00:00,12.8,87.6,92.6,986.0,Severe Cyclonic Storm,30.55,0.9004058837890625,8.208511352539062,990.1,False
2022126N07095,2022,ASANI,BB,2022-05-08 18:00:00,13.1,87.4,101.9,984.0,Severe Cyclonic Storm,30.57,1.70904541015625,18.29705810546875,990.6,False
2022126N07095,2022,ASANI,BB,2022-05-08 21:00:00,13.5,86.9,101.9,984.0,Severe Cyclonic Storm,31.07,0.0367889404296875,12.494918823242188,987.0,False
2022126N07095,2022,ASANI,BB,2022-05-09 00:00:00,13.8,86.5,101.9,983.0,Severe Cyclonic Storm,30.59,-3.950271606445313,14.1473388671875,985.7,False
2022126N07095,2022,ASANI,BB,2022-05-09 03:00:00,14.0,86.2,101.9,982.0,Severe Cyclonic Storm,30.77,-11.38671875,20.436553955078125,987.7,False
2022126N07095,2022,ASANI,BB,2022-05-09 06:00:00,14.3,85.9,101.9,982.0,Severe Cyclonic Storm,30.99,-14.141006469726562,19.17465209960937,985.4,False
2022126N07095,2022,ASANI,BB,2022-05-09 09:00:00,14.4,85.6,101.9,982.0,Severe Cyclonic Storm,31.1,-10.548980712890623,15.088424682617188,978.8,False
2022126N07095,2022,ASANI,BB,2022-05-09 12:00:00,14.6,85.3,101.9,982.0,Severe Cyclonic Storm,31.08,-5.5350189208984375,16.545761108398438,983.0,False
2022126N07095,2022,ASANI,BB,2022-05-09 15:00:00,14.7,85.0,101.9,982.0,Severe Cyclonic Storm,31.02,-9.529495239257812,15.525543212890623,988.4,False
2022126N07095,2022,ASANI,BB,2022-05-09 18:00:00,14.8,84.7,101.9,982.0,Severe Cyclonic Storm,30.87,-8.954132080078125,18.696823120117188,990.1,False
2022126N07095,2022,ASANI,BB,2022-05-09 21:00:00,14.9,84.4,101.9,982.0,Severe Cyclonic Storm,30.8,-12.727310180664062,17.263336181640625,988.7,False
2022126N07095,2022,ASANI,BB,2022-05-10 00:00:00,15.0,84.1,101.9,982.0,Severe Cyclonic Storm,29.95,-12.560287475585938,20.108139038085938,985.0,False
2022126N07095,2022,ASANI,BB,2022-05-10 03:00:00,15.1,83.6,101.9,984.0,Severe Cyclonic Storm,30.02,-9.710845947265623,17.884185791015625,983.5,False
2022126N07095,2022,ASANI,BB,2022-05-10 06:00:00,15.2,83.3,101.9,984.0,Severe Cyclonic Storm,30.16,-14.137527465820312,12.03558349609375,986.1,False
2022126N07095,2022,ASANI,BB,2022-05-10 09:00:00,15.2,82.9,101.9,984.0,Severe Cyclonic Storm,30.2,-12.377517700195312,12.828857421875,983.2,False
2022126N07095,2022,ASANI,BB,2022-05-10 12:00:00,15.4,82.6,92.6,984.0,Severe Cyclonic Storm,30.17,-15.52142333984375,-4.229278564453125,985.4,False
2022126N07095,2022,ASANI,BB,2022-05-10 15:00:00,15.4,82.2,92.6,985.0,Severe Cyclonic Storm,30.27,-15.278060913085938,4.299713134765625,986.2,False
2022126N07095,2022,ASANI,BB,2022-05-10 18:00:00,15.6,82.0,92.6,986.0,Severe Cyclonic Storm,30.22,-7.526947021484375,9.85400390625,987.0,False
2022126N07095,2022,ASANI,BB,2022-05-10 21:00:00,15.7,81.8,83.3,986.0,Cyclonic Storm,29.85,-12.354522705078123,2.3820037841796875,987.8,False
2022126N07095,2022,ASANI,BB,2022-05-11 00:00:00,15.8,81.7,83.3,988.0,Cyclonic Storm,30.05,-10.07476806640625,0.77081298828125,990.0,False
2022126N07095,2022,ASANI,BB,2022-05-11 03:00:00,15.9,81.6,83.3,988.0,Cyclonic Storm,29.76,-9.291275024414062,-7.0083770751953125,993.5,False
2022126N07095,2022,ASANI,BB,2022-05-11 06:00:00,16.0,81.5,74.1,990.0,Cyclonic Storm,29.76,-2.9638214111328125,-2.50775146484375,992.9,False
2022126N07095,2022,ASANI,BB,2022-05-11 09:00:00,16.0,81.4,74.1,990.0,Cyclonic Storm,29.76,3.877227783203125,8.939712524414062,993.1,False
2022126N07095,2022,ASANI,BB,2022-05-11 12:00:00,16.1,81.3,55.6,992.0,Deep Depression,29.78,-0.5027923583984375,5.1610870361328125,993.8,True
2022126N07095,2022,ASANI,BB,2022-05-11 15:00:00,16.0,81.1,55.6,993.0,Deep Depression,,-0.0976409912109375,1.978302001953125,996.7,False
2022126N07095,2022,ASANI,BB,2022-05-11 18:00:00,15.9,80.9,55.6,994.0,Deep Depression,,0.9846343994140624,6.375244140625,999.1,False
2022126N07095,2022,ASANI,BB,2022-05-11 21:00:00,15.8,80.6,51.9,995.0,Deep Depression,,4.795578002929688,6.13580322265625,998.7,False
2022126N07095,2022,ASANI,BB,2022-05-12 00:00:00,15.6,80.4,46.3,996.0,Depression,29.99,3.4703521728515625,7.059371948242188,1000.5,True
2022126N07095,2022,ASANI,BB,2022-05-12 03:00:00,15.2,80.2,,,,29.51,4.210845947265625,5.578338623046875,1002.6,True
2022126N07095,2022,ASANI,BB,2022-05-12 06:00:00,15.1,80.1,,,,29.2,4.8908233642578125,0.423309326171875,1002.3,True
2022126N07095,2022,ASANI,BB,2022-05-12 09:00:00,15.0,80.1,,,,29.2,1.70758056640625,-0.5291595458984375,999.9,True
2022126N07095,2022,ASANI,BB,2022-05-12 12:00:00,15.0,80.2,,,,29.29,1.484100341796875,1.1032257080078125,1000.0,True
2022126N07095,2022,ASANI,BB,2022-05-12 15:00:00,14.8,80.2,,,,29.3,1.7671966552734375,3.3526611328125,1002.1,True
2022126N07095,2022,ASANI,BB,2022-05-12 18:00:00,14.7,80.3,,,,29.3,1.3870391845703125,2.705902099609375,1002.7,True
2022126N07095,2022,ASANI,BB,2022-05-12 21:00:00,14.7,80.6,,,,29.67,2.8769073486328125,2.9306640625,1001.4,True
2022126N07095,2022,ASANI,BB,2022-05-13 00:00:00,14.7,81.0,,,,29.63,2.446807861328125,2.795440673828125,1002.0,True
2022126N07095,2022,ASANI,BB,2022-05-13 03:00:00,14.7,81.3,,,,29.52,0.972991943359375,2.4368133544921875,1003.4,True
2022126N07095,2022,ASANI,BB,2022-05-13 06:00:00,14.8,81.5,,,,29.47,1.691375732421875,2.056182861328125,1002.9,True
2022140N16097,2022,UNNAMED,BB,2022-05-20 03:00:00,16.3,97.3,46.3,1000.0,Depression,29.92,-8.719818115234375,-3.563629150390625,1002.7,True
2022140N16097,2022,UNNAMED,BB,2022-05-20 06:00:00,16.4,97.4,46.3,1000.0,Depression,,-5.4146575927734375,-3.968917846679688,1001.6,False
2022140N16097,2022,UNNAMED,BB,2022-05-20 09:00:00,16.8,97.6,46.3,998.0,Depression,,0.696197509765625,-3.896728515625,999.9,False
2022140N16097,2022,UNNAMED,BB,2022-05-20 12:00:00,17.1,97.8,46.3,999.0,Depression,,2.251007080078125,0.661163330078125,1002.1,False
2022140N16097,2022,UNNAMED,BB,2022-05-20 15:00:00,17.3,97.9,46.3,999.0,Depression,,1.0915069580078125,1.2853851318359375,1004.4,False
2022140N16097,2022,UNNAMED,BB,2022-05-20 18:00:00,17.4,98.0,46.3,999.0,Depression,,-0.4888458251953125,0.7041168212890625,1003.1,False
2022197N22069,2022,UNNAMED,AS,2022-07-16 03:00:00,21.6,69.0,46.3,992.0,Depression,28.97,-0.77288818359375,-3.4157867431640625,992.9,True
2022197N22069,2022,UNNAMED,AS,2022-07-16 06:00:00,21.9,68.9,46.3,992.0,Depression,28.9,-3.9212799072265625,-1.4427337646484375,993.4,True
2022197N22069,2022,UNNAMED,AS,2022-07-16 09:00:00,22.0,68.8,46.3,992.0,Depression,28.93,0.549224853515625,-1.646240234375,992.6,True
2022197N22069,2022,UNNAMED,AS,2022-07-16 12:00:00,22.1,68.8,46.3,992.0,Depression,28.93,5.0654296875,1.4132843017578125,992.0,True
2022197N22069,2022,UNNAMED,AS,2022-07-16 15:00:00,22.3,68.8,46.3,992.0,Depression,28.9,4.7206878662109375,2.6676483154296875,993.8,True
2022197N22069,2022,UNNAMED,AS,2022-07-16 18:00:00,22.6,68.7,46.3,992.0,Depression,29.04,5.030120849609375,5.3147735595703125,995.8,True
2022197N22069,2022,UNNAMED,AS,2022-07-16 21:00:00,22.7,68.6,46.3,992.0,Depression,28.93,4.3370361328125,6.8973236083984375,995.1,True
2022197N22069,2022,UNNAMED,AS,2022-07-17 00:00:00,22.8,68.5,46.3,992.0,Depression,29.06,4.81243896484375,7.057388305664063,995.3,True
2022197N22069,2022,UNNAMED,AS,2022-07-17 03:00:00,23.0,68.2,46.3,992.0,Depression,28.8,2.973419189453125,6.9835052490234375,996.7,True
2022197N22069,2022,UNNAMED,AS,2022-07-17 06:00:00,23.2,67.8,46.3,992.0,Depression,28.81,-1.9371185302734373,6.3178253173828125,997.3,True
2022197N22069,2022,UNNAMED,AS,2022-07-17 09:00:00,23.3,67.6,46.3,992.0,Depression,29.19,0.257171630859375,9.23760986328125,996.2,True
2022197N22069,2022,UNNAMED,AS,2022-07-17 12:00:00,23.4,67.4,46.3,992.0,Depression,29.6,2.06048583984375,8.205657958984375,996.5,True
2022197N22069,2022,UNNAMED,AS,2022-07-17 15:00:00,23.4,66.9,42.6,993.0,Depression,29.62,0.00799560546875,8.598373413085938,997.6,True
2022197N22069,2022,UNNAMED,AS,2022-07-17 18:00:00,23.4,66.3,37.0,993.0,Depression,29.63,-2.9052886962890625,7.6278839111328125,998.9,True
2022221N21086,2022,UNNAMED,BB,2022-08-09 03:00:00,20.8,85.6,46.3,990.0,Depression,,-0.0661773681640625,-0.660003662109375,992.4,False
2022221N21086,2022,UNNAMED,BB,2022-08-09 06:00:00,20.8,85.3,46.3,990.0,Depression,,1.241180419921875,0.833587646484375,992.1,False
2022221N21086,2022,UNNAMED,BB,2022-08-09 09:00:00,21.0,84.8,46.3,990.0,Depression,,-0.681549072265625,0.348907470703125,989.9,False
2022221N21086,2022,UNNAMED,BB,2022-08-09 12:00:00,21.2,84.2,46.3,990.0,Depression,,1.4890594482421875,-2.151763916015625,990.5,False
2022221N21086,2022,UNNAMED,BB,2022-08-09 15:00:00,21.4,83.7,42.6,991.0,Depression,,0.1395721435546875,-1.9304351806640625,992.5,False
2022221N21086,2022,UNNAMED,BB,2022-08-09 18:00:00,21.5,83.3,37.0,991.0,Depression,,0.6868133544921875,-2.032455444335937,993.3,False
2022224N22067,2022,UNNAMED,AS,2022-08-11 18:00:00,22.1,67.2,,,,28.58,-1.9569549560546875,-5.230728149414063,993.3,True
2022224N22067,2022,UNNAMED,AS,2022-08-11 21:00:00,22.0,66.9,,,,28.42,-1.7371063232421875,-4.1842803955078125,991.6,True
2022224N22067,2022,UNNAMED,AS,2022-08-12 00:00:00,21.8,66.6,,,,27.79,6.23236083984375,-1.1478271484375,992.1,True
2022224N22067,2022,UNNAMED,AS,2022-08-12 03:00:00,21.8,66.4,46.3,990.0,Depression,27.79,4.2860107421875,-1.4658660888671875,992.1,True
2022224N22067,2022,UNNAMED,AS,2022-08-12 06:00:00,21.9,66.1,46.3,990.0,Depression,27.85,8.384307861328125,-5.0027923583984375,992.1,True
2022224N22067,2022,UNNAMED,AS,2022-08-12 09:00:00,22.0,65.6,46.3,990.0,Depression,28.08,13.876953125,3.37060546875,992.0,True
2022224N22067,2022,UNNAMED,AS,2022-08-12 12:00:00,22.1,65.2,46.3,990.0,Depression,28.08,10.100906372070312,6.8034515380859375,992.2,True
2022224N22067,2022,UNNAMED,AS,2022-08-12 15:00:00,22.2,64.9,46.3,990.0,Depression,28.11,5.31268310546875,10.606613159179688,992.5,True
2022224N22067,2022,UNNAMED,AS,2022-08-12 18:00:00,22.3,64.6,46.3,990.0,Depression,28.11,0.1068878173828125,10.634017944335938,992.7,True
2022224N22067,2022,UNNAMED,AS,2022-08-12 21:00:00,22.2,64.2,46.3,990.0,Depression,28.1,-1.4796142578125,8.900375366210938,991.1,True
2022224N22067,2022,UNNAMED,AS,2022-08-13 00:00:00,22.0,63.9,46.3,990.0,Depression,27.5,-3.999847412109375,10.050537109375,989.6,True
2022224N22067,2022,UNNAMED,AS,2022-08-13 03:00:00,21.8,63.6,46.3,990.0,Depression,27.21,-4.777862548828125,1.333099365234375,989.6,True
2022224N22067,2022,UNNAMED,AS,2022-08-13 06:00:00,21.6,63.6,37.0,990.0,Depression,27.0,1.1727447509765625,-1.9060821533203125,990.6,True
2022224N22067,2022,UNNAMED,AS,2022-08-13 09:00:00,21.5,64.0,,,,26.97,4.357467651367188,-4.28204345703125,989.7,True
2022224N22067,2022,UNNAMED,AS,2022-08-13 12:00:00,21.6,64.7,,,,27.13,9.038772583007812,-3.3916015625,990.3,True
2022224N22067,2022,UNNAMED,AS,2022-08-13 15:00:00,21.8,65.4,,,,27.48,10.524948120117188,0.1451568603515625,992.2,True
2022224N22067,2022,UNNAMED,AS,2022-08-13 18:00:00,22.2,66.1,,,,27.31,7.0106048583984375,3.360198974609375,994.1,True
2022224N22067,2022,UNNAMED,AS,2022-08-13 21:00:00,22.6,66.4,,,,27.39,10.715972900390623,6.09002685546875,994.4,True
2022224N22067,2022,UNNAMED,AS,2022-08-14 00:00:00,23.1,66.6,,,,27.72,7.009307861328125,3.714141845703125,994.1,True
2022224N22067,2022,UNNAMED,AS,2022-08-14 03:00:00,23.5,66.8,,,,28.36,4.196548461914063,-0.2003173828125,996.0,True
2022226N22088,2022,UNNAMED,BB,2022-08-14 03:00:00,21.7,87.8,46.3,994.0,Depression,,1.0168609619140625,5.3240966796875,996.2,False
2022226N22088,2022,UNNAMED,BB,2022-08-14 06:00:00,21.8,87.5,46.3,994.0,Depression,,1.2867431640625,8.858642578125,996.9,False
2022226N22088,2022,UNNAMED,BB,2022-08-14 09:00:00,22.0,86.9,46.3,994.0,Depression,,-1.396331787109375,6.44378662109375,995.8,False
2022226N22088,2022,UNNAMED,BB,2022-08-14 12:00:00,22.1,86.0,46.3,994.0,Depression,,-1.1304473876953125,4.2265625,996.5,False
2022226N22088,2022,UNNAMED,BB,2022-08-14 15:00:00,22.2,85.0,46.3,994.0,Depression,,-2.65802001953125,2.4840240478515625,996.2,False
2022226N22088,2022,UNNAMED,BB,2022-08-14 18:00:00,22.2,84.0,46.3,994.0,Depression,,-1.862274169921875,2.9123992919921875,995.5,False
2022226N22088,2022,UNNAMED,BB,2022-08-14 21:00:00,22.3,83.4,46.3,994.0,Depression,,0.2352142333984375,1.526580810546875,993.5,False
2022226N22088,2022,UNNAMED,BB,2022-08-15 00:00:00,22.4,82.8,46.3,994.0,Depression,,1.4387969970703125,0.61016845703125,994.6,False
2022226N22088,2022,UNNAMED,BB,2022-08-15 03:00:00,22.6,82.0,46.3,994.0,Depression,,0.9801788330078124,0.6564483642578125,996.3,False
2022226N22088,2022,UNNAMED,BB,2022-08-15 06:00:00,22.8,81.1,46.3,994.0,Depression,,1.0514373779296875,-0.7680206298828125,997.9,False
2022226N22088,2022,UNNAMED,BB,2022-08-15 09:00:00,23.1,80.4,46.3,994.0,Depression,,0.6880950927734375,-0.9160919189453124,997.3,False
2022226N22088,2022,UNNAMED,BB,2022-08-15 12:00:00,23.3,79.8,46.3,994.0,Depression,,2.0542755126953125,0.776824951171875,996.3,False
2022226N22088,2022,UNNAMED,BB,2022-08-15 15:00:00,23.4,79.4,46.3,994.0,Depression,,3.074859619140625,2.034912109375,997.9,False
2022226N22088,2022,UNNAMED,BB,2022-08-15 18:00:00,23.6,79.0,46.3,994.0,Depression,,3.364990234375,2.905624389648437,998.9,False
2022226N22088,2022,UNNAMED,BB,2022-08-15 21:00:00,23.9,78.4,46.3,994.0,Depression,,2.4530181884765625,1.6987152099609375,996.7,False
2022226N22088,2022,UNNAMED,AS,2022-08-16 00:00:00,24.3,77.6,46.3,994.0,Depression,,1.87286376953125,2.985198974609375,997.7,False
2022226N22088,2022,UNNAMED,AS,2022-08-16 03:00:00,24.7,76.5,46.3,994.0,Depression,,-1.5904998779296875,-1.230682373046875,997.6,False
2022226N22088,2022,UNNAMED,AS,2022-08-16 06:00:00,24.9,76.1,37.0,995.0,Depression,,-1.7665863037109375,0.04052734375,997.9,False
2022230N18095,2022,UNNAMED,BB,2022-08-17 12:00:00,18.0,95.0,,,,,-0.50396728515625,0.7696685791015625,999.5,False
2022230N18095,2022,UNNAMED,BB,2022-08-17 15:00:00,18.3,94.5,,,,,1.3946990966796875,-3.116439819335937,1000.7,False
2022230N18095,2022,UNNAMED,BB,2022-08-17 18:00:00,18.5,94.1,,,,28.5,10.837066650390623,-3.751663208007813,1000.0,True
2022230N18095,2022,UNNAMED,BB,2022-08-17 21:00:00,18.7,93.7,,,,28.54,9.479217529296877,-2.969833374023437,998.2,True
2022230N18095,2022,UNNAMED,BB,2022-08-18 00:00:00,18.9,93.2,,,,29.04,3.274276733398437,-2.197128295898437,999.1,True
2022230N18095,2022,UNNAMED,BB,2022-08-18 03:00:00,19.2,92.7,,,,29.21,-2.31787109375,1.51239013671875,1000.1,True
2022230N18095,2022,UNNAMED,BB,2022-08-18 06:00:00,19.5,92.2,,,,28.78,-6.24639892578125,-0.7075042724609375,998.1,True
2022230N18095,2022,UNNAMED,BB,2022-08-18 09:00:00,19.9,91.4,,,,28.65,-3.6945953369140634,-3.457489013671875,996.7,True
2022230N18095,2022,UNNAMED,BB,2022-08-18 12:00:00,20.2,90.7,,,,29.03,-1.2294769287109375,-0.1762237548828125,997.3,True
2022230N18095,2022,UNNAMED,BB,2022-08-18 15:00:00,20.3,90.5,,,,29.08,3.320648193359375,2.226287841796875,999.3,True
2022230N18095,2022,UNNAMED,BB,2022-08-18 18:00:00,20.4,90.3,,,,29.42,2.354888916015625,1.1581268310546875,998.0,True
2022230N18095,2022,UNNAMED,BB,2022-08-18 21:00:00,20.7,89.8,,,,29.69,-3.3381805419921875,-5.331710815429688,994.4,True
2022230N18095,2022,UNNAMED,BB,2022-08-19 00:00:00,20.9,89.4,46.3,994.0,Depression,29.37,-7.084503173828125,-6.833404541015625,993.5,True
2022230N18095,2022,UNNAMED,BB,2022-08-19 03:00:00,21.0,89.2,46.3,994.0,Depression,29.38,-4.2222747802734375,-0.5049285888671875,993.3,True
2022230N18095,2022,UNNAMED,BB,2022-08-19 06:00:00,21.2,88.9,55.6,993.0,Deep Depression,29.26,-7.079010009765625,-1.424652099609375,992.6,True
2022230N18095,2022,UNNAMED,BB,2022-08-19 09:00:00,21.4,88.6,55.6,993.0,Deep Depression,29.34,-5.65557861328125,-7.931396484375,990.4,True
2022230N18095,2022,UNNAMED,BB,2022-08-19 12:00:00,21.6,88.1,55.6,992.0,Deep Depression,29.33,3.47509765625,-6.528106689453125,990.3,True
2022230N18095,2022,UNNAMED,BB,2022-08-19 15:00:00,21.9,87.6,55.6,992.0,Deep Depression,,-1.3055419921875,-3.8779296875,993.7,False
2022230N18095,2022,UNNAMED,BB,2022-08-19 18:00:00,22.2,87.0,55.6,992.0,Deep Depression,,1.7080078125,-3.1592559814453125,994.1,False
2022230N18095,2022,UNNAMED,BB,2022-08-19 21:00:00,22.4,86.4,55.6,992.0,Deep Depression,,1.002777099609375,-1.7757110595703125,992.5,False
2022230N18095,2022,UNNAMED,BB,2022-08-20 00:00:00,22.6,85.9,55.6,992.0,Deep Depression,,-0.8448028564453125,0.9594573974609376,992.3,False
2022230N18095,2022,UNNAMED,BB,2022-08-20 03:00:00,22.7,85.4,55.6,992.0,Deep Depression,,-2.364852905273437,-1.493865966796875,994.2,False
2022230N18095,2022,UNNAMED,BB,2022-08-20 06:00:00,22.9,84.7,55.6,993.0,Deep Depression,,-1.13616943359375,-2.825927734375,995.4,False
2022230N18095,2022,UNNAMED,BB,2022-08-20 09:00:00,23.1,84.1,55.6,993.0,Deep Depression,,2.350830078125,-2.300750732421875,994.2,False
2022230N18095,2022,UNNAMED,BB,2022-08-20 12:00:00,23.3,83.6,55.6,993.0,Deep Depression,,2.222640991210937,-2.344696044921875,993.6,False
2022230N18095,2022,UNNAMED,BB,2022-08-20 15:00:00,23.4,83.2,55.6,993.0,Deep Depression,,0.400482177734375,-2.19921875,994.8,False
2022230N18095,2022,UNNAMED,BB,2022-08-20 18:00:00,23.5,82.9,55.6,993.0,Deep Depression,,0.3469390869140625,-0.89703369140625,994.5,False
2022230N18095,2022,UNNAMED,BB,2022-08-20 21:00:00,23.6,82.6,51.9,994.0,Deep Depression,,0.1618194580078125,-1.2077484130859375,994.0,False
2022230N18095,2022,UNNAMED,BB,2022-08-21 00:00:00,23.7,82.2,46.3,994.0,Depression,,-0.9991607666015624,-0.4870452880859375,994.1,False
2022230N18095,2022,UNNAMED,BB,2022-08-21 03:00:00,23.8,81.7,46.3,994.0,Depression,,-2.57574462890625,-0.14093017578125,995.0,False
2022230N18095,2022,UNNAMED,BB,2022-08-21 06:00:00,24.0,81.2,46.3,994.0,Depression,,-2.7077789306640625,-1.992401123046875,994.8,False
2022230N18095,2022,UNNAMED,BB,2022-08-21 09:00:00,24.1,80.8,46.3,994.0,Depression,,-0.6681060791015625,-2.63641357421875,992.9,False
2022230N18095,2022,UNNAMED,BB,2022-08-21 12:00:00,24.2,80.5,46.3,994.0,Depression,,-2.8215484619140625,-2.971466064453125,993.0,False
2022230N18095,2022,UNNAMED,BB,2022-08-21 15:00:00,24.3,80.1,46.3,995.0,Depression,,-2.31903076171875,-2.92987060546875,994.4,False
2022230N18095,2022,UNNAMED,BB,2022-08-21 18:00:00,24.3,79.8,46.3,995.0,Depression,,-3.7691802978515625,-2.470916748046875,994.1,False
2022230N18095,2022,UNNAMED,BB,2022-08-21 21:00:00,24.3,79.5,46.3,995.0,Depression,,-3.996795654296875,-3.799118041992188,992.4,False
2022230N18095,2022,UNNAMED,BB,2022-08-22 00:00:00,24.3,79.1,46.3,995.0,Depression,,-4.050094604492188,-3.830474853515625,992.7,False
2022230N18095,2022,UNNAMED,BB,2022-08-22 03:00:00,24.3,78.4,46.3,995.0,Depression,,-3.01837158203125,-5.02215576171875,994.4,False
2022230N18095,2022,UNNAMED,AS,2022-08-22 06:00:00,24.4,77.8,46.3,996.0,Depression,,-3.46502685546875,-5.699020385742188,996.4,False
2022230N18095,2022,UNNAMED,AS,2022-08-22 09:00:00,24.4,77.5,46.3,996.0,Depression,,-1.6195220947265625,-4.7355804443359375,995.3,False
2022230N18095,2022,UNNAMED,AS,2022-08-22 12:00:00,24.4,77.4,46.3,996.0,Depression,,-0.2885589599609375,-3.3946685791015625,994.4,False
2022230N18095,2022,UNNAMED,AS,2022-08-22 15:00:00,24.5,77.0,42.6,997.0,Depression,,0.954193115234375,-1.9146575927734373,995.9,False
2022230N18095,2022,UNNAMED,AS,2022-08-22 18:00:00,24.6,76.6,37.0,997.0,Depression,,1.5065765380859375,-3.465240478515625,996.0,False
2022230N18095,2022,UNNAMED,AS,2022-08-22 21:00:00,24.7,76.3,37.0,997.0,Depression,,0.686737060546875,-2.8334503173828125,994.9,False
2022230N18095,2022,UNNAMED,AS,2022-08-23 00:00:00,24.8,76.2,37.0,997.0,Depression,,-0.5302886962890625,-0.7998809814453125,994.9,False
2022254N20085,2022,UNNAMED,BB,2022-09-11 00:00:00,19.5,84.7,46.3,998.0,Depression,,-0.178192138671875,0.5018310546875,999.0,False
2022254N20085,2022,UNNAMED,BB,2022-09-11 03:00:00,19.7,84.0,46.3,998.0,Depression,,-1.6670684814453125,1.34271240234375,1002.7,False
2022254N20085,2022,UNNAMED,BB,2022-09-11 06:00:00,19.8,83.3,46.3,998.0,Depression,,-2.244842529296875,1.7377777099609375,1001.2,False
2022254N20085,2022,UNNAMED,BB,2022-09-11 09:00:00,19.9,82.4,46.3,998.0,Depression,,-3.087890625,2.3144683837890625,996.7,False
2022254N20085,2022,UNNAMED,BB,2022-09-11 12:00:00,19.9,81.7,46.3,998.0,Depression,,0.6951141357421875,-0.1599273681640625,996.7,False
2022254N20085,2022,UNNAMED,BB,2022-09-11 15:00:00,20.0,81.4,46.3,998.0,Depression,,1.183837890625,1.2179718017578125,999.7,False
2022254N20085,2022,UNNAMED,BB,2022-09-11 18:00:00,20.1,81.2,46.3,998.0,Depression,,2.281585693359375,0.66802978515625,1000.1,False
2022254N20085,2022,UNNAMED,BB,2022-09-11 21:00:00,20.4,81.0,42.6,999.0,Depression,,0.2478790283203125,-0.0195159912109375,997.9,False
2022254N20085,2022,UNNAMED,BB,2022-09-12 00:00:00,20.8,80.8,37.0,999.0,Depression,,1.522064208984375,-1.4376983642578125,997.4,False
2022295N13093,2022,SITRANG,BB,2022-10-21 18:00:00,12.6,93.3,,,,28.86,0.350860595703125,-1.695098876953125,1008.1,True
2022295N13093,2022,SITRANG,BB,2022-10-21 21:00:00,12.9,92.9,,,,28.94,-2.569488525390625,-1.3633270263671875,1006.5,True
2022295N13093,2022,SITRANG,BB,2022-10-22 00:00:00,13.2,92.5,,,,29.28,-2.258544921875,-1.9427490234375,1006.8,True
2022295N13093,2022,SITRANG,BB,2022-10-22 03:00:00,13.4,92.1,46.3,1004.0,Depression,29.3,-0.0169219970703125,-0.69232177734375,1008.6,True
2022295N13093,2022,SITRANG,BB,2022-10-22 06:00:00,13.9,91.4,46.3,1003.0,Depression,29.23,-1.8733673095703125,-0.16162109375,1006.2,True
2022295N13093,2022,SITRANG,BB,2022-10-22 09:00:00,14.2,90.9,46.3,1003.0,Depression,29.02,0.272216796875,0.4539337158203125,1003.4,True
2022295N13093,2022,SITRANG,BB,2022-10-22 12:00:00,14.4,90.5,46.3,1002.0,Depression,29.2,-3.3561553955078125,7.0177001953125,1003.9,True
2022295N13093,2022,SITRANG,BB,2022-10-22 15:00:00,14.7,90.0,46.3,1002.0,Depression,29.29,-4.061187744140625,8.627044677734375,1005.6,True
2022295N13093,2022,SITRANG,BB,2022-10-22 18:00:00,15.0,89.5,46.3,1002.0,Depression,29.4,-4.62872314453125,7.625244140625,1004.4,True
2022295N13093,2022,SITRANG,BB,2022-10-22 21:00:00,15.2,89.1,51.9,1002.0,Deep Depression,29.35,-6.838790893554688,4.132293701171875,1002.3,True
2022295N13093,2022,SITRANG,BB,2022-10-23 00:00:00,15.4,88.7,55.6,1001.0,Deep Depression,29.49,-5.2650299072265625,3.2996978759765625,1001.7,True
2022295N13093,2022,SITRANG,BB,2022-10-23 03:00:00,15.5,88.3,55.6,1000.0,Deep Depression,29.46,-3.9658203125,-1.09381103515625,1003.6,True
2022295N13093,2022,SITRANG,BB,2022-10-23 06:00:00,15.6,88.1,55.6,1000.0,Deep Depression,29.44,-1.765411376953125,2.8175201416015625,1001.8,True
2022295N13093,2022,SITRANG,BB,2022-10-23 09:00:00,15.8,88.1,61.1,1000.0,Deep Depression,29.5,1.1807708740234375,1.29876708984375,999.6,True
2022295N13093,2022,SITRANG,BB,2022-10-23 12:00:00,16.2,88.1,64.8,999.0,Cyclonic Storm,29.68,-0.358062744140625,-2.67999267578125,999.6,False
2022295N13093,2022,SITRANG,BB,2022-10-23 15:00:00,16.6,88.4,64.8,999.0,Cyclonic Storm,29.58,-0.2109222412109375,0.573638916015625,1001.1,False
2022295N13093,2022,SITRANG,BB,2022-10-23 18:00:00,17.1,88.6,64.8,998.0,Cyclonic Storm,29.68,2.57769775390625,-0.669342041015625,1000.2,False
2022295N13093,2022,SITRANG,BB,2022-10-23 21:00:00,17.5,88.8,74.1,997.0,Cyclonic Storm,29.63,5.0785064697265625,-1.448760986328125,998.0,False
2022295N13093,2022,SITRANG,BB,2022-10-24 00:00:00,18.0,89.0,74.1,996.0,Cyclonic Storm,29.18,3.920364379882813,3.772262573242188,996.8,False
2022295N13093,2022,SITRANG,BB,2022-10-24 03:00:00,18.7,89.3,83.3,996.0,Cyclonic Storm,29.3,2.300506591796875,9.171218872070312,997.4,False
2022295N13093,2022,SITRANG,BB,2022-10-24 06:00:00,19.4,89.6,83.3,996.0,Cyclonic Storm,29.44,5.56500244140625,-4.973541259765625,996.7,False
2022295N13093,2022,SITRANG,BB,2022-10-24 09:00:00,20.0,89.9,83.3,996.0,Cyclonic Storm,29.3,9.39337158203125,-1.143035888671875,994.6,False
2022295N13093,2022,SITRANG,BB,2022-10-24 12:00:00,20.8,90.1,83.3,996.0,Cyclonic Storm,29.63,17.854278564453125,-1.1504669189453125,996.1,False
2022295N13093,2022,SITRANG,BB,2022-10-24 15:00:00,21.8,90.4,83.3,996.0,Cyclonic Storm,29.38,15.1593017578125,2.2748260498046875,998.0,False
2022295N13093,2022,SITRANG,BB,2022-10-24 18:00:00,23.8,90.9,74.1,996.0,Cyclonic Storm,,-6.9416046142578125,2.378662109375,997.1,False
2022295N13093,2022,SITRANG,BB,2022-10-24 21:00:00,24.3,91.0,55.6,998.0,Deep Depression,,-6.3963623046875,5.48870849609375,997.8,False
2022295N13093,2022,SITRANG,BB,2022-10-25 00:00:00,24.5,91.1,46.3,1000.0,Depression,,-0.451416015625,5.604766845703125,1001.0,False
2022324N10086,2022,UNNAMED,BB,2022-11-20 00:00:00,10.0,85.5,46.3,1005.0,Depression,28.95,7.855804443359375,-3.40765380859375,1004.1,True
2022324N10086,2022,UNNAMED,BB,2022-11-20 03:00:00,10.0,85.5,46.3,1005.0,Depression,28.95,4.293991088867188,-2.8888397216796875,1006.2,True
2022324N10086,2022,UNNAMED,BB,2022-11-20 06:00:00,10.3,85.3,46.3,1005.0,Depression,28.81,2.4776763916015625,-2.120834350585937,1005.7,True
2022324N10086,2022,UNNAMED,BB,2022-11-20 09:00:00,10.6,85.1,46.3,1004.0,Depression,28.75,3.602203369140625,-2.543853759765625,1003.1,True
2022324N10086,2022,UNNAMED,BB,2022-11-20 12:00:00,10.9,85.0,46.3,1003.0,Depression,28.68,7.1366729736328125,-1.5256500244140625,1004.3,True
2022324N10086,2022,UNNAMED,BB,2022-11-20 15:00:00,11.2,84.8,46.3,1003.0,Depression,28.56,3.931198120117188,-1.491058349609375,1006.3,True
2022324N10086,2022,UNNAMED,BB,2022-11-20 18:00:00,11.4,84.6,46.3,1003.0,Depression,28.5,1.6945953369140625,0.6519775390625,1006.0,True
2022324N10086,2022,UNNAMED,BB,2022-11-20 21:00:00,11.7,84.4,46.3,1003.0,Depression,28.5,-0.919036865234375,2.375885009765625,1004.1,True
2022324N10086,2022,UNNAMED,BB,2022-11-21 00:00:00,11.9,84.2,46.3,1003.0,Depression,28.34,-0.3355712890625,1.507476806640625,1004.5,True
2022324N10086,2022,UNNAMED,BB,2022-11-21 03:00:00,12.1,84.0,46.3,1003.0,Depression,28.15,1.1569366455078125,2.85211181640625,1007.1,True
2022324N10086,2022,UNNAMED,BB,2022-11-21 06:00:00,12.6,83.4,46.3,1003.0,Depression,28.28,-1.4105224609375,0.639617919921875,1006.4,True
2022324N10086,2022,UNNAMED,BB,2022-11-21 09:00:00,12.8,82.6,46.3,1003.0,Depression,28.44,-5.411148071289063,0.562408447265625,1004.2,True
2022324N10086,2022,UNNAMED,BB,2022-11-21 12:00:00,12.9,82.0,46.3,1003.0,Depression,28.52,-6.40252685546875,-4.956634521484375,1005.8,True
2022324N10086,2022,UNNAMED,BB,2022-11-21 15:00:00,13.0,81.8,46.3,1003.0,Depression,28.47,-4.936065673828125,-8.709579467773438,1007.9,True
2022324N10086,2022,UNNAMED,BB,2022-11-21 18:00:00,13.0,81.7,46.3,1003.0,Depression,28.47,-3.5775146484375,-8.506500244140625,1007.4,True
2022324N10086,2022,UNNAMED,BB,2022-11-21 21:00:00,13.0,81.6,46.3,1004.0,Depression,28.36,-1.8694915771484373,-8.185562133789062,1006.2,True
2022324N10086,2022,UNNAMED,BB,2022-11-22 00:00:00,13.1,81.4,46.3,1004.0,Depression,28.27,-0.56134033203125,-8.420806884765625,1006.2,True
2022338N05100,2022,MANDOUS,BB,2022-12-04 00:00:00,5.3,99.7,,,,29.34,-0.1578216552734375,-0.45501708984375,1007.6,True
2022338N05100,2022,MANDOUS,BB,2022-12-04 03:00:00,5.5,99.4,,,,29.36,-0.84979248046875,2.252410888671875,1009.5,True
2022338N05100,2022,MANDOUS,BB,2022-12-04 06:00:00,5.7,99.0,,,,29.39,0.391387939453125,-0.30291748046875,1007.9,True
2022338N05100,2022,MANDOUS,BB,2022-12-04 09:00:00,5.9,98.5,,,,29.26,1.492645263671875,-0.7912139892578125,1005.3,True
2022338N05100,2022,MANDOUS,BB,2022-12-04 12:00:00,6.1,98.1,,,,29.03,2.6474609375,-1.44158935546875,1007.5,True
2022338N05100,2022,MANDOUS,BB,2022-12-04 15:00:00,6.3,97.9,,,,28.99,0.588775634765625,-2.4553375244140625,1009.2,True
2022338N05100,2022,MANDOUS,BB,2022-12-04 18:00:00,6.6,97.7,,,,28.9,-0.4028472900390625,-0.280487060546875,1008.1,True
2022338N05100,2022,MANDOUS,BB,2022-12-04 21:00:00,6.9,97.5,,,,28.94,-1.038818359375,0.6648101806640625,1006.4,True
2022338N05100,2022,MANDOUS,BB,2022-12-05 00:00:00,7.2,97.2,,,,29.0,-2.800643920898437,0.5302886962890625,1007.3,True
2022338N05100,2022,MANDOUS,BB,2022-12-05 03:00:00,7.3,96.5,,,,28.89,0.76263427734375,2.0146942138671875,1009.2,True
2022338N05100,2022,MANDOUS,BB,2022-12-05 06:00:00,7.3,95.7,,,,28.85,3.3832550048828125,4.0728302001953125,1008.2,True
2022338N05100,2022,MANDOUS,BB,2022-12-05 09:00:00,7.4,95.0,,,,28.68,-0.0168609619140625,7.89910888671875,1005.6,True
2022338N05100,2022,MANDOUS,BB,2022-12-05 12:00:00,7.5,94.1,,,,28.21,-0.4480133056640625,5.753143310546875,1007.2,True
2022338N05100,2022,MANDOUS,BB,2022-12-05 15:00:00,7.8,92.8,,,,28.83,-3.217620849609375,5.108306884765625,1007.2,True
2022338N05100,2022,MANDOUS,BB,2022-12-05 18:00:00,8.0,91.6,,,,28.57,-2.8012847900390625,-0.201751708984375,1006.2,True
2022338N05100,2022,MANDOUS,BB,2022-12-05 21:00:00,8.0,90.8,,,,28.73,-1.8918609619140625,-0.41680908203125,1004.1,True
2022338N05100,2022,MANDOUS,BB,2022-12-06 00:00:00,8.0,90.2,,,,28.29,-5.856735229492188,-0.39190673828125,1004.1,True
2022338N05100,2022,MANDOUS,BB,2022-12-06 03:00:00,8.0,89.5,,,,28.35,-7.199432373046875,2.101913452148437,1006.1,True
2022338N05100,2022,MANDOUS,BB,2022-12-06 06:00:00,8.1,88.7,,,,28.44,-6.543914794921875,0.9346160888671876,1004.0,True
2022338N05100,2022,MANDOUS,BB,2022-12-06 09:00:00,8.3,87.8,,,,28.57,-6.6039581298828125,-3.947799682617188,1001.4,True
2022338N05100,2022,MANDOUS,BB,2022-12-06 12:00:00,8.4,87.2,46.3,1000.0,Depression,28.5,-5.42535400390625,-5.002212524414063,1003.0,True
2022338N05100,2022,MANDOUS,BB,2022-12-06 15:00:00,8.4,86.9,46.3,1000.0,Depression,28.54,-7.7494964599609375,-4.132583618164063,1004.8,True
2022338N05100,2022,MANDOUS,BB,2022-12-06 18:00:00,8.5,86.7,46.3,1000.0,Depression,28.56,-6.6115570068359375,-4.0883636474609375,1003.2,True
2022338N05100,2022,MANDOUS,BB,2022-12-06 21:00:00,8.5,86.5,51.9,1000.0,Deep Depression,28.61,-5.0426025390625,-1.73828125,1001.0,True
2022338N05100,2022,MANDOUS,BB,2022-12-07 00:00:00,8.6,86.3,55.6,999.0,Deep Depression,28.64,-1.5655059814453125,4.1950225830078125,1000.2,True
2022338N05100,2022,MANDOUS,BB,2022-12-07 03:00:00,8.7,85.9,55.6,999.0,Deep Depression,28.62,-4.0335540771484375,2.3046417236328125,1001.7,True
2022338N05100,2022,MANDOUS,BB,2022-12-07 06:00:00,8.8,85.7,55.6,998.0,Deep Depression,28.62,9.753097534179688,7.192398071289063,1001.5,True
2022338N05100,2022,MANDOUS,BB,2022-12-07 09:00:00,8.8,85.4,55.6,998.0,Deep Depression,28.62,1.2500457763671875,11.151626586914062,997.1,True
2022338N05100,2022,MANDOUS,BB,2022-12-07 12:00:00,9.0,85.1,55.6,998.0,Deep Depression,28.63,-9.084213256835938,-5.3017578125,994.4,True
2022338N05100,2022,MANDOUS,BB,2022-12-07 15:00:00,9.1,84.9,61.1,998.0,Deep Depression,28.63,-4.526397705078125,-8.7420654296875,996.6,True
2022338N05100,2022,MANDOUS,BB,2022-12-07 18:00:00,9.2,84.7,64.8,997.0,Cyclonic Storm,28.6,-3.3513946533203125,-12.0697021484375,996.3,False
2022338N05100,2022,MANDOUS,BB,2022-12-07 21:00:00,9.3,84.5,64.8,997.0,Cyclonic Storm,28.52,4.901763916015625,-11.924942016601562,994.4,False
2022338N05100,2022,MANDOUS,BB,2022-12-08 00:00:00,9.4,84.3,74.1,995.0,Cyclonic Storm,27.91,-2.806549072265625,-6.51824951171875,991.2,False
2022338N05100,2022,MANDOUS,BB,2022-12-08 03:00:00,9.5,84.0,74.1,994.0,Cyclonic Storm,27.91,-1.3064727783203125,-3.532928466796875,992.8,False
2022338N05100,2022,MANDOUS,BB,2022-12-08 06:00:00,9.8,83.6,83.3,992.0,Cyclonic Storm,28.02,-3.4308624267578125,-11.835983276367188,992.7,False
2022338N05100,2022,MANDOUS,BB,2022-12-08 09:00:00,9.9,83.2,83.3,992.0,Cyclonic Storm,27.92,-4.284912109375,-14.176925659179688,990.1,False
2022338N05100,2022,MANDOUS,BB,2022-12-08 12:00:00,10.2,82.9,92.6,990.0,Severe Cyclonic Storm,27.76,-7.1414947509765625,-16.621856689453125,991.6,False
2022338N05100,2022,MANDOUS,BB,2022-12-08 15:00:00,10.4,82.5,92.6,990.0,Severe Cyclonic Storm,27.97,-5.8299713134765625,-17.623458862304688,993.9,False
2022338N05100,2022,MANDOUS,BB,2022-12-08 18:00:00,10.6,82.2,92.6,990.0,Severe Cyclonic Storm,28.09,-1.758880615234375,-15.16455078125,991.1,False
2022338N05100,2022,MANDOUS,BB,2022-12-08 21:00:00,10.7,82.0,92.6,990.0,Severe Cyclonic Storm,28.1,-4.180587768554688,-7.842666625976562,987.1,False
2022338N05100,2022,MANDOUS,BB,2022-12-09 00:00:00,11.0,81.8,92.6,990.0,Severe Cyclonic Storm,27.78,-3.469879150390625,-8.885223388671875,988.5,False
2022338N05100,2022,MANDOUS,BB,2022-12-09 03:00:00,11.1,81.6,83.3,991.0,Cyclonic Storm,27.87,5.94256591796875,-0.9667205810546876,992.0,False
2022338N05100,2022,MANDOUS,BB,2022-12-09 06:00:00,11.4,81.4,83.3,992.0,Cyclonic Storm,27.74,-7.390167236328125,6.557296752929688,992.6,False
2022338N05100,2022,MANDOUS,BB,2022-12-09 09:00:00,11.7,81.2,83.3,992.0,Cyclonic Storm,27.81,-8.616012573242188,2.6547088623046875,990.4,False
2022338N05100,2022,MANDOUS,BB,2022-12-09 12:00:00,12.0,81.0,74.1,993.0,Cyclonic Storm,27.89,-7.231231689453125,3.543914794921875,989.5,False
2022338N05100,2022,MANDOUS,BB,2022-12-09 15:00:00,12.3,80.7,74.1,994.0,Cyclonic Storm,27.84,-2.58514404296875,1.8118438720703125,992.7,False
2022338N05100,2022,MANDOUS,BB,2022-12-09 18:00:00,12.6,80.4,64.8,995.0,Cyclonic Storm,27.63,0.155731201171875,6.2252197265625,993.9,False
2022338N05100,2022,MANDOUS,BB,2022-12-09 21:00:00,12.8,80.1,64.8,996.0,Cyclonic Storm,,-2.21990966796875,-0.04876708984375,993.8,False
2022338N05100,2022,MANDOUS,BB,2022-12-10 00:00:00,12.8,79.8,55.6,998.0,Deep Depression,,-2.897308349609375,-1.520782470703125,996.9,False
2022338N05100,2022,MANDOUS,BB,2022-12-10 03:00:00,12.8,79.6,55.6,1000.0,Deep Depression,,-1.383697509765625,-1.255859375,1001.4,False
2022338N05100,2022,MANDOUS,BB,2022-12-10 06:00:00,12.9,79.4,46.3,1002.0,Depression,,-5.3473968505859375,1.0044403076171875,1004.1,False
2022338N05100,2022,MANDOUS,BB,2022-12-10 09:00:00,12.9,79.1,,,,,-4.3885498046875,-1.626953125,1003.0,False
2022338N05100,2022,MANDOUS,BB,2022-12-10 12:00:00,12.9,78.8,,,,,-2.9007720947265625,-2.51373291015625,1005.0,False
2022347N12074,2022,UNNAMED,AS,2022-12-12 12:00:00,12.0,74.2,,,,28.9,-0.68316650390625,-0.7650299072265625,1005.3,True
2022347N12074,2022,UNNAMED,AS,2022-12-12 15:00:00,12.1,73.9,,,,28.79,-1.4294586181640625,-3.173828125,1007.9,True
2022347N12074,2022,UNNAMED,AS,2022-12-12 18:00:00,12.3,73.6,,,,28.81,-2.2024383544921875,-3.783248901367188,1008.5,True
2022347N12074,2022,UNNAMED,AS,2022-12-12 21:00:00,12.5,73.3,,,,28.8,-0.65020751953125,-5.004196166992188,1007.1,True
2022347N12074,2022,UNNAMED,AS,2022-12-13 00:00:00,12.6,73.1,,,,28.9,2.7281036376953125,-4.8291015625,1006.5,True
2022347N12074,2022,UNNAMED,AS,2022-12-13 03:00:00,12.7,72.8,,,,28.8,0.1753997802734375,-6.069854736328125,1008.7,True
2022347N12074,2022,UNNAMED,AS,2022-12-13 06:00:00,12.8,72.6,,,,28.75,-0.213623046875,-4.2750396728515625,1008.8,True
2022347N12074,2022,UNNAMED,AS,2022-12-13 09:00:00,12.9,72.4,,,,28.69,-1.7852630615234375,0.7574615478515625,1006.0,True
2022347N12074,2022,UNNAMED,AS,2022-12-13 12:00:00,13.0,72.1,,,,28.72,-0.090911865234375,1.215087890625,1005.9,True
2022347N12074,2022,UNNAMED,AS,2022-12-13 15:00:00,13.1,71.8,,,,28.73,-0.4099578857421875,-1.1062469482421875,1008.1,True
2022347N12074,2022,UNNAMED,AS,2022-12-13 18:00:00,13.2,71.5,,,,28.62,-5.794967651367188,0.3595428466796875,1008.0,True
2022347N12074,2022,UNNAMED,AS,2022-12-13 21:00:00,13.2,71.2,,,,28.54,-4.8472747802734375,2.08319091796875,1006.5,True
2022347N12074,2022,UNNAMED,AS,2022-12-14 00:00:00,13.3,70.8,,,,28.35,-1.7861175537109375,3.952606201171875,1005.3,True
2022347N12074,2022,UNNAMED,AS,2022-12-14 03:00:00,13.4,70.4,,,,28.24,-1.3773193359375,7.78369140625,1007.0,True
2022347N12074,2022,UNNAMED,AS,2022-12-14 06:00:00,13.5,70.0,,,,28.31,-0.3782196044921875,5.8148040771484375,1007.4,True
2022347N12074,2022,UNNAMED,AS,2022-12-14 09:00:00,13.6,69.6,46.3,1002.0,Depression,28.23,-0.4086456298828125,2.012176513671875,1004.5,True
2022347N12074,2022,UNNAMED,AS,2022-12-14 12:00:00,13.7,69.3,46.3,1002.0,Depression,28.19,-6.132049560546875,1.2675323486328125,1004.5,True
2022347N12074,2022,UNNAMED,AS,2022-12-14 15:00:00,13.7,68.9,46.3,1002.0,Depression,28.22,-7.5245361328125,1.8905181884765625,1006.6,True
2022347N12074,2022,UNNAMED,AS,2022-12-14 18:00:00,13.8,68.6,46.3,1002.0,Depression,28.16,-8.824478149414062,0.958343505859375,1006.5,True
2022347N12074,2022,UNNAMED,AS,2022-12-14 21:00:00,13.8,68.4,51.9,1001.0,Deep Depression,28.16,-8.135650634765625,7.431610107421875,1004.9,True
2022347N12074,2022,UNNAMED,AS,2022-12-15 00:00:00,13.9,68.1,55.6,1000.0,Deep Depression,28.05,-11.029373168945312,2.0869598388671875,1004.4,True
2022347N12074,2022,UNNAMED,AS,2022-12-15 03:00:00,13.9,67.7,55.6,1000.0,Deep Depression,28.15,-10.370330810546877,5.3589935302734375,1005.5,True
2022347N12074,2022,UNNAMED,AS,2022-12-15 06:00:00,13.9,67.4,55.6,1000.0,Deep Depression,28.24,-10.784820556640623,8.225723266601562,1006.9,True
2022347N12074,2022,UNNAMED,AS,2022-12-15 09:00:00,14.0,67.0,55.6,1000.0,Deep Depression,28.22,-10.0782470703125,6.218292236328125,1003.9,True
2022347N12074,2022,UNNAMED,AS,2022-12-15 12:00:00,14.1,66.7,55.6,1000.0,Deep Depression,28.12,-8.479095458984375,6.5016021728515625,1002.7,True
2022347N12074,2022,UNNAMED,AS,2022-12-15 15:00:00,14.0,66.2,55.6,1000.0,Deep Depression,28.03,-6.1326904296875,3.906295776367188,1004.2,True
2022347N12074,2022,UNNAMED,AS,2022-12-15 18:00:00,13.9,65.7,55.6,1000.0,Deep Depression,28.02,-6.4027099609375,2.5758056640625,1004.4,True
2022347N12074,2022,UNNAMED,AS,2022-12-15 21:00:00,13.9,65.4,55.6,1000.0,Deep Depression,27.95,-7.1911163330078125,5.1678466796875,1003.2,True
2022347N12074,2022,UNNAMED,AS,2022-12-16 00:00:00,13.9,65.1,55.6,1000.0,Deep Depression,27.51,-5.4083404541015625,3.242538452148437,1002.6,True
2022347N12074,2022,UNNAMED,AS,2022-12-16 03:00:00,13.9,64.7,55.6,1000.0,Deep Depression,27.4,-5.1259765625,3.92108154296875,1004.7,True
2022347N12074,2022,UNNAMED,AS,2022-12-16 06:00:00,13.9,64.3,55.6,1000.0,Deep Depression,27.3,-3.1222076416015625,1.221282958984375,1005.8,True
2022347N12074,2022,UNNAMED,AS,2022-12-16 09:00:00,14.0,63.9,51.9,1001.0,Deep Depression,27.17,-0.6389923095703125,2.9032745361328125,1002.8,True
2022347N12074,2022,UNNAMED,AS,2022-12-16 12:00:00,14.1,63.6,46.3,1002.0,Depression,26.89,-2.1645050048828125,2.173553466796875,1002.3,True
2022347N12074,2022,UNNAMED,AS,2022-12-16 15:00:00,14.1,63.2,46.3,1002.0,Depression,26.83,-1.48828125,2.775146484375,1005.1,True
2022347N12074,2022,UNNAMED,AS,2022-12-16 18:00:00,14.1,62.9,46.3,1002.0,Depression,26.71,-1.7348480224609375,3.2124176025390625,1006.2,True
2022347N12074,2022,UNNAMED,AS,2022-12-16 21:00:00,14.1,62.6,46.3,1002.0,Depression,26.66,-1.847747802734375,1.3250732421875,1004.9,True
2022347N12074,2022,UNNAMED,AS,2022-12-17 00:00:00,14.0,62.3,46.3,1002.0,Depression,26.58,-1.6484527587890625,3.0996551513671875,1005.1,True
2022347N12074,2022,UNNAMED,AS,2022-12-17 03:00:00,14.0,62.0,46.3,1002.0,Depression,26.63,-1.787994384765625,4.08990478515625,1007.4,True
2022347N12074,2022,UNNAMED,AS,2022-12-17 06:00:00,13.9,61.6,46.3,1002.0,Depression,26.7,-0.740997314453125,1.705291748046875,1008.5,True
2022347N12074,2022,UNNAMED,AS,2022-12-17 09:00:00,13.8,61.3,,,,26.62,0.57989501953125,3.7383880615234375,1006.5,True
2022347N12074,2022,UNNAMED,AS,2022-12-17 12:00:00,13.7,60.9,,,,26.61,-1.0074005126953125,3.725906372070313,1005.2,True
2022347N12074,2022,UNNAMED,AS,2022-12-17 15:00:00,13.6,60.3,,,,26.63,-0.434478759765625,0.5253448486328125,1007.7,True
2022347N12074,2022,UNNAMED,AS,2022-12-17 18:00:00,13.6,59.7,,,,26.43,-4.274139404296875,1.422576904296875,1008.6,False
2022347N12074,2022,UNNAMED,AS,2022-12-17 21:00:00,13.5,59.1,,,,26.48,-5.522506713867188,1.1179046630859375,1007.5,False
2022347N12074,2022,UNNAMED,AS,2022-12-18 00:00:00,13.5,58.6,,,,26.44,-5.887969970703125,2.3665771484375,1006.8,False
2022347N12074,2022,UNNAMED,AS,2022-12-18 03:00:00,13.5,58.1,,,,26.53,-1.649078369140625,3.9319000244140634,1008.6,True
2022347N12074,2022,UNNAMED,AS,2022-12-18 06:00:00,13.4,57.5,,,,26.48,0.8712310791015625,2.2548828125,1010.0,False
2022347N12074,2022,UNNAMED,AS,2022-12-18 09:00:00,13.3,56.9,,,,26.35,0.604400634765625,2.1683502197265625,1007.7,False
2022347N12074,2022,UNNAMED,AS,2022-12-18 12:00:00,13.1,56.4,,,,26.47,-6.6924591064453125,-0.040924072265625,1006.7,False
2022347N12074,2022,UNNAMED,AS,2022-12-18 15:00:00,12.6,56.0,,,,26.58,-4.7785491943359375,-1.2279510498046875,1008.6,True
2022347N12074,2022,UNNAMED,AS,2022-12-18 18:00:00,12.0,55.8,,,,26.66,-5.486236572265625,0.368682861328125,1010.3,True
2022347N12074,2022,UNNAMED,AS,2022-12-18 21:00:00,11.7,55.6,,,,26.62,-7.282821655273437,1.9682159423828125,1009.8,True
2022347N12074,2022,UNNAMED,AS,2022-12-19 00:00:00,11.6,55.4,,,,26.65,-8.50689697265625,2.5304718017578125,1009.6,True
2022356N09085,2022,UNNAMED,BB,2022-12-22 03:00:00,9.0,85.0,46.3,1004.0,Depression,27.86,-0.483734130859375,5.1646881103515625,1005.3,True
2022356N09085,2022,UNNAMED,BB,2022-12-22 06:00:00,9.5,84.8,46.3,1004.0,Depression,27.56,0.1233367919921875,4.972564697265625,1004.7,True
2022356N09085,2022,UNNAMED,BB,2022-12-22 09:00:00,9.7,84.6,46.3,1004.0,Depression,27.43,0.78094482421875,2.272552490234375,1002.5,True
2022356N09085,2022,UNNAMED,BB,2022-12-22 12:00:00,9.8,84.5,46.3,1004.0,Depression,27.43,0.81939697265625,-0.7173614501953125,1003.6,True
2022356N09085,2022,UNNAMED,BB,2022-12-22 15:00:00,10.0,84.3,46.3,1004.0,Depression,27.22,-0.4156951904296875,-2.2395477294921875,1005.6,True
2022356N09085,2022,UNNAMED,BB,2022-12-22 18:00:00,10.1,84.2,46.3,1004.0,Depression,27.22,0.9614715576171876,-1.00372314453125,1005.4,True
2022356N09085,2022,UNNAMED,BB,2022-12-22 21:00:00,10.1,84.2,46.3,1004.0,Depression,27.22,3.15179443359375,0.1032562255859375,1003.3,True
2022356N09085,2022,UNNAMED,BB,2022-12-23 00:00:00,10.1,84.2,46.3,1004.0,Depression,27.44,2.7835845947265625,-4.4384613037109375,1004.2,True
2022356N09085,2022,UNNAMED,BB,2022-12-23 03:00:00,10.1,84.2,46.3,1004.0,Depression,27.44,1.4613800048828125,-5.2851104736328125,1006.5,True
2022356N09085,2022,UNNAMED,BB,2022-12-23 06:00:00,10.4,84.8,46.3,1004.0,Depression,27.54,-1.0486602783203125,-3.596527099609375,1005.4,True
2022356N09085,2022,UNNAMED,BB,2022-12-23 09:00:00,10.6,85.2,46.3,1004.0,Depression,27.63,1.323333740234375,0.5617523193359375,1002.6,True
2022356N09085,2022,UNNAMED,BB,2022-12-23 12:00:00,10.6,85.4,46.3,1004.0,Depression,27.7,-0.3869171142578125,1.0860137939453125,1003.8,True
2022356N09085,2022,UNNAMED,BB,2022-12-23 15:00:00,10.5,85.5,46.3,1004.0,Depression,27.7,-1.272918701171875,4.044158935546875,1005.9,True
2022356N09085,2022,UNNAMED,BB,2022-12-23 18:00:00,10.4,85.3,46.3,1004.0,Depression,27.63,-2.3306884765625,5.7585296630859375,1006.3,True
2022356N09085,2022,UNNAMED,BB,2022-12-23 21:00:00,10.6,84.9,46.3,1004.0,Depression,27.56,-1.8196868896484373,6.034713745117188,1005.2,True
2022356N09085,2022,UNNAMED,BB,2022-12-24 00:00:00,10.8,84.5,46.3,1004.0,Depression,27.44,-2.049179077148437,4.9618682861328125,1004.9,True
2022356N09085,2022,UNNAMED,BB,2022-12-24 03:00:00,10.7,84.2,46.3,1004.0,Depression,27.39,-3.20086669921875,5.668701171875,1007.5,True
2022356N09085,2022,UNNAMED,BB,2022-12-24 06:00:00,10.4,83.7,46.3,1004.0,Depression,27.3,-2.457305908203125,1.46270751953125,1007.2,True
2022356N09085,2022,UNNAMED,BB,2022-12-24 09:00:00,10.0,83.3,46.3,1004.0,Depression,27.14,-1.43511962890625,-0.914886474609375,1004.1,True
2022356N09085,2022,UNNAMED,BB,2022-12-24 12:00:00,9.7,83.0,46.3,1004.0,Depression,27.1,-3.602874755859375,-0.1239166259765625,1004.6,True
2022356N09085,2022,UNNAMED,BB,2022-12-24 15:00:00,9.5,82.7,46.3,1004.0,Depression,27.05,-3.545516967773437,0.133514404296875,1006.6,True
2022356N09085,2022,UNNAMED,BB,2022-12-24 18:00:00,9.3,82.5,46.3,1004.0,Depression,27.0,-3.450103759765625,0.948089599609375,1006.7,True
2022356N09085,2022,UNNAMED,BB,2022-12-24 21:00:00,9.2,82.3,46.3,1004.0,Depression,27.05,-5.177459716796875,-0.8917388916015625,1005.7,True
2022356N09085,2022,UNNAMED,BB,2022-12-25 00:00:00,9.0,82.2,46.3,1004.0,Depression,27.31,-2.8717041015625,-0.164459228515625,1005.9,True
2022356N09085,2022,UNNAMED,BB,2022-12-25 03:00:00,8.8,82.0,46.3,1004.0,Depression,27.55,-1.909332275390625,-0.53240966796875,1008.3,True
2022356N09085,2022,UNNAMED,BB,2022-12-25 06:00:00,8.5,81.6,46.3,1004.0,Depression,27.46,-1.0768890380859375,-4.6888580322265625,1008.2,True
2023030N08087,2023,UNNAMED,BB,2023-01-30 03:00:00,7.7,87.2,46.3,1004.0,Depression,28.03,1.1900482177734375,0.2391510009765625,1006.8,True
2023030N08087,2023,UNNAMED,BB,2023-01-30 06:00:00,7.9,86.6,46.3,1004.0,Depression,27.94,-1.0460662841796875,-2.51580810546875,1005.9,True
2023030N08087,2023,UNNAMED,BB,2023-01-30 09:00:00,8.0,86.2,46.3,1004.0,Depression,27.95,0.75958251953125,2.3509979248046875,1003.6,True
2023030N08087,2023,UNNAMED,BB,2023-01-30 12:00:00,8.0,86.0,46.3,1004.0,Depression,27.91,0.9716644287109376,4.241973876953125,1004.7,True
2023030N08087,2023,UNNAMED,BB,2023-01-30 15:00:00,8.1,85.6,46.3,1004.0,Depression,27.7,2.1422576904296875,5.19696044921875,1006.7,True
2023030N08087,2023,UNNAMED,BB,2023-01-30 18:00:00,8.1,85.3,46.3,1004.0,Depression,27.57,2.88409423828125,7.233367919921875,1006.4,True
2023030N08087,2023,UNNAMED,BB,2023-01-30 21:00:00,8.1,85.1,46.3,1004.0,Depression,27.45,4.094497680664063,7.692214965820312,1004.4,True
2023030N08087,2023,UNNAMED,BB,2023-01-31 00:00:00,8.2,84.8,46.3,1004.0,Depression,27.42,0.787200927734375,8.555740356445312,1004.8,True
2023030N08087,2023,UNNAMED,BB,2023-01-31 03:00:00,8.4,84.3,46.3,1004.0,Depression,27.37,-3.913909912109375,7.26239013671875,1005.7,True
2023030N08087,2023,UNNAMED,BB,2023-01-31 06:00:00,8.6,83.9,46.3,1004.0,Depression,27.36,-2.0250244140625,4.260162353515625,1005.2,True
2023030N08087,2023,UNNAMED,BB,2023-01-31 09:00:00,8.7,83.7,46.3,1004.0,Depression,27.22,-2.1178436279296875,4.46942138671875,1002.3,True
2023030N08087,2023,UNNAMED,BB,2023-01-31 12:00:00,8.6,83.5,46.3,1004.0,Depression,27.13,-0.399749755859375,1.055206298828125,1003.2,True
2023030N08087,2023,UNNAMED,BB,2023-01-31 15:00:00,8.5,83.2,46.3,1004.0,Depression,26.96,-5.1675567626953125,0.049835205078125,1004.7,True
2023030N08087,2023,UNNAMED,BB,2023-01-31 18:00:00,8.3,82.9,46.3,1004.0,Depression,26.84,-4.8446044921875,-2.9700469970703125,1004.4,True
2023030N08087,2023,UNNAMED,BB,2023-01-31 21:00:00,8.2,82.8,46.3,1004.0,Depression,26.78,-2.907821655273437,-6.646499633789063,1003.1,True
2023030N08087,2023,UNNAMED,BB,2023-02-01 00:00:00,8.2,82.7,46.3,1004.0,Depression,26.53,0.3125457763671875,-1.5586395263671875,1002.9,True
2023030N08087,2023,UNNAMED,BB,2023-02-01 03:00:00,8.2,82.5,46.3,1004.0,Depression,26.59,5.2078857421875,-0.0391998291015625,1005.2,True
2023030N08087,2023,UNNAMED,BB,2023-02-01 06:00:00,8.2,82.5,46.3,1004.0,Depression,26.59,6.432662963867188,3.4105224609375,1004.9,True
2023030N08087,2023,UNNAMED,BB,2023-02-01 09:00:00,8.2,82.4,46.3,1004.0,Depression,26.59,6.92767333984375,4.52850341796875,1002.6,True
2023030N08087,2023,UNNAMED,BB,2023-02-01 12:00:00,8.2,82.3,46.3,1004.0,Depression,26.73,8.898651123046875,2.123748779296875,1003.7,True
2023030N08087,2023,UNNAMED,BB,2023-02-01 15:00:00,8.2,82.2,46.3,1004.0,Depression,26.73,8.673858642578125,4.4994964599609375,1006.1,True
2023030N08087,2023,UNNAMED,BB,2023-02-01 18:00:00,8.1,82.1,46.3,1004.0,Depression,26.96,6.6854248046875,6.7350616455078125,1007.5,True
2023030N08087,2023,UNNAMED,BB,2023-02-01 21:00:00,7.9,81.8,46.3,1004.0,Depression,27.1,1.505126953125,7.549667358398437,1005.8,True
2023030N08087,2023,UNNAMED,BB,2023-02-02 00:00:00,7.6,81.4,46.3,1004.0,Depression,,-1.9796600341796875,1.99468994140625,1007.0,False
2023030N08087,2023,UNNAMED,BB,2023-02-02 03:00:00,7.2,81.1,37.0,1004.0,Depression,,-1.993438720703125,0.9176788330078124,1010.2,False
2023030N08087,2023,UNNAMED,BB,2023-02-02 06:00:00,6.8,80.8,37.0,1006.0,Depression,,-0.9037322998046876,1.8102569580078125,1011.7,False
2023030N08087,2023,UNNAMED,BB,2023-02-02 09:00:00,6.5,80.5,37.0,1006.0,Depression,,-1.278350830078125,1.4793548583984375,1007.7,False
2023030N08087,2023,UNNAMED,BB,2023-02-02 12:00:00,6.3,80.3,37.0,1006.0,Depression,,-0.1363067626953125,2.263168334960937,1006.9,False
2023129N08091,2023,MOCHA,BB,2023-05-08 18:00:00,7.7,91.4,,,,30.46,4.143707275390625,6.565460205078125,1005.8,True
2023129N08091,2023,MOCHA,BB,2023-05-08 21:00:00,7.6,91.1,,,,30.29,3.15789794921875,4.5954437255859375,1004.2,True
2023129N08091,2023,MOCHA,BB,2023-05-09 00:00:00,7.6,90.7,,,,30.13,6.47259521484375,3.788055419921875,1004.5,True
2023129N08091,2023,MOCHA,BB,2023-05-09 03:00:00,7.6,90.1,,,,30.15,5.1433868408203125,2.2194366455078125,1005.5,True
2023129N08091,2023,MOCHA,BB,2023-05-09 06:00:00,7.6,89.6,,,,30.17,1.524078369140625,2.40521240234375,1004.7,True
2023129N08091,2023,MOCHA,BB,2023-05-09 09:00:00,7.7,89.3,,,,30.36,-2.741806030273437,1.1303558349609375,1001.5,True
2023129N08091,2023,MOCHA,BB,2023-05-09 12:00:00,7.9,89.3,46.3,1002.0,Depression,30.46,-4.7099456787109375,-3.02923583984375,1003.2,True
2023129N08091,2023,MOCHA,BB,2023-05-09 15:00:00,8.1,89.2,46.3,1002.0,Depression,30.46,-5.00274658203125,1.0152587890625,1004.0,True
2023129N08091,2023,MOCHA,BB,2023-05-09 18:00:00,8.3,89.1,46.3,1002.0,Depression,30.65,-4.613082885742188,1.4144134521484375,1004.0,True
2023129N08091,2023,MOCHA,BB,2023-05-09 21:00:00,8.3,89.1,51.9,1001.0,Deep Depression,30.65,-5.4650726318359375,-2.2060699462890625,1000.5,True
2023129N08091,2023,MOCHA,BB,2023-05-10 00:00:00,8.5,89.0,55.6,1000.0,Deep Depression,30.78,-2.983673095703125,-3.37347412109375,1001.2,True
2023129N08091,2023,MOCHA,BB,2023-05-10 03:00:00,8.8,88.7,55.6,1000.0,Deep Depression,30.79,3.73516845703125,4.3985443115234375,1004.4,True
2023129N08091,2023,MOCHA,BB,2023-05-10 06:00:00,9.3,88.5,55.6,999.0,Deep Depression,30.77,1.1703033447265625,7.1945648193359375,1002.7,True
2023129N08091,2023,MOCHA,BB,2023-05-10 09:00:00,9.7,88.4,55.6,999.0,Deep Depression,30.82,-6.157516479492188,4.457061767578125,998.1,True
2023129N08091,2023,MOCHA,BB,2023-05-10 12:00:00,10.1,88.4,55.6,998.0,Deep Depression,30.84,-6.46527099609375,-1.4266815185546875,998.3,True
2023129N08091,2023,MOCHA,BB,2023-05-10 15:00:00,10.4,88.3,55.6,998.0,Deep Depression,30.92,-8.65936279296875,-4.641571044921875,1000.1,True
2023129N08091,2023,MOCHA,BB,2023-05-10 18:00:00,10.8,88.3,55.6,998.0,Deep Depression,30.97,-5.4608001708984375,-6.4508819580078125,998.6,True
2023129N08091,2023,MOCHA,BB,2023-05-10 21:00:00,11.0,88.2,61.1,998.0,Deep Depression,30.99,-2.7876739501953125,-3.84796142578125,995.6,True
2023129N08091,2023,MOCHA,BB,2023-05-11 00:00:00,11.2,88.1,64.8,997.0,Cyclonic Storm,30.57,-3.98577880859375,-5.132003784179688,995.9,False
2023129N08091,2023,MOCHA,BB,2023-05-11 03:00:00,11.3,88.1,64.8,996.0,Cyclonic Storm,30.57,4.262237548828125,7.5314788818359375,995.7,False
2023129N08091,2023,MOCHA,BB,2023-05-11 06:00:00,11.6,88.1,83.3,996.0,Cyclonic Storm,30.58,-1.056610107421875,14.044662475585938,992.3,False
2023129N08091,2023,MOCHA,BB,2023-05-11 09:00:00,11.8,88.0,83.3,996.0,Cyclonic Storm,30.52,1.14923095703125,5.9266204833984375,987.7,False
2023129N08091,2023,MOCHA,BB,2023-05-11 12:00:00,12.1,88.1,92.6,994.0,Severe Cyclonic Storm,30.45,-1.392669677734375,2.469818115234375,987.4,False
2023129N08091,2023,MOCHA,BB,2023-05-11 15:00:00,12.4,88.1,92.6,992.0,Severe Cyclonic Storm,30.27,-4.2086029052734375,-1.382293701171875,987.1,False
2023129N08091,2023,MOCHA,BB,2023-05-11 18:00:00,12.8,88.1,92.6,992.0,Severe Cyclonic Storm,30.31,4.3471221923828125,2.7280426025390625,985.4,False
2023129N08091,2023,MOCHA,BB,2023-05-11 21:00:00,13.0,88.1,111.1,986.0,Severe Cyclonic Storm,30.24,8.284942626953125,1.142120361328125,982.4,False
2023129N08091,2023,MOCHA,BB,2023-05-12 00:00:00,13.3,88.1,120.4,982.0,Very Severe Cyclonic Storm,29.62,-0.7676849365234375,-3.15423583984375,980.4,False
2023129N08091,2023,MOCHA,BB,2023-05-12 03:00:00,13.7,88.2,120.4,982.0,Very Severe Cyclonic Storm,29.56,-3.660247802734375,-3.88824462890625,981.8,False
2023129N08091,2023,MOCHA,BB,2023-05-12 06:00:00,14.0,88.3,138.9,974.0,Very Severe Cyclonic Storm,29.61,0.6728515625,1.560791015625,979.2,False
2023129N08091,2023,MOCHA,BB,2023-05-12 09:00:00,14.3,88.4,157.4,970.0,Very Severe Cyclonic Storm,29.73,4.4861907958984375,12.935989379882812,977.4,False
2023129N08091,2023,MOCHA,BB,2023-05-12 12:00:00,14.6,88.6,157.4,970.0,Very Severe Cyclonic Storm,29.81,-2.5731201171875,4.632598876953125,974.8,False
2023129N08091,2023,MOCHA,BB,2023-05-12 15:00:00,14.8,88.7,166.7,964.0,Extremely Severe Cyclonic Storm,29.69,-7.718429565429687,4.1120147705078125,976.3,False
2023129N08091,2023,MOCHA,BB,2023-05-12 18:00:00,15.0,88.9,185.2,954.0,Extremely Severe Cyclonic Storm,29.67,-6.4339599609375,6.410247802734375,975.3,False
2023129N08091,2023,MOCHA,BB,2023-05-12 21:00:00,15.1,89.0,185.2,954.0,Extremely Severe Cyclonic Storm,29.67,13.328079223632812,-3.8519439697265625,973.3,False
2023129N08091,2023,MOCHA,BB,2023-05-13 00:00:00,15.4,89.1,185.2,954.0,Extremely Severe Cyclonic Storm,28.83,-1.45855712890625,-10.670974731445312,973.8,False
2023129N08091,2023,MOCHA,BB,2023-05-13 03:00:00,15.7,89.5,185.2,954.0,Extremely Severe Cyclonic Storm,29.12,-6.9996337890625,-3.5228729248046875,974.4,False
2023129N08091,2023,MOCHA,BB,2023-05-13 06:00:00,16.0,90.0,194.5,950.0,Extremely Severe Cyclonic Storm,29.52,-1.678680419921875,9.771453857421877,972.5,False
2023129N08091,2023,MOCHA,BB,2023-05-13 09:00:00,16.4,90.3,194.5,950.0,Extremely Severe Cyclonic Storm,29.77,-1.8507537841796875,8.36962890625,969.7,False
2023129N08091,2023,MOCHA,BB,2023-05-13 12:00:00,16.9,90.8,203.7,944.0,Extremely Severe Cyclonic Storm,29.76,-6.4237213134765625,13.544921875,970.9,False
2023129N08091,2023,MOCHA,BB,2023-05-13 15:00:00,17.4,91.0,203.7,944.0,Extremely Severe Cyclonic Storm,29.81,-11.416122436523438,14.645828247070312,972.4,False
2023129N08091,2023,MOCHA,BB,2023-05-13 18:00:00,17.9,91.2,213.0,938.0,Extremely Severe Cyclonic Storm,30.15,-14.448455810546877,15.06732177734375,971.7,False
2023129N08091,2023,MOCHA,BB,2023-05-13 21:00:00,18.3,91.4,213.0,938.0,Extremely Severe Cyclonic Storm,30.34,-4.5653228759765625,23.38926696777344,967.5,False
2023129N08091,2023,MOCHA,BB,2023-05-14 00:00:00,18.7,91.7,213.0,938.0,Extremely Severe Cyclonic Storm,30.31,-14.243316650390623,19.159454345703125,967.2,False
2023129N08091,2023,MOCHA,BB,2023-05-14 03:00:00,19.3,92.1,203.7,944.0,Extremely Severe Cyclonic Storm,30.27,-20.41688537597656,2.4916229248046875,961.6,False
2023129N08091,2023,MOCHA,BB,2023-05-14 06:00:00,19.9,92.6,185.2,952.0,Extremely Severe Cyclonic Storm,30.3,-24.412124633789062,-0.556396484375,965.7,False
2023129N08091,2023,MOCHA,BB,2023-05-14 09:00:00,20.4,92.9,166.7,964.0,Extremely Severe Cyclonic Storm,,-6.979888916015625,4.8303985595703125,973.2,False
2023129N08091,2023,MOCHA,BB,2023-05-14 12:00:00,21.1,93.3,138.9,974.0,Very Severe Cyclonic Storm,,0.2122344970703125,-0.2176971435546875,992.6,False
2023129N08091,2023,MOCHA,BB,2023-05-14 15:00:00,22.1,94.1,111.1,984.0,Severe Cyclonic Storm,,3.263031005859375,0.0229644775390625,998.7,False
2023129N08091,2023,MOCHA,BB,2023-05-14 18:00:00,23.3,95.2,92.6,992.0,Severe Cyclonic Storm,,-4.15484619140625,1.2513275146484375,997.4,False
2023129N08091,2023,MOCHA,BB,2023-05-14 21:00:00,24.3,96.1,64.8,996.0,Cyclonic Storm,,-0.62255859375,1.007568359375,999.5,False
2023129N08091,2023,MOCHA,BB,2023-05-15 00:00:00,25.1,97.8,46.3,1000.0,Depression,,-0.6698760986328125,0.7513580322265625,1004.5,False
2023156N10067,2023,BIPARJOY,AS,2023-06-05 00:00:00,10.3,66.7,,,,30.94,2.807403564453125,2.21771240234375,1007.9,True
2023156N10067,2023,BIPARJOY,AS,2023-06-05 03:00:00,10.5,66.6,,,,30.98,1.078521728515625,4.17498779296875,1008.8,True
2023156N10067,2023,BIPARJOY,AS,2023-06-05 06:00:00,10.7,66.5,,,,31.07,4.0225982666015625,4.833770751953125,1009.1,True
2023156N10067,2023,BIPARJOY,AS,2023-06-05 09:00:00,10.8,66.4,,,,31.07,7.340179443359375,3.05096435546875,1007.8,True
2023156N10067,2023,BIPARJOY,AS,2023-06-05 12:00:00,11.0,66.3,,,,31.05,3.98931884765625,5.3102874755859375,1005.9,True
2023156N10067,2023,BIPARJOY,AS,2023-06-05 15:00:00,11.2,66.2,,,,31.09,-1.02294921875,5.05645751953125,1006.1,True
2023156N10067,2023,BIPARJOY,AS,2023-06-05 18:00:00,11.4,66.1,,,,31.2,-1.0496063232421875,2.1995849609375,1007.0,True
2023156N10067,2023,BIPARJOY,AS,2023-06-05 21:00:00,11.5,66.0,,,,31.2,6.7628936767578125,1.4566650390625,1005.6,True
2023156N10067,2023,BIPARJOY,AS,2023-06-06 00:00:00,11.5,66.0,46.3,1000.0,Depression,30.94,1.51470947265625,5.549774169921875,1003.8,True
2023156N10067,2023,BIPARJOY,AS,2023-06-06 03:00:00,11.7,66.0,46.3,1000.0,Depression,31.08,2.781219482421875,4.401031494140625,1003.0,True
2023156N10067,2023,BIPARJOY,AS,2023-06-06 06:00:00,11.9,65.9,55.6,999.0,Deep Depression,31.13,1.350555419921875,3.593597412109375,1001.7,True
2023156N10067,2023,BIPARJOY,AS,2023-06-06 09:00:00,12.0,66.0,61.1,999.0,Deep Depression,31.13,8.403793334960938,-0.77252197265625,999.0,True
2023156N10067,2023,BIPARJOY,AS,2023-06-06 12:00:00,12.2,66.0,64.8,998.0,Cyclonic Storm,31.16,4.495361328125,-6.57183837890625,999.1,False
2023156N10067,2023,BIPARJOY,AS,2023-06-06 15:00:00,12.3,66.0,64.8,998.0,Cyclonic Storm,31.16,11.620925903320312,-4.9750823974609375,1000.4,False
2023156N10067,2023,BIPARJOY,AS,2023-06-06 18:00:00,12.5,66.1,74.1,996.0,Cyclonic Storm,31.32,9.154205322265623,-9.781356811523438,1000.5,False
2023156N10067,2023,BIPARJOY,AS,2023-06-06 21:00:00,12.5,66.2,83.3,996.0,Cyclonic Storm,31.3,20.612136840820312,3.1165313720703125,998.7,False
2023156N10067,2023,BIPARJOY,AS,2023-06-07 00:00:00,12.6,66.3,101.9,990.0,Severe Cyclonic Storm,30.81,17.940658569335938,8.703018188476562,999.7,False
2023156N10067,2023,BIPARJOY,AS,2023-06-07 03:00:00,12.8,66.3,111.1,988.0,Severe Cyclonic Storm,30.98,19.852691650390625,11.612930297851562,1000.3,False
2023156N10067,2023,BIPARJOY,AS,2023-06-07 06:00:00,13.0,66.4,120.4,983.0,Very Severe Cyclonic Storm,31.0,15.98712158203125,13.401763916015623,1000.8,False
2023156N10067,2023,BIPARJOY,AS,2023-06-07 09:00:00,13.2,66.3,120.4,983.0,Very Severe Cyclonic Storm,31.14,13.305908203125,10.85345458984375,997.0,False
2023156N10067,2023,BIPARJOY,AS,2023-06-07 12:00:00,13.3,66.2,120.4,983.0,Very Severe Cyclonic Storm,31.14,12.4853515625,10.277679443359377,997.7,False
2023156N10067,2023,BIPARJOY,AS,2023-06-07 15:00:00,13.4,66.2,120.4,983.0,Very Severe Cyclonic Storm,31.22,2.1719207763671875,13.13116455078125,997.4,False
2023156N10067,2023,BIPARJOY,AS,2023-06-07 18:00:00,13.6,66.1,129.6,980.0,Very Severe Cyclonic Storm,31.23,0.3075103759765625,-0.2407989501953125,995.5,False
2023156N10067,2023,BIPARJOY,AS,2023-06-07 21:00:00,13.6,66.0,129.6,980.0,Very Severe Cyclonic Storm,31.23,10.027694702148438,-10.049758911132812,994.5,False
2023156N10067,2023,BIPARJOY,AS,2023-06-08 00:00:00,13.8,66.1,138.9,978.0,Very Severe Cyclonic Storm,31.02,9.6500244140625,-13.476409912109377,996.3,False
2023156N10067,2023,BIPARJOY,AS,2023-06-08 03:00:00,13.9,66.0,138.9,978.0,Very Severe Cyclonic Storm,31.08,14.819564819335938,-9.780181884765623,997.8,False
2023156N10067,2023,BIPARJOY,AS,2023-06-08 06:00:00,14.0,66.0,138.9,978.0,Very Severe Cyclonic Storm,31.08,17.066299438476562,-0.279937744140625,998.5,False
2023156N10067,2023,BIPARJOY,AS,2023-06-08 09:00:00,14.2,66.0,138.9,978.0,Very Severe Cyclonic Storm,31.12,8.360183715820312,-4.744659423828125,993.0,False
2023156N10067,2023,BIPARJOY,AS,2023-06-08 12:00:00,14.3,66.0,138.9,978.0,Very Severe Cyclonic Storm,31.12,11.5477294921875,0.87152099609375,992.4,False
2023156N10067,2023,BIPARJOY,AS,2023-06-08 15:00:00,14.4,66.0,138.9,978.0,Very Severe Cyclonic Storm,31.2,5.572280883789063,-2.763671875,991.4,False
2023156N10067,2023,BIPARJOY,AS,2023-06-08 18:00:00,14.6,66.1,138.9,978.0,Very Severe Cyclonic Storm,31.2,8.022979736328125,-2.5554351806640625,993.6,False
2023156N10067,2023,BIPARJOY,AS,2023-06-08 21:00:00,14.6,66.1,138.9,978.0,Very Severe Cyclonic Storm,31.2,17.842041015625,-3.452239990234375,994.8,False
2023156N10067,2023,BIPARJOY,AS,2023-06-09 00:00:00,14.8,66.3,138.9,978.0,Very Severe Cyclonic Storm,30.83,2.4334869384765625,-7.771240234375,991.3,False
2023156N10067,2023,BIPARJOY,AS,2023-06-09 03:00:00,14.8,66.5,129.6,980.0,Very Severe Cyclonic Storm,30.83,15.672821044921877,4.4442291259765625,992.2,False
2023156N10067,2023,BIPARJOY,AS,2023-06-09 06:00:00,15.0,66.8,129.6,980.0,Very Severe Cyclonic Storm,30.88,12.632293701171877,6.519866943359375,991.2,False
2023156N10067,2023,BIPARJOY,AS,2023-06-09 09:00:00,15.3,67.0,129.6,980.0,Very Severe Cyclonic Storm,30.85,12.102645874023438,8.457199096679688,988.8,False
2023156N10067,2023,BIPARJOY,AS,2023-06-09 12:00:00,15.6,67.2,120.4,982.0,Very Severe Cyclonic Storm,30.82,9.391555786132812,4.468795776367188,985.7,False
2023156N10067,2023,BIPARJOY,AS,2023-06-09 15:00:00,15.9,67.3,120.4,982.0,Very Severe Cyclonic Storm,30.87,-2.5461578369140625,-9.046844482421877,987.4,False
2023156N10067,2023,BIPARJOY,AS,2023-06-09 18:00:00,16.2,67.4,129.6,978.0,Very Severe Cyclonic Storm,30.94,-0.482391357421875,-0.97369384765625,985.6,False
2023156N10067,2023,BIPARJOY,AS,2023-06-09 21:00:00,16.3,67.4,129.6,976.0,Very Severe Cyclonic Storm,30.94,14.024017333984377,9.95672607421875,985.2,False
2023156N10067,2023,BIPARJOY,AS,2023-06-10 00:00:00,16.5,67.4,138.9,974.0,Very Severe Cyclonic Storm,30.26,1.54888916015625,-4.5777130126953125,980.9,False
2023156N10067,2023,BIPARJOY,AS,2023-06-10 03:00:00,16.6,67.3,138.9,972.0,Very Severe Cyclonic Storm,30.21,12.057907104492188,-13.572525024414062,987.3,False
2023156N10067,2023,BIPARJOY,AS,2023-06-10 06:00:00,16.7,67.3,138.9,970.0,Very Severe Cyclonic Storm,30.14,20.032699584960938,-5.1702880859375,986.0,False
2023156N10067,2023,BIPARJOY,AS,2023-06-10 09:00:00,16.9,67.4,148.2,966.0,Very Severe Cyclonic Storm,30.12,13.50628662109375,-2.0479888916015625,978.4,False
2023156N10067,2023,BIPARJOY,AS,2023-06-10 12:00:00,17.2,67.3,148.2,964.0,Very Severe Cyclonic Storm,30.2,7.05657958984375,-14.453750610351562,980.8,False
2023156N10067,2023,BIPARJOY,AS,2023-06-10 15:00:00,17.4,67.3,148.2,964.0,Very Severe Cyclonic Storm,30.31,6.4934844970703125,-15.49578857421875,982.6,False
2023156N10067,2023,BIPARJOY,AS,2023-06-10 18:00:00,17.5,67.4,157.4,962.0,Very Severe Cyclonic Storm,30.19,13.146194458007812,-1.6522216796875,981.0,False
2023156N10067,2023,BIPARJOY,AS,2023-06-10 21:00:00,17.6,67.4,157.4,962.0,Very Severe Cyclonic Storm,30.19,13.133529663085938,0.9481658935546876,979.1,False
2023156N10067,2023,BIPARJOY,AS,2023-06-11 00:00:00,17.8,67.6,166.7,960.0,Extremely Severe Cyclonic Storm,29.94,12.822219848632812,-8.6900634765625,981.3,False
2023156N10067,2023,BIPARJOY,AS,2023-06-11 03:00:00,18.0,67.7,166.7,958.0,Extremely Severe Cyclonic Storm,29.96,13.713180541992188,3.779693603515625,973.6,False
2023156N10067,2023,BIPARJOY,AS,2023-06-11 06:00:00,18.3,67.8,166.7,958.0,Extremely Severe Cyclonic Storm,29.99,6.29278564453125,0.32440185546875,968.5,False
2023156N10067,2023,BIPARJOY,AS,2023-06-11 09:00:00,18.5,67.8,166.7,958.0,Extremely Severe Cyclonic Storm,29.94,7.290283203125,2.47503662109375,966.3,False
2023156N10067,2023,BIPARJOY,AS,2023-06-11 12:00:00,18.7,67.8,166.7,958.0,Extremely Severe Cyclonic Storm,30.01,-4.6297149658203125,4.333648681640625,965.6,False
2023156N10067,2023,BIPARJOY,AS,2023-06-11 15:00:00,18.8,67.8,166.7,958.0,Extremely Severe Cyclonic Storm,30.01,-0.350799560546875,-1.7530670166015625,967.0,False
2023156N10067,2023,BIPARJOY,AS,2023-06-11 18:00:00,18.9,67.8,166.7,958.0,Extremely Severe Cyclonic Storm,30.21,-2.7480010986328125,-2.74700927734375,969.5,False
2023156N10067,2023,BIPARJOY,AS,2023-06-11 21:00:00,19.0,67.7,166.7,958.0,Extremely Severe Cyclonic Storm,30.21,12.476409912109377,5.4632110595703125,969.2,False
2023156N10067,2023,BIPARJOY,AS,2023-06-12 00:00:00,19.2,67.7,166.7,958.0,Extremely Severe Cyclonic Storm,29.81,2.2899322509765625,9.7061767578125,963.2,False
2023156N10067,2023,BIPARJOY,AS,2023-06-12 03:00:00,19.4,67.6,166.7,958.0,Extremely Severe Cyclonic Storm,29.93,-6.1652679443359375,-9.700149536132812,964.2,False
2023156N10067,2023,BIPARJOY,AS,2023-06-12 06:00:00,19.7,67.5,166.7,958.0,Extremely Severe Cyclonic Storm,30.0,-12.095550537109377,-7.019683837890625,965.4,False
2023156N10067,2023,BIPARJOY,AS,2023-06-12 09:00:00,19.8,67.4,166.7,958.0,Extremely Severe Cyclonic Storm,30.0,6.24798583984375,10.706832885742188,961.1,False
2023156N10067,2023,BIPARJOY,AS,2023-06-12 12:00:00,19.9,67.3,166.7,960.0,Extremely Severe Cyclonic Storm,30.04,-11.768692016601562,-5.3333892822265625,965.5,False
2023156N10067,2023,BIPARJOY,AS,2023-06-12 15:00:00,20.0,67.2,166.7,960.0,Extremely Severe Cyclonic Storm,30.04,3.4732818603515625,-5.9702911376953125,967.8,False
2023156N10067,2023,BIPARJOY,AS,2023-06-12 18:00:00,20.2,67.2,157.4,962.0,Very Severe Cyclonic Storm,30.05,8.142715454101562,-1.9530029296875,972.5,False
2023156N10067,2023,BIPARJOY,AS,2023-06-12 21:00:00,20.4,67.2,157.4,962.0,Very Severe Cyclonic Storm,30.11,8.130294799804688,2.868515014648437,972.6,False
2023156N10067,2023,BIPARJOY,AS,2023-06-13 00:00:00,20.7,67.0,157.4,962.0,Very Severe Cyclonic Storm,30.01,1.89666748046875,3.201171875,970.6,False
2023156N10067,2023,BIPARJOY,AS,2023-06-13 03:00:00,20.9,66.9,157.4,962.0,Very Severe Cyclonic Storm,30.04,-7.151458740234375,11.631118774414062,967.2,False
2023156N10067,2023,BIPARJOY,AS,2023-06-13 06:00:00,21.0,66.8,157.4,962.0,Very Severe Cyclonic Storm,30.1,-4.146987915039063,6.824493408203125,965.1,False
2023156N10067,2023,BIPARJOY,AS,2023-06-13 09:00:00,21.1,66.5,157.4,962.0,Very Severe Cyclonic Storm,30.09,5.7901611328125,-7.6610107421875,962.3,False
2023156N10067,2023,BIPARJOY,AS,2023-06-13 12:00:00,21.2,66.5,157.4,962.0,Very Severe Cyclonic Storm,30.17,4.371429443359375,-13.73895263671875,965.3,False
2023156N10067,2023,BIPARJOY,AS,2023-06-13 15:00:00,21.3,66.4,157.4,962.0,Very Severe Cyclonic Storm,30.17,24.8397216796875,1.908477783203125,968.0,False
2023156N10067,2023,BIPARJOY,AS,2023-06-13 18:00:00,21.5,66.4,157.4,962.0,Very Severe Cyclonic Storm,30.32,17.926605224609375,5.40478515625,970.4,False
2023156N10067,2023,BIPARJOY,AS,2023-06-13 21:00:00,21.5,66.3,157.4,964.0,Very Severe Cyclonic Storm,30.34,23.13739013671875,-0.431427001953125,976.1,False
2023156N10067,2023,BIPARJOY,AS,2023-06-14 00:00:00,21.6,66.3,148.2,966.0,Very Severe Cyclonic Storm,29.67,24.05966186523437,6.86285400390625,974.9,False
2023156N10067,2023,BIPARJOY,AS,2023-06-14 03:00:00,21.6,66.3,148.2,966.0,Very Severe Cyclonic Storm,29.67,19.618881225585938,-3.055526733398437,971.5,False
2023156N10067,2023,BIPARJOY,AS,2023-06-14 06:00:00,21.6,66.4,148.2,966.0,Very Severe Cyclonic Storm,29.67,12.427536010742188,5.311920166015625,973.1,False
2023156N10067,2023,BIPARJOY,AS,2023-06-14 09:00:00,21.7,66.6,148.2,966.0,Very Severe Cyclonic Storm,29.57,-0.56549072265625,-14.170547485351562,971.4,False
2023156N10067,2023,BIPARJOY,AS,2023-06-14 12:00:00,21.9,66.7,138.9,970.0,Very Severe Cyclonic Storm,29.42,4.029342651367188,-6.3803558349609375,974.2,False
2023156N10067,2023,BIPARJOY,AS,2023-06-14 15:00:00,22.1,66.8,129.6,974.0,Very Severe Cyclonic Storm,29.42,13.920486450195312,-2.9274444580078125,976.8,False
2023156N10067,2023,BIPARJOY,AS,2023-06-14 18:00:00,22.2,66.8,129.6,974.0,Very Severe Cyclonic Storm,29.46,7.9336395263671875,-3.192230224609375,974.7,False
2023156N10067,2023,BIPARJOY,AS,2023-06-14 21:00:00,22.3,66.8,129.6,974.0,Very Severe Cyclonic Storm,29.46,15.550125122070312,-7.220703125,974.1,False
2023156N10067,2023,BIPARJOY,AS,2023-06-15 00:00:00,22.3,67.0,129.6,974.0,Very Severe Cyclonic Storm,29.48,16.561233520507812,2.6064605712890625,977.0,False
2023156N10067,2023,BIPARJOY,AS,2023-06-15 03:00:00,22.5,67.1,129.6,974.0,Very Severe Cyclonic Storm,29.57,4.777999877929688,-3.09521484375,971.1,False
2023156N10067,2023,BIPARJOY,AS,2023-06-15 06:00:00,22.6,67.3,120.4,976.0,Very Severe Cyclonic Storm,29.7,8.325347900390625,-3.891204833984375,969.7,False
2023156N10067,2023,BIPARJOY,AS,2023-06-15 09:00:00,22.7,67.7,120.4,976.0,Very Severe Cyclonic Storm,30.17,8.458511352539062,2.547332763671875,972.2,False
2023156N10067,2023,BIPARJOY,AS,2023-06-15 12:00:00,22.8,68.1,120.4,976.0,Very Severe Cyclonic Storm,30.35,20.408920288085938,2.581817626953125,976.3,False
2023156N10067,2023,BIPARJOY,AS,2023-06-15 15:00:00,23.1,68.4,120.4,976.0,Very Severe Cyclonic Storm,30.68,15.356185913085938,6.398956298828125,976.4,False
2023156N10067,2023,BIPARJOY,AS,2023-06-15 18:00:00,23.3,68.6,111.1,980.0,Severe Cyclonic Storm,30.72,19.083053588867188,-3.109283447265625,980.3,False
2023156N10067,2023,BIPARJOY,AS,2023-06-15 21:00:00,23.4,68.8,92.6,982.0,Severe Cyclonic Storm,,15.408096313476562,1.039703369140625,977.9,False
2023156N10067,2023,BIPARJOY,AS,2023-06-16 00:00:00,23.5,69.1,92.6,978.0,Severe Cyclonic Storm,,7.8583831787109375,-2.8247833251953125,974.4,False
2023156N10067,2023,BIPARJOY,AS,2023-06-16 03:00:00,23.5,69.4,83.3,978.0,Cyclonic Storm,,9.626861572265623,3.4417266845703125,978.9,False
2023156N10067,2023,BIPARJOY,AS,2023-06-16 06:00:00,23.7,69.7,74.1,980.0,Cyclonic Storm,,8.690200805664062,1.2227020263671875,979.6,False
2023156N10067,2023,BIPARJOY,AS,2023-06-16 09:00:00,23.9,70.0,74.1,984.0,Cyclonic Storm,,8.87078857421875,-1.4641571044921875,979.2,False
2023156N10067,2023,BIPARJOY,AS,2023-06-16 12:00:00,24.2,70.4,64.8,986.0,Cyclonic Storm,,8.536514282226562,7.381698608398437,979.6,False
2023156N10067,2023,BIPARJOY,AS,2023-06-16 15:00:00,24.5,70.7,64.8,987.0,Cyclonic Storm,,7.111862182617188,10.476333618164062,981.6,False
2023156N10067,2023,BIPARJOY,AS,2023-06-16 18:00:00,24.6,70.9,55.6,988.0,Deep Depression,,11.585037231445312,11.541732788085938,985.3,False
2023156N10067,2023,BIPARJOY,AS,2023-06-16 21:00:00,24.7,71.0,55.6,988.0,Deep Depression,,14.593902587890623,5.0319671630859375,983.8,False
2023156N10067,2023,BIPARJOY,AS,2023-06-17 00:00:00,24.8,71.2,55.6,988.0,Deep Depression,,13.062149047851562,3.0408172607421875,985.0,False
2023156N10067,2023,BIPARJOY,AS,2023-06-17 03:00:00,25.0,71.5,55.6,988.0,Deep Depression,,10.513809204101562,-0.2269439697265625,987.5,False
2023156N10067,2023,BIPARJOY,AS,2023-06-17 06:00:00,25.3,71.9,55.6,989.0,Deep Depression,,7.2825164794921875,5.41064453125,989.3,False
2023156N10067,2023,BIPARJOY,AS,2023-06-17 09:00:00,25.5,72.2,51.9,990.0,Deep Depression,,8.013687133789062,5.09051513671875,989.4,False
2023156N10067,2023,BIPARJOY,AS,2023-06-17 12:00:00,25.6,72.5,46.3,990.0,Depression,,8.102081298828125,6.170501708984375,990.7,False
2023156N10067,2023,BIPARJOY,AS,2023-06-17 15:00:00,25.7,72.7,46.3,991.0,Depression,,3.261077880859375,6.1202545166015625,991.5,False
2023156N10067,2023,BIPARJOY,AS,2023-06-17 18:00:00,25.8,72.8,46.3,991.0,Depression,,5.222808837890625,-0.9096527099609376,991.9,False
2023156N10067,2023,BIPARJOY,AS,2023-06-17 21:00:00,25.9,73.0,46.3,991.0,Depression,,1.0492095947265625,-4.441192626953125,990.1,False
2023156N10067,2023,BIPARJOY,AS,2023-06-18 00:00:00,26.0,73.3,46.3,991.0,Depression,,4.3331298828125,-4.211456298828125,990.5,False
2023156N10067,2023,BIPARJOY,AS,2023-06-18 03:00:00,26.2,73.8,46.3,992.0,Depression,,1.6806640625,-3.8050537109375,992.0,False
2023156N10067,2023,BIPARJOY,AS,2023-06-18 06:00:00,26.3,74.0,46.3,994.0,Depression,,4.49163818359375,-2.2787628173828125,993.3,False
2023156N10067,2023,BIPARJOY,AS,2023-06-18 09:00:00,26.3,74.3,42.6,995.0,Depression,,6.072540283203125,1.1279296875,994.0,False
2023156N10067,2023,BIPARJOY,AS,2023-06-18 12:00:00,26.3,74.7,37.0,995.0,Depression,,4.0792999267578125,1.68695068359375,994.1,False
2023156N10067,2023,BIPARJOY,AS,2023-06-18 15:00:00,26.3,74.9,37.0,995.0,Depression,,3.247650146484375,1.2614288330078125,995.3,False
2023156N10067,2023,BIPARJOY,AS,2023-06-18 18:00:00,26.3,75.2,37.0,995.0,Depression,,4.3876800537109375,-0.150177001953125,996.8,False
2023156N10067,2023,BIPARJOY,AS,2023-06-18 21:00:00,26.3,75.6,37.0,995.0,Depression,,4.1178741455078125,-1.6301116943359375,995.6,False
2023156N10067,2023,BIPARJOY,AS,2023-06-19 00:00:00,26.3,76.0,37.0,995.0,Depression,,0.7100372314453125,-0.7763214111328125,994.5,False
2023160N20092,2023,UNNAMED,BB,2023-06-08 12:00:00,19.5,92.1,,,,29.77,8.5164794921875,0.67425537109375,999.3,True
2023160N20092,2023,UNNAMED,BB,2023-06-08 15:00:00,19.5,91.9,,,,29.77,7.2080230712890625,2.423828125,1001.2,True
2023160N20092,2023,UNNAMED,BB,2023-06-08 18:00:00,19.6,91.7,,,,29.79,10.087432861328123,-4.494888305664063,1001.2,True
2023160N20092,2023,UNNAMED,BB,2023-06-08 21:00:00,19.7,91.6,,,,29.95,10.306884765625,-3.214935302734375,1000.0,True
2023160N20092,2023,UNNAMED,BB,2023-06-09 00:00:00,19.8,91.5,,,,30.0,8.968643188476562,-1.699951171875,1000.2,True
2023160N20092,2023,UNNAMED,BB,2023-06-09 03:00:00,19.9,91.5,,,,30.21,7.131805419921875,-0.9170989990234376,1002.4,True
2023160N20092,2023,UNNAMED,BB,2023-06-09 06:00:00,19.9,91.5,,,,30.21,9.569793701171877,3.444671630859375,1001.7,True
2023160N20092,2023,UNNAMED,BB,2023-06-09 09:00:00,19.9,91.5,,,,30.21,5.6885833740234375,4.582199096679688,999.4,True
2023160N20092,2023,UNNAMED,BB,2023-06-09 12:00:00,20.0,91.5,,,,30.21,7.5155792236328125,4.899459838867188,999.6,True
2023160N20092,2023,UNNAMED,BB,2023-06-09 15:00:00,20.0,91.5,,,,30.21,8.166732788085938,5.636749267578125,1001.5,True
2023160N20092,2023,UNNAMED,BB,2023-06-09 18:00:00,20.2,91.6,,,,30.35,8.749053955078125,4.00579833984375,1001.2,True
2023160N20092,2023,UNNAMED,BB,2023-06-09 21:00:00,20.6,91.7,,,,30.36,5.286712646484375,-0.70538330078125,1000.2,True
2023160N20092,2023,UNNAMED,BB,2023-06-10 00:00:00,21.0,91.8,,,,29.94,4.78424072265625,1.6547088623046875,999.8,True
2023160N20092,2023,UNNAMED,BB,2023-06-10 03:00:00,21.4,91.7,,,,30.02,0.2336883544921875,5.6120452880859375,1001.4,True
2023160N20092,2023,UNNAMED,BB,2023-06-10 06:00:00,21.8,91.4,,,,29.96,0.7231292724609375,5.5836181640625,1000.4,True
2023212N19090,2023,UNNAMED,BB,2023-07-30 12:00:00,19.0,90.0,,,,29.44,1.6802520751953125,2.284896850585937,995.7,True
2023212N19090,2023,UNNAMED,BB,2023-07-30 15:00:00,18.8,90.2,,,,29.3,6.692108154296875,2.4369049072265625,998.2,True
2023212N19090,2023,UNNAMED,BB,2023-07-30 18:00:00,18.7,90.5,,,,29.39,6.957778930664063,-2.43994140625,997.6,True
2023212N19090,2023,UNNAMED,BB,2023-07-30 21:00:00,18.6,90.8,,,,29.34,7.221115112304687,-4.7503204345703125,996.1,True
2023212N19090,2023,UNNAMED,BB,2023-07-31 00:00:00,18.6,91.0,,,,29.16,7.410736083984375,-2.3255615234375,995.4,True
2023212N19090,2023,UNNAMED,BB,2023-07-31 03:00:00,18.6,91.2,,,,29.2,5.0666046142578125,-1.0787811279296875,996.7,True
2023212N19090,2023,UNNAMED,BB,2023-07-31 06:00:00,18.6,91.3,,,,29.2,6.5388031005859375,1.64837646484375,996.4,True
2023212N19090,2023,UNNAMED,BB,2023-07-31 09:00:00,18.7,91.6,,,,29.23,5.5775909423828125,2.157989501953125,993.9,True
2023212N19090,2023,UNNAMED,BB,2023-07-31 12:00:00,19.0,91.8,,,,29.42,1.436676025390625,8.4356689453125,993.2,True
2023212N19090,2023,UNNAMED,BB,2023-07-31 15:00:00,19.5,91.9,,,,29.7,-3.079193115234375,6.7669677734375,993.6,True
2023212N19090,2023,UNNAMED,BB,2023-07-31 18:00:00,19.9,92.0,,,,29.74,-4.64892578125,4.433364868164063,993.2,True
2023212N19090,2023,UNNAMED,BB,2023-07-31 21:00:00,19.8,92.1,,,,29.73,8.581939697265625,4.497848510742188,992.2,True
2023212N19090,2023,UNNAMED,BB,2023-08-01 00:00:00,20.0,91.9,46.3,992.0,Depression,29.52,10.0916748046875,9.28436279296875,994.0,True
2023212N19090,2023,UNNAMED,BB,2023-08-01 03:00:00,20.9,91.3,55.6,990.0,Deep Depression,29.87,3.878738403320313,5.454498291015625,993.3,True
2023212N19090,2023,UNNAMED,BB,2023-08-01 06:00:00,21.6,90.7,55.6,990.0,Deep Depression,30.17,-0.0563812255859375,2.343841552734375,992.5,True
2023212N19090,2023,UNNAMED,BB,2023-08-01 09:00:00,22.0,90.2,55.6,989.0,Deep Depression,,1.383575439453125,0.5511016845703125,990.8,False
2023212N19090,2023,UNNAMED,BB,2023-08-01 12:00:00,22.3,89.7,55.6,988.0,Deep Depression,,-1.00738525390625,2.1388702392578125,991.0,False
2023212N19090,2023,UNNAMED,BB,2023-08-01 15:00:00,22.6,89.3,55.6,988.0,Deep Depression,,-2.7394561767578125,0.73162841796875,992.5,False
2023212N19090,2023,UNNAMED,BB,2023-08-01 18:00:00,22.8,88.8,55.6,988.0,Deep Depression,,-2.0409393310546875,-0.82806396484375,992.1,False
2023212N19090,2023,UNNAMED,BB,2023-08-01 21:00:00,22.9,88.1,55.6,988.0,Deep Depression,,-1.802703857421875,-2.6263580322265625,991.3,False
2023212N19090,2023,UNNAMED,BB,2023-08-02 00:00:00,23.1,87.4,55.6,988.0,Deep Depression,,-0.2194366455078125,-1.091156005859375,990.4,False
2023212N19090,2023,UNNAMED,BB,2023-08-02 03:00:00,23.2,86.9,55.6,989.0,Deep Depression,,-3.8426513671875,-2.89794921875,991.8,False
2023212N19090,2023,UNNAMED,BB,2023-08-02 06:00:00,23.3,86.2,55.6,989.0,Deep Depression,,-0.538970947265625,-3.846466064453125,992.4,False
2023212N19090,2023,UNNAMED,BB,2023-08-02 09:00:00,23.3,85.6,51.9,990.0,Deep Depression,,1.26123046875,-2.433334350585937,992.2,False
2023212N19090,2023,UNNAMED,BB,2023-08-02 12:00:00,23.3,85.1,46.3,990.0,Depression,,-0.7767181396484375,-2.5631256103515625,991.5,False
2023212N19090,2023,UNNAMED,BB,2023-08-02 15:00:00,23.3,84.6,46.3,990.0,Depression,,0.764801025390625,-3.9127197265625,994.1,False
2023212N19090,2023,UNNAMED,BB,2023-08-02 18:00:00,23.3,84.1,46.3,990.0,Depression,,1.0819549560546875,-2.2640533447265625,995.2,False
2023212N19090,2023,UNNAMED,BB,2023-08-02 21:00:00,23.3,83.7,46.3,990.0,Depression,,1.031707763671875,-1.697265625,994.1,False
2023212N19090,2023,UNNAMED,BB,2023-08-03 00:00:00,23.4,83.4,46.3,990.0,Depression,,-1.82611083984375,-2.125335693359375,994.1,False
2023212N19090,2023,UNNAMED,BB,2023-08-03 03:00:00,23.5,83.1,46.3,992.0,Depression,,-2.5367889404296875,-3.8979644775390634,995.3,False
2023212N19090,2023,UNNAMED,BB,2023-08-03 06:00:00,23.5,83.1,37.0,993.0,Depression,,-1.15411376953125,-2.9549560546875,995.6,False
2023273N16073,2023,UNNAMED,AS,2023-09-30 03:00:00,15.9,72.8,46.3,1002.0,Depression,28.95,7.73992919921875,-9.502716064453123,1003.7,True
2023273N16073,2023,UNNAMED,AS,2023-09-30 06:00:00,16.4,73.1,46.3,1002.0,Depression,28.42,7.809677124023437,-7.452316284179687,1003.7,True
2023273N16073,2023,UNNAMED,AS,2023-09-30 09:00:00,16.6,73.2,46.3,1002.0,Depression,28.16,6.118988037109375,-1.11968994140625,1001.8,True
2023273N16073,2023,UNNAMED,AS,2023-09-30 12:00:00,16.6,73.2,46.3,1002.0,Depression,28.16,5.745391845703125,-0.5626220703125,1001.6,True
2023273N16073,2023,UNNAMED,AS,2023-09-30 15:00:00,16.7,73.3,46.3,1002.0,Depression,28.34,-2.184555053710937,-3.0152130126953125,1002.8,True
2023273N16073,2023,UNNAMED,AS,2023-09-30 18:00:00,16.8,73.5,46.3,1002.0,Depression,,-3.6405029296875,-0.1124420166015625,1003.4,False
2023273N16073,2023,UNNAMED,AS,2023-09-30 21:00:00,16.9,73.7,46.3,1003.0,Depression,,-3.191390991210937,-1.1828155517578125,1002.3,False
2023273N16073,2023,UNNAMED,AS,2023-10-01 00:00:00,17.0,74.0,46.3,1003.0,Depression,,-3.07830810546875,2.244247436523437,1003.6,False
2023292N11063,2023,TEJ,AS,2023-10-19 06:00:00,10.7,62.6,,,,29.85,1.737548828125,-3.8902587890625,1012.5,True
2023292N11063,2023,TEJ,AS,2023-10-19 09:00:00,10.4,62.5,,,,29.99,1.9221038818359373,-2.625,1009.7,True
2023292N11063,2023,TEJ,AS,2023-10-19 12:00:00,10.2,62.4,,,,30.1,0.03033447265625,-2.5308837890625,1009.0,True
2023292N11063,2023,TEJ,AS,2023-10-19 15:00:00,10.0,62.4,,,,30.09,-1.7511749267578125,-1.0331268310546875,1010.4,True
2023292N11063,2023,TEJ,AS,2023-10-19 18:00:00,9.9,62.3,,,,30.05,-2.44476318359375,0.19085693359375,1010.6,True
2023292N11063,2023,TEJ,AS,2023-10-19 21:00:00,9.7,62.2,,,,30.03,-0.745452880859375,1.046356201171875,1008.7,True
2023292N11063,2023,TEJ,AS,2023-10-20 00:00:00,9.5,62.1,,,,29.5,0.6808624267578125,3.2855224609375,1008.0,True
2023292N11063,2023,TEJ,AS,2023-10-20 03:00:00,9.3,61.8,46.3,1004.0,Depression,29.5,2.182281494140625,3.485443115234375,1008.7,True
2023292N11063,2023,TEJ,AS,2023-10-20 06:00:00,9.3,61.6,46.3,1004.0,Depression,29.48,4.282028198242188,2.8030548095703125,1008.9,True
2023292N11063,2023,TEJ,AS,2023-10-20 09:00:00,9.3,61.3,51.9,1004.0,Deep Depression,29.44,4.724273681640625,3.841110229492188,1006.2,True
2023292N11063,2023,TEJ,AS,2023-10-20 12:00:00,9.4,61.1,55.6,1003.0,Deep Depression,29.38,-2.09454345703125,5.133468627929688,1004.7,True
2023292N11063,2023,TEJ,AS,2023-10-20 15:00:00,9.5,60.7,55.6,1003.0,Deep Depression,29.39,-5.119598388671875,6.724365234375,1005.5,True
2023292N11063,2023,TEJ,AS,2023-10-20 18:00:00,9.6,60.3,55.6,1002.0,Deep Depression,29.52,-1.33270263671875,1.5964508056640625,1004.8,True
2023292N11063,2023,TEJ,AS,2023-10-20 21:00:00,9.7,59.7,61.1,1002.0,Deep Depression,29.49,-1.9609222412109373,3.79888916015625,1003.0,True
2023292N11063,2023,TEJ,AS,2023-10-21 00:00:00,9.9,59.2,64.8,1001.0,Cyclonic Storm,28.72,-7.03265380859375,4.924407958984375,1001.4,False
2023292N11063,2023,TEJ,AS,2023-10-21 03:00:00,10.1,58.7,83.3,998.0,Cyclonic Storm,28.45,-11.131210327148438,6.411178588867188,1001.0,False
2023292N11063,2023,TEJ,AS,2023-10-21 06:00:00,10.3,58.3,92.6,996.0,Severe Cyclonic Storm,28.53,-7.5893402099609375,-0.7181854248046875,1000.6,False
2023292N11063,2023,TEJ,AS,2023-10-21 09:00:00,10.3,57.8,92.6,995.0,Severe Cyclonic Storm,28.82,7.460830688476562,2.888824462890625,1000.3,False
2023292N11063,2023,TEJ,AS,2023-10-21 12:00:00,10.7,57.4,101.9,992.0,Severe Cyclonic Storm,29.13,-3.673049926757813,12.20819091796875,997.9,False
2023292N11063,2023,TEJ,AS,2023-10-21 15:00:00,11.1,57.0,120.4,988.0,Very Severe Cyclonic Storm,29.3,2.517364501953125,10.180908203125,998.9,False
2023292N11063,2023,TEJ,AS,2023-10-21 18:00:00,11.4,56.6,138.9,980.0,Very Severe Cyclonic Storm,29.39,-9.322158813476562,5.8329010009765625,999.4,False
2023292N11063,2023,TEJ,AS,2023-10-21 21:00:00,11.7,56.1,148.2,976.0,Very Severe Cyclonic Storm,29.38,-8.191787719726562,4.330902099609375,996.9,False
2023292N11063,2023,TEJ,AS,2023-10-22 00:00:00,12.1,55.9,157.4,972.0,Very Severe Cyclonic Storm,29.12,-3.305892944335937,16.268997192382812,996.6,False
2023292N11063,2023,TEJ,AS,2023-10-22 03:00:00,12.4,55.4,175.9,964.0,Extremely Severe Cyclonic Storm,28.96,-5.714813232421875,13.172576904296877,996.0,False
2023292N11063,2023,TEJ,AS,2023-10-22 06:00:00,12.7,55.1,175.9,964.0,Extremely Severe Cyclonic Storm,28.87,-0.7952880859375,7.46795654296875,996.8,False
2023292N11063,2023,TEJ,AS,2023-10-22 09:00:00,13.0,54.7,175.9,964.0,Extremely Severe Cyclonic Storm,28.47,2.8388671875,14.409042358398438,996.6,False
2023292N11063,2023,TEJ,AS,2023-10-22 12:00:00,13.4,54.4,175.9,964.0,Extremely Severe Cyclonic Storm,27.99,-7.08642578125,12.094863891601562,996.5,False
2023292N11063,2023,TEJ,AS,2023-10-22 15:00:00,13.6,54.1,175.9,964.0,Extremely Severe Cyclonic Storm,28.44,6.39276123046875,7.355560302734375,996.6,False
2023292N11063,2023,TEJ,AS,2023-10-22 18:00:00,13.9,53.9,175.9,964.0,Extremely Severe Cyclonic Storm,28.92,-6.154067993164063,15.69793701171875,999.1,False
2023292N11063,2023,TEJ,AS,2023-10-22 21:00:00,14.1,53.5,175.9,966.0,Extremely Severe Cyclonic Storm,28.7,8.83258056640625,11.2615966796875,998.4,False
2023292N11063,2023,TEJ,AS,2023-10-23 00:00:00,14.3,53.4,166.7,968.0,Extremely Severe Cyclonic Storm,28.05,2.0123748779296875,16.433151245117188,1001.0,False
2023292N11063,2023,TEJ,AS,2023-10-23 03:00:00,14.6,53.1,157.4,972.0,Very Severe Cyclonic Storm,27.97,12.216796875,8.852386474609375,1000.0,False
2023292N11063,2023,TEJ,AS,2023-10-23 06:00:00,14.9,52.9,148.2,976.0,Very Severe Cyclonic Storm,28.42,0.836151123046875,15.276962280273438,1003.0,False
2023292N11063,2023,TEJ,AS,2023-10-23 09:00:00,15.1,52.7,148.2,978.0,Very Severe Cyclonic Storm,28.49,9.741912841796877,14.819534301757812,1001.6,False
2023292N11063,2023,TEJ,AS,2023-10-23 12:00:00,15.4,52.7,138.9,981.0,Very Severe Cyclonic Storm,28.89,-4.334274291992188,13.791351318359377,999.9,False
2023292N11063,2023,TEJ,AS,2023-10-23 15:00:00,15.6,52.5,129.6,984.0,Very Severe Cyclonic Storm,28.77,0.7362060546875,18.008285522460938,1000.5,False
2023292N11063,2023,TEJ,AS,2023-10-23 18:00:00,15.8,52.3,129.6,986.0,Very Severe Cyclonic Storm,28.52,-10.7359619140625,11.613906860351562,1003.8,False
2023292N11063,2023,TEJ,AS,2023-10-23 21:00:00,15.8,52.3,120.4,988.0,Very Severe Cyclonic Storm,28.52,-10.893875122070312,9.857513427734377,1005.8,False
2023292N11063,2023,TEJ,AS,2023-10-24 00:00:00,15.9,52.3,111.1,990.0,Severe Cyclonic Storm,28.39,-14.842437744140623,5.619186401367188,1007.9,False
2023292N11063,2023,TEJ,AS,2023-10-24 03:00:00,15.8,51.9,92.6,996.0,Severe Cyclonic Storm,,-5.507843017578125,6.9007720947265625,1010.3,False
2023292N11063,2023,TEJ,AS,2023-10-24 06:00:00,15.9,51.6,74.1,1000.0,Cyclonic Storm,,-5.788360595703125,4.563690185546875,1012.7,False
2023292N11063,2023,TEJ,AS,2023-10-24 09:00:00,16.1,51.4,55.6,1002.0,Deep Depression,,-4.96875,2.9796142578125,1011.6,False
2023292N11063,2023,TEJ,AS,2023-10-24 12:00:00,16.4,51.3,46.3,1004.0,Depression,,-7.296295166015625,-0.473602294921875,1011.0,False
2023293N12089,2023,HAMOON,BB,2023-10-20 06:00:00,12.4,88.6,,,,29.65,0.7585906982421875,1.3294219970703125,1010.9,True
2023293N12089,2023,HAMOON,BB,2023-10-20 09:00:00,12.6,88.5,,,,29.65,1.353179931640625,1.7317352294921875,1008.7,True
2023293N12089,2023,HAMOON,BB,2023-10-20 12:00:00,12.7,88.4,,,,29.7,-0.18243408203125,1.9342498779296875,1009.3,True
2023293N12089,2023,HAMOON,BB,2023-10-20 15:00:00,12.7,88.2,,,,29.71,0.289581298828125,1.031982421875,1011.3,True
2023293N12089,2023,HAMOON,BB,2023-10-20 18:00:00,12.8,88.0,,,,29.8,1.20928955078125,-0.1437835693359375,1010.3,True
2023293N12089,2023,HAMOON,BB,2023-10-20 21:00:00,13.0,87.8,,,,29.67,1.1181793212890625,-0.48626708984375,1008.6,True
2023293N12089,2023,HAMOON,BB,2023-10-21 00:00:00,13.2,87.5,,,,29.7,0.11480712890625,1.822845458984375,1009.4,True
2023293N12089,2023,HAMOON,BB,2023-10-21 03:00:00,13.4,87.3,,,,29.63,1.2291412353515625,0.1221160888671875,1011.3,True
2023293N12089,2023,HAMOON,BB,2023-10-21 06:00:00,13.6,87.1,,,,29.61,0.9575347900390624,0.8540802001953125,1010.5,True
2023293N12089,2023,HAMOON,BB,2023-10-21 09:00:00,14.1,86.5,,,,29.5,-3.509872436523437,-1.812347412109375,1008.3,True
2023293N12089,2023,HAMOON,BB,2023-10-21 12:00:00,14.6,86.0,,,,29.32,-6.0421905517578125,-3.36700439453125,1008.9,True
2023293N12089,2023,HAMOON,BB,2023-10-21 15:00:00,15.0,85.8,,,,29.6,-6.229705810546875,-5.642333984375,1011.6,True
2023293N12089,2023,HAMOON,BB,2023-10-21 18:00:00,15.1,86.0,46.3,1003.0,Depression,29.56,-6.7752838134765625,-3.228622436523437,1010.3,True
2023293N12089,2023,HAMOON,BB,2023-10-21 21:00:00,15.2,86.1,46.3,1003.0,Depression,29.62,-7.0247955322265625,-2.301910400390625,1008.0,True
2023293N12089,2023,HAMOON,BB,2023-10-22 00:00:00,15.2,86.2,46.3,1003.0,Depression,29.62,-4.4396820068359375,-1.6929168701171875,1008.5,True
2023293N12089,2023,HAMOON,BB,2023-10-22 03:00:00,15.3,86.2,46.3,1003.0,Depression,29.62,-1.641571044921875,-1.450469970703125,1010.4,True
2023293N12089,2023,HAMOON,BB,2023-10-22 06:00:00,15.5,86.3,46.3,1003.0,Depression,29.6,-1.9486083984375,1.03045654296875,1008.3,True
2023293N12089,2023,HAMOON,BB,2023-10-22 09:00:00,15.7,86.4,46.3,1002.0,Depression,29.49,-3.9365234375,1.7772064208984375,1006.3,True
2023293N12089,2023,HAMOON,BB,2023-10-22 12:00:00,15.9,86.6,55.6,1001.0,Deep Depression,29.42,-3.51513671875,-2.895370483398437,1006.4,True
2023293N12089,2023,HAMOON,BB,2023-10-22 15:00:00,16.2,86.7,55.6,1001.0,Deep Depression,29.34,-4.35626220703125,1.221771240234375,1008.8,True
2023293N12089,2023,HAMOON,BB,2023-10-22 18:00:00,16.2,86.8,55.6,1001.0,Deep Depression,29.34,-3.8386383056640634,2.69598388671875,1008.0,True
2023293N12089,2023,HAMOON,BB,2023-10-22 21:00:00,16.4,86.8,55.6,1001.0,Deep Depression,29.38,-4.55902099609375,3.5272216796875,1005.9,True
2023293N12089,2023,HAMOON,BB,2023-10-23 00:00:00,16.8,86.9,55.6,1001.0,Deep Depression,28.99,3.993820190429688,2.9927215576171875,1004.9,True
2023293N12089,2023,HAMOON,BB,2023-10-23 03:00:00,17.1,86.9,55.6,1001.0,Deep Depression,28.98,5.3525390625,3.953948974609375,1007.2,True
2023293N12089,2023,HAMOON,BB,2023-10-23 06:00:00,17.5,87.0,55.6,1000.0,Deep Depression,28.94,5.588104248046875,4.2125091552734375,1005.6,True
2023293N12089,2023,HAMOON,BB,2023-10-23 09:00:00,17.9,87.2,55.6,1000.0,Deep Depression,28.78,5.456756591796875,4.4357452392578125,1003.3,True
2023293N12089,2023,HAMOON,BB,2023-10-23 12:00:00,18.4,87.4,64.8,999.0,Cyclonic Storm,28.62,8.000686645507812,4.030609130859375,1001.9,False
2023293N12089,2023,HAMOON,BB,2023-10-23 15:00:00,18.8,87.8,74.1,998.0,Cyclonic Storm,28.64,7.9764404296875,6.0805511474609375,1002.6,False
2023293N12089,2023,HAMOON,BB,2023-10-23 18:00:00,19.2,88.2,74.1,998.0,Cyclonic Storm,28.75,1.8304443359375,10.517227172851562,1001.8,False
2023293N12089,2023,HAMOON,BB,2023-10-23 21:00:00,19.4,88.6,92.6,994.0,Severe Cyclonic Storm,28.9,3.4635467529296875,8.367279052734375,1001.6,False
2023293N12089,2023,HAMOON,BB,2023-10-24 00:00:00,19.7,89.0,101.9,990.0,Severe Cyclonic Storm,29.28,2.617523193359375,2.9736785888671875,1001.9,False
2023293N12089,2023,HAMOON,BB,2023-10-24 03:00:00,20.0,89.6,120.4,984.0,Very Severe Cyclonic Storm,29.19,2.221649169921875,0.8382720947265625,1004.3,False
2023293N12089,2023,HAMOON,BB,2023-10-24 06:00:00,20.3,90.2,120.4,985.0,Very Severe Cyclonic Storm,29.2,3.714569091796875,5.856658935546875,1002.6,False
2023293N12089,2023,HAMOON,BB,2023-10-24 09:00:00,20.7,90.8,120.4,986.0,Very Severe Cyclonic Storm,29.12,-2.9521484375,6.9151611328125,1001.4,False
2023293N12089,2023,HAMOON,BB,2023-10-24 12:00:00,21.0,91.2,101.9,988.0,Severe Cyclonic Storm,29.36,-4.622467041015625,8.438507080078125,1003.1,False
2023293N12089,2023,HAMOON,BB,2023-10-24 15:00:00,20.9,91.0,101.9,990.0,Severe Cyclonic Storm,29.29,-3.247100830078125,-0.6846160888671875,1005.0,False
2023293N12089,2023,HAMOON,BB,2023-10-24 18:00:00,20.9,90.8,92.6,994.0,Severe Cyclonic Storm,29.11,-0.341796875,-9.29388427734375,1006.1,False
2023293N12089,2023,HAMOON,BB,2023-10-24 21:00:00,21.5,91.5,83.3,996.0,Cyclonic Storm,29.38,-7.7973175048828125,1.4820404052734375,1006.0,False
2023293N12089,2023,HAMOON,BB,2023-10-25 00:00:00,22.2,92.2,64.8,999.0,Cyclonic Storm,,-1.90155029296875,-0.9785919189453124,1010.1,False
2023293N12089,2023,HAMOON,BB,2023-10-25 03:00:00,22.5,92.4,55.6,1003.0,Deep Depression,,-0.9231109619140624,0.03265380859375,1012.9,False
2023293N12089,2023,HAMOON,BB,2023-10-25 06:00:00,22.7,92.5,46.3,1004.0,Depression,,-0.070587158203125,-0.5267333984375,1012.2,False
2023317N10094,2023,MIDHILI,BB,2023-11-13 06:00:00,9.9,94.1,,,,29.61,-6.6953887939453125,-3.3717041015625,1011.4,True
2023317N10094,2023,MIDHILI,BB,2023-11-13 09:00:00,10.4,93.9,,,,29.6,-9.079574584960938,-1.045989990234375,1009.1,True
2023317N10094,2023,MIDHILI,BB,2023-11-13 12:00:00,10.9,93.4,,,,29.77,-8.250152587890625,1.9363861083984373,1010.2,True
2023317N10094,2023,MIDHILI,BB,2023-11-13 15:00:00,11.4,92.6,,,,29.61,-6.792892456054688,1.9145050048828125,1013.0,True
2023317N10094,2023,MIDHILI,BB,2023-11-13 18:00:00,11.8,91.7,,,,29.9,-6.228729248046875,-0.3498687744140625,1011.6,True
2023317N10094,2023,MIDHILI,BB,2023-11-13 21:00:00,12.1,91.1,,,,29.83,-6.5360107421875,-1.194061279296875,1010.0,True
2023317N10094,2023,MIDHILI,BB,2023-11-14 00:00:00,12.4,90.6,,,,29.7,-6.785171508789063,-0.1708831787109375,1010.8,True
2023317N10094,2023,MIDHILI,BB,2023-11-14 03:00:00,12.7,90.0,,,,29.54,-7.181365966796875,-1.0673675537109375,1012.9,True
2023317N10094,2023,MIDHILI,BB,2023-11-14 06:00:00,12.9,89.4,,,,29.44,-7.1280517578125,-0.1362762451171875,1011.0,True
2023317N10094,2023,MIDHILI,BB,2023-11-14 09:00:00,13.2,88.6,,,,29.47,-4.0380859375,-0.2553863525390625,1008.5,True
2023317N10094,2023,MIDHILI,BB,2023-11-14 12:00:00,13.4,87.9,,,,29.42,-5.254058837890625,-2.780136108398437,1009.8,True
2023317N10094,2023,MIDHILI,BB,2023-11-14 15:00:00,13.5,87.4,,,,29.33,-3.1301727294921875,-1.121337890625,1011.2,True
2023317N10094,2023,MIDHILI,BB,2023-11-14 18:00:00,13.6,87.1,,,,29.34,0.58123779296875,1.5239105224609375,1010.7,True
2023317N10094,2023,MIDHILI,BB,2023-11-14 21:00:00,13.6,86.7,,,,29.39,3.303207397460937,4.1976470947265625,1008.8,True
2023317N10094,2023,MIDHILI,BB,2023-11-15 00:00:00,13.8,86.5,,,,29.44,2.395172119140625,0.330780029296875,1008.6,True
2023317N10094,2023,MIDHILI,BB,2023-11-15 03:00:00,14.3,86.6,46.3,1005.0,Depression,29.14,0.1316680908203125,2.444488525390625,1010.1,True
2023317N10094,2023,MIDHILI,BB,2023-11-15 06:00:00,14.8,86.7,46.3,1005.0,Depression,29.0,-0.9986572265625,7.391326904296875,1009.1,True
2023317N10094,2023,MIDHILI,BB,2023-11-15 09:00:00,15.1,86.7,46.3,1005.0,Depression,28.99,0.1891021728515625,7.209747314453125,1006.7,True
2023317N10094,2023,MIDHILI,BB,2023-11-15 12:00:00,15.4,86.7,46.3,1004.0,Depression,28.93,-0.22607421875,0.9293365478515624,1007.4,True
2023317N10094,2023,MIDHILI,BB,2023-11-15 15:00:00,15.7,86.6,46.3,1004.0,Depression,28.92,-1.26312255859375,-2.23504638671875,1009.2,True
2023317N10094,2023,MIDHILI,BB,2023-11-15 18:00:00,16.1,86.7,46.3,1004.0,Depression,28.84,1.09295654296875,3.64715576171875,1008.2,True
2023317N10094,2023,MIDHILI,BB,2023-11-15 21:00:00,16.6,86.8,51.9,1004.0,Deep Depression,28.5,1.6292266845703125,5.2397003173828125,1006.7,True
2023317N10094,2023,MIDHILI,BB,2023-11-16 00:00:00,17.2,87.0,55.6,1003.0,Deep Depression,28.39,2.4883270263671875,7.44873046875,1006.9,True
2023317N10094,2023,MIDHILI,BB,2023-11-16 03:00:00,17.5,87.1,55.6,1003.0,Deep Depression,28.34,2.9465484619140625,7.5115966796875,1009.0,True
2023317N10094,2023,MIDHILI,BB,2023-11-16 06:00:00,17.9,87.3,55.6,1003.0,Deep Depression,28.34,-0.100250244140625,8.44879150390625,1008.2,True
2023317N10094,2023,MIDHILI,BB,2023-11-16 09:00:00,18.3,87.5,55.6,1003.0,Deep Depression,28.29,-0.9727630615234376,10.238235473632812,1006.3,True
2023317N10094,2023,MIDHILI,BB,2023-11-16 12:00:00,18.6,87.6,55.6,1003.0,Deep Depression,28.3,-1.176300048828125,5.34234619140625,1007.8,True
2023317N10094,2023,MIDHILI,BB,2023-11-16 15:00:00,18.8,87.9,55.6,1003.0,Deep Depression,28.29,0.18756103515625,10.75494384765625,1009.8,True
2023317N10094,2023,MIDHILI,BB,2023-11-16 18:00:00,19.2,88.1,55.6,1002.0,Deep Depression,28.21,2.889511108398437,8.678497314453125,1008.4,True
2023317N10094,2023,MIDHILI,BB,2023-11-16 21:00:00,19.6,88.3,61.1,1002.0,Deep Depression,28.29,5.0713653564453125,9.279647827148438,1006.7,True
2023317N10094,2023,MIDHILI,BB,2023-11-17 00:00:00,20.2,88.7,64.8,1001.0,Cyclonic Storm,28.24,5.43975830078125,5.2254638671875,1006.5,False
2023317N10094,2023,MIDHILI,BB,2023-11-17 03:00:00,20.8,89.2,74.1,1000.0,Cyclonic Storm,27.89,4.8563232421875,-0.3593292236328125,1007.9,False
2023317N10094,2023,MIDHILI,BB,2023-11-17 06:00:00,21.4,89.7,83.3,998.0,Cyclonic Storm,26.92,7.29205322265625,1.0254669189453125,1006.9,False
2023317N10094,2023,MIDHILI,BB,2023-11-17 09:00:00,22.1,90.3,92.6,996.0,Severe Cyclonic Storm,,4.466827392578125,4.8923187255859375,1005.2,False
2023317N10094,2023,MIDHILI,BB,2023-11-17 12:00:00,23.0,91.0,74.1,998.0,Cyclonic Storm,,-2.00628662109375,3.911590576171875,1007.2,False
2023317N10094,2023,MIDHILI,BB,2023-11-17 15:00:00,23.3,91.2,64.8,1000.0,Cyclonic Storm,,0.4310455322265625,5.104705810546875,1009.8,False
2023317N10094,2023,MIDHILI,BB,2023-11-17 18:00:00,23.4,91.4,55.6,1003.0,Deep Depression,,1.565826416015625,4.455093383789063,1011.4,False
2023317N10094,2023,MIDHILI,BB,2023-11-17 21:00:00,23.5,91.5,46.3,1004.0,Depression,,1.476165771484375,2.5677947998046875,1012.4,False
2023317N10094,2023,MIDHILI,BB,2023-11-18 00:00:00,23.7,91.7,37.0,1005.0,Depression,,1.2495880126953125,0.8916473388671875,1013.4,False
2023334N08088,2023,MICHAUNG,BB,2023-11-30 06:00:00,7.5,88.0,,,,29.05,1.895263671875,2.3667755126953125,1009.1,True
2023334N08088,2023,MICHAUNG,BB,2023-11-30 09:00:00,7.9,87.6,,,,29.08,1.9707794189453125,1.2531890869140625,1007.3,True
2023334N08088,2023,MICHAUNG,BB,2023-11-30 12:00:00,8.2,87.2,,,,29.18,-0.3351287841796875,2.9934539794921875,1008.3,True
2023334N08088,2023,MICHAUNG,BB,2023-11-30 15:00:00,8.3,86.8,,,,29.18,0.4896240234375,2.88653564453125,1009.5,True
2023334N08088,2023,MICHAUNG,BB,2023-11-30 18:00:00,8.4,86.4,,,,29.19,-0.0755462646484375,2.5405731201171875,1009.3,True
2023334N08088,2023,MICHAUNG,BB,2023-11-30 21:00:00,8.5,86.0,,,,29.21,0.6363677978515625,3.02398681640625,1006.8,True
2023334N08088,2023,MICHAUNG,BB,2023-12-01 00:00:00,8.8,85.8,37.0,1002.0,Depression,29.34,2.128662109375,-0.524169921875,1007.1,True
2023334N08088,2023,MICHAUNG,BB,2023-12-01 03:00:00,9.0,85.6,37.0,1002.0,Depression,29.21,-1.373382568359375,0.295867919921875,1009.1,True
2023334N08088,2023,MICHAUNG,BB,2023-12-01 06:00:00,9.2,85.4,46.3,1002.0,Depression,29.13,-0.5793609619140625,2.268280029296875,1007.5,True
2023334N08088,2023,MICHAUNG,BB,2023-12-01 09:00:00,9.5,85.3,46.3,1002.0,Depression,28.92,-0.6322784423828125,1.770904541015625,1004.9,True
2023334N08088,2023,MICHAUNG,BB,2023-12-01 12:00:00,9.7,85.1,46.3,1001.0,Depression,28.9,-0.9419708251953124,2.42486572265625,1005.9,True
2023334N08088,2023,MICHAUNG,BB,2023-12-01 15:00:00,9.8,85.0,46.3,1001.0,Depression,28.9,-2.415191650390625,1.7863311767578125,1007.2,True
2023334N08088,2023,MICHAUNG,BB,2023-12-01 18:00:00,9.9,84.8,46.3,1000.0,Depression,28.9,-3.4121551513671875,1.430145263671875,1006.2,True
2023334N08088,2023,MICHAUNG,BB,2023-12-01 21:00:00,9.9,84.5,51.9,999.0,Deep Depression,28.86,-3.239013671875,-1.898345947265625,1004.2,True
2023334N08088,2023,MICHAUNG,BB,2023-12-02 00:00:00,10.1,84.1,55.6,998.0,Deep Depression,28.74,-0.4452362060546875,0.48431396484375,1004.5,True
2023334N08088,2023,MICHAUNG,BB,2023-12-02 03:00:00,10.2,83.8,55.6,997.0,Deep Depression,28.69,-1.2723388671875,1.4296112060546875,1006.2,True
2023334N08088,2023,MICHAUNG,BB,2023-12-02 06:00:00,10.3,83.6,55.6,997.0,Deep Depression,28.62,-0.744842529296875,3.64483642578125,1004.7,True
2023334N08088,2023,MICHAUNG,BB,2023-12-02 09:00:00,10.4,83.5,55.6,997.0,Deep Depression,28.73,-1.2788543701171875,3.578094482421875,1001.9,True
2023334N08088,2023,MICHAUNG,BB,2023-12-02 12:00:00,10.5,83.5,55.6,997.0,Deep Depression,28.73,-0.4208831787109375,1.29974365234375,1002.8,True
2023334N08088,2023,MICHAUNG,BB,2023-12-02 15:00:00,10.7,83.3,55.6,997.0,Deep Depression,28.74,0.06732177734375,0.982177734375,1004.2,True
2023334N08088,2023,MICHAUNG,BB,2023-12-02 18:00:00,10.8,83.1,55.6,996.0,Deep Depression,28.68,1.5727996826171875,0.2154998779296875,1003.8,True
2023334N08088,2023,MICHAUNG,BB,2023-12-02 21:00:00,11.0,83.0,61.1,996.0,Deep Depression,28.7,2.532196044921875,2.604476928710937,1001.6,True
2023334N08088,2023,MICHAUNG,BB,2023-12-03 00:00:00,11.3,82.9,64.8,995.0,Cyclonic Storm,28.59,2.7557373046875,0.951446533203125,1001.3,False
2023334N08088,2023,MICHAUNG,BB,2023-12-03 03:00:00,11.5,82.7,64.8,995.0,Cyclonic Storm,28.58,-1.3659210205078125,-1.2364654541015625,1003.5,False
2023334N08088,2023,MICHAUNG,BB,2023-12-03 06:00:00,11.9,82.5,64.8,995.0,Cyclonic Storm,28.44,-3.8382568359375,0.5630645751953125,1002.4,False
2023334N08088,2023,MICHAUNG,BB,2023-12-03 09:00:00,12.1,82.4,64.8,995.0,Cyclonic Storm,28.44,2.355087280273437,1.7280120849609375,999.6,False
2023334N08088,2023,MICHAUNG,BB,2023-12-03 12:00:00,12.3,82.3,64.8,995.0,Cyclonic Storm,28.49,5.1226959228515625,-1.6953887939453125,998.2,False
2023334N08088,2023,MICHAUNG,BB,2023-12-03 15:00:00,12.5,82.1,74.1,994.0,Cyclonic Storm,28.49,3.943405151367188,2.087646484375,998.4,False
2023334N08088,2023,MICHAUNG,BB,2023-12-03 18:00:00,12.8,81.8,83.3,992.0,Cyclonic Storm,28.63,-2.577789306640625,3.81866455078125,995.9,False
2023334N08088,2023,MICHAUNG,BB,2023-12-03 21:00:00,12.9,81.6,83.3,992.0,Cyclonic Storm,28.8,-7.744461059570312,0.3385772705078125,993.5,False
2023334N08088,2023,MICHAUNG,BB,2023-12-04 00:00:00,13.1,81.4,83.3,992.0,Cyclonic Storm,28.6,-1.7408294677734375,5.6625823974609375,992.0,False
2023334N08088,2023,MICHAUNG,BB,2023-12-04 03:00:00,13.3,81.1,92.6,988.0,Severe Cyclonic Storm,28.61,-6.087448120117188,-2.418060302734375,994.4,False
2023334N08088,2023,MICHAUNG,BB,2023-12-04 06:00:00,13.5,80.9,92.6,988.0,Severe Cyclonic Storm,28.63,-9.981796264648438,-0.9885101318359376,995.0,False
2023334N08088,2023,MICHAUNG,BB,2023-12-04 09:00:00,13.7,80.7,92.6,988.0,Severe Cyclonic Storm,28.35,-8.11444091796875,-5.425994873046875,992.7,False
2023334N08088,2023,MICHAUNG,BB,2023-12-04 12:00:00,14.0,80.6,101.9,986.0,Severe Cyclonic Storm,27.98,-6.5396881103515625,-7.39898681640625,993.3,False
2023334N08088,2023,MICHAUNG,BB,2023-12-04 15:00:00,14.2,80.4,101.9,986.0,Severe Cyclonic Storm,27.96,-3.8329010009765625,-1.6111297607421875,994.6,False
2023334N08088,2023,MICHAUNG,BB,2023-12-04 18:00:00,14.4,80.3,101.9,986.0,Severe Cyclonic Storm,,-1.540802001953125,1.4171600341796875,994.1,False
2023334N08088,2023,MICHAUNG,BB,2023-12-04 21:00:00,14.6,80.2,101.9,986.0,Severe Cyclonic Storm,,4.559585571289063,6.3372344970703125,994.4,False
2023334N08088,2023,MICHAUNG,BB,2023-12-05 00:00:00,14.9,80.1,92.6,988.0,Severe Cyclonic Storm,27.46,-3.572372436523437,-1.269439697265625,995.4,False
2023334N08088,2023,MICHAUNG,BB,2023-12-05 03:00:00,15.2,80.1,92.6,988.0,Severe Cyclonic Storm,,-1.4362335205078125,-0.5340118408203125,998.3,False
2023334N08088,2023,MICHAUNG,BB,2023-12-05 06:00:00,15.6,80.2,92.6,988.0,Severe Cyclonic Storm,,-4.184906005859375,6.268325805664063,999.3,False
2023334N08088,2023,MICHAUNG,BB,2023-12-05 09:00:00,15.8,80.2,92.6,990.0,Severe Cyclonic Storm,,-1.6496429443359375,1.2740325927734375,997.7,False
2023334N08088,2023,MICHAUNG,BB,2023-12-05 12:00:00,16.0,80.2,74.1,996.0,Cyclonic Storm,,0.247711181640625,-1.705169677734375,1000.1,False
2023334N08088,2023,MICHAUNG,BB,2023-12-05 15:00:00,16.4,80.3,64.8,998.0,Cyclonic Storm,,-0.8475341796875,-3.427719116210937,1003.1,False
2023334N08088,2023,MICHAUNG,BB,2023-12-05 18:00:00,16.9,80.4,55.6,1000.0,Deep Depression,,-4.095962524414063,0.66552734375,1004.2,False
2023334N08088,2023,MICHAUNG,BB,2023-12-05 21:00:00,17.1,80.5,46.3,1002.0,Depression,,-1.128387451171875,2.8989715576171875,1003.6,False
2023334N08088,2023,MICHAUNG,BB,2023-12-06 00:00:00,17.3,80.6,37.0,1004.0,Depression,,0.716644287109375,3.2413482666015625,1004.9,False
2023334N08088,2023,MICHAUNG,BB,2023-12-06 03:00:00,17.7,80.8,,,,,-1.5957489013671875,4.5298614501953125,1008.2,False
2023334N08088,2023,MICHAUNG,BB,2023-12-06 06:00:00,18.3,81.1,,,,,-2.0354766845703125,4.5081634521484375,1009.2,False
2024145N14087,2024,REMAL,BB,2024-05-23 12:00:00,13.6,86.6,,,,30.91,8.033523559570312,-0.862091064453125,998.5,True
2024145N14087,2024,REMAL,BB,2024-05-23 15:00:00,13.9,87.2,,,,31.0,5.0534515380859375,-1.8511962890625,999.6,True
2024145N14087,2024,REMAL,BB,2024-05-23 18:00:00,14.3,87.7,,,,31.17,4.0440826416015625,-2.544662475585937,999.4,True
2024145N14087,2024,REMAL,BB,2024-05-23 21:00:00,14.7,88.2,,,,31.28,3.027496337890625,-1.6615142822265625,997.0,True
2024145N14087,2024,REMAL,BB,2024-05-24 00:00:00,15.2,88.6,46.3,996.0,Depression,31.65,3.254913330078125,-1.5901336669921875,997.2,True
2024145N14087,2024,REMAL,BB,2024-05-24 03:00:00,15.5,89.0,46.3,996.0,Depression,31.66,-0.2150115966796875,2.17974853515625,998.6,True
2024145N14087,2024,REMAL,BB,2024-05-24 06:00:00,15.9,89.3,46.3,996.0,Depression,31.43,-1.8592681884765625,4.10455322265625,997.7,True
2024145N14087,2024,REMAL,BB,2024-05-24 09:00:00,16.1,89.4,46.3,996.0,Depression,31.46,1.4118804931640625,1.6180419921875,995.3,True
2024145N14087,2024,REMAL,BB,2024-05-24 12:00:00,16.4,89.6,46.3,995.0,Depression,31.33,-0.7420806884765625,2.6901397705078125,995.3,True
2024145N14087,2024,REMAL,BB,2024-05-24 15:00:00,16.7,89.7,46.3,995.0,Depression,31.47,0.1211090087890625,3.0562744140625,996.5,True
2024145N14087,2024,REMAL,BB,2024-05-24 18:00:00,17.0,89.9,46.3,995.0,Depression,31.48,-0.979156494140625,3.1647491455078125,995.9,True
2024145N14087,2024,REMAL,BB,2024-05-24 21:00:00,17.2,89.9,51.9,994.0,Deep Depression,31.37,-3.2051239013671875,0.71295166015625,993.8,True
2024145N14087,2024,REMAL,BB,2024-05-25 00:00:00,17.6,90.0,55.6,993.0,Deep Depression,31.42,-0.761199951171875,1.7393798828125,993.4,True
2024145N14087,2024,REMAL,BB,2024-05-25 03:00:00,17.9,89.8,55.6,992.0,Deep Depression,31.31,-3.62109375,1.34320068359375,993.9,True
2024145N14087,2024,REMAL,BB,2024-05-25 06:00:00,18.2,89.6,55.6,991.0,Deep Depression,31.3,-2.249725341796875,1.91534423828125,993.2,True
2024145N14087,2024,REMAL,BB,2024-05-25 09:00:00,18.4,89.5,61.1,990.0,Deep Depression,31.36,-1.2341156005859375,2.0636749267578125,990.5,True
2024145N14087,2024,REMAL,BB,2024-05-25 12:00:00,18.7,89.3,64.8,989.0,Cyclonic Storm,31.31,-4.914154052734375,3.2844696044921875,990.7,False
2024145N14087,2024,REMAL,BB,2024-05-25 15:00:00,18.9,89.2,64.8,989.0,Cyclonic Storm,31.34,-5.3703155517578125,5.574508666992188,991.5,False
2024145N14087,2024,REMAL,BB,2024-05-25 18:00:00,19.2,89.2,74.1,988.0,Cyclonic Storm,31.39,-4.77392578125,3.6208343505859375,990.7,False
2024145N14087,2024,REMAL,BB,2024-05-25 21:00:00,19.4,89.2,83.3,986.0,Cyclonic Storm,31.41,-2.427154541015625,4.35400390625,987.6,False
2024145N14087,2024,REMAL,BB,2024-05-26 00:00:00,19.6,89.2,92.6,984.0,Severe Cyclonic Storm,30.21,-4.4744873046875,3.4152374267578125,985.6,False
2024145N14087,2024,REMAL,BB,2024-05-26 03:00:00,19.9,89.1,92.6,984.0,Severe Cyclonic Storm,30.35,-2.273544311523437,1.1543121337890625,985.7,False
2024145N14087,2024,REMAL,BB,2024-05-26 06:00:00,20.3,89.1,92.6,983.0,Severe Cyclonic Storm,30.48,7.593612670898437,4.603302001953125,985.1,False
2024145N14087,2024,REMAL,BB,2024-05-26 09:00:00,20.6,89.1,101.9,981.0,Severe Cyclonic Storm,30.66,8.947784423828125,10.695602416992188,983.3,False
2024145N14087,2024,REMAL,BB,2024-05-26 12:00:00,21.2,89.1,111.1,978.0,Severe Cyclonic Storm,30.74,-4.8026123046875,13.616119384765623,982.5,False
2024145N14087,2024,REMAL,BB,2024-05-26 14:00:00,21.5,89.0,111.1,978.0,Severe Cyclonic Storm,31.16,-3.3186798095703125,10.858489990234377,982.0,False
2024145N14087,2024,REMAL,BB,2024-05-26 15:00:00,21.6,89.0,111.1,978.0,Severe Cyclonic Storm,31.16,-3.3186798095703125,10.858489990234377,982.0,False
2024145N14087,2024,REMAL,BB,2024-05-26 18:00:00,22.0,88.9,111.1,978.0,Severe Cyclonic Storm,,-6.012176513671875,3.9436187744140634,980.2,False
2024145N14087,2024,REMAL,BB,2024-05-26 21:00:00,22.2,88.9,101.9,980.0,Severe Cyclonic Storm,,-3.19366455078125,3.4393463134765625,978.0,False
2024145N14087,2024,REMAL,BB,2024-05-27 00:00:00,22.6,89.0,83.3,982.0,Cyclonic Storm,,-0.46795654296875,2.317230224609375,977.8,False
2024145N14087,2024,REMAL,BB,2024-05-27 03:00:00,22.8,89.1,74.1,984.0,Cyclonic Storm,,1.695892333984375,3.5942535400390625,977.8,False
2024145N14087,2024,REMAL,BB,2024-05-27 06:00:00,23.1,89.1,64.8,985.0,Cyclonic Storm,,5.69921875,0.561492919921875,978.2,False
2024145N14087,2024,REMAL,BB,2024-05-27 09:00:00,23.3,89.3,64.8,986.0,Cyclonic Storm,,6.4700469970703125,2.607269287109375,977.2,False
2024145N14087,2024,REMAL,BB,2024-05-27 12:00:00,23.6,89.6,64.8,987.0,Cyclonic Storm,,4.579879760742188,0.346343994140625,980.7,False
2024145N14087,2024,REMAL,BB,2024-05-27 15:00:00,23.8,90.1,55.6,988.0,Deep Depression,,5.421051025390625,4.605728149414063,983.3,False
2024145N14087,2024,REMAL,BB,2024-05-27 18:00:00,24.1,90.5,55.6,990.0,Deep Depression,,5.23919677734375,8.566131591796875,984.7,False
2024145N14087,2024,REMAL,BB,2024-05-27 21:00:00,24.3,90.8,46.3,991.0,Depression,,6.9533233642578125,7.4886474609375,984.7,False
2024145N14087,2024,REMAL,BB,2024-05-28 00:00:00,24.5,91.1,37.0,991.0,Depression,,6.23712158203125,5.71319580078125,986.9,False
2024145N14087,2024,REMAL,BB,2024-05-28 03:00:00,24.7,91.5,37.0,992.0,Depression,,5.279556274414063,5.6561126708984375,990.4,False
2024145N14087,2024,REMAL,BB,2024-05-28 06:00:00,25.1,91.8,37.0,993.0,Depression,,4.454925537109375,3.570053100585937,992.8,False
2024201N19086,2024,UNNAMED,BB,2024-07-19 03:00:00,19.1,86.2,46.3,992.0,Depression,30.22,-2.0460205078125,1.3809661865234375,993.3,True
2024201N19086,2024,UNNAMED,BB,2024-07-19 06:00:00,19.2,86.0,46.3,992.0,Depression,30.27,-5.8638458251953125,0.36846923828125,992.1,True
2024201N19086,2024,UNNAMED,BB,2024-07-19 09:00:00,19.3,85.8,46.3,991.0,Depression,30.24,-5.8047943115234375,-2.666000366210937,990.3,True
2024201N19086,2024,UNNAMED,BB,2024-07-19 12:00:00,19.4,85.7,46.3,990.0,Depression,30.41,-6.77606201171875,-3.6973724365234375,990.4,True
2024201N19086,2024,UNNAMED,BB,2024-07-19 15:00:00,19.5,85.6,46.3,990.0,Depression,30.44,-4.608184814453125,-6.617156982421875,992.6,True
2024201N19086,2024,UNNAMED,BB,2024-07-19 18:00:00,19.5,85.6,46.3,990.0,Depression,30.44,-2.0877838134765625,-8.058273315429688,993.0,True
2024201N19086,2024,UNNAMED,BB,2024-07-19 21:00:00,19.6,85.5,46.3,991.0,Depression,30.44,0.2564544677734375,-8.117843627929688,992.0,True
2024201N19086,2024,UNNAMED,BB,2024-07-20 00:00:00,19.6,85.5,46.3,991.0,Depression,30.25,1.03680419921875,-7.931716918945312,991.9,True
2024201N19086,2024,UNNAMED,BB,2024-07-20 03:00:00,19.6,85.5,46.3,992.0,Depression,30.25,0.6025238037109375,-5.784439086914063,993.4,True
2024201N19086,2024,UNNAMED,BB,2024-07-20 06:00:00,19.7,85.4,46.3,992.0,Depression,30.46,1.756591796875,-1.0214691162109375,993.2,True
2024216N24085,2024,UNNAMED,BB,2024-08-02 12:00:00,24.2,85.2,37.0,992.0,Depression,,1.2275238037109375,3.5107574462890625,993.0,False
2024216N24085,2024,UNNAMED,BB,2024-08-02 15:00:00,24.2,85.0,37.0,992.0,Depression,,1.6604461669921875,2.8942108154296875,994.5,False
2024216N24085,2024,UNNAMED,BB,2024-08-02 18:00:00,24.2,84.9,37.0,992.0,Depression,,2.605316162109375,3.30810546875,994.8,False
2024216N24085,2024,UNNAMED,BB,2024-08-02 21:00:00,24.2,84.8,42.6,992.0,Depression,,2.841033935546875,1.754486083984375,993.7,False
2024216N24085,2024,UNNAMED,BB,2024-08-03 00:00:00,24.3,84.6,46.3,991.0,Depression,,0.74322509765625,4.9669036865234375,992.5,False
2024216N24085,2024,UNNAMED,BB,2024-08-03 03:00:00,24.4,84.4,55.6,990.0,Deep Depression,,-3.834259033203125,5.069595336914063,993.9,False
2024216N24085,2024,UNNAMED,BB,2024-08-03 06:00:00,24.5,84.2,55.6,988.0,Deep Depression,,-1.6590728759765625,5.430572509765625,995.2,False
2024216N24085,2024,UNNAMED,BB,2024-08-03 09:00:00,24.7,83.7,55.6,988.0,Deep Depression,,-1.633697509765625,3.9241943359375,994.2,False
2024216N24085,2024,UNNAMED,BB,2024-08-03 12:00:00,24.8,83.0,55.6,988.0,Deep Depression,,0.60540771484375,3.852935791015625,993.7,False
2024216N24085,2024,UNNAMED,BB,2024-08-03 15:00:00,24.8,82.2,55.6,989.0,Deep Depression,,-1.1888885498046875,1.1669464111328125,995.3,False
2024216N24085,2024,UNNAMED,BB,2024-08-03 18:00:00,24.8,81.5,55.6,990.0,Deep Depression,,-0.2695465087890625,-2.7998046875,996.1,False
2024216N24085,2024,UNNAMED,BB,2024-08-03 21:00:00,24.8,81.2,55.6,990.0,Deep Depression,,-0.0807952880859375,-1.6170501708984375,994.0,False
2024216N24085,2024,UNNAMED,BB,2024-08-04 00:00:00,24.9,81.0,55.6,990.0,Deep Depression,,-2.8401031494140625,2.1720428466796875,993.6,False
2024216N24085,2024,UNNAMED,BB,2024-08-04 03:00:00,25.0,80.7,55.6,991.0,Deep Depression,,-2.105316162109375,3.433197021484375,995.3,False
2024216N24085,2024,UNNAMED,BB,2024-08-04 06:00:00,25.3,79.6,55.6,992.0,Deep Depression,,-1.1660614013671875,-2.6128082275390625,995.9,False
2024216N24085,2024,UNNAMED,BB,2024-08-04 09:00:00,25.6,78.9,55.6,992.0,Deep Depression,,-1.7818756103515625,-1.368011474609375,994.7,False
2024216N24085,2024,UNNAMED,BB,2024-08-04 12:00:00,25.8,78.4,55.6,992.0,Deep Depression,,-1.261383056640625,-1.47265625,992.9,False
2024216N24085,2024,UNNAMED,BB,2024-08-04 15:00:00,25.9,78.0,55.6,993.0,Deep Depression,,-3.85003662109375,-0.981719970703125,995.5,False
2024216N24085,2024,UNNAMED,AS,2024-08-04 18:00:00,26.0,77.6,55.6,993.0,Deep Depression,,-3.87896728515625,-1.5260467529296875,996.3,False
2024216N24085,2024,UNNAMED,AS,2024-08-04 21:00:00,26.1,76.9,51.9,993.0,Deep Depression,,-1.50238037109375,-3.043853759765625,994.7,False
2024216N24085,2024,UNNAMED,AS,2024-08-05 00:00:00,26.3,76.2,46.3,993.0,Depression,,-2.52734375,-2.937728881835937,995.9,False
2024216N24085,2024,UNNAMED,AS,2024-08-05 03:00:00,26.5,75.6,46.3,993.0,Depression,,-3.7612152099609375,-3.4774322509765625,997.4,False
2024216N24085,2024,UNNAMED,AS,2024-08-05 06:00:00,26.8,75.2,46.3,994.0,Depression,,-3.6897125244140634,-2.8489227294921875,998.4,False
2024216N24085,2024,UNNAMED,AS,2024-08-05 09:00:00,27.2,74.4,42.6,994.0,Depression,,-2.9193267822265625,-3.3302459716796875,997.7,False
2024216N24085,2024,UNNAMED,AS,2024-08-05 12:00:00,27.6,73.5,37.0,994.0,Depression,,-0.209197998046875,-4.3209228515625,996.6,False
2024216N24085,2024,UNNAMED,AS,2024-08-05 15:00:00,28.2,72.7,37.0,995.0,Depression,,0.2528533935546875,-0.538421630859375,997.9,False
2024216N24085,2024,UNNAMED,AS,2024-08-05 18:00:00,28.8,72.0,37.0,996.0,Depression,,4.1558380126953125,1.230438232421875,998.8,False
2024238N25077,2024,ASNA,AS,2024-08-25 00:00:00,24.5,77.3,37.0,997.0,Depression,,1.64202880859375,-3.7917327880859375,997.1,False
2024238N25077,2024,ASNA,AS,2024-08-25 03:00:00,24.6,76.9,37.0,997.0,Depression,,-3.1187286376953125,-0.8481292724609375,997.6,False
2024238N25077,2024,ASNA,AS,2024-08-25 06:00:00,24.6,76.5,37.0,996.0,Depression,,-2.3967742919921875,-0.492034912109375,996.7,False
2024238N25077,2024,ASNA,AS,2024-08-25 09:00:00,24.5,76.1,42.6,996.0,Depression,,-1.0052490234375,-3.6790924072265625,995.2,False
2024238N25077,2024,ASNA,AS,2024-08-25 12:00:00,24.4,75.6,46.3,996.0,Depression,,-1.0284271240234375,-4.6861419677734375,995.4,False
2024238N25077,2024,ASNA,AS,2024-08-25 15:00:00,24.3,75.1,51.9,996.0,Deep Depression,,0.67376708984375,-4.1788482666015625,996.9,False
2024238N25077,2024,ASNA,AS,2024-08-25 18:00:00,24.3,74.7,55.6,995.0,Deep Depression,,-0.700836181640625,-3.53228759765625,996.8,False
2024238N25077,2024,ASNA,AS,2024-08-25 21:00:00,24.3,74.4,55.6,995.0,Deep Depression,,-2.189910888671875,-3.7935638427734375,995.0,False
2024238N25077,2024,ASNA,AS,2024-08-26 00:00:00,24.2,74.2,55.6,995.0,Deep Depression,,-2.433441162109375,-2.9073028564453125,995.4,False
2024238N25077,2024,ASNA,AS,2024-08-26 03:00:00,24.1,74.0,55.6,995.0,Deep Depression,,-2.491973876953125,-2.402130126953125,995.8,False
2024238N25077,2024,ASNA,AS,2024-08-26 06:00:00,23.8,73.6,55.6,995.0,Deep Depression,,-1.9183197021484373,-3.3392486572265625,995.4,False
2024238N25077,2024,ASNA,AS,2024-08-26 09:00:00,23.7,73.3,55.6,995.0,Deep Depression,,0.930145263671875,-1.8637237548828125,993.4,False
2024238N25077,2024,ASNA,AS,2024-08-26 12:00:00,23.8,73.0,55.6,995.0,Deep Depression,,3.470703125,-0.42706298828125,993.1,False
2024238N25077,2024,ASNA,AS,2024-08-26 15:00:00,23.8,72.7,55.6,995.0,Deep Depression,,2.850860595703125,2.100677490234375,995.2,False
2024238N25077,2024,ASNA,AS,2024-08-26 18:00:00,23.8,72.4,55.6,995.0,Deep Depression,,2.253936767578125,1.909393310546875,995.6,False
2024238N25077,2024,ASNA,AS,2024-08-26 21:00:00,23.8,72.3,55.6,995.0,Deep Depression,,-0.8921661376953125,1.7549896240234375,993.2,False
2024238N25077,2024,ASNA,AS,2024-08-27 00:00:00,23.8,72.2,55.6,995.0,Deep Depression,,-1.1209869384765625,4.040802001953125,992.9,False
2024238N25077,2024,ASNA,AS,2024-08-27 03:00:00,23.8,72.0,55.6,995.0,Deep Depression,,1.13385009765625,2.3210906982421875,994.6,False
2024238N25077,2024,ASNA,AS,2024-08-27 06:00:00,23.7,71.7,55.6,995.0,Deep Depression,,-0.987030029296875,3.152984619140625,995.2,False
2024238N25077,2024,ASNA,AS,2024-08-27 09:00:00,23.7,71.3,55.6,995.0,Deep Depression,,0.087677001953125,5.24090576171875,993.9,False
2024238N25077,2024,ASNA,AS,2024-08-27 12:00:00,23.8,70.9,55.6,995.0,Deep Depression,,-1.654541015625,6.267745971679688,993.2,False
2024238N25077,2024,ASNA,AS,2024-08-27 15:00:00,23.9,70.6,55.6,995.0,Deep Depression,,0.824371337890625,1.096282958984375,994.4,False
2024238N25077,2024,ASNA,AS,2024-08-27 18:00:00,24.0,70.4,55.6,995.0,Deep Depression,,-1.45513916015625,2.0539093017578125,995.6,False
2024238N25077,2024,ASNA,AS,2024-08-27 21:00:00,24.0,70.1,55.6,995.0,Deep Depression,,-0.5783538818359375,-0.6008453369140625,993.8,False
2024238N25077,2024,ASNA,AS,2024-08-28 00:00:00,24.0,70.0,55.6,995.0,Deep Depression,,0.339202880859375,-3.095489501953125,992.6,False
2024238N25077,2024,ASNA,AS,2024-08-28 03:00:00,24.0,69.8,55.6,995.0,Deep Depression,,2.153717041015625,-2.95928955078125,993.7,False
2024238N25077,2024,ASNA,AS,2024-08-28 06:00:00,23.9,69.8,55.6,994.0,Deep Depression,,1.142242431640625,-2.919586181640625,994.4,False
2024238N25077,2024,ASNA,AS,2024-08-28 09:00:00,23.8,69.8,55.6,994.0,Deep Depression,,3.365951538085937,-0.9278106689453124,993.1,False
2024238N25077,2024,ASNA,AS,2024-08-28 12:00:00,23.8,69.8,55.6,994.0,Deep Depression,,5.5501556396484375,-2.467315673828125,992.9,False
2024238N25077,2024,ASNA,AS,2024-08-28 15:00:00,23.8,69.8,55.6,994.0,Deep Depression,,8.311752319335938,-0.966888427734375,993.5,False
2024238N25077,2024,ASNA,AS,2024-08-28 18:00:00,23.8,69.7,55.6,994.0,Deep Depression,,7.319931030273437,0.19384765625,993.4,False
2024238N25077,2024,ASNA,AS,2024-08-28 21:00:00,23.8,69.6,55.6,994.0,Deep Depression,,4.043365478515625,-2.491119384765625,992.3,False
2024238N25077,2024,ASNA,AS,2024-08-29 00:00:00,23.8,69.5,55.6,994.0,Deep Depression,,4.3193206787109375,-6.060455322265625,992.0,False
2024238N25077,2024,ASNA,AS,2024-08-29 03:00:00,23.7,69.4,55.6,994.0,Deep Depression,,5.435089111328125,-7.21185302734375,993.0,False
2024238N25077,2024,ASNA,AS,2024-08-29 06:00:00,23.7,69.5,55.6,994.0,Deep Depression,,2.8860321044921875,-5.779800415039063,993.3,False
2024238N25077,2024,ASNA,AS,2024-08-29 09:00:00,23.6,69.4,55.6,994.0,Deep Depression,,7.240997314453125,-2.5166778564453125,992.4,False
2024238N25077,2024,ASNA,AS,2024-08-29 12:00:00,23.6,69.3,55.6,994.0,Deep Depression,,9.930526733398438,-3.31103515625,992.1,False
2024238N25077,2024,ASNA,AS,2024-08-29 15:00:00,23.5,69.2,55.6,994.0,Deep Depression,,8.910400390625,0.986297607421875,993.5,False
2024238N25077,2024,ASNA,AS,2024-08-29 18:00:00,23.5,69.0,55.6,994.0,Deep Depression,,4.49591064453125,2.809844970703125,994.1,False
2024238N25077,2024,ASNA,AS,2024-08-29 21:00:00,23.4,68.7,55.6,994.0,Deep Depression,,0.00634765625,-1.2526397705078125,991.3,False
2024238N25077,2024,ASNA,AS,2024-08-30 00:00:00,23.3,68.5,55.6,994.0,Deep Depression,28.67,8.509506225585938,1.274871826171875,992.4,True
2024238N25077,2024,ASNA,AS,2024-08-30 03:00:00,23.3,68.2,55.6,994.0,Deep Depression,28.52,12.02130126953125,7.6938323974609375,993.6,True
2024238N25077,2024,ASNA,AS,2024-08-30 06:00:00,23.4,68.0,64.8,993.0,Cyclonic Storm,28.26,4.445602416992188,7.086395263671875,992.7,False
2024238N25077,2024,ASNA,AS,2024-08-30 09:00:00,23.4,67.5,64.8,993.0,Cyclonic Storm,28.2,4.197311401367188,-2.0693817138671875,990.4,False
2024238N25077,2024,ASNA,AS,2024-08-30 12:00:00,23.4,67.1,64.8,993.0,Cyclonic Storm,28.43,7.9810028076171875,-3.39959716796875,992.1,False
2024238N25077,2024,ASNA,AS,2024-08-30 15:00:00,23.5,66.9,64.8,992.0,Cyclonic Storm,28.43,3.8826904296875,3.050994873046875,993.0,False
2024238N25077,2024,ASNA,AS,2024-08-30 18:00:00,23.6,66.4,64.8,992.0,Cyclonic Storm,28.69,2.098739624023437,-4.129425048828125,994.5,False
2024238N25077,2024,ASNA,AS,2024-08-30 21:00:00,23.5,66.1,64.8,992.0,Cyclonic Storm,29.0,-1.8297882080078125,-6.2245635986328125,993.1,False
2024238N25077,2024,ASNA,AS,2024-08-31 00:00:00,23.5,65.7,74.1,991.0,Cyclonic Storm,28.85,2.455062866210937,4.358154296875,992.0,False
2024238N25077,2024,ASNA,AS,2024-08-31 03:00:00,23.5,65.2,74.1,991.0,Cyclonic Storm,29.06,2.566680908203125,1.8983154296875,993.6,False
2024238N25077,2024,ASNA,AS,2024-08-31 06:00:00,23.5,64.9,74.1,991.0,Cyclonic Storm,29.13,-1.5546875,6.8645782470703125,994.6,False
2024238N25077,2024,ASNA,AS,2024-08-31 09:00:00,23.4,64.4,74.1,991.0,Cyclonic Storm,29.1,0.4110565185546875,2.796630859375,993.6,False
2024238N25077,2024,ASNA,AS,2024-08-31 12:00:00,23.5,64.2,74.1,990.0,Cyclonic Storm,29.07,-2.3028106689453125,6.648284912109375,993.9,False
2024238N25077,2024,ASNA,AS,2024-08-31 15:00:00,23.4,63.7,74.1,990.0,Cyclonic Storm,29.09,-4.0336456298828125,6.33929443359375,995.3,False
2024238N25077,2024,ASNA,AS,2024-08-31 18:00:00,23.4,63.5,74.1,990.0,Cyclonic Storm,29.16,-7.9291534423828125,7.034912109375,997.3,False
2024238N25077,2024,ASNA,AS,2024-08-31 21:00:00,23.3,63.0,74.1,990.0,Cyclonic Storm,29.26,-4.0013275146484375,2.6974029541015625,994.6,False
2024238N25077,2024,ASNA,AS,2024-09-01 00:00:00,23.1,62.6,74.1,990.0,Cyclonic Storm,28.66,-2.007476806640625,-0.5361480712890625,994.3,False
2024238N25077,2024,ASNA,AS,2024-09-01 03:00:00,22.9,62.3,64.8,992.0,Cyclonic Storm,28.6,-6.1219329833984375,1.0116729736328125,995.2,False
2024238N25077,2024,ASNA,AS,2024-09-01 06:00:00,22.7,62.1,64.8,993.0,Cyclonic Storm,28.6,-6.5548858642578125,-2.0684356689453125,996.0,False
2024238N25077,2024,ASNA,AS,2024-09-01 09:00:00,22.5,61.9,64.8,993.0,Cyclonic Storm,28.32,-4.1987152099609375,-0.9979095458984376,995.1,False
2024238N25077,2024,ASNA,AS,2024-09-01 12:00:00,22.2,61.8,55.6,996.0,Deep Depression,27.9,-3.965866088867188,-6.5704193115234375,995.0,True
2024238N25077,2024,ASNA,AS,2024-09-01 15:00:00,21.9,61.7,55.6,997.0,Deep Depression,27.58,-4.346923828125,-3.5846405029296875,996.8,True
2024238N25077,2024,ASNA,AS,2024-09-01 18:00:00,21.7,61.6,55.6,998.0,Deep Depression,26.98,-2.7138824462890625,-6.452728271484375,999.2,True
2024238N25077,2024,ASNA,AS,2024-09-01 21:00:00,21.4,61.5,46.3,999.0,Depression,26.5,-0.9686279296875,-4.6024932861328125,998.6,True
2024238N25077,2024,ASNA,AS,2024-09-02 00:00:00,21.2,61.4,37.0,999.0,Depression,26.45,-2.552459716796875,-0.3355560302734375,997.9,False
2024238N25077,2024,ASNA,AS,2024-09-02 03:00:00,20.9,61.2,37.0,1000.0,Depression,26.22,-2.1493072509765625,-2.296844482421875,999.8,False
2024238N25077,2024,ASNA,AS,2024-09-02 06:00:00,20.6,61.1,,,,26.6,1.7236328125,-3.516754150390625,1000.9,True
2024238N25077,2024,ASNA,AS,2024-09-02 09:00:00,20.4,61.0,,,,26.6,-2.4024658203125,-4.5059356689453125,999.4,True
2024238N25077,2024,ASNA,AS,2024-09-02 12:00:00,20.2,61.0,,,,26.37,-3.534149169921875,-3.332489013671875,998.8,False
2024238N25077,2024,ASNA,AS,2024-09-02 15:00:00,19.9,60.9,,,,26.16,-0.3081817626953125,-0.513214111328125,999.6,False
2024238N25077,2024,ASNA,AS,2024-09-02 18:00:00,19.7,60.9,,,,26.24,-0.38641357421875,2.234222412109375,1001.1,False
2024238N25077,2024,ASNA,AS,2024-09-02 21:00:00,19.7,60.9,,,,26.24,-0.70880126953125,4.078521728515625,1000.5,False
2024238N25077,2024,ASNA,AS,2024-09-03 00:00:00,19.8,60.8,,,,26.66,-1.170654296875,-0.1686859130859375,999.9,True
2024238N25077,2024,ASNA,AS,2024-09-03 03:00:00,19.9,60.7,,,,26.62,-3.8045501708984375,-0.1794281005859375,1002.0,True
2024238N25077,2024,ASNA,AS,2024-09-03 06:00:00,19.9,60.7,,,,26.62,-2.130767822265625,1.65521240234375,1003.3,True
2024244N18085,2024,UNNAMED,BB,2024-08-31 00:00:00,17.5,84.6,46.3,998.0,Depression,29.55,-3.4375152587890625,-6.630126953125,997.0,True
2024244N18085,2024,UNNAMED,BB,2024-08-31 03:00:00,17.7,84.5,46.3,997.0,Depression,29.59,-7.811248779296875,-1.3497314453125,999.2,True
2024244N18085,2024,UNNAMED,BB,2024-08-31 06:00:00,17.9,84.3,46.3,996.0,Depression,29.33,-7.5263671875,-0.4196014404296875,999.1,True
2024244N18085,2024,UNNAMED,BB,2024-08-31 09:00:00,18.0,84.1,46.3,997.0,Depression,29.23,-4.7920684814453125,6.466552734375,997.4,True
2024244N18085,2024,UNNAMED,BB,2024-08-31 12:00:00,18.1,84.0,46.3,997.0,Depression,29.23,-4.0352325439453125,1.727386474609375,997.8,True
2024244N18085,2024,UNNAMED,BB,2024-08-31 15:00:00,18.1,83.9,46.3,997.0,Depression,29.23,-4.4018096923828125,7.07952880859375,999.4,True
2024244N18085,2024,UNNAMED,BB,2024-08-31 18:00:00,18.2,83.8,46.3,997.0,Depression,29.08,-3.735794067382813,4.610107421875,999.9,True
2024244N18085,2024,UNNAMED,BB,2024-08-31 21:00:00,18.3,83.5,46.3,997.0,Depression,,-3.308944702148437,-0.6102142333984375,998.4,False
2024244N18085,2024,UNNAMED,BB,2024-09-01 00:00:00,18.5,83.0,46.3,997.0,Depression,,-3.402984619140625,-0.9277496337890624,1001.3,False
2024244N18085,2024,UNNAMED,BB,2024-09-01 03:00:00,18.7,82.4,46.3,998.0,Depression,,-5.1922454833984375,-0.6006317138671875,1001.4,False
2024244N18085,2024,UNNAMED,BB,2024-09-01 06:00:00,18.7,82.1,37.0,999.0,Depression,,-3.3263702392578125,-0.1914825439453125,999.8,False
2024244N18085,2024,UNNAMED,BB,2024-09-01 09:00:00,18.8,81.7,37.0,999.0,Depression,,-1.8188323974609373,1.3780670166015625,998.4,False
2024244N18085,2024,UNNAMED,BB,2024-09-01 12:00:00,19.0,81.2,37.0,999.0,Depression,,-0.7471160888671875,0.3797760009765625,998.8,False
2024244N18085,2024,UNNAMED,BB,2024-09-01 15:00:00,19.2,80.8,37.0,999.0,Depression,,-0.395751953125,-0.2594451904296875,1000.4,False
2024244N18085,2024,UNNAMED,BB,2024-09-01 18:00:00,19.3,80.4,37.0,999.0,Depression,,-0.8144683837890625,0.852935791015625,1001.0,False
2024244N18085,2024,UNNAMED,BB,2024-09-01 21:00:00,19.5,80.2,37.0,999.0,Depression,,-0.7860107421875,-0.4188995361328125,999.9,False
2024244N18085,2024,UNNAMED,BB,2024-09-02 00:00:00,19.6,80.0,37.0,999.0,Depression,,-0.980194091796875,0.6468658447265625,1000.1,False
2024244N18085,2024,UNNAMED,BB,2024-09-02 03:00:00,19.7,79.7,37.0,999.0,Depression,,-2.3631744384765625,1.058624267578125,1002.2,False
2024244N18085,2024,UNNAMED,BB,2024-09-02 06:00:00,19.8,79.5,37.0,999.0,Depression,,-2.3740234375,0.951995849609375,1002.7,False
2024252N18087,2024,UNNAMED,BB,2024-09-08 00:00:00,17.9,87.0,46.3,998.0,Depression,29.71,-2.203826904296875,-1.4752349853515625,996.5,True
2024252N18087,2024,UNNAMED,BB,2024-09-08 03:00:00,18.2,86.8,46.3,998.0,Depression,29.75,-6.011398315429688,-3.053955078125,998.1,True
2024252N18087,2024,UNNAMED,BB,2024-09-08 06:00:00,18.4,86.7,46.3,997.0,Depression,29.75,-4.1077880859375,-1.8681793212890625,997.3,True
2024252N18087,2024,UNNAMED,BB,2024-09-08 09:00:00,18.5,86.5,46.3,996.0,Depression,29.79,-1.7376708984375,-0.2965087890625,994.4,True
2024252N18087,2024,UNNAMED,BB,2024-09-08 12:00:00,18.6,86.4,46.3,995.0,Depression,29.79,0.490325927734375,5.161056518554688,993.4,True
2024252N18087,2024,UNNAMED,BB,2024-09-08 15:00:00,18.7,86.3,51.9,994.0,Deep Depression,29.76,-2.743133544921875,0.9112091064453124,995.3,True
2024252N18087,2024,UNNAMED,BB,2024-09-08 18:00:00,18.9,86.3,55.6,993.0,Deep Depression,29.71,-2.7398223876953125,-2.8574371337890625,995.2,True
2024252N18087,2024,UNNAMED,BB,2024-09-08 21:00:00,19.1,86.2,55.6,992.0,Deep Depression,29.71,-1.8058929443359373,-2.4476776123046875,993.1,True
2024252N18087,2024,UNNAMED,BB,2024-09-09 00:00:00,19.3,86.2,55.6,991.0,Deep Depression,29.69,1.5189666748046875,3.71258544921875,992.6,True
2024252N18087,2024,UNNAMED,BB,2024-09-09 03:00:00,19.6,86.2,55.6,991.0,Deep Depression,29.88,2.46112060546875,7.9715576171875,994.8,True
2024252N18087,2024,UNNAMED,BB,2024-09-09 06:00:00,20.0,86.0,55.6,992.0,Deep Depression,,-0.8552703857421875,4.55145263671875,994.9,False
2024252N18087,2024,UNNAMED,BB,2024-09-09 09:00:00,20.4,85.6,55.6,993.0,Deep Depression,,-2.303070068359375,1.37042236328125,993.6,False
2024252N18087,2024,UNNAMED,BB,2024-09-09 12:00:00,20.8,85.1,55.6,994.0,Deep Depression,,-1.80914306640625,-0.3445892333984375,994.4,False
2024252N18087,2024,UNNAMED,BB,2024-09-09 15:00:00,21.1,84.8,51.9,995.0,Deep Depression,,-3.431488037109375,1.4206085205078125,996.6,False
2024252N18087,2024,UNNAMED,BB,2024-09-09 18:00:00,21.3,84.4,46.3,995.0,Depression,,-3.659011840820313,2.05914306640625,997.2,False
2024252N18087,2024,UNNAMED,BB,2024-09-09 21:00:00,21.5,83.9,46.3,995.0,Depression,,-4.282135009765625,1.7150421142578125,995.3,False
2024252N18087,2024,UNNAMED,BB,2024-09-10 00:00:00,21.7,83.3,46.3,995.0,Depression,,-4.0564727783203125,0.3043975830078125,995.5,False
2024252N18087,2024,UNNAMED,BB,2024-09-10 03:00:00,21.8,82.8,46.3,996.0,Depression,,-3.558944702148437,1.778839111328125,997.2,False
2024252N18087,2024,UNNAMED,BB,2024-09-10 06:00:00,21.9,82.1,46.3,996.0,Depression,,-4.260894775390625,-0.23828125,996.4,False
2024255N24080,2024,UNNAMED,BB,2024-09-11 03:00:00,24.0,80.0,37.0,995.0,Depression,,-3.3721160888671875,-0.00347900390625,996.7,False
2024255N24080,2024,UNNAMED,BB,2024-09-11 06:00:00,24.2,79.9,37.0,995.0,Depression,,1.0362701416015625,1.4453582763671875,996.5,False
2024255N24080,2024,UNNAMED,BB,2024-09-11 09:00:00,24.5,79.8,42.6,995.0,Depression,,1.3725433349609375,1.682769775390625,994.3,False
2024255N24080,2024,UNNAMED,BB,2024-09-11 12:00:00,25.0,79.6,46.3,994.0,Depression,,1.983154296875,-0.3914031982421875,994.4,False
2024255N24080,2024,UNNAMED,BB,2024-09-11 15:00:00,25.6,78.9,46.3,994.0,Depression,,0.52789306640625,-1.5792236328125,995.6,False
2024255N24080,2024,UNNAMED,BB,2024-09-11 18:00:00,26.2,78.2,46.3,994.0,Depression,,3.750045776367188,-6.2692413330078125,995.0,False
2024255N24080,2024,UNNAMED,BB,2024-09-11 21:00:00,26.5,78.1,46.3,994.0,Depression,,4.1635589599609375,-9.60113525390625,993.0,False
2024255N24080,2024,UNNAMED,BB,2024-09-12 00:00:00,26.7,78.3,46.3,994.0,Depression,,-1.8220977783203125,-4.69927978515625,993.0,False
2024255N24080,2024,UNNAMED,BB,2024-09-12 03:00:00,27.0,78.5,46.3,994.0,Depression,,-2.41717529296875,-3.3607635498046875,995.5,False
2024255N24080,2024,UNNAMED,BB,2024-09-12 06:00:00,27.3,78.7,46.3,994.0,Depression,,-4.316375732421875,-3.1485748291015625,995.8,False
2024255N24080,2024,UNNAMED,BB,2024-09-12 09:00:00,27.4,78.9,42.6,995.0,Depression,,-3.5846710205078125,-3.822021484375,993.4,False
2024255N24080,2024,UNNAMED,BB,2024-09-12 12:00:00,27.5,79.1,37.0,995.0,Depression,,0.3957366943359375,1.608917236328125,994.4,False
2024255N24080,2024,UNNAMED,BB,2024-09-12 15:00:00,27.6,79.3,37.0,995.0,Depression,,1.0888519287109375,3.270370483398437,996.3,False
2024255N24080,2024,UNNAMED,BB,2024-09-12 18:00:00,27.7,79.5,37.0,995.0,Depression,,1.3446502685546875,4.6993255615234375,996.5,False
2024255N24080,2024,UNNAMED,BB,2024-09-12 21:00:00,27.9,79.5,37.0,995.0,Depression,,2.5162353515625,5.7479400634765625,995.2,False
2024255N24080,2024,UNNAMED,BB,2024-09-13 00:00:00,28.2,79.3,37.0,995.0,Depression,,-0.4113006591796875,3.76202392578125,994.9,False
2024258N22091,2024,UNNAMED,BB,2024-09-13 12:00:00,22.0,90.8,37.0,993.0,Depression,,1.4865264892578125,0.474609375,995.6,False
2024258N22091,2024,UNNAMED,BB,2024-09-13 15:00:00,22.2,90.6,42.6,993.0,Depression,,2.5577545166015625,-2.3391265869140625,996.1,False
2024258N22091,2024,UNNAMED,BB,2024-09-13 18:00:00,22.3,90.4,46.3,992.0,Depression,,4.943939208984375,-0.49444580078125,995.2,False
2024258N22091,2024,UNNAMED,BB,2024-09-13 21:00:00,22.4,90.1,51.9,991.0,Deep Depression,,4.346710205078125,1.4059906005859375,993.3,False
2024258N22091,2024,UNNAMED,BB,2024-09-14 00:00:00,22.5,89.6,55.6,990.0,Deep Depression,,2.228729248046875,1.843536376953125,993.4,False
2024258N22091,2024,UNNAMED,BB,2024-09-14 03:00:00,22.7,88.8,55.6,990.0,Deep Depression,,2.3693084716796875,-4.340118408203125,994.6,False
2024258N22091,2024,UNNAMED,BB,2024-09-14 06:00:00,22.4,88.3,55.6,990.0,Deep Depression,,5.0694122314453125,-4.0768890380859375,994.0,False
2024258N22091,2024,UNNAMED,BB,2024-09-14 09:00:00,22.3,88.3,55.6,990.0,Deep Depression,,5.2559661865234375,-0.4364013671875,991.4,False
2024258N22091,2024,UNNAMED,BB,2024-09-14 12:00:00,22.4,88.5,55.6,989.0,Deep Depression,,-0.5077667236328125,-0.1953582763671875,990.7,False
2024258N22091,2024,UNNAMED,BB,2024-09-14 15:00:00,22.5,88.6,55.6,989.0,Deep Depression,,0.24761962890625,-1.960906982421875,992.0,False
2024258N22091,2024,UNNAMED,BB,2024-09-14 18:00:00,22.6,88.5,55.6,989.0,Deep Depression,,2.112091064453125,-0.652679443359375,991.5,False
2024258N22091,2024,UNNAMED,BB,2024-09-14 21:00:00,22.6,88.3,55.6,989.0,Deep Depression,,3.60101318359375,0.5538482666015625,990.1,False
2024258N22091,2024,UNNAMED,BB,2024-09-15 00:00:00,22.6,88.0,55.6,989.0,Deep Depression,,0.8907318115234375,1.0204010009765625,990.0,False
2024258N22091,2024,UNNAMED,BB,2024-09-15 03:00:00,22.6,87.8,55.6,990.0,Deep Depression,,0.8696746826171875,0.7551116943359375,991.5,False
2024258N22091,2024,UNNAMED,BB,2024-09-15 06:00:00,22.7,87.6,55.6,990.0,Deep Depression,,0.15380859375,-2.0210113525390625,991.4,False
2024258N22091,2024,UNNAMED,BB,2024-09-15 09:00:00,22.8,87.5,55.6,990.0,Deep Depression,,1.937225341796875,-1.6015472412109375,990.1,False
2024258N22091,2024,UNNAMED,BB,2024-09-15 12:00:00,22.8,87.4,55.6,990.0,Deep Depression,,2.421539306640625,0.6107330322265625,991.6,False
2024258N22091,2024,UNNAMED,BB,2024-09-15 15:00:00,22.8,87.3,55.6,990.0,Deep Depression,,1.4666748046875,0.5349273681640625,993.9,False
2024258N22091,2024,UNNAMED,BB,2024-09-15 18:00:00,22.9,87.2,55.6,990.0,Deep Depression,,-0.9853515625,0.679443359375,993.8,False
2024258N22091,2024,UNNAMED,BB,2024-09-15 21:00:00,22.9,87.1,55.6,990.0,Deep Depression,,-0.85015869140625,0.0775909423828125,992.4,False
2024258N22091,2024,UNNAMED,BB,2024-09-16 00:00:00,23.0,87.0,55.6,990.0,Deep Depression,,-1.721649169921875,2.691879272460937,993.2,False
2024258N22091,2024,UNNAMED,BB,2024-09-16 03:00:00,23.1,86.7,55.6,990.0,Deep Depression,,-2.0065460205078125,3.9569091796875,996.0,False
2024258N22091,2024,UNNAMED,BB,2024-09-16 06:00:00,23.2,86.4,55.6,990.0,Deep Depression,,-3.2292938232421875,3.384307861328125,997.2,False
2024258N22091,2024,UNNAMED,BB,2024-09-16 09:00:00,23.3,85.8,55.6,990.0,Deep Depression,,-3.536224365234375,2.600067138671875,995.0,False
2024258N22091,2024,UNNAMED,BB,2024-09-16 12:00:00,23.3,85.2,55.6,990.0,Deep Depression,,-4.2254486083984375,-0.109832763671875,996.6,False
2024258N22091,2024,UNNAMED,BB,2024-09-16 15:00:00,23.3,84.8,55.6,991.0,Deep Depression,,-2.4309844970703125,-1.5696258544921875,999.1,False
2024258N22091,2024,UNNAMED,BB,2024-09-16 18:00:00,23.4,84.6,55.6,991.0,Deep Depression,,-2.970489501953125,-0.2842254638671875,999.3,False
2024258N22091,2024,UNNAMED,BB,2024-09-16 21:00:00,23.5,84.4,51.9,992.0,Deep Depression,,-4.6825714111328125,2.4133453369140625,999.0,False
2024258N22091,2024,UNNAMED,BB,2024-09-17 00:00:00,23.6,84.2,46.3,992.0,Depression,,-4.760772705078125,3.2576141357421875,999.9,False
2024258N22091,2024,UNNAMED,BB,2024-09-17 03:00:00,23.7,83.7,46.3,993.0,Depression,,-5.284469604492188,1.29638671875,1000.7,False
2024258N22091,2024,UNNAMED,BB,2024-09-17 06:00:00,23.7,82.7,37.0,995.0,Depression,,-2.940399169921875,3.43731689453125,1000.3,False
2024258N22091,2024,UNNAMED,BB,2024-09-17 09:00:00,23.8,81.9,37.0,995.0,Depression,,-2.65966796875,3.3154296875,999.0,False
2024258N22091,2024,UNNAMED,BB,2024-09-17 12:00:00,24.0,81.3,37.0,995.0,Depression,,-0.7188262939453125,1.3282012939453125,997.8,False
2024258N22091,2024,UNNAMED,BB,2024-09-17 15:00:00,24.1,80.8,37.0,995.0,Depression,,-0.94146728515625,0.699005126953125,999.6,False
2024258N22091,2024,UNNAMED,BB,2024-09-17 18:00:00,24.2,80.3,37.0,995.0,Depression,,-2.99627685546875,-1.17742919921875,999.8,False
2024288N16065,2024,UNNAMED,AS,2024-10-13 12:00:00,15.6,65.0,37.0,1002.0,Depression,29.16,0.3580780029296875,0.63116455078125,1004.0,True
2024288N16065,2024,UNNAMED,AS,2024-10-13 15:00:00,15.6,64.8,37.0,1002.0,Depression,28.98,0.6799163818359375,0.124420166015625,1005.2,True
2024288N16065,2024,UNNAMED,AS,2024-10-13 18:00:00,15.7,64.7,37.0,1002.0,Depression,29.02,-0.6318511962890625,0.3416290283203125,1006.2,True
2024288N16065,2024,UNNAMED,AS,2024-10-13 21:00:00,15.8,64.6,37.0,1002.0,Depression,28.94,-1.285247802734375,-0.0225372314453125,1004.5,True
2024288N16065,2024,UNNAMED,AS,2024-10-14 00:00:00,15.8,64.5,37.0,1002.0,Depression,28.89,-1.14715576171875,1.6676025390625,1005.0,True
2024288N16065,2024,UNNAMED,AS,2024-10-14 03:00:00,15.8,64.3,46.3,1001.0,Depression,28.91,-1.44696044921875,3.8401947021484375,1006.1,True
2024288N16065,2024,UNNAMED,AS,2024-10-14 06:00:00,16.0,64.0,46.3,1001.0,Depression,28.91,-0.557159423828125,4.963043212890625,1007.1,True
2024288N16065,2024,UNNAMED,AS,2024-10-14 09:00:00,16.1,63.0,46.3,1001.0,Depression,28.66,0.23126220703125,2.2048797607421875,1004.3,True
2024288N16065,2024,UNNAMED,AS,2024-10-14 12:00:00,16.1,62.0,46.3,1001.0,Depression,28.65,0.1966400146484375,0.4936981201171875,1004.2,True
2024288N16065,2024,UNNAMED,AS,2024-10-14 15:00:00,16.1,61.6,46.3,1001.0,Depression,28.57,0.3606109619140625,-1.5967864990234375,1005.1,True
2024288N16065,2024,UNNAMED,AS,2024-10-14 18:00:00,16.1,61.5,46.3,1001.0,Depression,28.57,-0.6455078125,0.8096923828125,1006.9,True
2024288N16065,2024,UNNAMED,AS,2024-10-14 21:00:00,16.0,61.3,42.6,1002.0,Depression,28.52,-1.71575927734375,2.9740447998046875,1005.6,True
2024288N16065,2024,UNNAMED,AS,2024-10-15 00:00:00,16.1,61.0,37.0,1002.0,Depression,28.44,0.74652099609375,5.391036987304688,1004.6,True
2024288N16065,2024,UNNAMED,AS,2024-10-15 03:00:00,16.8,60.5,37.0,1002.0,Depression,28.3,1.3811187744140625,4.0412445068359375,1006.7,True
2024288N16065,2024,UNNAMED,AS,2024-10-15 06:00:00,17.5,59.8,37.0,1002.0,Depression,28.4,1.6162109375,3.4509735107421875,1008.0,True
2024288N16065,2024,UNNAMED,AS,2024-10-15 09:00:00,18.0,59.2,37.0,1002.0,Depression,28.62,1.3575439453125,2.5606231689453125,1005.8,True
2024288N16065,2024,UNNAMED,AS,2024-10-15 12:00:00,18.3,58.8,37.0,1002.0,Depression,28.45,-0.02069091796875,0.444244384765625,1004.7,True
2024290N11084,2024,UNNAMED,BB,2024-10-15 12:00:00,11.4,84.4,37.0,1002.0,Depression,29.86,3.60821533203125,0.722564697265625,1004.5,True
2024290N11084,2024,UNNAMED,BB,2024-10-15 15:00:00,11.6,84.2,37.0,1002.0,Depression,29.89,3.899337768554688,3.0850982666015625,1006.7,True
2024290N11084,2024,UNNAMED,BB,2024-10-15 18:00:00,11.8,84.0,37.0,1002.0,Depression,29.92,3.19805908203125,0.8680877685546875,1005.9,True
2024290N11084,2024,UNNAMED,BB,2024-10-15 21:00:00,11.9,83.7,37.0,1002.0,Depression,29.88,5.8338165283203125,-0.9214019775390624,1004.5,True
2024290N11084,2024,UNNAMED,BB,2024-10-16 00:00:00,12.1,83.4,37.0,1002.0,Depression,30.24,6.82879638671875,2.5482177734375,1005.9,True
2024290N11084,2024,UNNAMED,BB,2024-10-16 03:00:00,12.3,83.0,46.3,1000.0,Depression,30.03,6.390228271484375,2.0142974853515625,1007.9,True
2024290N11084,2024,UNNAMED,BB,2024-10-16 06:00:00,12.5,82.7,46.3,1000.0,Depression,29.97,4.9842071533203125,3.1009979248046875,1007.0,True
2024290N11084,2024,UNNAMED,BB,2024-10-16 09:00:00,12.7,82.3,46.3,1000.0,Depression,29.86,4.89862060546875,1.748687744140625,1004.3,True
2024290N11084,2024,UNNAMED,BB,2024-10-16 12:00:00,12.9,81.9,46.3,1000.0,Depression,29.94,4.21160888671875,2.6191864013671875,1005.2,True
2024290N11084,2024,UNNAMED,BB,2024-10-16 15:00:00,13.1,81.4,46.3,1000.0,Depression,29.81,4.0203399658203125,3.23046875,1007.5,True
2024290N11084,2024,UNNAMED,BB,2024-10-16 18:00:00,13.4,80.8,46.3,1000.0,Depression,29.96,2.182647705078125,2.137451171875,1007.1,True
2024295N15092,2024,DANA,BB,2024-10-21 06:00:00,15.3,92.1,,,,29.76,4.79296875,-1.803253173828125,1006.7,True
2024295N15092,2024,DANA,BB,2024-10-21 09:00:00,15.2,92.1,,,,29.76,0.7965087890625,-0.799957275390625,1003.7,True
2024295N15092,2024,DANA,BB,2024-10-21 12:00:00,15.2,92.1,,,,29.76,-2.382797241210937,-1.9339447021484373,1004.8,True
2024295N15092,2024,DANA,BB,2024-10-21 15:00:00,15.2,92.1,,,,29.76,-1.5177459716796875,-1.487213134765625,1006.3,True
2024295N15092,2024,DANA,BB,2024-10-21 18:00:00,15.2,92.0,,,,29.76,-1.218292236328125,-0.9822540283203124,1006.0,True
2024295N15092,2024,DANA,BB,2024-10-21 21:00:00,15.1,92.0,,,,29.69,0.5620880126953125,-0.2639007568359375,1004.7,True
2024295N15092,2024,DANA,BB,2024-10-22 00:00:00,15.2,91.9,37.0,1003.0,Depression,29.49,-1.542755126953125,-1.9283294677734373,1004.8,True
2024295N15092,2024,DANA,BB,2024-10-22 03:00:00,15.2,91.8,37.0,1002.0,Depression,29.61,-3.00604248046875,-1.34490966796875,1006.3,True
2024295N15092,2024,DANA,BB,2024-10-22 06:00:00,15.3,91.6,46.3,1000.0,Depression,29.59,-1.001434326171875,0.50567626953125,1004.7,True
2024295N15092,2024,DANA,BB,2024-10-22 09:00:00,15.3,91.5,51.9,1000.0,Deep Depression,29.59,2.7734832763671875,1.1833953857421875,1002.1,True
2024295N15092,2024,DANA,BB,2024-10-22 12:00:00,15.4,91.4,55.6,999.0,Deep Depression,29.48,-1.84283447265625,-1.4702911376953125,1002.2,True
2024295N15092,2024,DANA,BB,2024-10-22 15:00:00,15.5,91.1,55.6,999.0,Deep Depression,29.55,-0.9574737548828124,-1.4502410888671875,1003.3,True
2024295N15092,2024,DANA,BB,2024-10-22 18:00:00,15.6,90.7,55.6,998.0,Deep Depression,29.57,3.0747833251953125,-0.187103271484375,1001.4,True
2024295N15092,2024,DANA,BB,2024-10-22 21:00:00,15.8,90.3,61.1,998.0,Deep Depression,29.62,1.1519317626953125,-1.927215576171875,999.7,True
2024295N15092,2024,DANA,BB,2024-10-23 00:00:00,16.1,89.9,64.8,997.0,Cyclonic Storm,29.58,1.6852569580078125,6.4940948486328125,997.5,False
2024295N15092,2024,DANA,BB,2024-10-23 03:00:00,16.4,89.6,64.8,996.0,Cyclonic Storm,29.55,0.2446441650390625,-1.0644989013671875,998.1,False
2024295N15092,2024,DANA,BB,2024-10-23 06:00:00,16.7,89.3,74.1,995.0,Cyclonic Storm,29.5,2.248153686523437,1.21966552734375,995.8,False
2024295N15092,2024,DANA,BB,2024-10-23 09:00:00,16.9,89.1,83.3,994.0,Cyclonic Storm,29.36,3.5350799560546875,1.5417022705078125,993.7,False
2024295N15092,2024,DANA,BB,2024-10-23 12:00:00,17.3,89.0,83.3,992.0,Cyclonic Storm,29.33,-1.933929443359375,2.2129364013671875,991.6,False
2024295N15092,2024,DANA,BB,2024-10-23 15:00:00,17.6,88.8,83.3,992.0,Cyclonic Storm,29.37,2.5918731689453125,-2.7048492431640625,991.7,False
2024295N15092,2024,DANA,BB,2024-10-23 18:00:00,18.0,88.7,92.6,990.0,Severe Cyclonic Storm,29.36,8.700149536132812,5.160675048828125,991.6,False
2024295N15092,2024,DANA,BB,2024-10-23 21:00:00,18.3,88.4,92.6,990.0,Severe Cyclonic Storm,29.34,9.241424560546877,11.190231323242188,990.4,False
2024295N15092,2024,DANA,BB,2024-10-24 00:00:00,18.7,88.2,101.9,988.0,Severe Cyclonic Storm,29.12,1.6862335205078125,13.237762451171877,990.7,False
2024295N15092,2024,DANA,BB,2024-10-24 03:00:00,19.0,88.0,101.9,988.0,Severe Cyclonic Storm,29.51,4.1514892578125,13.761428833007812,991.9,False
2024295N15092,2024,DANA,BB,2024-10-24 06:00:00,19.3,87.8,101.9,988.0,Severe Cyclonic Storm,30.01,12.475357055664062,9.878890991210938,992.6,False
2024295N15092,2024,DANA,BB,2024-10-24 09:00:00,19.5,87.6,111.1,986.0,Severe Cyclonic Storm,30.1,14.604751586914062,5.738815307617188,992.5,False
2024295N15092,2024,DANA,BB,2024-10-24 12:00:00,19.8,87.5,111.1,986.0,Severe Cyclonic Storm,30.08,7.76947021484375,9.994476318359377,994.4,False
2024295N15092,2024,DANA,BB,2024-10-24 15:00:00,20.1,87.3,111.1,986.0,Severe Cyclonic Storm,30.18,3.360336303710937,9.517929077148438,996.3,False
2024295N15092,2024,DANA,BB,2024-10-24 18:00:00,20.5,87.1,101.9,988.0,Severe Cyclonic Storm,,-3.514190673828125,5.6764984130859375,995.9,False
2024295N15092,2024,DANA,BB,2024-10-24 21:00:00,20.7,87.0,101.9,988.0,Severe Cyclonic Storm,,-1.4113006591796875,4.3716888427734375,993.6,False
2024295N15092,2024,DANA,BB,2024-10-25 00:00:00,20.9,86.9,92.6,990.0,Severe Cyclonic Storm,29.83,-2.5124664306640625,8.287109375,995.2,False
2024295N15092,2024,DANA,BB,2024-10-25 03:00:00,21.1,86.8,83.3,994.0,Cyclonic Storm,,-1.1489410400390625,6.216567993164063,998.2,False
2024295N15092,2024,DANA,BB,2024-10-25 06:00:00,21.2,86.7,64.8,997.0,Cyclonic Storm,,-2.9779510498046875,6.9481353759765625,999.0,False
2024295N15092,2024,DANA,BB,2024-10-25 09:00:00,21.3,86.6,55.6,998.0,Deep Depression,,-1.988433837890625,3.600982666015625,998.0,False
2024295N15092,2024,DANA,BB,2024-10-25 12:00:00,21.3,86.5,55.6,999.0,Deep Depression,,-1.4618377685546875,-0.6618804931640625,999.8,False
2024295N15092,2024,DANA,BB,2024-10-25 15:00:00,21.3,86.4,51.9,1000.0,Deep Depression,,-1.2648162841796875,-0.589569091796875,1002.0,False
2024295N15092,2024,DANA,BB,2024-10-25 18:00:00,21.3,86.4,46.3,1000.0,Depression,,-1.8762359619140625,0.3911285400390625,1002.3,False
2024295N15092,2024,DANA,BB,2024-10-25 21:00:00,21.2,86.5,,,,,-2.575546264648437,1.1598663330078125,1001.6,False
2024295N15092,2024,DANA,BB,2024-10-26 00:00:00,21.2,86.4,,,,,-1.9817657470703125,0.3699798583984375,1003.2,False
2024329N04089,2024,FENGAL,BB,2024-11-23 18:00:00,3.6,88.9,,,,29.5,4.253509521484375,0.4731292724609375,1008.5,True
2024329N04089,2024,FENGAL,BB,2024-11-23 21:00:00,3.7,88.3,,,,29.59,3.9766845703125,-1.8520965576171875,1006.4,True
2024329N04089,2024,FENGAL,BB,2024-11-24 00:00:00,3.7,87.8,,,,29.42,2.7745819091796875,-1.8787994384765625,1007.0,True
2024329N04089,2024,FENGAL,BB,2024-11-24 03:00:00,3.7,87.3,,,,29.51,0.3194580078125,-2.33245849609375,1009.4,True
2024329N04089,2024,FENGAL,BB,2024-11-24 06:00:00,3.8,86.8,,,,29.49,2.3905181884765625,-1.4909820556640625,1008.1,True
2024329N04089,2024,FENGAL,BB,2024-11-24 09:00:00,3.9,86.2,,,,29.45,-0.38043212890625,-1.0184173583984375,1005.6,True
2024329N04089,2024,FENGAL,BB,2024-11-24 12:00:00,4.0,85.6,,,,29.34,-5.8108978271484375,-0.801605224609375,1006.0,True
2024329N04089,2024,FENGAL,BB,2024-11-24 15:00:00,4.1,85.1,,,,29.28,0.32635498046875,3.74658203125,1007.5,True
2024329N04089,2024,FENGAL,BB,2024-11-24 18:00:00,4.2,84.7,,,,29.34,0.520660400390625,3.79168701171875,1006.5,True
2024329N04089,2024,FENGAL,BB,2024-11-24 21:00:00,4.3,84.3,,,,29.38,6.2033233642578125,-3.12823486328125,1004.0,True
2024329N04089,2024,FENGAL,BB,2024-11-25 00:00:00,4.3,83.9,,,,29.2,6.3325042724609375,-1.1536102294921875,1004.2,True
2024329N04089,2024,FENGAL,BB,2024-11-25 03:00:00,4.4,83.9,37.0,1003.0,Depression,29.3,1.8424835205078125,3.768234252929688,1006.4,True
2024329N04089,2024,FENGAL,BB,2024-11-25 06:00:00,4.6,83.6,37.0,1003.0,Depression,29.19,5.72698974609375,0.2948150634765625,1005.3,True
2024329N04089,2024,FENGAL,BB,2024-11-25 09:00:00,4.9,83.4,42.6,1003.0,Depression,29.35,2.452789306640625,-0.35076904296875,1002.4,True
2024329N04089,2024,FENGAL,BB,2024-11-25 12:00:00,5.2,83.3,46.3,1002.0,Depression,29.47,-0.01708984375,0.183319091796875,1002.7,True
2024329N04089,2024,FENGAL,BB,2024-11-25 15:00:00,5.4,83.1,46.3,1002.0,Depression,29.61,-3.3689117431640625,0.5663604736328125,1004.4,True
2024329N04089,2024,FENGAL,BB,2024-11-25 18:00:00,5.6,83.1,46.3,1002.0,Depression,29.61,0.189849853515625,-1.5994720458984375,1003.9,True
2024329N04089,2024,FENGAL,BB,2024-11-25 21:00:00,5.8,83.1,46.3,1002.0,Depression,29.76,0.0536346435546875,-1.36944580078125,1001.5,True
2024329N04089,2024,FENGAL,BB,2024-11-26 00:00:00,6.1,83.1,46.3,1002.0,Depression,29.9,0.9568634033203124,0.8886871337890625,1000.8,True
2024329N04089,2024,FENGAL,BB,2024-11-26 03:00:00,6.4,82.9,55.6,1001.0,Deep Depression,29.8,-2.687850952148437,5.6894073486328125,1003.5,True
2024329N04089,2024,FENGAL,BB,2024-11-26 06:00:00,6.8,82.9,55.6,1001.0,Deep Depression,29.53,-3.2552490234375,7.218994140625,1002.7,True
2024329N04089,2024,FENGAL,BB,2024-11-26 09:00:00,7.1,82.8,55.6,1001.0,Deep Depression,29.14,-6.335052490234375,2.63983154296875,1000.2,True
2024329N04089,2024,FENGAL,BB,2024-11-26 12:00:00,7.3,82.8,55.6,1001.0,Deep Depression,29.23,-2.270721435546875,2.933990478515625,1000.8,True
2024329N04089,2024,FENGAL,BB,2024-11-26 15:00:00,7.5,82.7,55.6,1001.0,Deep Depression,29.17,-2.3717498779296875,1.7842864990234375,1003.6,True
2024329N04089,2024,FENGAL,BB,2024-11-26 18:00:00,7.8,82.6,55.6,1001.0,Deep Depression,28.88,0.31207275390625,0.3465576171875,1002.8,True
2024329N04089,2024,FENGAL,BB,2024-11-26 21:00:00,8.1,82.5,55.6,1001.0,Deep Depression,28.79,2.0130615234375,-2.07757568359375,1000.0,True
2024329N04089,2024,FENGAL,BB,2024-11-27 00:00:00,8.3,82.4,55.6,1001.0,Deep Depression,28.53,-1.1427001953125,-1.9459075927734373,1000.5,True
2024329N04089,2024,FENGAL,BB,2024-11-27 03:00:00,8.5,82.3,55.6,1001.0,Deep Depression,28.52,-1.3893585205078125,-2.1793365478515625,1002.9,True
2024329N04089,2024,FENGAL,BB,2024-11-27 06:00:00,8.7,82.3,55.6,1001.0,Deep Depression,28.6,-2.1962890625,-2.717010498046875,1002.3,True
2024329N04089,2024,FENGAL,BB,2024-11-27 09:00:00,8.8,82.2,55.6,1001.0,Deep Depression,28.6,-1.9696502685546875,-6.66900634765625,999.4,True
2024329N04089,2024,FENGAL,BB,2024-11-27 12:00:00,8.8,82.3,55.6,1000.0,Deep Depression,28.6,-2.379638671875,-7.0154571533203125,1000.5,True
2024329N04089,2024,FENGAL,BB,2024-11-27 15:00:00,8.9,82.5,55.6,1000.0,Deep Depression,28.66,-2.450164794921875,-4.28826904296875,1002.3,True
2024329N04089,2024,FENGAL,BB,2024-11-27 18:00:00,9.0,82.7,55.6,1000.0,Deep Depression,28.72,0.294036865234375,-0.312347412109375,1001.9,True
2024329N04089,2024,FENGAL,BB,2024-11-27 21:00:00,9.1,82.7,55.6,1000.0,Deep Depression,28.72,1.9742889404296875,-1.4043121337890625,999.4,True
2024329N04089,2024,FENGAL,BB,2024-11-28 00:00:00,9.2,82.8,55.6,1000.0,Deep Depression,28.81,-1.377593994140625,-4.893356323242188,1000.4,True
2024329N04089,2024,FENGAL,BB,2024-11-28 03:00:00,9.2,83.0,55.6,1000.0,Deep Depression,28.94,-1.8175506591796875,-2.0376434326171875,1002.5,True
2024329N04089,2024,FENGAL,BB,2024-11-28 06:00:00,9.3,83.2,55.6,1000.0,Deep Depression,29.01,-0.0577239990234375,1.914581298828125,1001.3,True
2024329N04089,2024,FENGAL,BB,2024-11-28 09:00:00,9.4,83.3,55.6,1000.0,Deep Depression,29.03,-0.8063507080078125,0.97955322265625,998.9,True
2024329N04089,2024,FENGAL,BB,2024-11-28 12:00:00,9.6,83.4,55.6,1000.0,Deep Depression,29.17,0.111419677734375,-6.6954498291015625,999.7,True
2024329N04089,2024,FENGAL,BB,2024-11-28 15:00:00,9.9,83.5,55.6,1000.0,Deep Depression,29.14,-3.4148101806640625,-3.921600341796875,1002.0,True
2024329N04089,2024,FENGAL,BB,2024-11-28 18:00:00,10.2,83.5,55.6,1000.0,Deep Depression,29.12,-4.5899810791015625,2.073211669921875,1001.4,True
2024329N04089,2024,FENGAL,BB,2024-11-28 21:00:00,10.5,83.2,55.6,1000.0,Deep Depression,29.09,-2.5068511962890625,0.9103851318359376,999.0,True
2024329N04089,2024,FENGAL,BB,2024-11-29 00:00:00,10.7,82.9,55.6,1000.0,Deep Depression,28.87,-0.7975616455078125,-1.9544219970703125,999.5,True
2024329N04089,2024,FENGAL,BB,2024-11-29 03:00:00,10.9,82.7,55.6,1000.0,Deep Depression,28.63,-0.7932891845703125,-1.088958740234375,1002.0,True
2024329N04089,2024,FENGAL,BB,2024-11-29 06:00:00,11.2,82.6,55.6,1000.0,Deep Depression,28.38,-3.853424072265625,-3.203765869140625,1001.3,True
2024329N04089,2024,FENGAL,BB,2024-11-29 09:00:00,11.4,82.3,64.8,999.0,Cyclonic Storm,28.2,-3.7517242431640634,-5.934417724609375,999.0,False
2024329N04089,2024,FENGAL,BB,2024-11-29 12:00:00,11.7,82.1,64.8,999.0,Cyclonic Storm,28.22,1.6833648681640625,-8.774200439453125,999.1,False
2024329N04089,2024,FENGAL,BB,2024-11-29 15:00:00,11.9,81.8,64.8,999.0,Cyclonic Storm,28.1,3.030670166015625,-8.418533325195312,1000.5,False
2024329N04089,2024,FENGAL,BB,2024-11-29 18:00:00,12.1,81.8,64.8,999.0,Cyclonic Storm,28.1,-1.685333251953125,-4.3985748291015625,998.7,False
2024329N04089,2024,FENGAL,BB,2024-11-29 21:00:00,12.2,81.6,74.1,996.0,Cyclonic Storm,27.99,-8.912628173828125,2.06304931640625,995.2,False
2024329N04089,2024,FENGAL,BB,2024-11-30 00:00:00,12.4,81.3,83.3,996.0,Cyclonic Storm,27.99,-7.562393188476562,-11.043899536132812,996.0,False
2024329N04089,2024,FENGAL,BB,2024-11-30 03:00:00,12.4,81.0,83.3,996.0,Cyclonic Storm,27.96,-9.695343017578123,-9.667877197265623,996.0,False
2024329N04089,2024,FENGAL,BB,2024-11-30 06:00:00,12.3,80.9,83.3,996.0,Cyclonic Storm,28.01,-2.205551147460937,-5.92535400390625,994.2,False
2024329N04089,2024,FENGAL,BB,2024-11-30 09:00:00,12.3,80.7,83.3,996.0,Cyclonic Storm,27.86,11.31927490234375,-5.263473510742188,994.4,False
2024329N04089,2024,FENGAL,BB,2024-11-30 12:00:00,12.3,80.5,74.1,998.0,Cyclonic Storm,27.81,1.722259521484375,-9.607696533203123,995.2,False
2024329N04089,2024,FENGAL,BB,2024-11-30 15:00:00,12.2,80.3,74.1,998.0,Cyclonic Storm,27.8,1.703094482421875,-10.671432495117188,999.0,False
2024329N04089,2024,FENGAL,BB,2024-11-30 18:00:00,12.1,80.1,74.1,998.0,Cyclonic Storm,27.78,8.251953125,-3.5968170166015625,999.3,False
2024329N04089,2024,FENGAL,BB,2024-11-30 21:00:00,12.1,80.0,64.8,999.0,Cyclonic Storm,27.78,4.727691650390625,-0.9344024658203124,997.5,False
2024329N04089,2024,FENGAL,BB,2024-12-01 00:00:00,12.1,79.9,64.8,999.0,Cyclonic Storm,27.77,0.275360107421875,-5.006607055664063,996.8,False
2024329N04089,2024,FENGAL,BB,2024-12-01 03:00:00,12.0,79.8,64.8,999.0,Cyclonic Storm,27.75,2.246978759765625,-6.247848510742188,1000.3,False
2024329N04089,2024,FENGAL,BB,2024-12-01 06:00:00,12.1,79.8,55.6,1000.0,Deep Depression,27.75,2.1314239501953125,-1.8809661865234373,1001.0,True
2024329N04089,2024,FENGAL,BB,2024-12-01 09:00:00,12.1,79.7,51.9,1001.0,Deep Depression,27.75,2.401214599609375,2.30816650390625,998.9,True
2024329N04089,2024,FENGAL,BB,2024-12-01 12:00:00,12.1,79.5,46.3,1001.0,Depression,,1.2963104248046875,1.9861602783203125,1000.0,False
2024329N04089,2024,FENGAL,BB,2024-12-01 15:00:00,12.1,79.4,46.3,1002.0,Depression,,-0.5261383056640625,3.212188720703125,1002.7,False
2024329N04089,2024,FENGAL,BB,2024-12-01 18:00:00,12.2,79.3,46.3,1002.0,Depression,,-2.903717041015625,-0.55963134765625,1003.1,False
2024329N04089,2024,FENGAL,BB,2024-12-01 21:00:00,12.1,79.2,,,,,-0.6641845703125,0.779296875,1002.1,False
2024329N04089,2024,FENGAL,BB,2024-12-02 00:00:00,12.1,79.1,,,,,0.4615325927734375,-0.349517822265625,1002.6,False
2024329N04089,2024,FENGAL,BB,2024-12-02 03:00:00,12.1,78.9,,,,,0.11322021484375,0.1278076171875,1006.4,False
2024329N04089,2024,FENGAL,BB,2024-12-02 06:00:00,12.2,78.6,,,,,1.7593841552734375,0.5529327392578125,1007.1,False
2024329N04089,2024,FENGAL,BB,2024-12-02 09:00:00,12.3,78.3,,,,,1.0719757080078125,0.69677734375,1005.2,False
2024329N04089,2024,FENGAL,AS,2024-12-02 12:00:00,12.5,77.9,,,,,-1.0054931640625,0.29486083984375,1006.4,False
2024329N04089,2024,FENGAL,AS,2024-12-02 15:00:00,12.7,77.5,,,,,-1.476104736328125,1.216339111328125,1009.3,False
2024329N04089,2024,FENGAL,AS,2024-12-02 18:00:00,12.9,76.9,,,,,-1.6717681884765625,1.9097747802734373,1009.5,False
2024329N04089,2024,FENGAL,AS,2024-12-02 21:00:00,13.0,76.3,,,,,-2.010162353515625,2.56689453125,1008.5,False
2024329N04089,2024,FENGAL,AS,2024-12-03 00:00:00,13.1,75.5,,,,,-2.5533447265625,0.248199462890625,1007.4,False
2024329N04089,2024,FENGAL,AS,2024-12-03 03:00:00,13.2,74.6,,,,29.21,-8.003692626953125,-1.2471771240234375,1006.8,True
2024329N04089,2024,FENGAL,AS,2024-12-03 06:00:00,13.3,73.7,,,,29.21,-6.139175415039063,-5.40765380859375,1007.5,True
2024329N04089,2024,FENGAL,AS,2024-12-03 09:00:00,13.5,72.7,,,,29.3,-3.7768402099609375,-7.404815673828125,1005.5,True
2024329N04089,2024,FENGAL,AS,2024-12-03 12:00:00,13.5,71.8,,,,29.33,0.7401123046875,-7.209716796875,1005.8,True
2024329N04089,2024,FENGAL,AS,2024-12-03 15:00:00,13.2,71.4,,,,29.39,-2.7237701416015625,-5.6422271728515625,1008.5,True
2024329N04089,2024,FENGAL,AS,2024-12-03 18:00:00,12.8,71.2,,,,29.39,1.018829345703125,-5.060211181640625,1008.3,True
2024329N04089,2024,FENGAL,AS,2024-12-03 21:00:00,12.5,71.0,,,,29.41,2.6212158203125,-5.449188232421875,1007.0,True
2024329N04089,2024,FENGAL,AS,2024-12-04 00:00:00,12.3,70.9,,,,29.16,2.353057861328125,-2.383270263671875,1006.9,True
2024329N04089,2024,FENGAL,AS,2024-12-04 03:00:00,12.2,70.7,,,,29.09,3.003875732421875,-0.9664306640625,1008.9,True
2024329N04089,2024,FENGAL,AS,2024-12-04 06:00:00,12.0,70.4,,,,28.99,2.62603759765625,-1.6663818359375,1009.2,True
2024329N04089,2024,FENGAL,AS,2024-12-04 09:00:00,11.7,70.1,,,,28.92,1.411163330078125,-1.85528564453125,1007.0,True
2024329N04089,2024,FENGAL,AS,2024-12-04 12:00:00,11.2,69.9,,,,29.03,2.3815155029296875,1.720550537109375,1006.9,True
2024356N14084,2024,UNNAMED,BB,2024-12-20 12:00:00,13.7,83.5,37.0,1003.0,Depression,27.65,1.446197509765625,3.3787078857421875,1005.3,True
2024356N14084,2024,UNNAMED,BB,2024-12-20 15:00:00,13.8,83.6,42.6,1003.0,Depression,27.65,0.936859130859375,2.158355712890625,1007.3,True
2024356N14084,2024,UNNAMED,BB,2024-12-20 18:00:00,13.9,83.7,46.3,1003.0,Depression,27.67,-1.3176727294921875,3.017974853515625,1007.1,True
2024356N14084,2024,UNNAMED,BB,2024-12-20 21:00:00,13.9,83.9,46.3,1003.0,Depression,27.85,2.84161376953125,3.78338623046875,1005.5,True
2024356N14084,2024,UNNAMED,BB,2024-12-21 00:00:00,13.9,84.2,46.3,1002.0,Depression,28.17,3.4809112548828125,2.1218414306640625,1005.5,True
2024356N14084,2024,UNNAMED,BB,2024-12-21 03:00:00,14.0,84.5,46.3,1002.0,Depression,28.16,4.0888214111328125,1.819580078125,1008.2,True
2024356N14084,2024,UNNAMED,BB,2024-12-21 06:00:00,14.1,84.6,37.0,1003.0,Depression,28.16,5.061080932617188,-1.189056396484375,1007.7,True
2025144N17073,2025,UNNAMED,AS,2025-05-24 00:00:00,17.0,73.0,46.3,998.0,Depression,30.53,5.487396240234375,-7.6400909423828125,997.9,True
2025144N17073,2025,UNNAMED,AS,2025-05-24 03:00:00,17.0,73.2,46.3,998.0,Depression,30.35,2.6212158203125,-4.91461181640625,1000.1,True
2025144N17073,2025,UNNAMED,AS,2025-05-24 06:00:00,17.0,73.3,46.3,998.0,Depression,30.35,3.468368530273437,-3.781646728515625,1001.0,True
2025144N17073,2025,UNNAMED,AS,2025-05-24 09:00:00,17.1,73.7,46.3,998.0,Depression,,2.4509429931640625,-0.0461273193359375,999.7,False
2025144N17073,2025,UNNAMED,AS,2025-05-24 12:00:00,17.2,74.3,46.3,998.0,Depression,,2.9340362548828125,1.1410980224609375,999.4,False
2025144N17073,2025,UNNAMED,AS,2025-05-24 15:00:00,17.3,74.8,46.3,998.0,Depression,,3.892868041992188,3.654083251953125,1001.6,False
2025144N17073,2025,UNNAMED,AS,2025-05-24 18:00:00,17.4,75.3,46.3,998.0,Depression,,5.13372802734375,5.378509521484375,1001.4,False
2025149N21088,2025,UNNAMED,BB,2025-05-29 00:00:00,20.8,88.3,46.3,988.0,Depression,30.56,1.1371307373046875,-1.3369903564453125,989.9,True
2025149N21088,2025,UNNAMED,BB,2025-05-29 03:00:00,21.3,88.3,55.6,986.0,Deep Depression,30.64,-0.463287353515625,-8.386154174804688,990.8,True
2025149N21088,2025,UNNAMED,BB,2025-05-29 06:00:00,22.0,88.4,55.6,986.0,Deep Depression,,-1.381134033203125,-4.321197509765625,990.4,False
2025149N21088,2025,UNNAMED,BB,2025-05-29 09:00:00,22.2,88.5,55.6,987.0,Deep Depression,,1.2627716064453125,-2.924285888671875,988.4,False
2025149N21088,2025,UNNAMED,BB,2025-05-29 12:00:00,22.2,88.6,55.6,987.0,Deep Depression,,2.768890380859375,-1.621307373046875,988.6,False
2025149N21088,2025,UNNAMED,BB,2025-05-29 15:00:00,22.5,88.9,55.6,988.0,Deep Depression,,3.043487548828125,0.24493408203125,990.2,False
2025149N21088,2025,UNNAMED,BB,2025-05-29 18:00:00,23.0,89.2,55.6,988.0,Deep Depression,,2.73712158203125,1.2946319580078125,990.3,False
2025149N21088,2025,UNNAMED,BB,2025-05-29 21:00:00,23.6,89.3,51.9,989.0,Deep Depression,,3.934783935546875,1.741607666015625,988.9,False
2025149N21088,2025,UNNAMED,BB,2025-05-30 00:00:00,24.1,89.4,46.3,990.0,Depression,,3.150787353515625,0.5386962890625,988.5,False
2025149N21088,2025,UNNAMED,BB,2025-05-30 03:00:00,24.3,89.6,37.0,992.0,Depression,,3.8205718994140634,1.737518310546875,990.4,False
2025149N21088,2025,UNNAMED,BB,2025-05-30 06:00:00,25.1,90.2,37.0,992.0,Depression,,0.63739013671875,1.28985595703125,990.4,False
2025195N23089,2025,UNNAMED,BB,2025-07-14 06:00:00,23.0,88.8,37.0,996.0,Depression,,-2.4918975830078125,-0.499786376953125,997.6,False
2025195N23089,2025,UNNAMED,BB,2025-07-14 09:00:00,23.2,88.6,37.0,996.0,Depression,,-1.9659576416015625,2.6267242431640625,995.9,False
2025195N23089,2025,UNNAMED,BB,2025-07-14 12:00:00,23.3,88.4,37.0,996.0,Depression,,-0.42327880859375,4.88336181640625,996.5,False
2025195N23089,2025,UNNAMED,BB,2025-07-14 15:00:00,23.4,88.3,37.0,996.0,Depression,,-0.5286712646484375,4.345474243164063,998.8,False
2025195N23089,2025,UNNAMED,BB,2025-07-14 18:00:00,23.5,88.0,37.0,996.0,Depression,,0.4733734130859375,5.153167724609375,999.0,False
2025195N23089,2025,UNNAMED,BB,2025-07-14 21:00:00,23.7,87.4,37.0,996.0,Depression,,1.0381317138671875,4.6376495361328125,996.8,False
2025195N23089,2025,UNNAMED,BB,2025-07-15 00:00:00,24.0,86.7,37.0,996.0,Depression,,1.18292236328125,-0.972625732421875,996.9,False
2025196N27075,2025,UNNAMED,AS,2025-07-15 03:00:00,27.4,75.4,37.0,993.0,Depression,,0.162017822265625,4.490509033203125,997.6,False
2025196N27075,2025,UNNAMED,AS,2025-07-15 06:00:00,27.7,75.0,37.0,993.0,Depression,,1.874847412109375,2.978607177734375,997.1,False
2025196N27075,2025,UNNAMED,AS,2025-07-15 09:00:00,28.4,74.3,37.0,994.0,Depression,,0.1890716552734375,-1.252471923828125,995.6,False
2025196N27075,2025,UNNAMED,AS,2025-07-15 12:00:00,29.0,73.7,37.0,994.0,Depression,,-0.3528900146484375,-3.49481201171875,995.0,False
2025196N27075,2025,UNNAMED,AS,2025-07-15 15:00:00,29.2,73.5,37.0,995.0,Depression,,1.1517791748046875,-1.4966278076171875,995.9,False
2025196N27075,2025,UNNAMED,AS,2025-07-15 18:00:00,29.2,73.5,37.0,995.0,Depression,,2.5859527587890625,-0.3318328857421875,997.1,False
2025198N25082,2025,UNNAMED,BB,2025-07-17 00:00:00,25.2,81.8,46.3,993.0,Depression,,-1.27911376953125,-0.41973876953125,997.1,False
2025198N25082,2025,UNNAMED,BB,2025-07-17 03:00:00,25.2,81.5,46.3,993.0,Depression,,-1.5430908203125,-0.6709747314453125,998.0,False
2025198N25082,2025,UNNAMED,BB,2025-07-17 06:00:00,25.3,81.2,46.3,993.0,Depression,,2.675506591796875,-1.7159576416015625,998.3,False
2025198N25082,2025,UNNAMED,BB,2025-07-17 09:00:00,25.4,80.8,46.3,993.0,Depression,,4.175079345703125,-0.8145751953125,996.9,False
2025198N25082,2025,UNNAMED,BB,2025-07-17 12:00:00,25.6,80.3,46.3,993.0,Depression,,4.31573486328125,0.1422882080078125,997.3,False
2025198N25082,2025,UNNAMED,BB,2025-07-17 15:00:00,25.7,80.0,46.3,993.0,Depression,,2.5152587890625,1.0026702880859375,998.2,False
2025198N25082,2025,UNNAMED,BB,2025-07-17 18:00:00,25.8,79.8,46.3,993.0,Depression,,1.343536376953125,0.73333740234375,998.4,False
2025198N25082,2025,UNNAMED,BB,2025-07-17 21:00:00,26.1,79.4,46.3,993.0,Depression,,-1.023834228515625,-0.0577392578125,997.0,False
2025198N25082,2025,UNNAMED,BB,2025-07-18 00:00:00,26.3,79.0,46.3,993.0,Depression,,-2.754302978515625,0.3073883056640625,995.7,False
2025198N25082,2025,UNNAMED,BB,2025-07-18 03:00:00,26.4,78.5,46.3,993.0,Depression,,-3.6527252197265625,-1.937896728515625,996.9,False
2025198N25082,2025,UNNAMED,AS,2025-07-18 06:00:00,26.4,78.0,46.3,993.0,Depression,,-2.358154296875,-1.5519561767578125,997.3,False
2025198N25082,2025,UNNAMED,AS,2025-07-18 09:00:00,26.7,77.6,46.3,993.0,Depression,,-2.132232666015625,-1.7677001953125,996.7,False
2025198N25082,2025,UNNAMED,AS,2025-07-18 12:00:00,27.0,77.2,46.3,993.0,Depression,,-0.0702667236328125,0.4696502685546875,995.4,False
2025198N25082,2025,UNNAMED,AS,2025-07-18 15:00:00,27.1,76.9,46.3,993.0,Depression,,-1.9738616943359373,0.2458648681640625,996.5,False
2025198N25082,2025,UNNAMED,AS,2025-07-18 18:00:00,27.2,76.5,46.3,993.0,Depression,,-4.757476806640625,-0.7834625244140625,997.2,False
2025198N25082,2025,UNNAMED,AS,2025-07-18 21:00:00,27.3,75.8,46.3,993.0,Depression,,-4.665817260742188,-2.014190673828125,995.9,False
2025198N25082,2025,UNNAMED,AS,2025-07-19 00:00:00,27.4,75.1,46.3,993.0,Depression,,-3.847991943359375,-0.659576416015625,994.9,False
2025198N25082,2025,UNNAMED,AS,2025-07-19 03:00:00,27.5,74.6,37.0,993.0,Depression,,-3.3756866455078125,-0.9001617431640625,995.9,False
2025198N25082,2025,UNNAMED,AS,2025-07-19 06:00:00,27.5,74.2,37.0,993.0,Depression,,-2.467758178710937,0.8459930419921875,995.9,False
2025198N25082,2025,UNNAMED,AS,2025-07-19 09:00:00,27.5,73.9,37.0,993.0,Depression,,0.4222412109375,1.9486541748046875,994.7,False
2025198N25082,2025,UNNAMED,AS,2025-07-19 12:00:00,27.5,73.7,37.0,993.0,Depression,,-0.713134765625,2.658599853515625,993.6,False
2025198N25082,2025,UNNAMED,AS,2025-07-19 15:00:00,27.5,73.4,37.0,993.0,Depression,,-0.962982177734375,3.2613067626953125,994.5,False
2025198N25082,2025,UNNAMED,AS,2025-07-19 18:00:00,27.5,73.0,37.0,993.0,Depression,,-0.48297119140625,3.9904632568359375,995.9,False
2025206N21090,2025,UNNAMED,BB,2025-07-25 00:00:00,21.4,89.5,46.3,988.0,Depression,29.95,-1.0909423828125,5.5594482421875,989.8,True
2025206N21090,2025,UNNAMED,BB,2025-07-25 03:00:00,21.7,88.8,46.3,988.0,Depression,29.54,0.093780517578125,-3.0349273681640625,991.0,True
2025206N21090,2025,UNNAMED,BB,2025-07-25 06:00:00,22.0,88.4,46.3,988.0,Depression,,-0.830657958984375,-1.365814208984375,990.7,False
2025206N21090,2025,UNNAMED,BB,2025-07-25 09:00:00,22.3,87.9,46.3,988.0,Depression,,-0.9853057861328124,-1.912689208984375,989.3,False
2025206N21090,2025,UNNAMED,BB,2025-07-25 12:00:00,22.6,87.4,46.3,988.0,Depression,,0.3709564208984375,0.02154541015625,988.8,False
2025206N21090,2025,UNNAMED,BB,2025-07-25 15:00:00,22.8,87.0,46.3,988.0,Depression,,1.1905670166015625,-1.460723876953125,990.4,False
2025206N21090,2025,UNNAMED,BB,2025-07-25 18:00:00,23.0,86.6,46.3,988.0,Depression,,0.4275970458984375,-2.4358062744140625,991.7,False
2025206N21090,2025,UNNAMED,BB,2025-07-25 21:00:00,23.2,85.9,46.3,988.0,Depression,,-0.5368194580078125,-3.304290771484375,990.3,False
2025206N21090,2025,UNNAMED,BB,2025-07-26 00:00:00,23.3,85.0,46.3,988.0,Depression,,0.78656005859375,-1.0610809326171875,992.5,False
2025206N21090,2025,UNNAMED,BB,2025-07-26 03:00:00,23.3,84.0,37.0,990.0,Depression,,-0.2383575439453125,-1.9144744873046875,995.1,False
2025206N21090,2025,UNNAMED,BB,2025-07-26 06:00:00,23.3,82.3,37.0,990.0,Depression,,-0.2913360595703125,-1.3765869140625,994.6,False
2025206N21090,2025,UNNAMED,BB,2025-07-26 09:00:00,23.3,81.7,37.0,990.0,Depression,,0.69354248046875,-1.346435546875,992.9,False
2025206N21090,2025,UNNAMED,BB,2025-07-26 12:00:00,23.3,81.7,37.0,990.0,Depression,,0.5334930419921875,0.9250640869140624,992.7,False
2025206N21090,2025,UNNAMED,BB,2025-07-26 15:00:00,23.3,81.5,37.0,991.0,Depression,,2.21044921875,1.2522735595703125,995.2,False
2025206N21090,2025,UNNAMED,BB,2025-07-26 18:00:00,23.3,81.0,37.0,992.0,Depression,,3.31640625,3.4010467529296875,997.4,False
2025231N19085,2025,UNNAMED,BB,2025-08-18 12:00:00,18.9,85.0,37.0,996.0,Depression,30.16,-3.42950439453125,4.627044677734375,996.0,True
2025231N19085,2025,UNNAMED,BB,2025-08-18 15:00:00,19.0,84.9,37.0,996.0,Depression,30.16,3.439666748046875,4.55169677734375,998.2,True
2025231N19085,2025,UNNAMED,BB,2025-08-18 18:00:00,19.0,84.9,37.0,996.0,Depression,30.16,5.548873901367188,4.024444580078125,999.0,True
2025231N19085,2025,UNNAMED,BB,2025-08-18 21:00:00,19.1,85.0,37.0,996.0,Depression,30.16,3.9495849609375,3.39569091796875,997.4,True
2025231N19085,2025,UNNAMED,BB,2025-08-19 00:00:00,19.3,84.8,37.0,996.0,Depression,,1.11083984375,-0.710784912109375,998.1,False
2025231N19085,2025,UNNAMED,BB,2025-08-19 03:00:00,19.8,84.0,37.0,996.0,Depression,,-0.64178466796875,1.6040496826171875,1001.6,False
2025231N19085,2025,UNNAMED,BB,2025-08-19 06:00:00,20.0,83.3,37.0,996.0,Depression,,-0.1477813720703125,1.4239044189453125,1000.0,False
2025233N15126,2025,KAJIKI,MM,2025-08-21 06:00:00,15.4,126.4,,1006.0,,,-0.5623626708984375,2.376007080078125,1008.9,False
2025233N15126,2025,KAJIKI,MM,2025-08-21 09:00:00,15.3,125.5,,,,,-0.21875,1.83221435546875,1006.7,False
2025233N15126,2025,KAJIKI,MM,2025-08-21 12:00:00,15.4,124.6,,1008.0,,,-0.76898193359375,2.9727783203125,1007.3,False
2025233N15126,2025,KAJIKI,MM,2025-08-21 15:00:00,15.5,123.9,,,,,0.215087890625,2.570770263671875,1010.7,False
2025233N15126,2025,KAJIKI,MM,2025-08-21 18:00:00,15.7,123.3,,1006.0,,,0.112213134765625,1.9079132080078125,1010.5,False
2025233N15126,2025,KAJIKI,MM,2025-08-21 21:00:00,15.9,122.9,,,,,0.285888671875,1.8346710205078125,1009.2,False
2025233N15126,2025,KAJIKI,MM,2025-08-22 00:00:00,16.1,122.5,,1006.0,,,-0.2255706787109375,1.39691162109375,1009.7,False
2025233N15126,2025,KAJIKI,MM,2025-08-22 03:00:00,16.4,122.2,,,,,0.050994873046875,0.439849853515625,1010.8,False
2025233N15126,2025,KAJIKI,MM,2025-08-22 06:00:00,16.7,121.7,,1004.0,,,-0.6713409423828125,1.0244903564453125,1008.9,False
2025233N15126,2025,KAJIKI,MM,2025-08-22 09:00:00,17.0,120.7,,,,,0.182037353515625,1.475006103515625,1006.2,False
2025233N15126,2025,KAJIKI,MM,2025-08-22 12:00:00,17.2,119.6,,1002.0,,,-0.7974395751953125,-0.2259674072265625,1007.3,False
2025233N15126,2025,KAJIKI,MM,2025-08-22 15:00:00,17.2,118.8,,,,,-0.59478759765625,0.6624755859375,1009.9,False
2025233N15126,2025,KAJIKI,MM,2025-08-22 18:00:00,17.2,117.9,64.8,998.0,Cyclonic Storm,,-1.5033721923828125,0.4227142333984375,1009.5,False
2025233N15126,2025,KAJIKI,MM,2025-08-22 21:00:00,17.3,117.2,,,,,-1.1889801025390625,-0.2795257568359375,1008.3,False
2025233N15126,2025,KAJIKI,MM,2025-08-23 00:00:00,17.4,116.6,74.1,994.0,Cyclonic Storm,,-0.9200439453125,-0.521942138671875,1009.6,False
2025233N15126,2025,KAJIKI,MM,2025-08-23 03:00:00,17.5,115.7,,,,,-0.4780426025390625,0.518951416015625,1011.2,False
2025233N15126,2025,KAJIKI,MM,2025-08-23 06:00:00,17.6,114.9,83.3,990.0,Cyclonic Storm,,0.6018524169921875,0.8904266357421875,1008.5,False
2025233N15126,2025,KAJIKI,MM,2025-08-23 09:00:00,17.7,114.1,,,,,0.734100341796875,-0.222320556640625,1006.4,False
2025233N15126,2025,KAJIKI,MM,2025-08-23 12:00:00,17.7,113.5,101.9,980.0,Severe Cyclonic Storm,,0.246734619140625,-0.69000244140625,1007.3,False
2025233N15126,2025,KAJIKI,MM,2025-08-23 15:00:00,17.5,112.8,,,,,0.3645782470703125,-0.587921142578125,1008.9,False
2025233N15126,2025,KAJIKI,MM,2025-08-23 18:00:00,17.3,112.2,120.4,970.0,Very Severe Cyclonic Storm,,0.6301422119140625,0.377349853515625,1008.3,False
2025233N15126,2025,KAJIKI,MM,2025-08-23 21:00:00,17.2,111.7,,,,,-0.3666229248046875,-0.181060791015625,1006.9,False
2025233N15126,2025,KAJIKI,MM,2025-08-24 00:00:00,17.2,111.2,129.6,965.0,Very Severe Cyclonic Storm,,-0.43841552734375,-0.8050079345703125,1007.3,False
2025233N15126,2025,KAJIKI,MM,2025-08-24 03:00:00,17.3,110.7,,,,,0.858123779296875,0.0097198486328125,1007.7,False
2025233N15126,2025,KAJIKI,MM,2025-08-24 06:00:00,17.4,110.3,148.2,950.0,Very Severe Cyclonic Storm,,0.8231964111328125,-0.209014892578125,1005.0,False
2025233N15126,2025,KAJIKI,MM,2025-08-24 09:00:00,17.7,109.8,,,,,0.037567138671875,-0.1768035888671875,1003.6,False
2025233N15126,2025,KAJIKI,MM,2025-08-24 12:00:00,17.9,109.3,148.2,950.0,Very Severe Cyclonic Storm,,-0.40582275390625,-1.549591064453125,1006.0,False
2025233N15126,2025,KAJIKI,MM,2025-08-24 15:00:00,18.0,108.8,,,,,0.4922943115234375,-1.619354248046875,1007.5,False
2025233N15126,2025,KAJIKI,MM,2025-08-24 18:00:00,18.1,108.3,148.2,950.0,Very Severe Cyclonic Storm,,0.895904541015625,-2.0590972900390625,1005.8,False
2025233N15126,2025,KAJIKI,MM,2025-08-24 21:00:00,18.2,107.8,,,,,0.67816162109375,-2.2628326416015625,1004.4,False
2025233N15126,2025,KAJIKI,MM,2025-08-25 00:00:00,18.3,107.2,148.2,950.0,Very Severe Cyclonic Storm,,1.9615325927734373,-1.855224609375,1004.0,False
2025233N15126,2025,KAJIKI,MM,2025-08-25 03:00:00,18.4,106.7,,,,,2.893890380859375,-3.4525299072265625,1003.9,False
2025233N15126,2025,KAJIKI,MM,2025-08-25 06:00:00,18.5,106.2,129.6,970.0,Very Severe Cyclonic Storm,,3.294158935546875,-2.1171417236328125,1001.4,False
2025233N15126,2025,KAJIKI,MM,2025-08-25 09:00:00,18.5,106.0,,,,,5.6407470703125,-1.338165283203125,998.6,False
2025233N15126,2025,KAJIKI,MM,2025-08-25 12:00:00,18.5,105.7,111.1,980.0,Severe Cyclonic Storm,,4.182952880859375,-1.5872039794921875,997.0,False
2025233N15126,2025,KAJIKI,MM,2025-08-25 15:00:00,18.6,105.4,,,,,3.2049560546875,0.80645751953125,998.8,False
2025233N15126,2025,KAJIKI,MM,2025-08-25 18:00:00,18.7,104.9,83.3,992.0,Cyclonic Storm,,1.320892333984375,2.0140533447265625,998.3,False
2025233N15126,2025,KAJIKI,MM,2025-08-25 21:00:00,18.8,104.1,,,,,1.427398681640625,2.8564605712890625,999.0,False
2025233N15126,2025,KAJIKI,MM,2025-08-26 00:00:00,18.9,103.3,64.8,998.0,Cyclonic Storm,,0.8507080078125,0.814361572265625,1002.5,False
2025233N15126,2025,KAJIKI,MM,2025-08-26 03:00:00,18.9,102.7,,,,,0.54803466796875,1.8304595947265625,1005.0,False
2025233N15126,2025,KAJIKI,MM,2025-08-26 06:00:00,19.1,102.2,,1000.0,,,1.1900177001953125,1.1104583740234375,1004.2,False
2025233N15126,2025,KAJIKI,MM,2025-08-26 09:00:00,19.4,101.7,,,,,0.347320556640625,0.88128662109375,1002.7,False
2025233N15126,2025,KAJIKI,MM,2025-08-26 12:00:00,19.6,101.2,,1000.0,,,1.3734893798828125,0.297943115234375,1005.1,False
2025233N15126,2025,KAJIKI,MM,2025-08-26 15:00:00,19.7,100.6,,,,,0.6466827392578125,0.8342132568359375,1006.1,False
2025233N15126,2025,KAJIKI,MM,2025-08-26 18:00:00,19.7,100.2,,1004.0,,,-0.12725830078125,1.5355987548828125,1005.9,False
2025233N15126,2025,KAJIKI,BB,2025-08-26 21:00:00,19.8,99.8,,,,,0.7358856201171875,0.739837646484375,1004.7,False
2025233N15126,2025,KAJIKI,BB,2025-08-27 00:00:00,20.1,99.6,,,,,0.00762939453125,-0.0774383544921875,1006.8,False
2025250N25073,2025,UNNAMED,AS,2025-09-06 18:00:00,25.0,72.5,46.3,998.0,Depression,,2.945953369140625,2.2630157470703125,1001.2,False
2025250N25073,2025,UNNAMED,AS,2025-09-06 21:00:00,24.6,72.4,46.3,998.0,Depression,,3.1790313720703125,2.3718719482421875,1000.2,False
2025250N25073,2025,UNNAMED,AS,2025-09-07 00:00:00,24.3,72.2,46.3,998.0,Depression,,3.3572540283203125,4.268524169921875,1000.0,False
2025250N25073,2025,UNNAMED,AS,2025-09-07 03:00:00,24.2,71.8,46.3,998.0,Depression,,5.095748901367188,3.4554443359375,1000.0,False
2025250N25073,2025,UNNAMED,AS,2025-09-07 06:00:00,24.3,71.4,55.6,996.0,Deep Depression,,6.385757446289063,3.1271514892578125,1000.3,False
2025250N25073,2025,UNNAMED,AS,2025-09-07 09:00:00,24.4,71.2,55.6,996.0,Deep Depression,,5.3495635986328125,-2.6650390625,997.2,False
2025250N25073,2025,UNNAMED,AS,2025-09-07 12:00:00,24.5,71.2,55.6,995.0,Deep Depression,,4.7989349365234375,1.5601043701171875,997.1,False
2025250N25073,2025,UNNAMED,AS,2025-09-07 15:00:00,24.5,71.1,55.6,995.0,Deep Depression,,4.5219573974609375,2.65234375,998.6,False
2025250N25073,2025,UNNAMED,AS,2025-09-07 18:00:00,24.6,71.0,55.6,995.0,Deep Depression,,3.336166381835937,6.69573974609375,997.6,False
2025250N25073,2025,UNNAMED,AS,2025-09-07 21:00:00,24.7,70.9,55.6,995.0,Deep Depression,,-0.5099639892578125,2.9827880859375,994.3,False
2025250N25073,2025,UNNAMED,AS,2025-09-08 00:00:00,24.8,70.7,55.6,995.0,Deep Depression,,5.314483642578125,-2.690826416015625,994.0,False
2025250N25073,2025,UNNAMED,AS,2025-09-08 03:00:00,25.0,70.5,55.6,995.0,Deep Depression,,5.038360595703125,-0.7314605712890625,995.6,False
2025250N25073,2025,UNNAMED,AS,2025-09-08 06:00:00,25.3,70.2,55.6,995.0,Deep Depression,,4.304229736328125,1.6454315185546875,997.3,False
2025250N25073,2025,UNNAMED,AS,2025-09-08 09:00:00,25.6,69.8,55.6,995.0,Deep Depression,,4.311004638671875,-1.2311248779296875,996.3,False
2025250N25073,2025,UNNAMED,AS,2025-09-08 12:00:00,25.8,69.5,55.6,995.0,Deep Depression,,3.034759521484375,0.906158447265625,996.2,False
2025250N25073,2025,UNNAMED,AS,2025-09-08 15:00:00,25.9,69.2,51.9,996.0,Deep Depression,,0.4390869140625,-4.65087890625,997.2,False
2025250N25073,2025,UNNAMED,AS,2025-09-08 18:00:00,25.9,69.0,46.3,997.0,Depression,,-0.7369537353515625,-5.259185791015625,999.5,False
2025250N25073,2025,UNNAMED,AS,2025-09-08 21:00:00,25.9,68.9,46.3,998.0,Depression,,-1.2224578857421875,-3.289291381835937,999.1,False
2025250N25073,2025,UNNAMED,AS,2025-09-09 00:00:00,25.8,68.7,46.3,998.0,Depression,,-0.0561370849609375,-2.996063232421875,999.4,False
2025250N25073,2025,UNNAMED,AS,2025-09-09 03:00:00,25.4,68.4,46.3,998.0,Depression,,-0.8084869384765625,-1.2685394287109375,1001.4,False
2025250N25073,2025,UNNAMED,AS,2025-09-09 06:00:00,25.2,68.2,46.3,999.0,Depression,,-0.3314056396484375,1.255096435546875,1003.0,False
2025250N25073,2025,UNNAMED,AS,2025-09-09 09:00:00,25.1,68.0,46.3,999.0,Depression,,1.9139862060546875,1.86456298828125,1002.3,False
2025250N25073,2025,UNNAMED,AS,2025-09-09 12:00:00,25.0,67.7,46.3,999.0,Depression,,-0.640899658203125,1.1781158447265625,1002.3,False
2025250N25073,2025,UNNAMED,AS,2025-09-09 15:00:00,24.9,67.4,46.3,999.0,Depression,,-1.774200439453125,2.0672607421875,1003.9,False
2025250N25073,2025,UNNAMED,AS,2025-09-09 18:00:00,24.9,67.1,46.3,999.0,Depression,,-2.705902099609375,0.0092620849609375,1004.8,False
2025250N25073,2025,UNNAMED,AS,2025-09-09 21:00:00,24.8,66.7,46.3,1000.0,Depression,27.81,-1.9274139404296875,-0.4821319580078125,1003.5,True
2025250N25073,2025,UNNAMED,AS,2025-09-10 00:00:00,24.8,66.3,46.3,1000.0,Depression,27.7,2.3350372314453125,-2.241943359375,1003.9,True
2025250N25073,2025,UNNAMED,AS,2025-09-10 03:00:00,24.8,65.8,46.3,1000.0,Depression,27.65,-3.4302978515625,-2.7097320556640625,1005.3,True
2025250N25073,2025,UNNAMED,AS,2025-09-10 06:00:00,24.8,65.3,46.3,1000.0,Depression,28.05,-5.967987060546875,-4.902359008789063,1006.0,True
2025250N25073,2025,UNNAMED,AS,2025-09-10 09:00:00,24.8,64.8,46.3,1000.0,Depression,28.65,-0.3906097412109375,-6.3727874755859375,1004.3,True
2025250N25073,2025,UNNAMED,AS,2025-09-10 12:00:00,24.8,64.4,46.3,1000.0,Depression,28.4,5.4000244140625,-3.50567626953125,1004.0,True
2025250N25073,2025,UNNAMED,AS,2025-09-10 15:00:00,24.8,64.0,42.6,1001.0,Depression,28.31,4.8434600830078125,1.262115478515625,1004.9,True
2025250N25073,2025,UNNAMED,AS,2025-09-10 18:00:00,24.8,63.5,37.0,1001.0,Depression,28.55,4.029800415039063,2.200424194335937,1005.6,True
2025266N11137,2025,BUALOI,MM,2025-09-22 18:00:00,11.3,137.3,,1004.0,,,1.765472412109375,2.147735595703125,1010.1,False
2025266N11137,2025,BUALOI,MM,2025-09-22 21:00:00,11.0,136.8,,,,,1.1742706298828125,1.086212158203125,1008.3,False
2025266N11137,2025,BUALOI,MM,2025-09-23 00:00:00,10.8,136.3,,1004.0,,,2.33197021484375,-0.0388641357421875,1009.3,False
2025266N11137,2025,BUALOI,MM,2025-09-23 03:00:00,10.5,135.8,,,,,4.5748138427734375,0.8661956787109375,1010.6,False
2025266N11137,2025,BUALOI,MM,2025-09-23 06:00:00,10.2,135.4,,1002.0,,,4.9354095458984375,0.4081573486328125,1008.8,False
2025266N11137,2025,BUALOI,MM,2025-09-23 09:00:00,10.1,135.0,,,,28.91,6.93865966796875,0.740020751953125,1006.6,True
2025266N11137,2025,BUALOI,MM,2025-09-23 12:00:00,10.0,134.5,64.8,1000.0,Cyclonic Storm,28.91,5.3850860595703125,0.6962432861328125,1007.0,False
2025266N11137,2025,BUALOI,MM,2025-09-23 15:00:00,9.8,134.1,,,,,4.15167236328125,0.4662933349609375,1009.4,False
2025266N11137,2025,BUALOI,MM,2025-09-23 18:00:00,9.7,133.6,64.8,1000.0,Cyclonic Storm,,4.43280029296875,0.4246673583984375,1008.2,False
2025266N11137,2025,BUALOI,MM,2025-09-23 21:00:00,9.6,133.2,,,,,4.246734619140625,-0.7405853271484375,1007.5,False
2025266N11137,2025,BUALOI,MM,2025-09-24 00:00:00,9.7,132.8,74.1,998.0,Cyclonic Storm,,4.3184814453125,-0.0234375,1007.8,False
2025266N11137,2025,BUALOI,MM,2025-09-24 03:00:00,9.9,132.4,,,,28.9,7.16619873046875,1.0016632080078125,1008.9,True
2025266N11137,2025,BUALOI,MM,2025-09-24 06:00:00,10.0,131.9,92.6,992.0,Severe Cyclonic Storm,28.9,8.247772216796875,0.6753997802734375,1007.1,False
2025266N11137,2025,BUALOI,MM,2025-09-24 09:00:00,10.2,131.5,,,,,6.5537872314453125,1.2730560302734375,1005.2,False
2025266N11137,2025,BUALOI,MM,2025-09-24 12:00:00,10.3,131.1,101.9,985.0,Severe Cyclonic Storm,,4.91741943359375,0.4942626953125,1005.7,False
2025266N11137,2025,BUALOI,MM,2025-09-24 15:00:00,10.5,130.6,,,,,3.470458984375,1.421783447265625,1007.2,False
2025266N11137,2025,BUALOI,MM,2025-09-24 18:00:00,10.6,130.1,111.1,980.0,Severe Cyclonic Storm,,4.162765502929688,1.36383056640625,1007.0,False
2025266N11137,2025,BUALOI,MM,2025-09-24 21:00:00,10.9,129.6,,,,,2.512939453125,1.245391845703125,1006.3,False
2025266N11137,2025,BUALOI,MM,2025-09-25 00:00:00,11.1,129.2,120.4,975.0,Very Severe Cyclonic Storm,,2.39483642578125,1.427276611328125,1006.5,False
2025266N11137,2025,BUALOI,MM,2025-09-25 03:00:00,11.2,128.7,,,,,4.351165771484375,1.1407928466796875,1008.8,False
2025266N11137,2025,BUALOI,MM,2025-09-25 06:00:00,11.3,128.1,120.4,975.0,Very Severe Cyclonic Storm,,3.735183715820313,0.9742279052734376,1006.7,False
2025266N11137,2025,BUALOI,MM,2025-09-25 09:00:00,11.6,127.5,,,,,2.9296112060546875,0.9576568603515624,1005.9,False
2025266N11137,2025,BUALOI,MM,2025-09-25 12:00:00,11.8,126.8,111.1,980.0,Severe Cyclonic Storm,,1.9699249267578125,2.501129150390625,1006.4,False
2025266N11137,2025,BUALOI,MM,2025-09-25 15:00:00,12.0,126.0,,,,,1.645263671875,2.91998291015625,1008.7,False
2025266N11137,2025,BUALOI,MM,2025-09-25 18:00:00,12.2,125.0,101.9,985.0,Severe Cyclonic Storm,,1.08892822265625,2.4406280517578125,1007.6,False
2025266N11137,2025,BUALOI,MM,2025-09-25 21:00:00,12.2,124.0,,,,,0.6477508544921875,1.9676513671875,1007.2,False
2025266N11137,2025,BUALOI,MM,2025-09-26 00:00:00,12.3,122.9,101.9,985.0,Severe Cyclonic Storm,,0.2719268798828125,1.3014678955078125,1008.5,False
2025266N11137,2025,BUALOI,MM,2025-09-26 03:00:00,12.5,121.8,,,,,0.565582275390625,0.130584716796875,1010.4,False
2025266N11137,2025,BUALOI,MM,2025-09-26 06:00:00,12.7,120.8,92.6,990.0,Severe Cyclonic Storm,,2.6700439453125,0.339508056640625,1008.3,False
2025266N11137,2025,BUALOI,MM,2025-09-26 09:00:00,12.9,119.9,,,,,2.358062744140625,0.83203125,1006.9,False
2025266N11137,2025,BUALOI,MM,2025-09-26 12:00:00,13.1,119.1,101.9,985.0,Severe Cyclonic Storm,,-0.6125946044921875,0.624237060546875,1008.7,False
2025266N11137,2025,BUALOI,MM,2025-09-26 15:00:00,13.4,118.3,,,,,1.048736572265625,-0.1506195068359375,1011.0,False
2025266N11137,2025,BUALOI,MM,2025-09-26 18:00:00,13.7,117.3,111.1,980.0,Severe Cyclonic Storm,,1.447967529296875,0.1284027099609375,1009.8,False
2025266N11137,2025,BUALOI,MM,2025-09-26 21:00:00,14.1,116.4,,,,,1.475555419921875,-0.3644561767578125,1008.9,False
2025266N11137,2025,BUALOI,MM,2025-09-27 00:00:00,14.5,115.4,111.1,980.0,Severe Cyclonic Storm,,1.016021728515625,-0.583282470703125,1010.3,False
2025266N11137,2025,BUALOI,MM,2025-09-27 03:00:00,14.8,114.6,,,,,1.574249267578125,-2.3885955810546875,1010.9,False
2025266N11137,2025,BUALOI,MM,2025-09-27 06:00:00,15.1,113.8,120.4,975.0,Very Severe Cyclonic Storm,,0.27398681640625,-2.430404663085937,1008.6,False
2025266N11137,2025,BUALOI,MM,2025-09-27 09:00:00,15.5,113.0,,,,,-0.6659393310546875,-3.1656494140625,1006.2,False
2025266N11137,2025,BUALOI,MM,2025-09-27 12:00:00,15.7,112.2,120.4,975.0,Very Severe Cyclonic Storm,,0.426513671875,-2.2832794189453125,1006.8,False
2025266N11137,2025,BUALOI,MM,2025-09-27 15:00:00,15.8,111.4,,,,,0.4674072265625,-2.889190673828125,1008.4,False
2025266N11137,2025,BUALOI,MM,2025-09-27 18:00:00,15.9,110.7,120.4,975.0,Very Severe Cyclonic Storm,,1.9927825927734373,-1.9995880126953125,1006.5,False
2025266N11137,2025,BUALOI,MM,2025-09-27 21:00:00,16.1,110.0,,,,,2.266830444335937,-2.440521240234375,1004.8,False
2025266N11137,2025,BUALOI,MM,2025-09-28 00:00:00,16.4,109.4,120.4,975.0,Very Severe Cyclonic Storm,,1.97930908203125,-2.2873687744140625,1005.4,False
2025266N11137,2025,BUALOI,MM,2025-09-28 03:00:00,16.8,108.8,,,,,2.5550537109375,-2.148544311523437,1005.7,False
2025266N11137,2025,BUALOI,MM,2025-09-28 06:00:00,17.1,108.1,120.4,975.0,Very Severe Cyclonic Storm,,2.40887451171875,-2.326690673828125,1002.6,False
2025266N11137,2025,BUALOI,MM,2025-09-28 09:00:00,17.4,107.6,,,,,2.4837799072265625,-2.169403076171875,1000.3,False
2025266N11137,2025,BUALOI,MM,2025-09-28 12:00:00,17.7,107.1,111.1,980.0,Severe Cyclonic Storm,,2.26611328125,-2.769638061523437,1000.2,False
2025266N11137,2025,BUALOI,MM,2025-09-28 15:00:00,17.9,106.6,,,,,1.7962646484375,-3.831634521484375,1001.4,False
2025266N11137,2025,BUALOI,MM,2025-09-28 18:00:00,18.1,106.1,101.9,980.0,Severe Cyclonic Storm,,4.81976318359375,-0.4645843505859375,997.9,False
2025266N11137,2025,BUALOI,MM,2025-09-28 21:00:00,18.4,105.6,,,,,5.912368774414063,-1.128662109375,992.5,False
2025266N11137,2025,BUALOI,MM,2025-09-29 00:00:00,18.7,105.1,92.6,985.0,Severe Cyclonic Storm,,2.944915771484375,2.43048095703125,996.1,False
2025266N11137,2025,BUALOI,MM,2025-09-29 03:00:00,19.2,104.3,,,,,0.2285003662109375,1.1136322021484375,1001.4,False
2025266N11137,2025,BUALOI,MM,2025-09-29 06:00:00,19.7,103.5,64.8,994.0,Cyclonic Storm,,-0.4872283935546875,1.2926177978515625,1002.6,False
2025266N11137,2025,BUALOI,MM,2025-09-29 09:00:00,20.1,102.7,,,,,-0.8377227783203125,0.9261932373046876,1001.4,False
2025266N11137,2025,BUALOI,MM,2025-09-29 12:00:00,20.5,101.9,,998.0,,,-2.569091796875,-0.3253021240234375,1003.3,False
2025266N11137,2025,BUALOI,MM,2025-09-29 15:00:00,20.8,101.1,,,,,-1.8006134033203125,-1.3286285400390625,1005.7,False
2025266N11137,2025,BUALOI,MM,2025-09-29 18:00:00,21.1,100.5,,1002.0,,,-0.8267059326171875,-1.6109771728515625,1005.2,False
2025266N11137,2025,BUALOI,BB,2025-09-29 21:00:00,21.5,99.9,,,,,-0.5221099853515625,-0.0047760009765625,1005.2,False
2025266N11137,2025,BUALOI,BB,2025-09-30 00:00:00,22.0,99.3,,,,,-0.94818115234375,-0.3750762939453125,1006.9,False
2025266N11137,2025,BUALOI,BB,2025-09-30 03:00:00,22.5,98.7,,,,,-0.1883392333984375,0.0354766845703125,1008.0,False
2025266N11137,2025,BUALOI,BB,2025-09-30 06:00:00,23.1,98.3,,,,,-1.0850830078125,0.0824737548828125,1006.7,False
2025266N11137,2025,BUALOI,BB,2025-09-30 09:00:00,23.7,98.0,,,,,0.1629638671875,0.72674560546875,1005.9,False
2025266N11137,2025,BUALOI,BB,2025-09-30 12:00:00,24.3,97.8,,,,,-0.62310791015625,0.7404327392578125,1006.2,False
2025270N19086,2025,UNNAMED,BB,2025-09-26 12:00:00,19.3,86.1,46.3,998.0,Depression,30.35,-4.192672729492188,1.933807373046875,997.9,True
2025270N19086,2025,UNNAMED,BB,2025-09-26 15:00:00,19.3,85.8,46.3,998.0,Depression,30.46,-1.395599365234375,1.4294586181640625,1000.7,True
2025270N19086,2025,UNNAMED,BB,2025-09-26 18:00:00,19.3,85.5,46.3,998.0,Depression,30.38,-1.041290283203125,1.8647308349609373,1000.8,True
2025270N19086,2025,UNNAMED,BB,2025-09-26 21:00:00,19.3,85.2,46.3,998.0,Depression,30.4,-0.040069580078125,3.0300750732421875,999.6,True
2025270N19086,2025,UNNAMED,BB,2025-09-27 00:00:00,19.3,84.8,46.3,998.0,Depression,,0.613677978515625,-0.111602783203125,1000.8,False
2025270N19086,2025,UNNAMED,BB,2025-09-27 03:00:00,19.3,84.2,46.3,998.0,Depression,,-0.669891357421875,0.8780059814453125,1004.6,False
2025270N19086,2025,UNNAMED,BB,2025-09-27 06:00:00,19.3,83.4,46.3,998.0,Depression,,-1.58929443359375,2.3283843994140625,1004.2,False
2025270N19086,2025,UNNAMED,BB,2025-09-27 09:00:00,19.4,82.5,42.6,999.0,Depression,,0.3262481689453125,3.2191162109375,1000.8,False
2025270N19086,2025,UNNAMED,BB,2025-09-27 12:00:00,19.7,81.5,37.0,999.0,Depression,,1.093505859375,1.8768768310546875,1002.5,False
2025270N19086,2025,UNNAMED,BB,2025-09-27 15:00:00,20.0,80.5,37.0,999.0,Depression,,0.1197509765625,2.383270263671875,1004.0,False
2025270N19086,2025,UNNAMED,BB,2025-09-27 18:00:00,20.3,79.5,37.0,999.0,Depression,,-1.0394439697265625,2.1742401123046875,1003.2,False
2025270N19086,2025,UNNAMED,BB,2025-09-27 21:00:00,20.4,78.3,37.0,999.0,Depression,,-0.8132476806640625,1.760650634765625,1001.2,False
2025270N19086,2025,UNNAMED,AS,2025-09-28 00:00:00,20.3,77.0,37.0,999.0,Depression,,-0.09686279296875,1.4040374755859375,1002.6,False
2025274N16087,2025,UNNAMED,BB,2025-10-01 06:00:00,15.9,86.5,46.3,998.0,Depression,29.19,-8.806610107421875,-0.1890869140625,997.5,True
2025274N16087,2025,UNNAMED,BB,2025-10-01 09:00:00,16.3,86.4,46.3,998.0,Depression,29.26,-4.122314453125,5.688079833984375,994.5,True
2025274N16087,2025,UNNAMED,BB,2025-10-01 12:00:00,16.6,86.3,46.3,997.0,Depression,29.3,-1.0270538330078125,4.56707763671875,995.3,True
2025274N16087,2025,UNNAMED,BB,2025-10-01 15:00:00,16.7,86.1,51.9,997.0,Deep Depression,29.43,-1.6694488525390625,4.0201568603515625,997.0,True
2025274N16087,2025,UNNAMED,BB,2025-10-01 18:00:00,16.8,85.8,55.6,996.0,Deep Depression,29.37,-2.818450927734375,3.34710693359375,995.4,True
2025274N16087,2025,UNNAMED,BB,2025-10-01 21:00:00,17.0,85.6,55.6,996.0,Deep Depression,29.54,3.99371337890625,-2.041534423828125,994.2,True
2025274N16087,2025,UNNAMED,BB,2025-10-02 00:00:00,17.4,85.4,55.6,996.0,Deep Depression,29.76,2.770538330078125,-0.6256103515625,996.6,True
2025274N16087,2025,UNNAMED,BB,2025-10-02 03:00:00,17.9,85.2,55.6,995.0,Deep Depression,29.69,2.566802978515625,3.845169067382813,998.1,True
2025274N16087,2025,UNNAMED,BB,2025-10-02 06:00:00,18.6,85.1,55.6,995.0,Deep Depression,29.53,0.229248046875,0.1717529296875,996.9,True
2025274N16087,2025,UNNAMED,BB,2025-10-02 09:00:00,19.1,84.9,55.6,996.0,Deep Depression,29.67,-2.496063232421875,-0.7704010009765625,995.3,True
2025274N16087,2025,UNNAMED,BB,2025-10-02 12:00:00,19.4,84.8,55.6,996.0,Deep Depression,,-0.6586456298828125,-0.4990692138671875,998.5,False
2025274N16087,2025,UNNAMED,BB,2025-10-02 15:00:00,19.6,84.6,55.6,997.0,Deep Depression,,0.726959228515625,-1.0403900146484375,1002.2,False
2025274N16087,2025,UNNAMED,BB,2025-10-02 18:00:00,19.8,84.4,55.6,997.0,Deep Depression,,-0.084381103515625,-0.5626983642578125,1002.1,False
2025274N16087,2025,UNNAMED,BB,2025-10-02 21:00:00,19.9,84.3,51.9,998.0,Deep Depression,,-1.219390869140625,-0.282257080078125,1002.5,False
2025274N16087,2025,UNNAMED,BB,2025-10-03 00:00:00,20.2,84.1,46.3,999.0,Depression,,0.3634185791015625,-1.1838226318359375,1003.6,False
2025274N16087,2025,UNNAMED,BB,2025-10-03 03:00:00,20.7,83.7,46.3,1000.0,Depression,,1.0302886962890625,-1.606781005859375,1005.5,False
2025274N16087,2025,UNNAMED,BB,2025-10-03 06:00:00,21.2,83.6,46.3,1001.0,Depression,,0.7022247314453125,-1.3947906494140625,1005.7,False
2025275N22068,2025,SHAKHTI,AS,2025-10-01 12:00:00,22.0,68.3,46.3,1001.0,Depression,28.49,-2.7624053955078125,-0.74053955078125,997.1,True
2025275N22068,2025,SHAKHTI,AS,2025-10-01 15:00:00,21.8,68.3,46.3,1001.0,Depression,28.51,-2.7885894775390625,0.4273834228515625,999.2,True
2025275N22068,2025,SHAKHTI,AS,2025-10-01 18:00:00,21.5,68.2,46.3,1001.0,Depression,28.54,-2.125091552734375,0.71429443359375,999.9,True
2025275N22068,2025,SHAKHTI,AS,2025-10-01 21:00:00,21.2,68.1,46.3,1001.0,Depression,28.47,-0.71917724609375,0.085418701171875,998.3,True
2025275N22068,2025,SHAKHTI,AS,2025-10-02 00:00:00,21.0,68.0,46.3,1001.0,Depression,28.55,1.583038330078125,-0.2633056640625,998.2,True
2025275N22068,2025,SHAKHTI,AS,2025-10-02 03:00:00,20.8,67.9,46.3,1001.0,Depression,28.49,3.637115478515625,2.0219268798828125,1000.3,True
2025275N22068,2025,SHAKHTI,AS,2025-10-02 06:00:00,20.8,67.9,46.3,1001.0,Depression,28.49,5.412841796875,4.1707763671875,1001.2,True
2025275N22068,2025,SHAKHTI,AS,2025-10-02 09:00:00,20.8,67.9,46.3,1001.0,Depression,28.49,6.363311767578125,6.1797943115234375,999.8,True
2025275N22068,2025,SHAKHTI,AS,2025-10-02 12:00:00,20.8,67.9,46.3,1001.0,Depression,28.49,6.563034057617188,4.9589385986328125,999.3,True
2025275N22068,2025,SHAKHTI,AS,2025-10-02 15:00:00,20.8,67.8,51.9,1001.0,Deep Depression,28.45,7.119537353515625,3.4889068603515625,1000.8,True
2025275N22068,2025,SHAKHTI,AS,2025-10-02 18:00:00,20.8,67.7,55.6,1000.0,Deep Depression,28.45,7.911712646484375,6.762496948242188,1002.0,True
2025275N22068,2025,SHAKHTI,AS,2025-10-02 21:00:00,21.0,67.5,55.6,1000.0,Deep Depression,28.45,7.507171630859375,6.229461669921875,1000.3,True
2025275N22068,2025,SHAKHTI,AS,2025-10-03 00:00:00,21.4,67.2,55.6,1000.0,Deep Depression,27.99,1.9483795166015625,2.3659820556640625,998.3,True
2025275N22068,2025,SHAKHTI,AS,2025-10-03 03:00:00,21.6,67.0,55.6,999.0,Deep Depression,28.12,1.3388824462890625,2.763336181640625,999.6,True
2025275N22068,2025,SHAKHTI,AS,2025-10-03 06:00:00,21.8,66.8,64.8,997.0,Cyclonic Storm,28.2,-1.1708221435546875,4.2487640380859375,1000.4,False
2025275N22068,2025,SHAKHTI,AS,2025-10-03 09:00:00,21.9,66.6,64.8,997.0,Cyclonic Storm,28.34,-2.16607666015625,3.054595947265625,998.7,False
2025275N22068,2025,SHAKHTI,AS,2025-10-03 12:00:00,22.0,66.4,74.1,996.0,Cyclonic Storm,28.34,1.633880615234375,7.010757446289063,998.8,False
2025275N22068,2025,SHAKHTI,AS,2025-10-03 15:00:00,22.1,66.2,74.1,996.0,Cyclonic Storm,28.44,3.194686889648437,6.8624420166015625,1000.4,False
2025275N22068,2025,SHAKHTI,AS,2025-10-03 18:00:00,22.1,65.8,83.3,994.0,Cyclonic Storm,28.73,3.030029296875,0.7739105224609375,1000.2,False
2025275N22068,2025,SHAKHTI,AS,2025-10-03 21:00:00,22.1,65.4,83.3,994.0,Cyclonic Storm,28.7,2.268707275390625,-1.17584228515625,998.6,False
2025275N22068,2025,SHAKHTI,AS,2025-10-04 00:00:00,22.1,64.8,92.6,992.0,Severe Cyclonic Storm,27.88,0.79180908203125,-5.553070068359375,998.5,False
2025275N22068,2025,SHAKHTI,AS,2025-10-04 03:00:00,22.1,64.4,101.9,990.0,Severe Cyclonic Storm,27.88,-7.561981201171875,-0.0059661865234375,999.2,False
2025275N22068,2025,SHAKHTI,AS,2025-10-04 06:00:00,21.9,64.1,101.9,990.0,Severe Cyclonic Storm,27.98,-10.109573364257812,-6.4946136474609375,1000.4,False
2025275N22068,2025,SHAKHTI,AS,2025-10-04 09:00:00,21.7,63.8,101.9,990.0,Severe Cyclonic Storm,27.82,-7.163742065429688,-3.60418701171875,997.4,False
2025275N22068,2025,SHAKHTI,AS,2025-10-04 12:00:00,21.4,63.5,101.9,990.0,Severe Cyclonic Storm,27.7,-5.864837646484375,2.42449951171875,995.3,False
2025275N22068,2025,SHAKHTI,AS,2025-10-04 15:00:00,21.3,63.0,101.9,990.0,Severe Cyclonic Storm,27.81,-5.0736236572265625,-5.51898193359375,996.0,False
2025275N22068,2025,SHAKHTI,AS,2025-10-04 18:00:00,21.2,62.6,101.9,989.0,Severe Cyclonic Storm,28.01,-7.677322387695312,-14.073623657226562,997.3,False
2025275N22068,2025,SHAKHTI,AS,2025-10-04 21:00:00,21.1,62.0,101.9,989.0,Severe Cyclonic Storm,28.13,-0.10369873046875,-17.685867309570312,997.7,False
2025275N22068,2025,SHAKHTI,AS,2025-10-05 00:00:00,21.0,61.5,111.1,987.0,Severe Cyclonic Storm,27.08,-0.1923828125,-16.532485961914062,1000.1,False
2025275N22068,2025,SHAKHTI,AS,2025-10-05 03:00:00,20.8,61.3,111.1,986.0,Severe Cyclonic Storm,26.94,4.524703979492188,-15.62158203125,1000.3,False
2025275N22068,2025,SHAKHTI,AS,2025-10-05 06:00:00,20.6,61.3,111.1,987.0,Severe Cyclonic Storm,26.89,2.5844879150390625,-12.217132568359377,999.1,False
2025275N22068,2025,SHAKHTI,AS,2025-10-05 09:00:00,20.3,61.0,111.1,988.0,Severe Cyclonic Storm,26.89,5.102325439453125,-9.555130004882812,998.4,False
2025275N22068,2025,SHAKHTI,AS,2025-10-05 12:00:00,20.1,60.6,101.9,990.0,Severe Cyclonic Storm,26.94,7.633270263671875,-10.042098999023438,1000.0,False
2025275N22068,2025,SHAKHTI,AS,2025-10-05 15:00:00,19.8,60.4,101.9,991.0,Severe Cyclonic Storm,26.74,7.727157592773437,-7.181884765625,1001.0,False
2025275N22068,2025,SHAKHTI,AS,2025-10-05 18:00:00,19.7,60.4,92.6,992.0,Severe Cyclonic Storm,26.74,5.8333587646484375,-3.7391357421875,1002.0,False
2025275N22068,2025,SHAKHTI,AS,2025-10-05 21:00:00,19.7,60.5,92.6,993.0,Severe Cyclonic Storm,26.74,2.717987060546875,-4.6214599609375,1001.3,False
2025275N22068,2025,SHAKHTI,AS,2025-10-06 00:00:00,19.8,60.6,83.3,994.0,Cyclonic Storm,26.54,0.70062255859375,-4.22479248046875,1001.5,False
2025275N22068,2025,SHAKHTI,AS,2025-10-06 03:00:00,19.8,60.5,83.3,994.0,Cyclonic Storm,26.54,1.7766571044921875,-5.79254150390625,1003.6,False
2025275N22068,2025,SHAKHTI,AS,2025-10-06 06:00:00,19.8,60.4,74.1,995.0,Cyclonic Storm,26.54,1.440338134765625,-4.293853759765625,1005.1,False
2025275N22068,2025,SHAKHTI,AS,2025-10-06 09:00:00,19.7,60.3,74.1,996.0,Cyclonic Storm,26.47,2.302490234375,-6.2816314697265625,1003.7,False
2025275N22068,2025,SHAKHTI,AS,2025-10-06 12:00:00,19.6,60.2,64.8,997.0,Cyclonic Storm,26.6,6.0531768798828125,-2.019805908203125,1003.8,False
2025275N22068,2025,SHAKHTI,AS,2025-10-06 15:00:00,19.6,60.1,64.8,998.0,Cyclonic Storm,26.47,5.2758331298828125,-4.22601318359375,1005.9,False
2025275N22068,2025,SHAKHTI,AS,2025-10-06 18:00:00,19.5,60.1,55.6,999.0,Deep Depression,26.47,4.353607177734375,-3.36456298828125,1006.6,False
2025275N22068,2025,SHAKHTI,AS,2025-10-06 21:00:00,19.4,60.2,55.6,999.0,Deep Depression,26.6,4.43353271484375,-0.803314208984375,1005.6,True
2025275N22068,2025,SHAKHTI,AS,2025-10-07 00:00:00,19.2,60.3,55.6,999.0,Deep Depression,26.63,4.2598876953125,-5.4641876220703125,1005.1,True
2025275N22068,2025,SHAKHTI,AS,2025-10-07 03:00:00,19.0,60.5,46.3,1001.0,Depression,27.01,0.138275146484375,-6.198394775390625,1006.1,True
2025275N22068,2025,SHAKHTI,AS,2025-10-07 06:00:00,18.9,60.7,37.0,1002.0,Depression,26.89,-2.699981689453125,-2.955780029296875,1007.2,True
2025295N09068,2025,UNNAMED,AS,2025-10-22 00:00:00,8.6,67.6,37.0,1002.0,Depression,28.6,2.2834930419921875,1.73040771484375,1004.7,True
2025295N09068,2025,UNNAMED,AS,2025-10-22 03:00:00,8.9,67.4,37.0,1002.0,Depression,28.59,-1.11248779296875,1.8980865478515625,1006.8,True
2025295N09068,2025,UNNAMED,AS,2025-10-22 06:00:00,9.0,67.0,37.0,1002.0,Depression,28.55,-2.38055419921875,3.9333648681640634,1007.4,True
2025295N09068,2025,UNNAMED,AS,2025-10-22 09:00:00,9.1,67.1,37.0,1002.0,Depression,28.55,2.70098876953125,4.68353271484375,1004.4,True
2025295N09068,2025,UNNAMED,AS,2025-10-22 12:00:00,9.3,67.4,37.0,1002.0,Depression,28.56,0.249603271484375,1.3110504150390625,1004.8,True
2025295N09068,2025,UNNAMED,AS,2025-10-22 15:00:00,9.4,67.5,37.0,1002.0,Depression,28.52,-0.6888427734375,-0.782073974609375,1006.6,True
2025295N09068,2025,UNNAMED,AS,2025-10-22 18:00:00,9.5,67.6,37.0,1002.0,Depression,28.52,0.7166595458984375,-0.53466796875,1007.3,True
2025295N09068,2025,UNNAMED,AS,2025-10-22 21:00:00,9.5,67.6,37.0,1002.0,Depression,28.52,3.858200073242188,0.5508575439453125,1005.0,True
2025295N09068,2025,UNNAMED,AS,2025-10-23 00:00:00,9.6,67.7,37.0,1001.0,Depression,28.69,3.65911865234375,-4.0838623046875,1004.6,True
2025295N09068,2025,UNNAMED,AS,2025-10-23 03:00:00,9.8,67.8,37.0,1001.0,Depression,28.67,1.844482421875,-3.127716064453125,1007.5,True
2025295N09068,2025,UNNAMED,AS,2025-10-23 06:00:00,10.1,68.0,37.0,1001.0,Depression,28.72,3.847930908203125,-2.0537109375,1008.0,True
2025295N09068,2025,UNNAMED,AS,2025-10-23 09:00:00,10.5,68.7,37.0,1001.0,Depression,28.74,6.16082763671875,-1.510040283203125,1004.6,True
2025295N09068,2025,UNNAMED,AS,2025-10-23 12:00:00,11.0,69.4,37.0,1001.0,Depression,28.9,3.0446014404296875,1.3628082275390625,1005.0,True
2025295N09068,2025,UNNAMED,AS,2025-10-23 15:00:00,11.5,69.8,37.0,1001.0,Depression,28.91,4.0909271240234375,1.8903350830078125,1006.5,True
2025295N09068,2025,UNNAMED,AS,2025-10-23 18:00:00,12.0,70.0,37.0,1001.0,Depression,28.88,5.5916290283203125,3.7470550537109375,1006.7,True
2025295N09068,2025,UNNAMED,AS,2025-10-23 21:00:00,12.6,70.3,37.0,1001.0,Depression,28.76,7.0008392333984375,4.9788970947265625,1004.7,True
2025295N09068,2025,UNNAMED,AS,2025-10-24 00:00:00,13.3,70.5,37.0,1001.0,Depression,28.88,4.417266845703125,4.8602294921875,1004.8,True
2025295N09068,2025,UNNAMED,AS,2025-10-24 03:00:00,14.0,70.6,37.0,1001.0,Depression,29.03,0.8059539794921875,4.1955413818359375,1006.3,True
2025295N09068,2025,UNNAMED,AS,2025-10-24 06:00:00,14.4,70.7,37.0,1001.0,Depression,29.14,0.7245941162109375,5.0931396484375,1006.8,True
2025295N09068,2025,UNNAMED,AS,2025-10-24 09:00:00,14.8,70.7,37.0,1001.0,Depression,29.2,1.932769775390625,6.43841552734375,1004.2,True
2025295N09068,2025,UNNAMED,AS,2025-10-24 12:00:00,15.2,70.7,37.0,1001.0,Depression,29.27,2.3069305419921875,5.17608642578125,1003.3,True
2025295N09068,2025,UNNAMED,AS,2025-10-24 15:00:00,15.7,70.7,37.0,1001.0,Depression,29.22,1.133056640625,5.21368408203125,1005.3,True
2025295N09068,2025,UNNAMED,AS,2025-10-24 18:00:00,16.1,70.7,37.0,1001.0,Depression,29.11,0.3720703125,6.60821533203125,1005.7,True
2025295N09068,2025,UNNAMED,AS,2025-10-24 21:00:00,16.3,70.5,37.0,1001.0,Depression,28.99,0.6909332275390625,6.0869140625,1004.0,True
2025295N09068,2025,UNNAMED,AS,2025-10-25 00:00:00,16.4,70.4,37.0,1001.0,Depression,28.93,-0.8630218505859375,5.418228149414063,1003.7,True
2025295N09068,2025,UNNAMED,AS,2025-10-25 03:00:00,16.5,70.4,37.0,1001.0,Depression,28.93,-0.19256591796875,6.41986083984375,1005.5,True
2025295N09068,2025,UNNAMED,AS,2025-10-25 06:00:00,16.6,69.2,37.0,1001.0,Depression,28.88,-2.5259552001953125,6.514907836914063,1005.2,True
2025295N09068,2025,UNNAMED,AS,2025-10-25 09:00:00,16.6,68.4,37.0,1001.0,Depression,28.66,-1.033050537109375,5.566314697265625,1002.1,True
2025295N09068,2025,UNNAMED,AS,2025-10-25 12:00:00,16.6,68.0,37.0,1001.0,Depression,28.61,-0.077880859375,-0.020965576171875,1002.7,True
2025295N09068,2025,UNNAMED,AS,2025-10-25 15:00:00,16.6,67.5,37.0,1001.0,Depression,28.61,-3.898773193359375,-2.160247802734375,1003.7,True
2025295N09068,2025,UNNAMED,AS,2025-10-25 18:00:00,16.6,67.2,37.0,1001.0,Depression,28.61,-4.998931884765625,-0.386260986328125,1004.1,True
2025295N09068,2025,UNNAMED,AS,2025-10-25 21:00:00,16.6,67.0,37.0,1001.0,Depression,28.58,-4.327789306640625,1.0881195068359375,1002.5,True
2025295N09068,2025,UNNAMED,AS,2025-10-26 00:00:00,16.5,66.8,37.0,1001.0,Depression,28.62,-4.33477783203125,-0.5508270263671875,1001.6,True
2025295N09068,2025,UNNAMED,AS,2025-10-26 03:00:00,16.0,66.5,37.0,1001.0,Depression,28.57,-3.571044921875,-2.1197967529296875,1002.7,True
2025295N09068,2025,UNNAMED,AS,2025-10-26 06:00:00,15.5,66.4,37.0,1001.0,Depression,28.5,-2.0933837890625,-1.3531646728515625,1003.3,True
2025295N09068,2025,UNNAMED,AS,2025-10-26 09:00:00,15.2,66.4,37.0,1001.0,Depression,28.52,1.8592376708984373,-0.415679931640625,1000.6,True
2025295N09068,2025,UNNAMED,AS,2025-10-26 12:00:00,15.1,66.4,37.0,1001.0,Depression,28.48,2.7418212890625,-0.9812164306640624,1000.0,True
2025295N09068,2025,UNNAMED,AS,2025-10-26 15:00:00,15.0,66.4,37.0,1001.0,Depression,28.48,4.0132598876953125,-0.968536376953125,1001.4,True
2025295N09068,2025,UNNAMED,AS,2025-10-26 18:00:00,15.1,66.5,37.0,1001.0,Depression,28.48,4.647186279296875,-1.615020751953125,1002.2,True
2025295N09068,2025,UNNAMED,AS,2025-10-26 21:00:00,15.6,66.6,42.6,1001.0,Depression,28.5,2.8316802978515625,-2.239288330078125,1000.3,True
2025295N09068,2025,UNNAMED,AS,2025-10-27 00:00:00,16.1,66.8,46.3,1000.0,Depression,28.53,1.129180908203125,-1.955596923828125,999.8,True
2025295N09068,2025,UNNAMED,AS,2025-10-27 03:00:00,16.4,66.9,46.3,1000.0,Depression,28.65,-1.426849365234375,-0.908905029296875,1001.7,True
2025295N09068,2025,UNNAMED,AS,2025-10-27 06:00:00,16.6,67.2,46.3,1000.0,Depression,28.69,-0.3730010986328125,0.4165191650390625,1002.3,True
2025295N09068,2025,UNNAMED,AS,2025-10-27 09:00:00,16.7,67.3,46.3,1000.0,Depression,28.61,-0.1317291259765625,-1.0654296875,999.9,True
2025295N09068,2025,UNNAMED,AS,2025-10-27 12:00:00,16.7,67.3,46.3,1000.0,Depression,28.61,-0.2720489501953125,-3.056869506835937,999.8,True
2025295N09068,2025,UNNAMED,AS,2025-10-27 15:00:00,16.7,67.3,46.3,1000.0,Depression,28.61,-2.048812866210937,-4.18109130859375,1001.6,True
2025295N09068,2025,UNNAMED,AS,2025-10-27 18:00:00,16.7,67.3,46.3,1000.0,Depression,28.61,-2.5599517822265625,-4.4053497314453125,1002.0,True
2025295N09068,2025,UNNAMED,AS,2025-10-27 21:00:00,16.8,67.6,46.3,1000.0,Depression,28.67,-2.9313507080078125,-3.43206787109375,1000.1,True
2025295N09068,2025,UNNAMED,AS,2025-10-28 00:00:00,17.0,67.8,46.3,1000.0,Depression,28.48,-0.237457275390625,-5.1281585693359375,999.2,True
2025295N09068,2025,UNNAMED,AS,2025-10-28 03:00:00,17.1,67.8,46.3,1000.0,Depression,28.48,-0.420623779296875,-6.02899169921875,1000.7,True
2025295N09068,2025,UNNAMED,AS,2025-10-28 06:00:00,17.2,68.0,46.3,1000.0,Depression,28.58,0.4110565185546875,-4.818649291992188,1001.4,True
2025295N09068,2025,UNNAMED,AS,2025-10-28 09:00:00,17.3,68.2,46.3,1000.0,Depression,28.49,1.551605224609375,-5.068618774414063,998.7,True
2025295N09068,2025,UNNAMED,AS,2025-10-28 12:00:00,17.4,68.5,46.3,1000.0,Depression,28.51,0.1741485595703125,-4.803863525390625,998.7,True
2025295N09068,2025,UNNAMED,AS,2025-10-28 15:00:00,17.6,68.8,46.3,1000.0,Depression,28.54,1.262115478515625,-0.265350341796875,1000.3,True
2025295N09068,2025,UNNAMED,AS,2025-10-28 18:00:00,17.7,69.0,46.3,1000.0,Depression,28.72,0.06134033203125,2.803314208984375,1000.7,True
2025295N09068,2025,UNNAMED,AS,2025-10-28 21:00:00,17.8,69.1,46.3,1000.0,Depression,28.72,0.6609649658203125,2.16131591796875,999.1,True
2025295N09068,2025,UNNAMED,AS,2025-10-29 00:00:00,17.9,69.2,46.3,1000.0,Depression,28.86,-2.719940185546875,3.583602905273437,999.2,True
2025295N09068,2025,UNNAMED,AS,2025-10-29 03:00:00,17.9,69.2,46.3,1000.0,Depression,28.86,-1.7817535400390625,1.4734344482421875,1001.2,True
2025295N09068,2025,UNNAMED,AS,2025-10-29 06:00:00,18.0,69.1,46.3,1000.0,Depression,28.82,-3.052947998046875,2.7421417236328125,1001.3,True
2025295N09068,2025,UNNAMED,AS,2025-10-29 09:00:00,18.0,69.0,46.3,1000.0,Depression,28.82,-1.020477294921875,5.329132080078125,999.3,True
2025295N09068,2025,UNNAMED,AS,2025-10-29 12:00:00,17.9,69.0,46.3,1000.0,Depression,28.82,-2.928802490234375,4.222564697265625,999.9,True
2025295N09068,2025,UNNAMED,AS,2025-10-29 15:00:00,17.9,68.9,46.3,1000.0,Depression,28.82,-1.6195068359375,4.3468780517578125,1001.4,True
2025295N09068,2025,UNNAMED,AS,2025-10-29 18:00:00,17.9,68.8,46.3,1000.0,Depression,28.77,-0.144500732421875,5.83416748046875,1001.9,True
2025295N09068,2025,UNNAMED,AS,2025-10-29 21:00:00,17.9,68.5,46.3,1000.0,Depression,28.71,0.383575439453125,4.971099853515625,1000.2,True
2025295N09068,2025,UNNAMED,AS,2025-10-30 00:00:00,17.9,68.2,46.3,1000.0,Depression,28.41,-3.0691070556640625,2.601303100585937,1000.2,True
2025295N09068,2025,UNNAMED,AS,2025-10-30 03:00:00,17.9,68.2,46.3,1000.0,Depression,28.41,-1.5501556396484375,3.674713134765625,1002.1,True
2025295N09068,2025,UNNAMED,AS,2025-10-30 06:00:00,17.9,68.2,46.3,1000.0,Depression,28.41,-1.912506103515625,4.135757446289063,1002.8,True
2025295N09068,2025,UNNAMED,AS,2025-10-30 09:00:00,18.0,68.2,46.3,1000.0,Depression,28.41,-0.4797210693359375,5.395751953125,1000.6,True
2025295N09068,2025,UNNAMED,AS,2025-10-30 12:00:00,18.1,68.2,46.3,1000.0,Depression,28.41,-1.2036285400390625,1.8441162109375,1000.7,True
2025295N09068,2025,UNNAMED,AS,2025-10-30 15:00:00,18.2,68.2,46.3,1000.0,Depression,28.32,-0.5288543701171875,0.8511505126953125,1003.1,True
2025295N09068,2025,UNNAMED,AS,2025-10-30 18:00:00,18.3,68.2,46.3,1000.0,Depression,28.32,1.342437744140625,0.142578125,1004.0,True
2025295N09068,2025,UNNAMED,AS,2025-10-30 21:00:00,18.4,68.3,46.3,1000.0,Depression,28.21,2.3037872314453125,-1.5706329345703125,1003.3,True
2025295N09068,2025,UNNAMED,AS,2025-10-31 00:00:00,18.6,68.4,46.3,1000.0,Depression,28.21,2.517318725585937,-3.102752685546875,1003.1,True
2025295N09068,2025,UNNAMED,AS,2025-10-31 03:00:00,18.9,68.5,46.3,1000.0,Depression,27.95,-0.43743896484375,-2.3446502685546875,1005.2,True
2025295N09068,2025,UNNAMED,AS,2025-10-31 06:00:00,18.9,68.5,46.3,1000.0,Depression,27.95,-1.1703033447265625,-3.1140899658203125,1005.6,True
2025295N09068,2025,UNNAMED,AS,2025-10-31 09:00:00,19.0,68.7,46.3,1000.0,Depression,27.98,2.4762115478515625,-2.212142944335937,1003.4,True
2025295N09068,2025,UNNAMED,AS,2025-10-31 12:00:00,19.2,69.0,46.3,1000.0,Depression,28.11,1.782562255859375,-3.6108551025390634,1003.4,True
2025295N09068,2025,UNNAMED,AS,2025-10-31 15:00:00,19.3,69.3,42.6,1001.0,Depression,28.22,0.261260986328125,2.5879364013671875,1005.3,True
2025295N09068,2025,UNNAMED,AS,2025-10-31 18:00:00,19.4,69.6,37.0,1001.0,Depression,28.17,-1.7310943603515625,4.0037384033203125,1005.9,True
2025298N11089,2025,MONTHA,BB,2025-10-25 00:00:00,10.8,89.0,37.0,1003.0,Depression,29.1,-3.236068725585937,-6.9489593505859375,1003.7,True
2025298N11089,2025,MONTHA,BB,2025-10-25 03:00:00,10.8,88.8,46.3,1002.0,Depression,29.11,-5.90350341796875,0.15032958984375,1004.9,True
2025298N11089,2025,MONTHA,BB,2025-10-25 06:00:00,10.8,88.6,46.3,1002.0,Depression,29.17,-6.8726348876953125,1.2629547119140625,1003.1,True
2025298N11089,2025,MONTHA,BB,2025-10-25 09:00:00,10.8,88.4,46.3,1002.0,Depression,29.17,-7.861175537109375,-0.290130615234375,1000.0,True
2025298N11089,2025,MONTHA,BB,2025-10-25 12:00:00,10.9,88.1,46.3,1002.0,Depression,29.35,-6.713623046875,-8.019012451171875,1002.6,True
2025298N11089,2025,MONTHA,BB,2025-10-25 15:00:00,10.9,87.9,46.3,1002.0,Depression,29.35,-8.465179443359375,-6.344818115234375,1004.3,True
2025298N11089,2025,MONTHA,BB,2025-10-25 18:00:00,11.0,87.7,46.3,1002.0,Depression,29.3,-7.957916259765625,-6.374542236328125,1003.6,True
2025298N11089,2025,MONTHA,BB,2025-10-25 21:00:00,11.0,87.5,51.9,1001.0,Deep Depression,29.31,-5.850250244140625,-6.658950805664063,1001.6,True
2025298N11089,2025,MONTHA,BB,2025-10-26 00:00:00,11.1,87.3,55.6,1000.0,Deep Depression,29.36,-0.18731689453125,-3.1328582763671875,1002.8,True
2025298N11089,2025,MONTHA,BB,2025-10-26 03:00:00,11.2,87.1,55.6,998.0,Deep Depression,29.4,-3.659912109375,-2.7926483154296875,1004.6,True
2025298N11089,2025,MONTHA,BB,2025-10-26 06:00:00,11.3,86.9,55.6,998.0,Deep Depression,29.4,-4.5338134765625,-3.6129302978515625,1002.5,True
2025298N11089,2025,MONTHA,BB,2025-10-26 09:00:00,11.4,86.8,55.6,998.0,Deep Depression,29.46,-5.3897857666015625,-2.117828369140625,999.5,True
2025298N11089,2025,MONTHA,BB,2025-10-26 12:00:00,11.4,86.4,55.6,998.0,Deep Depression,29.47,-3.6839599609375,-1.9597320556640625,999.7,True
2025298N11089,2025,MONTHA,BB,2025-10-26 15:00:00,11.3,86.0,61.1,998.0,Deep Depression,29.29,0.2134552001953125,-1.449981689453125,1001.2,True
2025298N11089,2025,MONTHA,BB,2025-10-26 18:00:00,11.4,85.6,64.8,997.0,Cyclonic Storm,29.29,0.055389404296875,1.542205810546875,1000.8,False
2025298N11089,2025,MONTHA,BB,2025-10-26 21:00:00,11.9,85.4,64.8,997.0,Cyclonic Storm,29.37,-4.6888275146484375,2.528289794921875,998.2,False
2025298N11089,2025,MONTHA,BB,2025-10-27 00:00:00,12.4,85.3,64.8,997.0,Cyclonic Storm,29.04,-8.589569091796875,-0.017120361328125,997.7,False
2025298N11089,2025,MONTHA,BB,2025-10-27 03:00:00,12.6,84.8,74.1,996.0,Cyclonic Storm,29.05,-2.645599365234375,0.637969970703125,999.3,False
2025298N11089,2025,MONTHA,BB,2025-10-27 06:00:00,12.7,84.4,74.1,996.0,Cyclonic Storm,29.11,-1.4355010986328125,-0.7162933349609375,997.5,False
2025298N11089,2025,MONTHA,BB,2025-10-27 09:00:00,13.0,84.1,74.1,995.0,Cyclonic Storm,29.17,1.5333099365234375,-4.2548828125,995.2,False
2025298N11089,2025,MONTHA,BB,2025-10-27 12:00:00,13.3,84.0,83.3,994.0,Cyclonic Storm,29.24,7.259201049804687,-2.706283569335937,995.1,False
2025298N11089,2025,MONTHA,BB,2025-10-27 15:00:00,13.7,83.8,83.3,994.0,Cyclonic Storm,29.16,-2.439437866210937,2.85894775390625,997.1,False
2025298N11089,2025,MONTHA,BB,2025-10-27 18:00:00,14.1,83.5,83.3,993.0,Cyclonic Storm,29.22,1.0328216552734375,4.611251831054688,996.5,False
2025298N11089,2025,MONTHA,BB,2025-10-27 21:00:00,14.4,83.3,83.3,992.0,Cyclonic Storm,29.16,-4.7692413330078125,3.22222900390625,994.4,False
2025298N11089,2025,MONTHA,BB,2025-10-28 00:00:00,14.6,83.1,92.6,991.0,Severe Cyclonic Storm,28.87,-1.805816650390625,-1.4797210693359375,993.0,False
2025298N11089,2025,MONTHA,BB,2025-10-28 03:00:00,14.8,82.9,92.6,991.0,Severe Cyclonic Storm,28.74,-3.828826904296875,1.25909423828125,995.0,False
2025298N11089,2025,MONTHA,BB,2025-10-28 06:00:00,15.2,82.6,92.6,991.0,Severe Cyclonic Storm,28.78,-6.7178497314453125,-3.846969604492188,994.5,False
2025298N11089,2025,MONTHA,BB,2025-10-28 09:00:00,15.6,82.4,92.6,990.0,Severe Cyclonic Storm,28.88,0.813323974609375,-0.7834625244140625,991.7,False
2025298N11089,2025,MONTHA,BB,2025-10-28 12:00:00,15.9,82.1,92.6,990.0,Severe Cyclonic Storm,29.24,-1.1285858154296875,-1.980621337890625,995.2,False
2025298N11089,2025,MONTHA,BB,2025-10-28 15:00:00,16.0,81.8,92.6,990.0,Severe Cyclonic Storm,29.25,-4.272064208984375,-1.984100341796875,996.9,False
2025298N11089,2025,MONTHA,BB,2025-10-28 18:00:00,16.1,81.5,92.6,990.0,Severe Cyclonic Storm,29.11,13.22052001953125,6.704681396484375,997.6,False
2025298N11089,2025,MONTHA,BB,2025-10-28 21:00:00,16.4,81.4,74.1,992.0,Cyclonic Storm,,3.0359649658203125,3.76678466796875,995.8,False
2025298N11089,2025,MONTHA,BB,2025-10-29 00:00:00,17.0,81.3,64.8,997.0,Cyclonic Storm,,-1.898651123046875,-2.9525299072265625,996.8,False
2025298N11089,2025,MONTHA,BB,2025-10-29 03:00:00,17.3,81.2,55.6,999.0,Deep Depression,,-1.1694488525390625,3.3611297607421875,1001.3,False
2025298N11089,2025,MONTHA,BB,2025-10-29 06:00:00,17.7,81.1,55.6,999.0,Deep Depression,,-1.271697998046875,3.3495635986328125,1002.0,False
2025298N11089,2025,MONTHA,BB,2025-10-29 09:00:00,18.2,81.0,51.9,1000.0,Deep Depression,,-2.587860107421875,4.120147705078125,1000.9,False
2025298N11089,2025,MONTHA,BB,2025-10-29 12:00:00,18.7,80.9,46.3,1000.0,Depression,,-3.547943115234375,3.394439697265625,1002.3,False
2025298N11089,2025,MONTHA,BB,2025-10-29 15:00:00,19.2,80.8,42.6,1000.0,Depression,,-4.3587646484375,2.9787139892578125,1004.6,False
2025298N11089,2025,MONTHA,BB,2025-10-29 18:00:00,19.6,80.7,37.0,1000.0,Depression,,-3.695281982421875,3.31072998046875,1005.3,False
2025329N05100,2025,SENYAR,BB,2025-11-25 03:00:00,5.4,99.7,37.0,1004.0,Depression,29.0,-5.6229248046875,-10.475357055664062,1007.3,True
2025329N05100,2025,SENYAR,BB,2025-11-25 06:00:00,5.3,99.5,37.0,1004.0,Depression,28.64,-7.5322418212890625,-9.053085327148438,1004.8,True
2025329N05100,2025,SENYAR,BB,2025-11-25 09:00:00,5.2,99.3,42.6,1004.0,Depression,28.55,-6.4556884765625,-11.349014282226562,1003.2,True
2025329N05100,2025,SENYAR,BB,2025-11-25 12:00:00,5.0,99.0,46.3,1003.0,Depression,28.59,-9.73431396484375,-12.072341918945312,1004.2,True
2025329N05100,2025,SENYAR,BB,2025-11-25 15:00:00,4.9,98.7,51.9,1003.0,Deep Depression,28.72,-11.550445556640623,-10.918380737304688,1004.9,True
2025329N05100,2025,SENYAR,BB,2025-11-25 18:00:00,4.9,98.4,55.6,1002.0,Deep Depression,28.84,-10.814971923828123,-7.7615966796875,1004.7,True
2025329N05100,2025,SENYAR,BB,2025-11-25 21:00:00,4.9,98.1,64.8,1001.0,Cyclonic Storm,28.74,-6.157028198242188,-10.2984619140625,1005.1,False
2025329N05100,2025,SENYAR,BB,2025-11-26 00:00:00,4.8,98.0,74.1,999.0,Cyclonic Storm,,-9.396209716796877,-6.328460693359375,1006.4,False
2025329N05100,2025,SENYAR,BB,2025-11-26 03:00:00,4.5,97.9,74.1,999.0,Cyclonic Storm,,-3.15374755859375,-3.236480712890625,1009.0,False
2025329N05100,2025,SENYAR,BB,2025-11-26 06:00:00,4.3,98.0,74.1,999.0,Cyclonic Storm,,0.5041351318359375,-2.686874389648437,1007.8,False
2025329N05100,2025,SENYAR,BB,2025-11-26 09:00:00,4.1,98.1,74.1,999.0,Cyclonic Storm,,2.2909088134765625,-2.382598876953125,1007.2,False
2025329N05100,2025,SENYAR,BB,2025-11-26 12:00:00,4.0,98.4,64.8,1000.0,Cyclonic Storm,28.87,-1.2184600830078125,-4.368499755859375,1007.5,False
2025329N05100,2025,SENYAR,BB,2025-11-26 15:00:00,3.8,98.9,64.8,1000.0,Cyclonic Storm,28.91,-6.7840118408203125,-0.300933837890625,1009.1,False
2025329N05100,2025,SENYAR,BB,2025-11-26 18:00:00,3.7,99.4,64.8,1000.0,Cyclonic Storm,29.2,-5.394775390625,-4.11395263671875,1008.3,False
2025329N05100,2025,SENYAR,BB,2025-11-26 21:00:00,3.7,99.7,64.8,1001.0,Cyclonic Storm,29.25,-5.1976470947265625,-5.235809326171875,1007.4,False
2025329N05100,2025,SENYAR,BB,2025-11-27 00:00:00,3.6,100.0,55.6,1002.0,Deep Depression,29.39,-3.7884368896484375,-7.023712158203125,1007.9,True
2025329N05100,2025,SENYAR,MM,2025-11-27 03:00:00,3.6,100.1,55.6,1002.0,Deep Depression,29.39,-5.0348052978515625,-9.139984130859377,1009.2,True
2025329N05100,2025,SENYAR,MM,2025-11-27 06:00:00,3.6,100.3,46.3,1003.0,Depression,29.4,-3.4695281982421875,-8.303253173828125,1008.0,True
2025329N05100,2025,SENYAR,MM,2025-11-27 09:00:00,3.6,100.6,42.6,1004.0,Depression,29.47,2.211288452148437,-6.959991455078125,1007.5,True
2025329N05100,2025,SENYAR,MM,2025-11-27 12:00:00,3.6,100.9,37.0,1004.0,Depression,29.1,1.0267181396484375,-5.2802276611328125,1009.0,True
2025329N05100,2025,SENYAR,MM,2025-11-27 15:00:00,3.6,101.2,37.0,1004.0,Depression,,-0.6170501708984375,-2.6955108642578125,1009.8,False
2025329N05100,2025,SENYAR,MM,2025-11-27 18:00:00,3.6,101.4,,,,,0.8073577880859375,-2.34326171875,1009.5,False
2025329N05100,2025,SENYAR,MM,2025-11-27 21:00:00,3.6,101.7,,,,,1.4457244873046875,-1.6230621337890625,1009.4,False
2025329N05100,2025,SENYAR,MM,2025-11-28 00:00:00,3.7,102.0,,,,,1.4054107666015625,-0.269256591796875,1011.8,False
2025329N05100,2025,SENYAR,MM,2025-11-28 03:00:00,3.7,102.1,,,,,0.981048583984375,-0.441375732421875,1013.0,False
2025329N05100,2025,SENYAR,MM,2025-11-28 06:00:00,3.8,102.6,,,,,2.185943603515625,-0.740936279296875,1009.9,False
2025329N05100,2025,SENYAR,MM,2025-11-28 09:00:00,4.0,103.4,,,,28.46,-0.9683685302734376,-7.81268310546875,1007.1,True
2025329N05100,2025,SENYAR,MM,2025-11-28 12:00:00,4.2,104.3,,,,28.73,-2.67498779296875,-7.45556640625,1009.4,True
2025329N05100,2025,SENYAR,MM,2025-11-28 15:00:00,4.3,104.7,,,,28.71,-6.293243408203125,-0.5237579345703125,1009.8,True
2025329N05100,2025,SENYAR,MM,2025-11-28 18:00:00,4.4,105.1,,,,28.53,-5.7771759033203125,-6.334503173828125,1008.5,True
2025329N05100,2025,SENYAR,MM,2025-11-28 21:00:00,4.7,105.5,,,,28.49,3.834548950195313,-8.035919189453125,1008.3,True
2025329N05100,2025,SENYAR,MM,2025-11-29 00:00:00,4.8,106.0,,,,28.46,5.653350830078125,-8.088088989257812,1010.5,True
2025329N05100,2025,SENYAR,MM,2025-11-29 03:00:00,4.8,106.4,,,,28.46,3.71185302734375,-8.015045166015625,1011.3,True
2025329N05100,2025,SENYAR,MM,2025-11-29 06:00:00,4.8,106.8,,,,28.46,3.194732666015625,-7.752853393554687,1009.5,True
2025329N05100,2025,SENYAR,MM,2025-11-29 09:00:00,5.0,107.2,,,,28.44,3.1208953857421875,-6.763092041015625,1008.3,True
2025329N05100,2025,SENYAR,MM,2025-11-29 12:00:00,5.2,107.5,,,,28.34,1.721527099609375,-6.141036987304688,1010.4,True
2025329N05100,2025,SENYAR,MM,2025-11-29 15:00:00,5.4,108.0,,,,28.13,1.5884552001953125,-5.49432373046875,1011.7,True
2025329N05100,2025,SENYAR,MM,2025-11-29 18:00:00,5.7,108.5,,,,27.98,2.419464111328125,-4.5941162109375,1010.3,True
2025329N05100,2025,SENYAR,MM,2025-11-29 21:00:00,6.0,108.8,,,,27.98,2.6594696044921875,-4.0733795166015625,1009.4,True
2025329N05100,2025,SENYAR,MM,2025-11-30 00:00:00,6.4,109.0,,,,28.04,2.2451934814453125,-2.4759521484375,1011.1,True
2025329N05100,2025,SENYAR,MM,2025-11-30 03:00:00,6.9,109.2,,,,27.79,3.355438232421875,-2.8452606201171875,1012.4,True
2025329N05100,2025,SENYAR,MM,2025-11-30 06:00:00,7.4,109.2,,,,27.49,3.863555908203125,-2.3737335205078125,1010.0,True
2025331N06083,2025,DITWAH,BB,2025-11-26 18:00:00,5.9,82.6,46.3,1004.0,Depression,29.16,-0.245361328125,2.27471923828125,1006.0,True
2025331N06083,2025,DITWAH,BB,2025-11-26 21:00:00,6.0,82.6,51.9,1004.0,Deep Depression,29.16,6.2593841552734375,2.721221923828125,1004.2,True
2025331N06083,2025,DITWAH,BB,2025-11-27 00:00:00,6.4,81.9,55.6,1003.0,Deep Depression,28.69,1.7476959228515625,2.736053466796875,1004.7,True
2025331N06083,2025,DITWAH,BB,2025-11-27 03:00:00,6.7,81.9,55.6,1003.0,Deep Depression,28.64,1.9261322021484373,3.290679931640625,1005.9,True
2025331N06083,2025,DITWAH,BB,2025-11-27 06:00:00,7.0,82.0,64.8,1002.0,Cyclonic Storm,28.67,3.1349639892578125,4.602996826171875,1004.0,False
2025331N06083,2025,DITWAH,BB,2025-11-27 09:00:00,7.3,81.9,64.8,1002.0,Cyclonic Storm,,0.1292572021484375,6.006805419921875,1001.9,False
2025331N06083,2025,DITWAH,BB,2025-11-27 12:00:00,7.6,81.7,64.8,1002.0,Cyclonic Storm,28.65,-2.9166412353515625,4.527389526367188,1001.9,False
2025331N06083,2025,DITWAH,BB,2025-11-27 15:00:00,7.8,81.5,64.8,1002.0,Cyclonic Storm,,-4.7147064208984375,1.6609344482421875,1003.5,False
2025331N06083,2025,DITWAH,BB,2025-11-27 18:00:00,7.9,81.3,64.8,1002.0,Cyclonic Storm,,-6.865493774414063,2.12255859375,1003.2,False
2025331N06083,2025,DITWAH,BB,2025-11-27 21:00:00,8.0,81.2,64.8,1002.0,Cyclonic Storm,,-5.6616973876953125,0.2382659912109375,1002.1,False
2025331N06083,2025,DITWAH,BB,2025-11-28 00:00:00,8.1,81.1,64.8,1002.0,Cyclonic Storm,,-0.9920501708984376,-2.501678466796875,1002.6,False
2025331N06083,2025,DITWAH,BB,2025-11-28 03:00:00,8.2,81.0,64.8,1002.0,Cyclonic Storm,,-0.935943603515625,-2.554656982421875,1005.2,False
2025331N06083,2025,DITWAH,BB,2025-11-28 06:00:00,8.3,81.0,64.8,1002.0,Cyclonic Storm,,-0.268157958984375,-1.104217529296875,1003.4,False
2025331N06083,2025,DITWAH,BB,2025-11-28 09:00:00,8.5,81.0,64.8,1002.0,Cyclonic Storm,,-1.0679779052734375,-0.09979248046875,1001.1,False
2025331N06083,2025,DITWAH,BB,2025-11-28 12:00:00,8.6,80.9,64.8,1002.0,Cyclonic Storm,,0.55938720703125,1.56787109375,1002.8,False
2025331N06083,2025,DITWAH,BB,2025-11-28 15:00:00,8.8,80.8,64.8,1002.0,Cyclonic Storm,,0.073944091796875,-1.3889923095703125,1005.1,False
2025331N06083,2025,DITWAH,BB,2025-11-28 18:00:00,9.0,80.8,64.8,1002.0,Cyclonic Storm,,-2.4207305908203125,-1.447784423828125,1004.6,False
2025331N06083,2025,DITWAH,BB,2025-11-28 21:00:00,9.2,80.8,64.8,1001.0,Cyclonic Storm,,-4.373458862304688,-1.014434814453125,1003.0,False
2025331N06083,2025,DITWAH,BB,2025-11-29 00:00:00,9.4,80.8,64.8,1001.0,Cyclonic Storm,28.19,-6.665985107421875,-0.0832061767578125,1003.5,False
2025331N06083,2025,DITWAH,BB,2025-11-29 03:00:00,9.6,80.8,74.1,1000.0,Cyclonic Storm,28.19,-4.74615478515625,2.345306396484375,1005.7,False
2025331N06083,2025,DITWAH,BB,2025-11-29 06:00:00,9.9,80.8,74.1,1000.0,Cyclonic Storm,28.11,-8.324798583984375,-0.0507049560546875,1004.8,False
2025331N06083,2025,DITWAH,BB,2025-11-29 09:00:00,10.1,80.7,74.1,1000.0,Cyclonic Storm,28.11,-6.2414093017578125,1.862884521484375,1002.3,False
2025331N06083,2025,DITWAH,BB,2025-11-29 12:00:00,10.3,80.7,74.1,1000.0,Cyclonic Storm,28.12,-3.343902587890625,5.4507598876953125,1003.1,False
2025331N06083,2025,DITWAH,BB,2025-11-29 15:00:00,10.4,80.7,74.1,1000.0,Cyclonic Storm,28.07,-4.206466674804688,2.51153564453125,1004.7,False
2025331N06083,2025,DITWAH,BB,2025-11-29 18:00:00,10.6,80.7,74.1,1000.0,Cyclonic Storm,28.07,-2.225067138671875,1.8258056640625,1004.4,False
2025331N06083,2025,DITWAH,BB,2025-11-29 21:00:00,10.8,80.7,74.1,1000.0,Cyclonic Storm,28.01,-1.8004913330078125,0.7215423583984375,1003.1,False
2025331N06083,2025,DITWAH,BB,2025-11-30 00:00:00,11.0,80.7,74.1,1000.0,Cyclonic Storm,27.75,-1.7997283935546875,-3.3187255859375,1003.6,False
2025331N06083,2025,DITWAH,BB,2025-11-30 03:00:00,11.2,80.7,74.1,1000.0,Cyclonic Storm,27.89,-5.020538330078125,-1.7739715576171875,1006.2,False
2025331N06083,2025,DITWAH,BB,2025-11-30 06:00:00,11.4,80.7,64.8,1001.0,Cyclonic Storm,28.0,-3.938201904296875,-0.3151397705078125,1005.8,False
2025331N06083,2025,DITWAH,BB,2025-11-30 09:00:00,11.6,80.7,64.8,1002.0,Cyclonic Storm,28.0,1.07147216796875,0.408721923828125,1003.8,False
2025331N06083,2025,DITWAH,BB,2025-11-30 12:00:00,11.7,80.8,55.6,1003.0,Deep Depression,28.04,0.0313873291015625,-4.22052001953125,1005.0,True
2025331N06083,2025,DITWAH,BB,2025-11-30 15:00:00,11.9,81.0,55.6,1003.0,Deep Depression,28.11,-1.7508087158203125,0.1710662841796875,1007.3,True
2025331N06083,2025,DITWAH,BB,2025-11-30 18:00:00,12.0,81.2,55.6,1003.0,Deep Depression,28.14,1.2308502197265625,4.525924682617188,1007.1,True
2025331N06083,2025,DITWAH,BB,2025-11-30 21:00:00,12.3,81.2,55.6,1003.0,Deep Depression,28.09,1.70684814453125,3.3564605712890625,1005.2,True
2025331N06083,2025,DITWAH,BB,2025-12-01 00:00:00,12.6,81.2,55.6,1003.0,Deep Depression,27.68,2.963348388671875,1.816741943359375,1005.2,True
2025331N06083,2025,DITWAH,BB,2025-12-01 03:00:00,12.7,81.0,55.6,1003.0,Deep Depression,27.58,3.80572509765625,-0.5250244140625,1007.6,True
2025331N06083,2025,DITWAH,BB,2025-12-01 06:00:00,12.9,80.9,55.6,1003.0,Deep Depression,27.63,1.74066162109375,-2.0718231201171875,1007.3,True
2025331N06083,2025,DITWAH,BB,2025-12-01 09:00:00,13.0,80.9,55.6,1003.0,Deep Depression,27.63,2.6179656982421875,0.2308197021484375,1004.6,True
2025331N06083,2025,DITWAH,BB,2025-12-01 12:00:00,12.9,80.9,55.6,1003.0,Deep Depression,27.63,-2.8525848388671875,1.0077667236328125,1005.1,True
2025331N06083,2025,DITWAH,BB,2025-12-01 15:00:00,12.8,80.8,55.6,1003.0,Deep Depression,27.51,-0.014892578125,-4.130523681640625,1008.1,True
2025331N06083,2025,DITWAH,BB,2025-12-01 18:00:00,12.7,80.7,55.6,1003.0,Deep Depression,27.51,-1.5294036865234375,-3.548614501953125,1008.0,True
2025331N06083,2025,DITWAH,BB,2025-12-01 21:00:00,12.7,80.6,51.9,1004.0,Deep Depression,27.56,2.34649658203125,-5.306884765625,1007.0,True
2025331N06083,2025,DITWAH,BB,2025-12-02 00:00:00,12.6,80.6,46.3,1004.0,Depression,27.69,5.126480102539063,-7.529205322265625,1007.0,True
2025331N06083,2025,DITWAH,BB,2025-12-02 03:00:00,12.5,80.7,46.3,1004.0,Depression,27.68,-1.22259521484375,-1.5826416015625,1009.2,True
2025331N06083,2025,DITWAH,BB,2025-12-02 06:00:00,12.4,80.7,46.3,1004.0,Depression,27.68,-2.859893798828125,-0.76922607421875,1008.9,True
2025331N06083,2025,DITWAH,BB,2025-12-02 09:00:00,12.3,80.6,46.3,1004.0,Depression,27.75,2.1861724853515625,-2.7913970947265625,1006.4,True
2025331N06083,2025,DITWAH,BB,2025-12-02 12:00:00,12.3,80.4,46.3,1004.0,Depression,27.75,1.3863372802734375,1.33013916015625,1007.0,True
2025331N06083,2025,DITWAH,BB,2025-12-02 15:00:00,12.2,80.3,42.6,1005.0,Depression,27.69,0.33917236328125,-3.1749420166015625,1009.4,True
2025331N06083,2025,DITWAH,BB,2025-12-02 18:00:00,12.1,80.2,37.0,1005.0,Depression,27.73,-0.355194091796875,0.2738800048828125,1009.6,True
