cyclone_id,season,name,basin,subbasin,nature,timestamp,latitude,longitude,wind_speed_kmh,pressure_hpa,category,year,month,z_500,u_500,v_500,u_700,v_700
2020136N10088,2020,AMPHAN,NI,BB,DS,2020-05-15 06:00:00,9.5,87.5,,,,2020,5,5867.07784067444,-0.3906441926956177,0.7234614491462708,-0.7385349869728088,1.0637646913528442
2020136N10088,2020,AMPHAN,NI,BB,DS,2020-05-15 09:00:00,9.5,87.2,,,,2020,5,5854.589503678627,-0.20219111442565918,1.8855891227722168,-0.36336731910705566,1.8837004899978638
2020136N10088,2020,AMPHAN,NI,BB,TS,2020-05-15 12:00:00,9.5,87.0,,,,2020,5,5854.477972217832,-0.14667095243930817,1.7681289911270142,-0.3721129596233368,1.6918814182281494
2020136N10088,2020,AMPHAN,NI,BB,TS,2020-05-15 15:00:00,9.5,86.8,,,,2020,5,5862.057729958753,0.5083082318305969,2.6953353881835938,-0.0025488068349659443,2.4028284549713135
2020136N10088,2020,AMPHAN,NI,BB,TS,2020-05-15 18:00:00,9.5,86.6,,,,2020,5,5861.992802715505,0.5592343807220459,2.5958290100097656,-0.008602220565080643,2.233358860015869
2020136N10088,2020,AMPHAN,NI,BB,TS,2020-05-15 21:00:00,9.6,86.5,,,,2020,5,5846.131435683949,-0.01405527163296938,2.095028877258301,0.426420122385025,1.339468002319336
2020136N10088,2020,AMPHAN,NI,BB,TS,2020-05-16 00:00:00,9.8,86.4,46.3,1000.0,Depression,2020,5,5846.145377116549,-0.11273539811372757,1.9396255016326904,0.09255807846784592,1.1055437326431274
2020136N10088,2020,AMPHAN,NI,BB,TS,2020-05-16 03:00:00,10.1,86.2,46.3,1000.0,Depression,2020,5,5854.599860171415,-0.029829353094100952,2.248338222503662,0.1636141687631607,1.820359230041504
2020136N10088,2020,AMPHAN,NI,BB,TS,2020-05-16 06:00:00,10.3,86.1,46.3,1000.0,Depression,2020,5,5854.594283598375,-0.2228778451681137,1.9973710775375366,-0.1624094396829605,1.6985679864883423
2020136N10088,2020,AMPHAN,NI,BB,TS,2020-05-16 09:00:00,10.5,86.1,55.6,998.0,Deep Depression,2020,5,5838.038234896729,1.7383028268814087,1.9059313535690308,3.084679365158081,0.2270260453224182
2020136N10088,2020,AMPHAN,NI,BB,TS,2020-05-16 12:00:00,10.6,86.2,64.8,996.0,Cyclonic Storm,2020,5,5838.272450964397,1.5474597215652466,1.8829671144485474,2.921194314956665,0.25489455461502075
2020136N10088,2020,AMPHAN,NI,BB,TS,2020-05-16 15:00:00,10.8,86.1,74.1,995.0,Cyclonic Storm,2020,5,5854.633319609653,2.296900510787964,1.78665292263031,2.814478635787964,0.009241659194231033
2020136N10088,2020,AMPHAN,NI,BB,TS,2020-05-16 18:00:00,10.9,86.1,74.1,995.0,Cyclonic Storm,2020,5,5854.82969464598,2.2180123329162598,1.7237656116485596,2.7300095558166504,-0.0626162439584732
2020136N10088,2020,AMPHAN,NI,BB,TS,2020-05-16 21:00:00,11.1,86.1,83.3,994.0,Cyclonic Storm,2020,5,5838.161317830248,3.881934642791748,1.4834356307983398,3.9495296478271484,-0.09097398072481155
2020136N10088,2020,AMPHAN,NI,BB,TS,2020-05-17 00:00:00,11.2,86.1,83.3,993.0,Cyclonic Storm,2020,5,5838.203540454691,3.754791736602783,1.5603147745132446,3.8603720664978027,-0.07370562106370926
2020136N10088,2020,AMPHAN,NI,BB,TS,2020-05-17 03:00:00,11.3,86.1,92.6,990.0,Severe Cyclonic Storm,2020,5,5850.490324167785,4.389298915863037,1.8156418800354004,2.0658442974090576,-1.11376953125
2020136N10088,2020,AMPHAN,NI,BB,TS,2020-05-17 06:00:00,11.5,86.2,101.9,988.0,Severe Cyclonic Storm,2020,5,5850.510240500069,3.983461856842041,2.0106959342956543,1.862269401550293,-1.049241304397583
2020136N10088,2020,AMPHAN,NI,BB,TS,2020-05-17 09:00:00,11.6,86.2,120.4,980.0,Very Severe Cyclonic Storm,2020,5,5831.973313389384,6.094872951507568,0.5287626385688782,1.8076422214508057,-1.6045098304748535
2020136N10088,2020,AMPHAN,NI,BB,TS,2020-05-17 12:00:00,11.9,86.2,129.6,978.0,Very Severe Cyclonic Storm,2020,5,5832.112329388731,5.595027923583984,0.4110143482685089,1.414523720741272,-1.7566636800765991
2020136N10088,2020,AMPHAN,NI,BB,TS,2020-05-17 15:00:00,12.5,86.4,138.9,972.0,Very Severe Cyclonic Storm,2020,5,5844.954778772568,4.005502700805664,0.27364104986190796,0.9667944312095642,-1.2359440326690674
2020136N10088,2020,AMPHAN,NI,BB,TS,2020-05-17 18:00:00,12.5,86.4,148.2,970.0,Very Severe Cyclonic Storm,2020,5,5844.954778772568,4.005502700805664,0.27364104986190796,0.9667944312095642,-1.2359440326690674
2020136N10088,2020,AMPHAN,NI,BB,TS,2020-05-17 21:00:00,12.9,86.5,166.7,962.0,Extremely Severe Cyclonic Storm,2020,5,5823.900825587739,3.2648024559020996,0.6186209917068481,1.3128389120101929,-1.59142005443573
2020136N10088,2020,AMPHAN,NI,BB,TS,2020-05-18 00:00:00,13.2,86.4,185.2,952.0,Extremely Severe Cyclonic Storm,2020,5,5823.703255571475,3.1886892318725586,0.5384140014648438,1.2241970300674438,-1.7415798902511597
2020136N10088,2020,AMPHAN,NI,BB,TS,2020-05-18 03:00:00,13.3,86.2,213.0,936.0,Extremely Severe Cyclonic Storm,2020,5,5835.3347919524,3.035288095474243,2.3603568077087402,0.957506537437439,-1.4808313846588135
2020136N10088,2020,AMPHAN,NI,BB,TS,2020-05-18 06:00:00,13.4,86.2,222.2,930.0,Super Cyclonic Storm,2020,5,5835.338775218857,2.9978153705596924,2.3691701889038086,0.9115446209907532,-1.528363585472107
2020136N10088,2020,AMPHAN,NI,BB,TS,2020-05-18 09:00:00,13.7,86.2,222.2,930.0,Super Cyclonic Storm,2020,5,5818.259723631414,3.6841299533843994,2.526792287826538,1.9079893827438354,-1.686132788658142
2020136N10088,2020,AMPHAN,NI,BB,TS,2020-05-18 12:00:00,14.1,86.4,231.5,926.0,Super Cyclonic Storm,2020,5,5818.290394783132,3.885773181915283,2.5428953170776367,1.7311030626296997,-1.8130899667739868
2020136N10088,2020,AMPHAN,NI,BB,TS,2020-05-18 15:00:00,14.5,86.5,231.5,926.0,Super Cyclonic Storm,2020,5,5828.380008718574,4.324267387390137,2.0408170223236084,2.154859781265259,-0.6391878724098206
2020136N10088,2020,AMPHAN,NI,BB,TS,2020-05-18 18:00:00,14.9,86.6,240.8,920.0,Super Cyclonic Storm,2020,5,5828.574392121673,4.569969654083252,2.0686490535736084,2.064746141433716,-0.6451233625411987
2020136N10088,2020,AMPHAN,NI,BB,TS,2020-05-18 21:00:00,15.2,86.7,240.8,920.0,Super Cyclonic Storm,2020,5,5810.484785834103,3.4824817180633545,4.6239142417907715,2.9402658939361572,-2.0870535373687744
2020136N10088,2020,AMPHAN,NI,BB,TS,2020-05-19 00:00:00,15.6,86.8,231.5,926.0,Super Cyclonic Storm,2020,5,5810.545331484248,3.6647181510925293,4.79072380065918,2.9110190868377686,-2.1767797470092773
2020136N10088,2020,AMPHAN,NI,BB,TS,2020-05-19 03:00:00,16.0,86.9,222.2,930.0,Super Cyclonic Storm,2020,5,5824.6930972860255,3.1326441764831543,5.055708408355713,1.533703088760376,-2.4143688678741455
2020136N10088,2020,AMPHAN,NI,BB,TS,2020-05-19 06:00:00,16.5,87.0,213.0,936.0,Extremely Severe Cyclonic Storm,2020,5,5824.805823726757,3.569004535675049,5.345839023590088,1.6391667127609253,-2.3976621627807617
2020136N10088,2020,AMPHAN,NI,BB,TS,2020-05-19 09:00:00,16.9,87.0,203.7,942.0,Extremely Severe Cyclonic Storm,2020,5,5810.198787302494,3.3219966888427734,5.067473888397217,3.187807321548462,-2.0629992485046387
2020136N10088,2020,AMPHAN,NI,BB,TS,2020-05-19 12:00:00,17.3,87.1,194.5,946.0,Extremely Severe Cyclonic Storm,2020,5,5810.165327864256,3.5426533222198486,5.4143877029418945,3.2604622840881348,-1.8860151767730713
2020136N10088,2020,AMPHAN,NI,BB,TS,2020-05-19 15:00:00,17.9,87.1,185.2,948.0,Extremely Severe Cyclonic Storm,2020,5,5822.460476436908,2.7154884338378906,5.559993267059326,4.223735809326172,-1.0685245990753174
2020136N10088,2020,AMPHAN,NI,BB,TS,2020-05-19 18:00:00,18.3,87.2,185.2,948.0,Extremely Severe Cyclonic Storm,2020,5,5821.922337138575,2.7501380443573,5.638571262359619,4.342406749725342,-0.9467499256134033
2020136N10088,2020,AMPHAN,NI,BB,TS,2020-05-19 21:00:00,18.7,87.3,185.2,948.0,Extremely Severe Cyclonic Storm,2020,5,5804.71382939128,2.4805543422698975,7.857198238372803,2.9315030574798584,0.6900526881217957
2020136N10088,2020,AMPHAN,NI,BB,TS,2020-05-20 00:00:00,19.2,87.5,175.9,952.0,Extremely Severe Cyclonic Storm,2020,5,5804.734542376857,2.5060205459594727,8.090702056884766,2.9373435974121094,1.0168745517730713
2020136N10088,2020,AMPHAN,NI,BB,TS,2020-05-20 03:00:00,19.8,87.7,175.9,954.0,Extremely Severe Cyclonic Storm,2020,5,5821.871749654571,2.2338502407073975,9.150043487548828,3.8242084980010986,0.8250202536582947
2020136N10088,2020,AMPHAN,NI,BB,TS,2020-05-20 06:00:00,20.6,88.0,166.7,956.0,Extremely Severe Cyclonic Storm,2020,5,5822.098795842618,2.325852394104004,9.940386772155762,3.9799461364746094,1.239434838294983
2020136N10088,2020,AMPHAN,NI,BB,TS,2020-05-20 09:00:00,21.4,88.1,166.7,960.0,Extremely Severe Cyclonic Storm,2020,5,5812.726568196072,4.350189685821533,8.838637351989746,3.358565330505371,0.9016575813293457
2020136N10088,2020,AMPHAN,NI,BB,TS,2020-05-20 12:00:00,22.1,88.4,157.4,957.0,Very Severe Cyclonic Storm,2020,5,5813.070722417951,4.779610633850098,9.368476867675781,3.4997241497039795,1.018234372138977
2020136N10088,2020,AMPHAN,NI,BB,TS,2020-05-20 15:00:00,22.8,88.6,120.4,968.0,Very Severe Cyclonic Storm,2020,5,5828.829719501563,3.4112982749938965,7.421632289886475,3.6269168853759766,2.0972728729248047
2020136N10088,2020,AMPHAN,NI,BB,TS,2020-05-20 18:00:00,23.5,89.1,92.6,978.0,Severe Cyclonic Storm,2020,5,5828.946429208751,3.96103572845459,7.64599084854126,3.7187681198120117,2.296877145767212
2020136N10088,2020,AMPHAN,NI,BB,TS,2020-05-20 21:00:00,24.3,89.3,83.3,986.0,Cyclonic Storm,2020,5,5817.918357696053,2.320920705795288,6.901010513305664,3.6140360832214355,2.1856937408447266
2020136N10088,2020,AMPHAN,NI,BB,TS,2020-05-21 00:00:00,24.6,89.6,74.1,988.0,Cyclonic Storm,2020,5,5818.67358501629,2.6238248348236084,6.989593982696533,3.3962814807891846,2.5406599044799805
2020136N10088,2020,AMPHAN,NI,BB,TS,2020-05-21 03:00:00,25.1,89.9,64.8,990.0,Cyclonic Storm,2020,5,5839.5610376632185,4.342000961303711,7.076401710510254,3.743591547012329,2.0883071422576904
2020136N10088,2020,AMPHAN,NI,BB,TS,2020-05-21 06:00:00,25.4,90.1,55.6,992.0,Deep Depression,2020,5,5839.560241009927,4.507641315460205,7.017855167388916,3.5901050567626953,2.2188165187835693
2020136N10088,2020,AMPHAN,NI,BB,TS,2020-05-21 09:00:00,25.2,89.6,46.3,994.0,Depression,2020,5,5838.066914415219,5.529245853424072,4.7869648933410645,4.429718017578125,1.4536679983139038
2020136N10088,2020,AMPHAN,NI,BB,TS,2020-05-21 12:00:00,25.4,89.6,37.0,995.0,Depression,2020,5,5837.679740915603,5.607239246368408,4.76338005065918,4.319129943847656,1.4987170696258545
2020150N17054,2020,UNNAMED,NI,AS,TS,2020-05-29 09:00:00,17.3,54.3,46.3,1000.0,Depression,2020,5,5870.691061677536,0.7565311789512634,0.9664232134819031,0.4651254415512085,0.7405098080635071
2020150N17054,2020,UNNAMED,NI,AS,TS,2020-05-29 12:00:00,17.3,54.3,46.3,1000.0,Depression,2020,5,5870.691061677536,0.7565311789512634,0.9664232134819031,0.4651254415512085,0.7405098080635071
2020150N17054,2020,UNNAMED,NI,AS,TS,2020-05-29 15:00:00,17.3,54.3,46.3,1000.0,Depression,2020,5,5886.662366863302,1.017844557762146,0.8972547650337219,0.1301645189523697,-0.11634944379329681
2020150N17054,2020,UNNAMED,NI,AS,TS,2020-05-29 18:00:00,17.3,54.3,46.3,1000.0,Depression,2020,5,5886.662366863302,1.017844557762146,0.8972547650337219,0.1301645189523697,-0.11634944379329681
2020150N17054,2020,UNNAMED,NI,AS,TS,2020-05-29 21:00:00,17.3,54.2,46.3,1000.0,Depression,2020,5,5862.996585862655,0.02883017621934414,0.2870199382305145,-1.4564507007598877,-0.40660998225212097
2020150N17054,2020,UNNAMED,NI,AS,TS,2020-05-30 00:00:00,17.3,54.2,46.3,1000.0,Depression,2020,5,5862.996585862655,0.02883017621934414,0.2870199382305145,-1.4564507007598877,-0.40660998225212097
2020150N17054,2020,UNNAMED,NI,AS,TS,2020-05-30 03:00:00,17.3,54.2,46.3,1000.0,Depression,2020,5,5885.067068647296,-1.6302495002746582,0.9713066220283508,-2.4394941329956055,-0.01687748357653618
2020150N17054,2020,UNNAMED,NI,AS,TS,2020-05-30 06:00:00,17.2,54.0,46.3,1000.0,Depression,2020,5,5884.797401508161,-1.828958511352539,1.1292054653167725,-2.51839280128479,0.197564959526062
2020150N17054,2020,UNNAMED,NI,AS,TS,2020-05-30 09:00:00,17.2,54.0,46.3,1000.0,Depression,2020,5,5873.46062684505,-1.2965240478515625,1.7630149126052856,-2.3603038787841797,0.239678293466568
2020150N17054,2020,UNNAMED,NI,AS,TS,2020-05-30 12:00:00,17.2,54.0,46.3,1000.0,Depression,2020,5,5873.46062684505,-1.2965240478515625,1.7630149126052856,-2.3603038787841797,0.239678293466568
2020150N17054,2020,UNNAMED,NI,AS,TS,2020-05-30 15:00:00,17.2,54.0,46.3,1000.0,Depression,2020,5,5893.126809996278,-0.9111600518226624,0.8078405857086182,-2.1374051570892334,0.5389344096183777
2020150N17054,2020,UNNAMED,NI,AS,TS,2020-05-30 18:00:00,17.2,54.0,46.3,1000.0,Depression,2020,5,5893.126809996278,-0.9111600518226624,0.8078405857086182,-2.1374051570892334,0.5389344096183777
2020150N17054,2020,UNNAMED,NI,AS,TS,2020-05-30 21:00:00,17.1,53.9,46.3,1000.0,Depression,2020,5,5873.090979717845,-1.1572567224502563,-1.672808051109314,-1.5229443311691284,0.8538405299186707
2020150N17054,2020,UNNAMED,NI,AS,TS,2020-05-31 00:00:00,17.1,53.8,46.3,1000.0,Depression,2020,5,5873.088988084616,-1.1747056245803833,-1.5341471433639526,-1.4957398176193237,1.0395509004592896
2020150N17054,2020,UNNAMED,NI,AS,TS,2020-05-31 03:00:00,17.1,53.8,46.3,1000.0,Depression,2020,5,5893.821093339724,-3.665177583694458,-0.23030419647693634,-0.9068874716758728,-1.2487683296203613
2020150N17054,2020,UNNAMED,NI,AS,TS,2020-05-31 06:00:00,17.0,53.5,46.3,1000.0,Depression,2020,5,5893.367000963633,-3.656275987625122,0.08753228932619095,-0.9325457215309143,-0.9088331460952759
2020150N17054,2020,UNNAMED,NI,AS,TS,2020-05-31 09:00:00,16.9,53.3,46.3,1000.0,Depression,2020,5,5876.5623964350725,-1.7942161560058594,0.8805519342422485,-2.4875175952911377,-1.2590380907058716
2020150N17054,2020,UNNAMED,NI,AS,TS,2020-05-31 12:00:00,16.9,53.1,46.3,1000.0,Depression,2020,5,5876.622543758573,-1.815669298171997,1.1516238451004028,-2.4356818199157715,-0.9201745986938477
2020150N17054,2020,UNNAMED,NI,AS,TS,2020-05-31 15:00:00,16.9,53.0,46.3,1000.0,Depression,2020,5,5893.7278849046315,-0.7620680928230286,0.1967519074678421,-2.8533222675323486,0.2929142713546753
2020150N17054,2020,UNNAMED,NI,AS,TS,2020-05-31 18:00:00,16.8,52.9,46.3,1000.0,Depression,2020,5,5893.501237043231,-0.758560061454773,0.38041335344314575,-2.825652599334717,0.4538855254650116
2020153N13072,2020,NISARGA,NI,AS,DS,2020-05-31 18:00:00,12.9,72.2,,,,2020,5,5894.0887688456305,-1.2753055095672607,1.887618899345398,-0.013770760968327522,0.5600773692131042
2020153N13072,2020,NISARGA,NI,AS,DS,2020-05-31 21:00:00,12.9,72.0,,,,2020,5,5893.992772124018,-1.2616735696792603,1.8571257591247559,-0.07943008095026016,0.48101216554641724
2020153N13072,2020,NISARGA,NI,AS,MX,2020-06-01 00:00:00,13.0,71.6,46.3,1004.0,Depression,2020,6,5872.633700728587,-0.13954809308052063,2.506061553955078,0.29249295592308044,1.9815239906311035
2020153N13072,2020,NISARGA,NI,AS,MX,2020-06-01 03:00:00,13.1,71.4,46.3,1004.0,Depression,2020,6,5892.0847874911415,0.20885364711284637,3.107996940612793,0.802398145198822,2.0630722045898438
2020153N13072,2020,NISARGA,NI,AS,TS,2020-06-01 06:00:00,13.4,71.2,46.3,1004.0,Depression,2020,6,5891.900362254185,0.34265050292015076,3.061967611312866,0.8426499366760254,1.9248688220977783
2020153N13072,2020,NISARGA,NI,AS,TS,2020-06-01 09:00:00,13.7,71.1,46.3,1004.0,Depression,2020,6,5867.913131650462,1.510064959526062,3.0748579502105713,1.9441665410995483,-0.30786097049713135
2020153N13072,2020,NISARGA,NI,AS,TS,2020-06-01 12:00:00,14.0,71.1,46.3,1003.0,Depression,2020,6,5867.792040350171,1.6956064701080322,3.1098029613494873,1.8165408372879028,-0.5424625873565674
2020153N13072,2020,NISARGA,NI,AS,TS,2020-06-01 15:00:00,14.2,71.2,46.3,1003.0,Depression,2020,6,5881.354265982777,1.777339220046997,2.205401659011841,1.0529327392578125,0.46589696407318115
2020153N13072,2020,NISARGA,NI,AS,TS,2020-06-01 18:00:00,14.4,71.2,46.3,1003.0,Depression,2020,6,5881.231581375903,1.925140619277954,2.1888206005096436,0.9340973496437073,0.36974915862083435
2020153N13072,2020,NISARGA,NI,AS,TS,2020-06-01 21:00:00,14.7,71.2,51.9,1002.0,Deep Depression,2020,6,5852.561622725396,2.601844549179077,3.3530852794647217,2.4854395389556885,1.7140754461288452
2020153N13072,2020,NISARGA,NI,AS,TS,2020-06-02 00:00:00,15.0,71.3,55.6,1000.0,Deep Depression,2020,6,5852.262877741125,2.6139886379241943,3.284998893737793,2.391932249069214,1.6769423484802246
2020153N13072,2020,NISARGA,NI,AS,TS,2020-06-02 03:00:00,15.3,71.3,55.6,1000.0,Deep Depression,2020,6,5870.588293402946,3.0836119651794434,3.5917770862579346,2.6060538291931152,0.9034010767936707
2020153N13072,2020,NISARGA,NI,AS,TS,2020-06-02 06:00:00,15.7,71.3,64.8,999.0,Cyclonic Storm,2020,6,5869.99956662061,2.971825122833252,3.3474156856536865,2.4821009635925293,0.7487190961837769
2020153N13072,2020,NISARGA,NI,AS,TS,2020-06-02 09:00:00,16.0,71.3,64.8,999.0,Cyclonic Storm,2020,6,5849.923505350961,3.1700613498687744,2.8118460178375244,2.7299094200134277,1.321348786354065
2020153N13072,2020,NISARGA,NI,AS,TS,2020-06-02 12:00:00,16.3,71.4,74.1,996.0,Cyclonic Storm,2020,6,5849.686899323418,3.125426769256592,2.6709554195404053,2.6749725341796875,1.1211638450622559
2020153N13072,2020,NISARGA,NI,AS,TS,2020-06-02 15:00:00,16.2,71.5,74.1,996.0,Cyclonic Storm,2020,6,5865.425183421454,2.677347183227539,3.443976402282715,3.0911426544189453,1.6061656475067139
2020153N13072,2020,NISARGA,NI,AS,TS,2020-06-02 18:00:00,16.8,71.6,74.1,996.0,Cyclonic Storm,2020,6,5864.505845523191,2.69085431098938,2.801809549331665,2.8323121070861816,1.3965212106704712
2020153N13072,2020,NISARGA,NI,AS,TS,2020-06-02 21:00:00,17.0,71.9,83.3,994.0,Cyclonic Storm,2020,6,5837.205732207227,4.543231010437012,3.491976499557495,3.4676260948181152,1.385456919670105
2020153N13072,2020,NISARGA,NI,AS,TS,2020-06-03 00:00:00,17.3,72.1,92.6,992.0,Severe Cyclonic Storm,2020,6,5836.697865733967,4.693517208099365,3.343003749847412,3.3912813663482666,1.4320956468582153
2020153N13072,2020,NISARGA,NI,AS,TS,2020-06-03 03:00:00,17.6,72.4,101.9,988.0,Severe Cyclonic Storm,2020,6,5858.352495500502,5.1337432861328125,4.255652904510498,3.2227511405944824,1.2764109373092651
2020153N13072,2020,NISARGA,NI,AS,TS,2020-06-03 06:00:00,18.1,72.9,111.1,984.0,Severe Cyclonic Storm,2020,6,5857.373806932032,5.4274067878723145,4.259171009063721,3.333709478378296,1.392438292503357
2020153N13072,2020,NISARGA,NI,AS,TS,2020-06-03 09:00:00,18.5,73.2,101.9,992.0,Severe Cyclonic Storm,2020,6,5834.223062284266,7.080985069274902,4.636818885803223,4.666048526763916,1.3983910083770752
2020153N13072,2020,NISARGA,NI,AS,TS,2020-06-03 12:00:00,19.1,73.7,74.1,998.0,Cyclonic Storm,2020,6,5833.165106713302,7.499463081359863,4.846030235290527,4.649970531463623,1.3983252048492432
2020153N13072,2020,NISARGA,NI,AS,TS,2020-06-03 15:00:00,19.6,74.0,55.6,1000.0,Deep Depression,2020,6,5851.627546741242,7.346121788024902,3.4788286685943604,4.37209939956665,1.3606469631195068
2020153N13072,2020,NISARGA,NI,AS,TS,2020-06-03 18:00:00,20.0,74.7,55.6,1001.0,Deep Depression,2020,6,5850.875107707526,7.694536209106445,3.9242873191833496,4.488498210906982,1.1658556461334229
2020153N13072,2020,NISARGA,NI,AS,TS,2020-06-03 21:00:00,20.3,75.3,51.9,1003.0,Deep Depression,2020,6,5825.243584710375,6.991423606872559,4.316743850708008,4.571549892425537,2.225367784500122
2020153N13072,2020,NISARGA,NI,AS,TS,2020-06-04 00:00:00,20.9,76.0,46.3,1004.0,Depression,2020,6,5824.49194232995,7.454870223999023,4.687462329864502,4.456065654754639,1.972487211227417
2020153N13072,2020,NISARGA,NI,AS,TS,2020-06-04 03:00:00,21.5,76.8,37.0,1005.0,Depression,2020,6,5841.443131064125,7.343018531799316,7.069157123565674,5.00306510925293,2.5608971118927
2020153N13072,2020,NISARGA,NI,AS,MX,2020-06-04 06:00:00,22.2,77.6,37.0,1005.0,Depression,2020,6,5839.283005664524,8.010553359985352,7.191136837005615,4.904384136199951,2.204739570617676
2020285N15087,2020,UNNAMED,NI,BB,TS,2020-10-11 00:00:00,15.3,86.5,37.0,999.0,Depression,2020,10,5835.929493634422,-5.176798343658447,-0.2869136929512024,-1.875544548034668,1.0874156951904297
2020285N15087,2020,UNNAMED,NI,BB,TS,2020-10-11 03:00:00,15.4,86.2,46.3,998.0,Depression,2020,10,5846.4612501465845,-5.197722434997559,1.4520764350891113,-0.9630178213119507,1.6296374797821045
2020285N15087,2020,UNNAMED,NI,BB,TS,2020-10-11 06:00:00,15.4,85.8,46.3,998.0,Depression,2020,10,5846.3584818719955,-5.261895656585693,1.3079915046691895,-0.7961053252220154,1.6062248945236206
2020285N15087,2020,UNNAMED,NI,BB,TS,2020-10-11 09:00:00,15.4,85.5,46.3,998.0,Depression,2020,10,5831.071103536886,-4.198685646057129,1.3257496356964111,0.13190683722496033,1.1293160915374756
2020285N15087,2020,UNNAMED,NI,BB,TS,2020-10-11 12:00:00,15.5,85.4,46.3,998.0,Depression,2020,10,5831.075883456634,-4.356862545013428,1.2971775531768799,0.005066134501248598,1.1310300827026367
2020285N15087,2020,UNNAMED,NI,BB,TS,2020-10-11 15:00:00,15.5,85.3,46.3,998.0,Depression,2020,10,5839.133234845743,-3.0610740184783936,2.5493438243865967,0.7741395235061646,1.8807291984558105
2020285N15087,2020,UNNAMED,NI,BB,TS,2020-10-11 18:00:00,15.6,85.2,46.3,998.0,Depression,2020,10,5839.257114432554,-3.210263729095459,2.5335917472839355,0.6317014694213867,1.8302282094955444
2020285N15087,2020,UNNAMED,NI,BB,TS,2020-10-11 21:00:00,15.7,85.1,46.3,998.0,Depression,2020,10,5825.841473005563,-2.394293785095215,2.565700054168701,0.5461062788963318,0.9998176097869873
2020285N15087,2020,UNNAMED,NI,BB,TS,2020-10-12 00:00:00,15.7,85.0,46.3,998.0,Depression,2020,10,5825.83151483942,-2.425875425338745,2.5333666801452637,0.5068116188049316,0.9617872834205627
2020285N15087,2020,UNNAMED,NI,BB,TS,2020-10-12 03:00:00,15.7,85.0,55.6,997.0,Deep Depression,2020,10,5835.022902188821,-1.6499767303466797,1.3461308479309082,-0.18139927089214325,1.0618817806243896
2020285N15087,2020,UNNAMED,NI,BB,TS,2020-10-12 06:00:00,15.9,84.8,55.6,997.0,Deep Depression,2020,10,5835.35152167152,-1.8368124961853027,1.4233437776565552,-0.37115487456321716,1.1228971481323242
2020285N15087,2020,UNNAMED,NI,BB,TS,2020-10-12 09:00:00,16.0,84.7,55.6,997.0,Deep Depression,2020,10,5820.6580483651405,-2.3373794555664062,0.021262476220726967,-0.4969921112060547,1.2830121517181396
2020285N15087,2020,UNNAMED,NI,BB,TS,2020-10-12 12:00:00,16.1,84.6,55.6,997.0,Deep Depression,2020,10,5820.912180765094,-2.445627450942993,0.05395001918077469,-0.6340867877006531,1.3260200023651123
2020285N15087,2020,UNNAMED,NI,BB,TS,2020-10-12 15:00:00,16.3,84.1,55.6,997.0,Deep Depression,2020,10,5830.596696501864,-3.0291967391967773,0.7951457500457764,-1.023924708366394,1.0745168924331665
2020285N15087,2020,UNNAMED,NI,BB,TS,2020-10-12 18:00:00,16.5,83.4,55.6,997.0,Deep Depression,2020,10,5830.376421866795,-3.206810235977173,0.5895440578460693,-1.3544766902923584,1.0245023965835571
2020285N15087,2020,UNNAMED,NI,BB,TS,2020-10-12 21:00:00,16.7,82.9,55.6,997.0,Deep Depression,2020,10,5819.553090249984,-2.967743158340454,1.936503529548645,-1.90012788772583,0.37920239567756653
2020285N15087,2020,UNNAMED,NI,BB,TS,2020-10-13 00:00:00,16.9,82.5,55.6,997.0,Deep Depression,2020,10,5819.835503841781,-3.2130510807037354,1.8090957403182983,-2.176711082458496,0.386907696723938
2020285N15087,2020,UNNAMED,NI,BB,TS,2020-10-13 03:00:00,17.0,82.1,55.6,996.0,Deep Depression,2020,10,5839.696867049401,-2.8446714878082275,2.060950994491577,-2.447450637817383,0.3533951938152313
2020285N15087,2020,UNNAMED,NI,BB,TS,2020-10-13 06:00:00,17.3,81.5,46.3,998.0,Depression,2020,10,5840.803020144494,-3.077197551727295,1.6888126134872437,-2.737311840057373,0.24401868879795074
2020285N15087,2020,UNNAMED,NI,BB,TS,2020-10-13 09:00:00,17.4,81.0,46.3,998.0,Depression,2020,10,5826.211120132767,-2.3585879802703857,0.5783795118331909,-2.6383748054504395,-0.9994665384292603
2020285N15087,2020,UNNAMED,NI,BB,TS,2020-10-13 12:00:00,17.5,80.5,46.3,998.0,Depression,2020,10,5826.409885128969,-2.394669771194458,0.4024023711681366,-2.728783130645752,-1.1840577125549316
2020285N15087,2020,UNNAMED,NI,BB,TS,2020-10-13 15:00:00,17.6,80.0,46.3,998.0,Depression,2020,10,5841.393738560059,-2.7023465633392334,-0.2567490339279175,-2.7751340866088867,-0.8948493003845215
2020285N15087,2020,UNNAMED,NI,BB,TS,2020-10-13 18:00:00,17.6,79.5,46.3,998.0,Depression,2020,10,5841.641896060327,-2.5988352298736572,-0.3901515603065491,-2.8265669345855713,-0.9938304424285889
2020285N15087,2020,UNNAMED,NI,BB,TS,2020-10-13 21:00:00,17.7,78.8,42.6,999.0,Depression,2020,10,5827.004985137636,-3.2015154361724854,0.16571193933486938,-2.180579423904419,-2.042268991470337
2020285N15087,2020,UNNAMED,NI,BB,TS,2020-10-14 00:00:00,17.7,78.1,37.0,1000.0,Depression,2020,10,5827.131254684322,-3.2220234870910645,-0.16890516877174377,-1.9808571338653564,-2.0781452655792236
2020285N15087,2020,UNNAMED,NI,AS,TS,2020-10-14 03:00:00,17.7,77.5,37.0,1000.0,Depression,2020,10,5852.872715835683,-3.007838249206543,0.2887830138206482,-1.8482577800750732,-1.8502694368362427
2020285N15087,2020,UNNAMED,NI,AS,TS,2020-10-14 06:00:00,17.7,77.0,37.0,1000.0,Depression,2020,10,5853.36703920299,-2.9658846855163574,0.02530096285045147,-1.782760739326477,-1.7701362371444702
2020291N18069,2020,UNNAMED,NI,AS,TS,2020-10-17 03:00:00,17.8,69.0,37.0,1004.0,Depression,2020,10,5869.493293453932,-6.430309295654297,-0.018139099702239037,-2.3451874256134033,0.697537362575531
2020291N18069,2020,UNNAMED,NI,AS,TS,2020-10-17 06:00:00,17.8,68.2,37.0,1004.0,Depression,2020,10,5869.668557178038,-6.386012554168701,-0.8112388849258423,-2.6323490142822266,0.7336567640304565
2020291N18069,2020,UNNAMED,NI,AS,TS,2020-10-17 09:00:00,17.8,67.8,42.6,1004.0,Depression,2020,10,5849.898410772283,-5.595668792724609,0.4675942659378052,-1.6366335153579712,0.1458435207605362
2020291N18069,2020,UNNAMED,NI,AS,TS,2020-10-17 12:00:00,17.8,67.5,46.3,1003.0,Depression,2020,10,5850.084030989176,-5.621870040893555,0.057602956891059875,-1.6974507570266724,0.21789945662021637
2020291N18069,2020,UNNAMED,NI,AS,TS,2020-10-17 15:00:00,17.8,67.1,46.3,1003.0,Depression,2020,10,5864.7894540949255,-4.72268009185791,0.41215115785598755,-2.6798768043518066,-0.9198480844497681
2020291N18069,2020,UNNAMED,NI,AS,TS,2020-10-17 18:00:00,17.8,66.8,46.3,1003.0,Depression,2020,10,5864.877484283625,-4.8618645668029785,0.0650043711066246,-2.6416873931884766,-0.8492558598518372
2020291N18069,2020,UNNAMED,NI,AS,TS,2020-10-17 21:00:00,17.8,66.7,46.3,1003.0,Depression,2020,10,5846.960751760285,-4.080832004547119,0.36292701959609985,-3.5015933513641357,-0.7333167791366577
2020291N18069,2020,UNNAMED,NI,AS,TS,2020-10-18 00:00:00,17.8,66.4,46.3,1003.0,Depression,2020,10,5846.800624448716,-4.209484577178955,0.19387777149677277,-3.4903154373168945,-0.7777737975120544
2020291N18069,2020,UNNAMED,NI,AS,TS,2020-10-18 03:00:00,17.8,65.8,37.0,1004.0,Depression,2020,10,5876.166061422607,-5.212080001831055,0.044656846672296524,-4.210353851318359,0.5045012831687927
2020291N18069,2020,UNNAMED,NI,AS,TS,2020-10-18 06:00:00,17.8,65.3,37.0,1004.0,Depression,2020,10,5876.066081434537,-5.367414951324463,-0.24542604386806488,-4.364372253417969,0.45516228675842285
2020291N18069,2020,UNNAMED,NI,AS,TS,2020-10-18 09:00:00,17.8,65.0,37.0,1004.0,Depression,2020,10,5858.104736326881,-5.069044589996338,0.5934770703315735,-2.6461422443389893,0.16231150925159454
2020291N18069,2020,UNNAMED,NI,AS,TS,2020-10-18 12:00:00,17.8,64.8,37.0,1004.0,Depression,2020,10,5858.104736326881,-5.1605448722839355,0.4650949239730835,-2.674795150756836,0.18468064069747925
2020291N18069,2020,UNNAMED,NI,AS,TS,2020-10-18 15:00:00,17.8,64.6,37.0,1004.0,Depression,2020,10,5874.112687564051,-4.320382118225098,0.799988329410553,-3.620378017425537,-0.8007502555847168
2020291N18069,2020,UNNAMED,NI,AS,TS,2020-10-18 18:00:00,17.8,64.3,37.0,1004.0,Depression,2020,10,5874.003546063131,-4.399600982666016,0.7845929861068726,-3.6137936115264893,-0.8964908123016357
2020296N19087,2020,UNNAMED,NI,BB,TS,2020-10-22 03:00:00,18.7,87.0,37.0,999.0,Depression,2020,10,5856.6134013654,2.3177313804626465,3.6286590099334717,1.3118935823440552,2.6201961040496826
2020296N19087,2020,UNNAMED,NI,BB,TS,2020-10-22 06:00:00,19.0,87.0,46.3,998.0,Depression,2020,10,5855.980061998746,2.5573222637176514,3.8041858673095703,1.361722707748413,2.58803653717041
2020296N19087,2020,UNNAMED,NI,BB,TS,2020-10-22 09:00:00,19.4,87.1,46.3,998.0,Depression,2020,10,5843.469418710773,5.873326301574707,3.8019018173217773,3.4493322372436523,0.7744266986846924
2020296N19087,2020,UNNAMED,NI,BB,TS,2020-10-22 12:00:00,19.7,87.3,46.3,998.0,Depression,2020,10,5842.930482759149,6.015305519104004,4.045480251312256,3.334868907928467,0.9286552667617798
2020296N19087,2020,UNNAMED,NI,BB,TS,2020-10-22 15:00:00,19.9,87.4,46.3,998.0,Depression,2020,10,5853.952181045515,5.999085426330566,3.456864356994629,1.9656628370285034,1.7598328590393066
2020296N19087,2020,UNNAMED,NI,BB,TS,2020-10-22 18:00:00,20.2,87.6,46.3,998.0,Depression,2020,10,5853.187393885782,6.145561695098877,3.6593565940856934,1.9287737607955933,1.8955841064453125
2020296N19087,2020,UNNAMED,NI,BB,TS,2020-10-22 21:00:00,20.7,87.9,46.3,998.0,Depression,2020,10,5831.056365450995,4.927182197570801,4.971837043762207,2.544457197189331,3.3554329872131348
2020296N19087,2020,UNNAMED,NI,BB,TS,2020-10-23 00:00:00,21.2,88.2,46.3,998.0,Depression,2020,10,5829.811196356554,5.440385818481445,5.268185615539551,2.448716640472412,3.5765650272369385
2020296N19087,2020,UNNAMED,NI,BB,TS,2020-10-23 03:00:00,21.4,88.4,46.3,998.0,Depression,2020,10,5844.801821340621,5.4923930168151855,7.110687255859375,3.5651590824127197,3.7469327449798584
2020296N19087,2020,UNNAMED,NI,BB,TS,2020-10-23 06:00:00,21.7,88.5,46.3,998.0,Depression,2020,10,5843.86933866305,5.702761650085449,7.27468729019165,3.597768545150757,3.819657564163208
2020296N19087,2020,UNNAMED,NI,BB,TS,2020-10-23 09:00:00,22.5,89.1,46.3,998.0,Depression,2020,10,5835.938655147273,7.944119453430176,6.2849040031433105,3.937434673309326,2.2881319522857666
2020296N19087,2020,UNNAMED,NI,BB,TS,2020-10-23 12:00:00,23.3,89.5,37.0,1000.0,Depression,2020,10,5832.718582543478,8.210177421569824,6.758566856384277,3.819387435913086,2.5259475708007812
2020296N19087,2020,UNNAMED,NI,BB,TS,2020-10-23 15:00:00,23.8,89.7,37.0,1000.0,Depression,2020,10,5844.915344434644,7.705092430114746,4.349807262420654,2.4137001037597656,3.257702112197876
2020296N19087,2020,UNNAMED,NI,BB,TS,2020-10-23 18:00:00,24.0,89.9,37.0,1000.0,Depression,2020,10,5844.17007528055,7.92231559753418,4.560347080230713,2.4035098552703857,3.2974233627319336
2020326N11063,2020,GATI,NI,AS,DS,2020-11-20 12:00:00,11.2,62.6,,,,2020,11,5852.930473199309,-3.8068857192993164,-1.1447862386703491,-3.2682080268859863,1.2991926670074463
2020326N11063,2020,GATI,NI,AS,DS,2020-11-20 15:00:00,11.0,62.2,,,,2020,11,5876.90495735037,-5.408811569213867,-0.8550485372543335,-4.105514049530029,0.3841596841812134
2020326N11063,2020,GATI,NI,AS,TS,2020-11-20 18:00:00,10.9,61.7,,,,2020,11,5876.666758016245,-5.542438507080078,-0.8162150979042053,-4.122368335723877,0.25884976983070374
2020326N11063,2020,GATI,NI,AS,TS,2020-11-20 21:00:00,11.1,61.2,,,,2020,11,5855.080640432768,-5.221274375915527,-1.1652311086654663,-5.861189842224121,0.5917451977729797
2020326N11063,2020,GATI,NI,AS,TS,2020-11-21 00:00:00,11.3,60.6,,,,2020,11,5855.571378860263,-5.767469882965088,-1.3442201614379883,-6.221587181091309,0.5002458095550537
2020326N11063,2020,GATI,NI,AS,TS,2020-11-21 03:00:00,11.3,59.7,,,,2020,11,5882.574738825186,-6.961513042449951,-1.0002062320709229,-6.888779640197754,2.025116443634033
2020326N11063,2020,GATI,NI,AS,TS,2020-11-21 06:00:00,11.3,58.8,,,,2020,11,5882.338132797643,-7.35598087310791,-1.1183414459228516,-6.8884596824646,1.7404580116271973
2020326N11063,2020,GATI,NI,AS,TS,2020-11-21 09:00:00,11.3,57.9,,,,2020,11,5857.794838196531,-8.118953704833984,0.2443951666355133,-4.972108840942383,2.1443428993225098
2020326N11063,2020,GATI,NI,AS,TS,2020-11-21 12:00:00,11.3,57.1,,,,2020,11,5857.294539929538,-8.384172439575195,0.31209316849708557,-4.8106465339660645,1.9302523136138916
2020326N11063,2020,GATI,NI,AS,TS,2020-11-21 15:00:00,11.1,56.2,,,,2020,11,5883.633491049442,-8.393301010131836,1.5169622898101807,-4.662789344787598,1.6733535528182983
2020326N11063,2020,GATI,NI,AS,TS,2020-11-21 18:00:00,10.9,55.8,46.3,1000.0,Depression,2020,11,5883.060697332932,-8.208229064941406,1.7632148265838623,-4.542720794677734,1.4463945627212524
2020326N11063,2020,GATI,NI,AS,TS,2020-11-21 21:00:00,10.9,55.2,51.9,999.0,Deep Depression,2020,11,5861.608019175764,-7.204665184020996,3.852945566177368,-4.1555681228637695,0.7594664692878723
2020326N11063,2020,GATI,NI,AS,TS,2020-11-22 00:00:00,10.8,54.5,55.6,998.0,Deep Depression,2020,11,5860.951975190304,-7.14600944519043,4.438235759735107,-4.345300674438477,0.6944823265075684
2020326N11063,2020,GATI,NI,AS,TS,2020-11-22 03:00:00,10.6,53.5,74.1,996.0,Cyclonic Storm,2020,11,5887.306859376036,-4.8804802894592285,5.9316325187683105,-5.121538162231445,2.0813841819763184
2020326N11063,2020,GATI,NI,AS,TS,2020-11-22 06:00:00,10.4,52.6,92.6,992.0,Severe Cyclonic Storm,2020,11,5886.327772480919,-4.797704219818115,6.7475810050964355,-5.148242473602295,2.3191497325897217
2020326N11063,2020,GATI,NI,AS,TS,2020-11-22 09:00:00,10.4,52.0,120.4,982.0,Very Severe Cyclonic Storm,2020,11,5865.350696338709,-3.7118594646453857,6.682117462158203,-3.4916763305664062,2.7944815158843994
2020326N11063,2020,GATI,NI,AS,TS,2020-11-22 12:00:00,10.4,51.5,138.9,976.0,Very Severe Cyclonic Storm,2020,11,5864.3767876899865,-3.5626063346862793,6.831497669219971,-3.494091510772705,2.7235851287841797
2020326N11063,2020,GATI,NI,AS,TS,2020-11-22 15:00:00,10.4,51.0,138.9,976.0,Very Severe Cyclonic Storm,2020,11,5893.600420378009,-3.2732479572296143,6.727027416229248,-3.3754079341888428,2.9393651485443115
2020326N11063,2020,GATI,NI,AS,TS,2020-11-22 18:00:00,10.4,50.6,120.4,982.0,Very Severe Cyclonic Storm,2020,11,5893.182575726675,-2.998171091079712,6.882871627807617,-3.512617349624634,2.923839807510376
2020326N11063,2020,GATI,NI,AS,TS,2020-11-22 21:00:00,10.5,50.2,111.1,986.0,Severe Cyclonic Storm,2020,11,5871.7769001136985,-2.300140619277954,5.051779270172119,-1.6914726495742798,2.7481067180633545
2020326N11063,2020,GATI,NI,AS,TS,2020-11-23 00:00:00,10.7,50.0,83.3,994.0,Cyclonic Storm,2020,11,5871.991996502374,-2.122892379760742,5.18435001373291,-1.839979887008667,2.7726993560791016
2020326N11063,2020,GATI,NI,AS,TS,2020-11-23 03:00:00,10.9,49.6,64.8,997.0,Cyclonic Storm,2020,11,5900.319394237584,-2.1020846366882324,3.474547863006592,-1.8902850151062012,2.700032949447632
2020326N11063,2020,GATI,NI,AS,TS,2020-11-23 06:00:00,11.1,49.3,55.6,998.0,Deep Depression,2020,11,5900.276773286495,-1.974238395690918,3.8216960430145264,-2.0498297214508057,2.8271312713623047
2020326N11063,2020,GATI,NI,AS,TS,2020-11-23 09:00:00,11.3,48.9,55.6,999.0,Deep Depression,2020,11,5874.022267415478,-1.4058014154434204,2.693828821182251,-1.3247590065002441,1.3710824251174927
2020326N11063,2020,GATI,NI,AS,TS,2020-11-23 12:00:00,11.5,48.6,55.6,999.0,Deep Depression,2020,11,5874.096356171578,-1.1786532402038574,3.0459117889404297,-1.4263643026351929,1.4776266813278198
2020326N11063,2020,GATI,NI,AS,TS,2020-11-23 15:00:00,11.7,48.0,55.6,1000.0,Deep Depression,2020,11,5899.943373884048,-0.7328377366065979,2.2483837604522705,-2.525975227355957,1.0558793544769287
2020326N11063,2020,GATI,NI,AS,TS,2020-11-23 18:00:00,11.8,47.5,55.6,1000.0,Deep Depression,2020,11,5899.890794766817,-0.6396887898445129,2.884354591369629,-2.7953171730041504,1.1874351501464844
2020326N11063,2020,GATI,NI,AS,TS,2020-11-23 21:00:00,11.7,47.1,51.9,1001.0,Deep Depression,2020,11,5872.461623617648,1.243855595588684,1.668137788772583,-1.8704431056976318,1.443331241607666
2020326N11063,2020,GATI,NI,AS,TS,2020-11-24 00:00:00,11.5,46.8,46.3,1001.0,Depression,2020,11,5872.115477762539,1.2440532445907593,1.9629274606704712,-1.7926013469696045,1.5214712619781494
2020326N11063,2020,GATI,NI,AS,TS,2020-11-24 03:00:00,11.2,46.6,37.0,1002.0,Depression,2020,11,5892.168834413383,-0.8211907148361206,-0.24936741590499878,-2.4472057819366455,0.4145059585571289
2020326N11063,2020,GATI,NI,AS,TS,2020-11-24 06:00:00,10.9,46.5,,,,2020,11,5891.826273498086,-0.6857050061225891,-0.2419707030057907,-2.186763286590576,0.45698249340057373
2020326N11063,2020,GATI,NI,AS,TS,2020-11-24 09:00:00,10.7,46.4,,,,2020,11,5865.447489713613,-2.0176949501037598,-0.9077146053314209,-1.9849700927734375,-0.4785950779914856
2020326N11063,2020,GATI,NI,AS,DS,2020-11-24 12:00:00,10.4,46.3,,,,2020,11,5865.154719629028,-1.9494259357452393,-0.9942588210105896,-1.7404969930648804,-0.39003434777259827
2020327N08086,2020,NIVAR,NI,BB,DS,2020-11-22 06:00:00,7.8,86.1,,,,2020,11,5871.68050506544,-0.09528956562280655,2.602201223373413,-0.28949764370918274,2.3945727348327637
2020327N08086,2020,NIVAR,NI,BB,DS,2020-11-22 09:00:00,8.2,85.9,,,,2020,11,5863.758983062514,0.13460049033164978,2.0973267555236816,-0.18275237083435059,2.1312849521636963
2020327N08086,2020,NIVAR,NI,BB,DS,2020-11-22 12:00:00,8.5,85.6,,,,2020,11,5864.063702946471,-0.07416806370019913,2.0812253952026367,-0.4467434287071228,1.86834716796875
2020327N08086,2020,NIVAR,NI,BB,DS,2020-11-22 15:00:00,8.8,85.3,,,,2020,11,5874.788249555149,0.554635226726532,2.1551594734191895,-0.7235716581344604,1.7130513191223145
2020327N08086,2020,NIVAR,NI,BB,TS,2020-11-22 18:00:00,9.0,85.1,,,,2020,11,5875.033220442251,0.44174662232398987,2.1914095878601074,-0.9853073954582214,1.5655871629714966
2020327N08086,2020,NIVAR,NI,BB,TS,2020-11-22 21:00:00,9.0,85.0,46.3,1002.0,Depression,2020,11,5858.856378707306,0.9098079800605774,2.634439706802368,-0.34500375390052795,0.883812665939331
2020327N08086,2020,NIVAR,NI,BB,TS,2020-11-23 00:00:00,9.3,84.6,46.3,1002.0,Depression,2020,11,5859.102942900991,0.983335018157959,2.7741305828094482,-0.6807022094726562,0.8084016442298889
2020327N08086,2020,NIVAR,NI,BB,TS,2020-11-23 03:00:00,9.5,84.2,46.3,1002.0,Depression,2020,11,5873.486916403665,1.8313205242156982,1.178187608718872,-0.9668562412261963,1.0152078866958618
2020327N08086,2020,NIVAR,NI,BB,TS,2020-11-23 06:00:00,9.6,84.0,46.3,1001.0,Depression,2020,11,5873.87966647632,1.8501405715942383,1.2145202159881592,-1.0684806108474731,1.030103087425232
2020327N08086,2020,NIVAR,NI,BB,TS,2020-11-23 09:00:00,9.7,83.8,51.9,1000.0,Deep Depression,2020,11,5858.29911972998,3.6717123985290527,-0.9410465955734253,-0.6490565538406372,-0.6629405617713928
2020327N08086,2020,NIVAR,NI,BB,TS,2020-11-23 12:00:00,9.9,83.6,55.6,999.0,Deep Depression,2020,11,5858.581134995131,3.6695754528045654,-0.8856136202812195,-0.8269217014312744,-0.6429176330566406
2020327N08086,2020,NIVAR,NI,BB,TS,2020-11-23 15:00:00,9.9,83.5,55.6,999.0,Deep Depression,2020,11,5869.58132364263,2.996202230453491,-1.7856225967407227,-0.8731368780136108,-0.5226657390594482
2020327N08086,2020,NIVAR,NI,BB,TS,2020-11-23 18:00:00,10.0,83.5,55.6,998.0,Deep Depression,2020,11,5869.5705688231965,2.889735698699951,-1.780226707458496,-0.9438334703445435,-0.5201499462127686
2020327N08086,2020,NIVAR,NI,BB,TS,2020-11-23 21:00:00,9.9,83.3,61.1,998.0,Deep Depression,2020,11,5852.949194551657,2.3272645473480225,-2.7958028316497803,-1.0765256881713867,0.5887816548347473
2020327N08086,2020,NIVAR,NI,BB,TS,2020-11-24 00:00:00,9.8,83.2,64.8,997.0,Cyclonic Storm,2020,11,5852.966322597422,2.403956651687622,-2.7196483612060547,-0.9946087002754211,0.6978474855422974
2020327N08086,2020,NIVAR,NI,BB,TS,2020-11-24 03:00:00,9.8,83.1,64.8,997.0,Cyclonic Storm,2020,11,5863.523173688263,0.19846180081367493,-2.985464572906494,-1.5425554513931274,0.759985625743866
2020327N08086,2020,NIVAR,NI,BB,TS,2020-11-24 06:00:00,9.8,83.0,74.1,994.0,Cyclonic Storm,2020,11,5863.704013985408,0.15572592616081238,-2.9784696102142334,-1.5078727006912231,0.8339408040046692
2020327N08086,2020,NIVAR,NI,BB,TS,2020-11-24 09:00:00,9.9,82.9,83.3,992.0,Cyclonic Storm,2020,11,5845.098176365018,-0.3867644965648651,-2.9765801429748535,-1.2776188850402832,0.9286119937896729
2020327N08086,2020,NIVAR,NI,BB,TS,2020-11-24 12:00:00,10.0,82.8,83.3,992.0,Cyclonic Storm,2020,11,5845.063521946842,-0.5818968415260315,-3.0658509731292725,-1.2818135023117065,0.9123317003250122
2020327N08086,2020,NIVAR,NI,BB,TS,2020-11-24 15:00:00,10.1,82.7,83.3,992.0,Cyclonic Storm,2020,11,5854.479565524415,-2.2929763793945312,-2.091190814971924,-1.27998948097229,1.3992751836776733
2020327N08086,2020,NIVAR,NI,BB,TS,2020-11-24 18:00:00,10.2,82.6,92.6,990.0,Severe Cyclonic Storm,2020,11,5854.60862335762,-2.429492473602295,-2.134006977081299,-1.270887017250061,1.4281717538833618
2020327N08086,2020,NIVAR,NI,BB,TS,2020-11-24 21:00:00,10.4,82.4,101.9,988.0,Severe Cyclonic Storm,2020,11,5834.98506115748,-2.8047678470611572,-1.1852203607559204,-1.343263864517212,2.368474245071411
2020327N08086,2020,NIVAR,NI,BB,TS,2020-11-25 00:00:00,10.6,82.2,111.1,986.0,Severe Cyclonic Storm,2020,11,5835.238396904142,-3.0676889419555664,-1.2577670812606812,-1.3831337690353394,2.478266954421997
2020327N08086,2020,NIVAR,NI,BB,TS,2020-11-25 03:00:00,10.8,81.8,111.1,986.0,Severe Cyclonic Storm,2020,11,5853.314460085759,-3.037445545196533,-0.6286869645118713,-1.9330310821533203,2.386014461517334
2020327N08086,2020,NIVAR,NI,BB,TS,2020-11-25 06:00:00,11.1,81.4,111.1,986.0,Severe Cyclonic Storm,2020,11,5853.929078100065,-3.4150753021240234,-0.698975682258606,-2.0251519680023193,2.8545215129852295
2020327N08086,2020,NIVAR,NI,BB,TS,2020-11-25 09:00:00,11.3,81.1,120.4,982.0,Very Severe Cyclonic Storm,2020,11,5840.35370768815,-3.329289197921753,-0.5800741910934448,-1.1540641784667969,2.28120493888855
2020327N08086,2020,NIVAR,NI,BB,TS,2020-11-25 12:00:00,11.5,80.9,120.4,982.0,Very Severe Cyclonic Storm,2020,11,5840.614213314435,-3.326815366744995,-0.5324811935424805,-1.1753898859024048,2.4818971157073975
2020327N08086,2020,NIVAR,NI,BB,TS,2020-11-25 15:00:00,11.8,80.6,120.4,982.0,Very Severe Cyclonic Storm,2020,11,5858.2819916842145,-2.571920156478882,-0.43826133012771606,-0.9254708290100098,2.699181079864502
2020327N08086,2020,NIVAR,NI,BB,TS,2020-11-25 18:00:00,12.0,80.4,120.4,982.0,Very Severe Cyclonic Storm,2020,11,5858.479960027124,-2.484001398086548,-0.48742473125457764,-0.9034585356712341,2.9330716133117676
2020327N08086,2020,NIVAR,NI,BB,TS,2020-11-25 21:00:00,12.2,80.1,111.1,986.0,Severe Cyclonic Storm,2020,11,5840.045801191029,-2.465953826904297,-0.02344322018325329,-0.42458465695381165,3.136291980743408
2020327N08086,2020,NIVAR,NI,BB,TS,2020-11-26 00:00:00,12.5,80.0,92.6,992.0,Severe Cyclonic Storm,2020,11,5840.01234175279,-2.1404271125793457,0.042302705347537994,-0.5656824111938477,3.341493844985962
2020327N08086,2020,NIVAR,NI,BB,TS,2020-11-26 03:00:00,12.7,79.7,74.1,996.0,Cyclonic Storm,2020,11,5860.42140409824,-1.338368535041809,1.2835735082626343,-0.23468606173992157,2.911834239959717
2020327N08086,2020,NIVAR,NI,BB,TS,2020-11-26 06:00:00,13.0,79.6,64.8,998.0,Cyclonic Storm,2020,11,5860.419014138366,-0.9219766855239868,1.2815793752670288,-0.40463846921920776,3.0451676845550537
2020327N08086,2020,NIVAR,NI,BB,TS,2020-11-26 09:00:00,13.3,79.6,55.6,999.0,Deep Depression,2020,11,5840.93287463099,1.40293550491333,1.039844274520874,0.5245763659477234,1.35868501663208
2020327N08086,2020,NIVAR,NI,BB,TS,2020-11-26 12:00:00,13.5,79.8,55.6,1000.0,Deep Depression,2020,11,5840.78031552569,1.5663447380065918,1.1597753763198853,0.33649975061416626,1.3253573179244995
2020327N08086,2020,NIVAR,NI,BB,TS,2020-11-26 15:00:00,13.6,80.0,46.3,1001.0,Depression,2020,11,5855.876895397511,0.10234644263982773,2.8961825370788574,-0.4028201699256897,0.6639842987060547
2020327N08086,2020,NIVAR,NI,BB,TS,2020-11-26 18:00:00,13.8,80.3,37.0,1002.0,Depression,2020,11,5855.608024911668,0.13524499535560608,3.336461305618286,-0.6496460437774658,0.6886680126190186
2020327N08086,2020,NIVAR,NI,BB,TS,2020-11-26 21:00:00,13.8,80.6,,,,2020,11,5840.516623286239,-1.184765338897705,4.514581680297852,-1.5632065534591675,1.384787917137146
2020327N08086,2020,NIVAR,NI,BB,TS,2020-11-27 00:00:00,14.0,80.7,,,,2020,11,5840.530166392194,-1.1141599416732788,4.836178302764893,-1.6956164836883545,1.4617280960083008
2020327N08086,2020,NIVAR,NI,BB,TS,2020-11-27 03:00:00,14.2,80.6,,,,2020,11,5863.385750995499,-1.935880184173584,6.376749515533447,-2.2714216709136963,1.6304155588150024
2020327N08086,2020,NIVAR,NI,BB,TS,2020-11-27 06:00:00,14.4,80.5,,,,2020,11,5863.264659695207,-1.8244255781173706,6.58965539932251,-2.406121253967285,1.5583178997039795
2020327N08086,2020,NIVAR,NI,BB,TS,2020-11-27 09:00:00,14.7,80.3,,,,2020,11,5853.293348773536,-1.5562673807144165,5.020043849945068,-2.7601242065429688,1.5288755893707275
2020327N08086,2020,NIVAR,NI,BB,DS,2020-11-27 12:00:00,15.0,80.1,,,,2020,11,5853.380183982298,-1.3160287141799927,5.1159234046936035,-2.913757801055908,1.439440131187439
2020335N06090,2020,BUREVI,NI,BB,DS,2020-11-29 12:00:00,6.4,90.4,,,,2020,11,5854.430571346995,3.0759191513061523,-0.6409912109375,-0.404096394777298,-2.280890703201294
2020335N06090,2020,BUREVI,NI,BB,DS,2020-11-29 15:00:00,6.6,89.8,,,,2020,11,5866.743644618703,2.103638172149658,-1.3990578651428223,-1.277303695678711,-1.9850987195968628
2020335N06090,2020,BUREVI,NI,BB,DS,2020-11-29 18:00:00,6.9,89.1,,,,2020,11,5867.681703869313,1.4193263053894043,-1.809295892715454,-1.5154762268066406,-2.317286968231201
2020335N06090,2020,BUREVI,NI,BB,DS,2020-11-29 21:00:00,7.2,88.4,,,,2020,11,5853.25232112903,1.3223180770874023,-1.9420483112335205,-1.7070786952972412,-1.8334110975265503
2020335N06090,2020,BUREVI,NI,BB,MX,2020-11-30 00:00:00,7.5,87.8,37.0,1003.0,Depression,2020,11,5853.532743087599,1.0362211465835571,-2.143982172012329,-2.0787577629089355,-1.9605060815811157
2020335N06090,2020,BUREVI,NI,BB,MX,2020-11-30 03:00:00,7.6,87.6,46.3,1002.0,Depression,2020,11,5867.569774081873,-0.5834968090057373,-2.6283071041107178,-2.101698398590088,-1.2831929922103882
2020335N06090,2020,BUREVI,NI,BB,TS,2020-11-30 06:00:00,7.6,87.4,46.3,1002.0,Depression,2020,11,5867.782082184029,-0.5705159306526184,-2.6827547550201416,-2.131974697113037,-1.326985478401184
2020335N06090,2020,BUREVI,NI,BB,TS,2020-11-30 09:00:00,7.6,87.2,46.3,1002.0,Depression,2020,11,5857.063112148389,-0.649370551109314,-2.3596243858337402,-1.7372344732284546,-1.2518128156661987
2020335N06090,2020,BUREVI,NI,BB,TS,2020-11-30 12:00:00,7.5,87.1,46.3,1002.0,Depression,2020,11,5856.929672722082,-0.5501163601875305,-2.3820908069610596,-1.6738653182983398,-1.3053722381591797
2020335N06090,2020,BUREVI,NI,BB,TS,2020-11-30 15:00:00,7.5,87.0,46.3,1002.0,Depression,2020,11,5872.489506482846,-1.4558076858520508,-2.3109920024871826,-2.3860177993774414,-0.6033105850219727
2020335N06090,2020,BUREVI,NI,BB,TS,2020-11-30 18:00:00,7.5,86.8,46.3,1002.0,Depression,2020,11,5872.600639616995,-1.5204384326934814,-2.4325592517852783,-2.407620906829834,-0.667637050151825
2020335N06090,2020,BUREVI,NI,BB,TS,2020-11-30 21:00:00,7.4,86.4,51.9,1001.0,Deep Depression,2020,11,5872.938022285898,-1.5343763828277588,-2.7184224128723145,-2.3452253341674805,-0.7674739360809326
2020335N06090,2020,BUREVI,NI,BB,TS,2020-12-01 00:00:00,7.4,86.1,55.6,1000.0,Deep Depression,2020,12,5856.424594535341,-2.204256534576416,-2.0922658443450928,-2.1136558055877686,1.224139928817749
2020335N06090,2020,BUREVI,NI,BB,TS,2020-12-01 03:00:00,7.4,85.8,55.6,1000.0,Deep Depression,2020,12,5869.650632478982,-3.61057448387146,-0.6555774807929993,-1.9947799444198608,0.9342361688613892
2020335N06090,2020,BUREVI,NI,BB,TS,2020-12-01 06:00:00,7.5,85.4,55.6,1000.0,Deep Depression,2020,12,5869.739857647617,-3.9856503009796143,-1.0349339246749878,-2.177031993865967,0.9445667862892151
2020335N06090,2020,BUREVI,NI,BB,TS,2020-12-01 09:00:00,7.6,85.1,61.1,1000.0,Deep Depression,2020,12,5853.2343964299735,-3.3972413539886475,-1.0083730220794678,-2.273512125015259,0.837474524974823
2020335N06090,2020,BUREVI,NI,BB,TS,2020-12-01 12:00:00,7.7,84.9,64.8,999.0,Cyclonic Storm,2020,12,5853.39571872148,-3.5781948566436768,-1.2372941970825195,-2.422400712966919,0.8024139404296875
2020335N06090,2020,BUREVI,NI,BB,TS,2020-12-01 15:00:00,7.8,84.6,64.8,999.0,Cyclonic Storm,2020,12,5868.009925025366,-4.137732028961182,-0.6529194712638855,-2.9079034328460693,0.9036933183670044
2020335N06090,2020,BUREVI,NI,BB,TS,2020-12-01 18:00:00,8.0,84.3,64.8,999.0,Cyclonic Storm,2020,12,5868.280388817792,-4.510499477386475,-0.9855455756187439,-3.1767842769622803,0.8238320350646973
2020335N06090,2020,BUREVI,NI,BB,TS,2020-12-01 21:00:00,8.3,83.7,64.8,999.0,Cyclonic Storm,2020,12,5850.86634452132,-4.730140209197998,-1.2562332153320312,-2.134058713912964,2.3159751892089844
2020335N06090,2020,BUREVI,NI,BB,TS,2020-12-02 00:00:00,8.5,83.3,74.1,998.0,Cyclonic Storm,2020,12,5851.177039304962,-4.995291233062744,-1.5636590719223022,-2.315441370010376,2.161870002746582
2020335N06090,2020,BUREVI,NI,BB,TS,2020-12-02 03:00:00,8.6,82.9,74.1,998.0,Cyclonic Storm,2020,12,5866.401083703406,-5.142452239990234,-0.04908997192978859,-1.5121419429779053,1.28709876537323
2020335N06090,2020,BUREVI,NI,BB,TS,2020-12-02 06:00:00,8.7,82.6,83.3,996.0,Cyclonic Storm,2020,12,5866.618968378601,-5.301847457885742,-0.28024598956108093,-1.6359763145446777,1.2358291149139404
2020335N06090,2020,BUREVI,NI,BB,TS,2020-12-02 09:00:00,8.8,82.2,83.3,996.0,Cyclonic Storm,2020,12,5844.614607817145,-4.011517524719238,0.5202280879020691,-0.016902782022953033,-0.4859914779663086
2020335N06090,2020,BUREVI,NI,BB,TS,2020-12-02 12:00:00,8.8,81.9,83.3,996.0,Cyclonic Storm,2020,12,5844.490329903688,-4.063736915588379,0.3748191297054291,-0.08973896503448486,-0.5067930817604065
2020335N06090,2020,BUREVI,NI,BB,TS,2020-12-02 15:00:00,8.9,81.6,83.3,996.0,Cyclonic Storm,2020,12,5860.4879246480705,-3.7096800804138184,0.5542662143707275,-0.5389394760131836,0.2812822759151459
2020335N06090,2020,BUREVI,NI,BB,TS,2020-12-02 18:00:00,9.0,81.2,83.3,996.0,Cyclonic Storm,2020,12,5860.829688910077,-3.8058383464813232,0.3152921795845032,-0.8656508326530457,0.3855063021183014
2020335N06090,2020,BUREVI,NI,BB,TS,2020-12-02 21:00:00,9.0,80.9,74.1,998.0,Cyclonic Storm,2020,12,5845.535140695345,-3.300067663192749,2.294644832611084,-0.10690222680568695,0.5361304879188538
2020335N06090,2020,BUREVI,NI,BB,TS,2020-12-03 00:00:00,9.0,80.5,74.1,998.0,Cyclonic Storm,2020,12,5845.541912248322,-3.369729518890381,2.090855598449707,-0.19398055970668793,0.5215428471565247
2020335N06090,2020,BUREVI,NI,BB,TS,2020-12-03 03:00:00,9.1,80.4,74.1,998.0,Cyclonic Storm,2020,12,5868.945195989457,-2.329042911529541,3.0020992755889893,0.7640364766120911,0.8416725993156433
2020335N06090,2020,BUREVI,NI,BB,TS,2020-12-03 06:00:00,9.3,80.1,74.1,998.0,Cyclonic Storm,2020,12,5869.251907506641,-2.499216318130493,2.6584558486938477,0.40323692560195923,0.8013730645179749
2020335N06090,2020,BUREVI,NI,BB,TS,2020-12-03 09:00:00,9.4,79.8,64.8,999.0,Cyclonic Storm,2020,12,5849.290962637599,-0.2298794835805893,1.7137084007263184,0.7716076970100403,-1.0659419298171997
2020335N06090,2020,BUREVI,NI,BB,TS,2020-12-03 12:00:00,9.4,79.6,55.6,1000.0,Deep Depression,2020,12,5849.31765052286,-0.2896214425563812,1.586377501487732,0.7213724851608276,-1.0911953449249268
2020335N06090,2020,BUREVI,NI,BB,TS,2020-12-03 15:00:00,9.4,79.4,55.6,1000.0,Deep Depression,2020,12,5866.425779955439,0.008520596660673618,0.12788765132427216,-0.05546235665678978,-0.40458521246910095
2020335N06090,2020,BUREVI,NI,BB,TS,2020-12-03 18:00:00,9.3,79.3,55.6,1000.0,Deep Depression,2020,12,5866.350496219403,0.07897656410932541,0.1489885002374649,0.0908302590250969,-0.43194034695625305
2020335N06090,2020,BUREVI,NI,BB,TS,2020-12-03 21:00:00,9.3,79.3,55.6,1000.0,Deep Depression,2020,12,5844.142989068642,0.3524364233016968,-0.39416107535362244,0.3622759282588959,-0.7392540574073792
2020335N06090,2020,BUREVI,NI,BB,TS,2020-12-04 00:00:00,9.2,79.3,55.6,1000.0,Deep Depression,2020,12,5844.085231705017,0.40057989954948425,-0.3349481225013733,0.4114719331264496,-0.7568293809890747
2020335N06090,2020,BUREVI,NI,BB,TS,2020-12-04 03:00:00,9.1,79.2,55.6,1001.0,Deep Depression,2020,12,5865.648644669689,0.3560231626033783,-0.15753674507141113,0.39102357625961304,-0.19129036366939545
2020335N06090,2020,BUREVI,NI,BB,TS,2020-12-04 06:00:00,9.2,79.3,55.6,1001.0,Deep Depression,2020,12,5865.595667225812,0.2517116367816925,-0.15627388656139374,0.26052165031433105,-0.19873395562171936
2020335N06090,2020,BUREVI,NI,BB,TS,2020-12-04 09:00:00,9.3,79.4,51.9,1002.0,Deep Depression,2020,12,5848.737288600083,1.316176176071167,-0.6335605978965759,0.8648319840431213,0.35361552238464355
2020335N06090,2020,BUREVI,NI,BB,TS,2020-12-04 12:00:00,9.4,79.4,46.3,1002.0,Depression,2020,12,5848.774332978132,1.1887692213058472,-0.7019696831703186,0.714167594909668,0.34023916721343994
2020335N06090,2020,BUREVI,NI,BB,TS,2020-12-04 15:00:00,9.3,79.3,46.3,1003.0,Depression,2020,12,5863.427973619942,1.0707873106002808,-1.1688027381896973,0.8378124833106995,0.6436164975166321
2020335N06090,2020,BUREVI,NI,BB,TS,2020-12-04 18:00:00,9.2,79.2,46.3,1003.0,Depression,2020,12,5863.429566926525,1.1266694068908691,-1.237380862236023,0.8778437376022339,0.6130852103233337
2020335N06090,2020,BUREVI,NI,BB,TS,2020-12-04 21:00:00,9.1,79.3,42.6,1004.0,Depression,2020,12,5846.889451290706,-0.636867344379425,-1.7691841125488281,0.7693706154823303,0.32352977991104126
2020335N06090,2020,BUREVI,NI,BB,TS,2020-12-05 00:00:00,9.1,79.4,37.0,1004.0,Depression,2020,12,5846.908969296345,-0.5292053818702698,-1.6945278644561768,0.8369750380516052,0.3521544635295868
2020335N06090,2020,BUREVI,NI,BB,TS,2020-12-05 03:00:00,9.2,79.5,37.0,1006.0,Depression,2020,12,5866.416618442588,-2.0714566707611084,-1.942110300064087,0.3320695757865906,0.5682231187820435
2020335N06090,2020,BUREVI,NI,BB,DS,2020-12-05 06:00:00,9.5,80.1,,,,2020,12,5866.636096424366,-1.9506301879882812,-2.0385489463806152,0.08986261487007141,0.7677854299545288
2021092N11096,2021,UNNAMED,NI,BB,TS,2021-04-02 00:00:00,11.0,96.3,46.3,1000.0,Depression,2021,4,5849.689687609938,1.2855198383331299,3.3579602241516113,2.6265156269073486,1.6118028163909912
2021092N11096,2021,UNNAMED,NI,BB,TS,2021-04-02 03:00:00,11.0,96.3,46.3,1000.0,Depression,2021,4,5858.586711568171,1.1759819984436035,4.036022186279297,2.5111920833587646,1.2569845914840698
2021092N11096,2021,UNNAMED,NI,BB,TS,2021-04-02 06:00:00,11.2,96.4,46.3,1000.0,Depression,2021,4,5858.559227029618,1.0655437707901,4.040009498596191,2.3733596801757812,1.261080265045166
2021092N11096,2021,UNNAMED,NI,BB,TS,2021-04-02 09:00:00,11.5,96.6,46.3,1000.0,Depression,2021,4,5844.967923551876,0.9589208960533142,4.5530242919921875,2.548074245452881,-0.0492197722196579
2021092N11096,2021,UNNAMED,NI,BB,TS,2021-04-02 12:00:00,11.8,96.8,46.3,1000.0,Depression,2021,4,5845.3861665298555,0.699023425579071,4.682980060577393,2.3210651874542236,0.01565481163561344
2021092N11096,2021,UNNAMED,NI,BB,TS,2021-04-02 15:00:00,12.0,97.0,46.3,1000.0,Depression,2021,4,5853.611213436801,0.7900528311729431,4.5147881507873535,0.9660227298736572,-0.283334881067276
2021092N11096,2021,UNNAMED,NI,BB,TS,2021-04-02 18:00:00,12.3,97.2,46.3,1000.0,Depression,2021,4,5853.679327293215,0.4711764454841614,4.747918605804443,0.6741593480110168,-0.16333641111850739
2021092N11096,2021,UNNAMED,NI,BB,TS,2021-04-02 21:00:00,12.7,97.4,46.3,1001.0,Depression,2021,4,5851.350709722485,2.0826268196105957,4.136813640594482,-0.6819159388542175,-0.23433083295822144
2021092N11096,2021,UNNAMED,NI,BB,TS,2021-04-03 00:00:00,13.0,97.5,46.3,1002.0,Depression,2021,4,5851.2586962673295,1.9965753555297852,4.422702312469482,-0.9017474055290222,-0.15885524451732635
2021092N11096,2021,UNNAMED,NI,BB,TS,2021-04-03 03:00:00,13.2,97.6,37.0,1004.0,Depression,2021,4,5862.822915445132,0.9926542043685913,3.707866907119751,-2.6167848110198975,0.44765689969062805
2021133N10071,2021,TAUKTAE,NI,AS,DS,2021-05-13 06:00:00,10.0,70.9,,,,2021,5,5868.252107625948,2.59356951713562,1.5336552858352661,5.889677047729492,1.946268081665039
2021133N10071,2021,TAUKTAE,NI,AS,DS,2021-05-13 09:00:00,10.1,71.1,,,,2021,5,5843.98684502353,3.997798204421997,1.795029878616333,6.718043327331543,1.965345859527588
2021133N10071,2021,TAUKTAE,NI,AS,TS,2021-05-13 12:00:00,10.2,71.3,,,,2021,5,5844.300328093692,3.810896396636963,1.7194664478302002,6.3734941482543945,1.7972674369812012
2021133N10071,2021,TAUKTAE,NI,AS,TS,2021-05-13 15:00:00,10.3,71.4,,,,2021,5,5860.543292051822,4.108956813812256,2.5190885066986084,6.924626350402832,2.65777325630188
2021133N10071,2021,TAUKTAE,NI,AS,TS,2021-05-13 18:00:00,10.5,71.5,,,,2021,5,5860.503459387253,3.874960422515869,2.532816171646118,6.599687576293945,2.6437489986419678
2021133N10071,2021,TAUKTAE,NI,AS,TS,2021-05-13 21:00:00,10.7,71.6,,,,2021,5,5836.229831925276,4.853360652923584,1.5759332180023193,6.449234485626221,2.7790169715881348
2021133N10071,2021,TAUKTAE,NI,AS,TS,2021-05-14 00:00:00,10.9,71.8,,,,2021,5,5836.556459774745,4.59534215927124,1.541029691696167,6.09604549407959,2.7736895084381104
2021133N10071,2021,TAUKTAE,NI,AS,TS,2021-05-14 03:00:00,11.0,72.0,46.3,997.0,Depression,2021,5,5854.40229015515,3.5851638317108154,1.7786884307861328,7.169613838195801,3.0243687629699707
2021133N10071,2021,TAUKTAE,NI,AS,TS,2021-05-14 06:00:00,11.2,72.2,46.3,996.0,Depression,2021,5,5854.78070046856,3.3741157054901123,1.8258994817733765,6.82020378112793,3.007040500640869
2021133N10071,2021,TAUKTAE,NI,AS,TS,2021-05-14 09:00:00,11.5,72.4,55.6,995.0,Deep Depression,2021,5,5834.031467167688,3.583289861679077,2.3095250129699707,7.663412570953369,1.2911401987075806
2021133N10071,2021,TAUKTAE,NI,AS,TS,2021-05-14 12:00:00,11.7,72.6,55.6,995.0,Deep Depression,2021,5,5834.341365298038,3.284402370452881,2.2461063861846924,7.304435729980469,1.2887378931045532
2021133N10071,2021,TAUKTAE,NI,AS,TS,2021-05-14 15:00:00,12.0,72.7,61.1,994.0,Deep Depression,2021,5,5843.842650777789,3.2709314823150635,3.0892181396484375,6.986973762512207,1.3327239751815796
2021133N10071,2021,TAUKTAE,NI,AS,TS,2021-05-14 18:00:00,12.3,72.8,64.8,993.0,Cyclonic Storm,2021,5,5843.8741185827985,2.749763011932373,2.986715078353882,6.374242782592773,1.3001325130462646
2021133N10071,2021,TAUKTAE,NI,AS,TS,2021-05-14 21:00:00,12.4,72.8,74.1,992.0,Cyclonic Storm,2021,5,5824.732531623949,5.154973983764648,2.9702954292297363,7.134315490722656,1.2625433206558228
2021133N10071,2021,TAUKTAE,NI,AS,TS,2021-05-15 00:00:00,12.8,72.9,74.1,992.0,Cyclonic Storm,2021,5,5825.006182029541,4.521200180053711,3.1058788299560547,6.268538475036621,1.2824842929840088
2021133N10071,2021,TAUKTAE,NI,AS,TS,2021-05-15 03:00:00,13.0,72.9,74.1,992.0,Cyclonic Storm,2021,5,5844.732512504271,3.393463134765625,2.749485492706299,4.537301540374756,0.5616725087165833
2021133N10071,2021,TAUKTAE,NI,AS,TS,2021-05-15 06:00:00,13.3,73.0,83.3,990.0,Cyclonic Storm,2021,5,5845.11092281768,3.162428855895996,2.954850435256958,4.01392936706543,0.6323286294937134
2021133N10071,2021,TAUKTAE,NI,AS,TS,2021-05-15 09:00:00,13.6,73.0,83.3,990.0,Cyclonic Storm,2021,5,5826.9747123125635,3.6170694828033447,2.776862144470215,2.888423204421997,-0.6657341718673706
2021133N10071,2021,TAUKTAE,NI,AS,TS,2021-05-15 12:00:00,13.9,73.0,101.9,985.0,Severe Cyclonic Storm,2021,5,5827.2567275777155,3.236088514328003,2.9907419681549072,2.3421754837036133,-0.5706862807273865
2021133N10071,2021,TAUKTAE,NI,AS,TS,2021-05-15 15:00:00,14.2,72.9,101.9,984.0,Severe Cyclonic Storm,2021,5,5841.246756027798,1.3606215715408325,1.2233988046646118,1.1739740371704102,0.6546068787574768
2021133N10071,2021,TAUKTAE,NI,AS,TS,2021-05-15 18:00:00,14.5,72.8,111.1,982.0,Severe Cyclonic Storm,2021,5,5841.308496657881,0.9289788603782654,1.3284364938735962,0.6590915322303772,0.7727129459381104
2021133N10071,2021,TAUKTAE,NI,AS,TS,2021-05-15 21:00:00,14.7,72.8,111.1,982.0,Severe Cyclonic Storm,2021,5,5825.123688390021,1.02459716796875,2.3290953636169434,1.523722767829895,1.7247461080551147
2021133N10071,2021,TAUKTAE,NI,AS,TS,2021-05-16 00:00:00,15.0,72.8,120.4,979.0,Very Severe Cyclonic Storm,2021,5,5825.188217306624,0.7486358284950256,2.658755302429199,1.1769933700561523,1.8313660621643066
2021133N10071,2021,TAUKTAE,NI,AS,TS,2021-05-16 03:00:00,15.4,72.8,129.6,976.0,Very Severe Cyclonic Storm,2021,5,5850.318645383491,-0.3083525598049164,3.3541417121887207,0.900147020816803,2.5351715087890625
2021133N10071,2021,TAUKTAE,NI,AS,TS,2021-05-16 06:00:00,15.8,72.8,129.6,976.0,Very Severe Cyclonic Storm,2021,5,5850.5803459897115,-0.4606422483921051,3.445852756500244,0.4109938442707062,2.5991477966308594
2021133N10071,2021,TAUKTAE,NI,AS,TS,2021-05-16 09:00:00,16.3,72.7,129.6,976.0,Very Severe Cyclonic Storm,2021,5,5835.422025487807,0.09663338214159012,3.363328218460083,1.3378052711486816,2.3412463665008545
2021133N10071,2021,TAUKTAE,NI,AS,TS,2021-05-16 12:00:00,16.8,72.5,138.9,972.0,Very Severe Cyclonic Storm,2021,5,5835.439950186863,0.1061890721321106,3.471846342086792,0.9593488574028015,2.3697032928466797
2021133N10071,2021,TAUKTAE,NI,AS,TS,2021-05-16 15:00:00,17.3,72.3,148.2,968.0,Very Severe Cyclonic Storm,2021,5,5850.76636453325,0.02292191982269287,3.3874971866607666,0.20399649441242218,1.9417192935943604
2021133N10071,2021,TAUKTAE,NI,AS,TS,2021-05-16 18:00:00,17.7,72.0,157.4,964.0,Very Severe Cyclonic Storm,2021,5,5850.3895475264235,0.1830088496208191,3.435854196548462,-0.0999559834599495,1.78176748752594
2021133N10071,2021,TAUKTAE,NI,AS,TS,2021-05-16 21:00:00,18.0,71.8,166.7,960.0,Extremely Severe Cyclonic Storm,2021,5,5836.634133470656,1.052111029624939,4.657010078430176,-0.5496687293052673,1.4359294176101685
2021133N10071,2021,TAUKTAE,NI,AS,TS,2021-05-17 00:00:00,18.4,71.7,185.2,950.0,Extremely Severe Cyclonic Storm,2021,5,5836.33857509955,1.291590690612793,4.710439682006836,-0.7481476664543152,1.2698273658752441
2021133N10071,2021,TAUKTAE,NI,AS,TS,2021-05-17 03:00:00,18.8,71.6,185.2,950.0,Extremely Severe Cyclonic Storm,2021,5,5862.865934722867,1.2504178285598755,6.42326021194458,-1.894492268562317,1.9876234531402588
2021133N10071,2021,TAUKTAE,NI,AS,TS,2021-05-17 06:00:00,19.3,71.5,185.2,950.0,Extremely Severe Cyclonic Storm,2021,5,5862.254503321726,1.69671630859375,6.423254489898682,-1.9380133152008057,1.7991129159927368
2021133N10071,2021,TAUKTAE,NI,AS,TS,2021-05-17 09:00:00,19.6,71.4,185.2,950.0,Extremely Severe Cyclonic Storm,2021,5,5843.498496555909,3.2261147499084473,5.937765598297119,-0.6154524683952332,1.6650992631912231
2021133N10071,2021,TAUKTAE,NI,AS,TS,2021-05-17 12:00:00,20.1,71.4,175.9,955.0,Extremely Severe Cyclonic Storm,2021,5,5843.10893309642,3.7181448936462402,6.190350532531738,-0.4871416389942169,1.509444236755371
2021133N10071,2021,TAUKTAE,NI,AS,TS,2021-05-17 15:00:00,20.5,71.3,166.7,960.0,Extremely Severe Cyclonic Storm,2021,5,5853.098965370437,3.3079793453216553,5.284300327301025,-0.6059516668319702,1.45754075050354
2021133N10071,2021,TAUKTAE,NI,AS,TS,2021-05-17 18:00:00,20.9,71.2,157.4,964.0,Very Severe Cyclonic Storm,2021,5,5852.277615827015,3.791987895965576,5.455498695373535,-0.5308796763420105,1.253859043121338
2021133N10071,2021,TAUKTAE,NI,AS,TS,2021-05-17 21:00:00,21.2,71.2,138.9,972.0,Very Severe Cyclonic Storm,2021,5,5826.235019731509,4.175093650817871,6.238985538482666,0.5398984551429749,1.1028591394424438
2021133N10071,2021,TAUKTAE,NI,AS,TS,2021-05-18 00:00:00,21.5,71.2,120.4,978.0,Very Severe Cyclonic Storm,2021,5,5825.410881901567,4.629336357116699,6.331943035125732,0.653633713722229,1.0214446783065796
2021133N10071,2021,TAUKTAE,NI,AS,TS,2021-05-18 03:00:00,21.7,71.3,101.9,984.0,Severe Cyclonic Storm,2021,5,5846.627750684484,3.925658941268921,7.552227973937988,0.5092238783836365,0.8153427839279175
2021133N10071,2021,TAUKTAE,NI,AS,TS,2021-05-18 06:00:00,22.1,71.6,83.3,990.0,Cyclonic Storm,2021,5,5846.438147201135,4.323544979095459,7.822821140289307,0.7165265083312988,0.6850324273109436
2021133N10071,2021,TAUKTAE,NI,AS,TS,2021-05-18 09:00:00,22.6,71.7,74.1,992.0,Cyclonic Storm,2021,5,5826.3517294386975,6.501531600952148,6.74210262298584,2.1792001724243164,0.8759600520133972
2021133N10071,2021,TAUKTAE,NI,AS,TS,2021-05-18 12:00:00,23.2,72.1,64.8,993.0,Cyclonic Storm,2021,5,5825.621198370493,6.845486164093018,6.922713279724121,2.5627572536468506,0.63796466588974
2021133N10071,2021,TAUKTAE,NI,AS,TS,2021-05-18 15:00:00,23.7,72.5,55.6,994.0,Deep Depression,2021,5,5837.712403700551,6.92542028427124,4.719352722167969,2.7434983253479004,-0.04723776504397392
2021133N10071,2021,TAUKTAE,NI,AS,TS,2021-05-18 18:00:00,24.1,73.1,55.6,995.0,Deep Depression,2021,5,5836.977092712598,7.335755348205566,4.914488792419434,2.882159948348999,-0.04686238244175911
2021133N10071,2021,TAUKTAE,NI,AS,TS,2021-05-18 21:00:00,24.4,73.4,51.9,996.0,Deep Depression,2021,5,5813.065942498203,7.10612154006958,5.607439041137695,2.8481340408325195,-0.2739628851413727
2021133N10071,2021,TAUKTAE,NI,AS,TS,2021-05-19 00:00:00,24.6,73.6,46.3,996.0,Depression,2021,5,5812.973929043048,7.343466281890869,5.768443584442139,2.951874017715454,-0.24891027808189392
2021133N10071,2021,TAUKTAE,NI,AS,TS,2021-05-19 03:00:00,24.9,73.7,37.0,997.0,Depression,2021,5,5828.92252961001,8.044760704040527,5.442304611206055,3.432014226913452,-0.06294035166501999
2021133N10071,2021,TAUKTAE,NI,AS,TS,2021-05-19 06:00:00,25.8,74.8,37.0,997.0,Depression,2021,5,5829.088233494619,8.850299835205078,6.393572807312012,4.113412857055664,0.4026366174221039
2021143N15090,2021,YAAS,NI,BB,DS,2021-05-23 00:00:00,15.5,90.0,,,,2021,5,5842.336179403772,1.8138154745101929,1.6453306674957275,4.818999290466309,1.3734327554702759
2021143N15090,2021,YAAS,NI,BB,DS,2021-05-23 03:00:00,15.4,89.9,,,,2021,5,5853.22642989706,1.6830708980560303,3.049903631210327,4.965310096740723,1.2741265296936035
2021143N15090,2021,YAAS,NI,BB,TS,2021-05-23 06:00:00,15.6,89.8,46.3,996.0,Depression,2021,5,5853.11450010962,1.4265353679656982,3.017047882080078,4.797837734222412,1.2464933395385742
2021143N15090,2021,YAAS,NI,BB,TS,2021-05-23 09:00:00,15.6,89.7,46.3,995.0,Depression,2021,5,5834.6803412735235,0.873084306716919,1.975865125656128,5.8162384033203125,0.7965987920761108
2021143N15090,2021,YAAS,NI,BB,TS,2021-05-23 12:00:00,15.7,89.6,46.3,994.0,Depression,2021,5,5834.472813091117,0.9152160882949829,1.9363995790481567,5.780595779418945,0.721847414970398
2021143N15090,2021,YAAS,NI,BB,TS,2021-05-23 15:00:00,15.8,89.5,51.9,993.0,Deep Depression,2021,5,5851.529160059756,2.6134328842163086,1.9074175357818604,5.60039758682251,-0.057096216827631
2021143N15090,2021,YAAS,NI,BB,MX,2021-05-23 18:00:00,15.8,89.5,55.6,992.0,Deep Depression,2021,5,5851.529160059756,2.6134328842163086,1.9074175357818604,5.60039758682251,-0.057096216827631
2021143N15090,2021,YAAS,NI,BB,MX,2021-05-23 21:00:00,16.0,89.6,61.1,991.0,Deep Depression,2021,5,5832.548098739121,1.5587193965911865,0.527460515499115,5.516498565673828,0.32156142592430115
2021143N15090,2021,YAAS,NI,BB,TS,2021-05-24 00:00:00,16.1,89.8,64.8,990.0,Cyclonic Storm,2021,5,5833.1173075158185,1.2645245790481567,0.6917898058891296,5.404543399810791,0.6003633737564087
2021143N15090,2021,YAAS,NI,BB,TS,2021-05-24 03:00:00,16.5,89.7,74.1,988.0,Cyclonic Storm,2021,5,5843.057947285771,0.40892326831817627,1.4467918872833252,4.233231067657471,-0.4526328444480896
2021143N15090,2021,YAAS,NI,BB,TS,2021-05-24 06:00:00,16.6,89.6,74.1,988.0,Cyclonic Storm,2021,5,5843.165097153463,0.32316529750823975,1.413138747215271,4.116146087646484,-0.5347464084625244
2021143N15090,2021,YAAS,NI,BB,TS,2021-05-24 09:00:00,16.9,89.6,74.1,988.0,Cyclonic Storm,2021,5,5823.621598609107,1.1961547136306763,1.7168225049972534,4.278631687164307,0.6864407658576965
2021143N15090,2021,YAAS,NI,BB,TS,2021-05-24 12:00:00,17.2,89.4,83.3,986.0,Cyclonic Storm,2021,5,5823.038050073165,0.8783274292945862,1.5114463567733765,4.097469329833984,0.31389403343200684
2021143N15090,2021,YAAS,NI,BB,TS,2021-05-24 15:00:00,17.4,89.2,83.3,986.0,Cyclonic Storm,2021,5,5831.9306924382945,-0.24192394316196442,2.664952516555786,5.701492786407471,1.3757990598678589
2021143N15090,2021,YAAS,NI,BB,TS,2021-05-24 18:00:00,17.6,89.0,92.6,984.0,Severe Cyclonic Storm,2021,5,5831.717986009494,-0.39362776279449463,2.7541186809539795,5.694533824920654,1.334063172340393
2021143N15090,2021,YAAS,NI,BB,TS,2021-05-24 21:00:00,17.8,88.9,101.9,982.0,Severe Cyclonic Storm,2021,5,5812.546126225572,0.3010371923446655,3.3016464710235596,5.529060363769531,1.0920500755310059
2021143N15090,2021,YAAS,NI,BB,TS,2021-05-25 00:00:00,18.1,88.6,101.9,980.0,Severe Cyclonic Storm,2021,5,5811.875344154222,0.1590997874736786,3.5053038597106934,5.460394382476807,1.1342968940734863
2021143N15090,2021,YAAS,NI,BB,TS,2021-05-25 03:00:00,18.4,88.4,101.9,980.0,Severe Cyclonic Storm,2021,5,5824.484374123682,0.24104315042495728,4.907288074493408,4.658830642700195,2.9045026302337646
2021143N15090,2021,YAAS,NI,BB,TS,2021-05-25 06:00:00,18.8,88.2,111.1,978.0,Severe Cyclonic Storm,2021,5,5823.97571099713,-0.20487913489341736,5.159748554229736,4.749914169311523,3.02439022064209
2021143N15090,2021,YAAS,NI,BB,TS,2021-05-25 09:00:00,19.1,88.2,111.1,978.0,Severe Cyclonic Storm,2021,5,5805.054000346704,1.2596921920776367,5.211206912994385,5.539021968841553,2.9045510292053223
2021143N15090,2021,YAAS,NI,BB,TS,2021-05-25 12:00:00,19.5,88.2,120.4,976.0,Very Severe Cyclonic Storm,2021,5,5804.955613665217,0.7149478197097778,5.15696907043457,5.34212589263916,2.9438364505767822
2021143N15090,2021,YAAS,NI,BB,TS,2021-05-25 15:00:00,19.9,88.0,120.4,976.0,Very Severe Cyclonic Storm,2021,5,5818.068128514835,1.0211727619171143,5.362515449523926,4.868813991546631,3.217754602432251
2021143N15090,2021,YAAS,NI,BB,TS,2021-05-25 18:00:00,20.3,87.8,129.6,974.0,Very Severe Cyclonic Storm,2021,5,5817.874940091673,0.5048538446426392,5.419435501098633,4.634836196899414,3.173685312271118
2021143N15090,2021,YAAS,NI,BB,TS,2021-05-25 21:00:00,20.4,87.7,138.9,970.0,Very Severe Cyclonic Storm,2021,5,5800.827754635885,0.3817761242389679,3.2211248874664307,4.561216354370117,2.349848747253418
2021143N15090,2021,YAAS,NI,BB,TS,2021-05-26 00:00:00,20.6,87.6,138.9,970.0,Very Severe Cyclonic Storm,2021,5,5800.788320297961,0.27508440613746643,3.056864023208618,4.4461350440979,2.2019851207733154
2021143N15090,2021,YAAS,NI,BB,TS,2021-05-26 03:00:00,21.1,87.2,138.9,970.0,Very Severe Cyclonic Storm,2021,5,5819.69130959604,-0.6176360249519348,3.865994691848755,2.566798210144043,0.42478814721107483
2021143N15090,2021,YAAS,NI,BB,TS,2021-05-26 06:00:00,21.5,86.9,138.9,970.0,Very Severe Cyclonic Storm,2021,5,5819.420049150322,-0.8466090559959412,3.7888879776000977,2.212167501449585,0.15644848346710205
2021143N15090,2021,YAAS,NI,BB,TS,2021-05-26 09:00:00,21.7,86.6,101.9,978.0,Severe Cyclonic Storm,2021,5,5809.951824782163,0.7153906226158142,2.5608677864074707,2.299179792404175,0.2240610271692276
2021143N15090,2021,YAAS,NI,BB,TS,2021-05-26 12:00:00,21.9,86.5,83.3,984.0,Cyclonic Storm,2021,5,5809.808427189713,0.7264335751533508,2.6669156551361084,2.3762834072113037,0.14819738268852234
2021143N15090,2021,YAAS,NI,BB,TS,2021-05-26 15:00:00,22.2,86.1,74.1,986.0,Cyclonic Storm,2021,5,5829.389766765409,-0.6380404829978943,2.7454617023468018,2.2730753421783447,0.5496119260787964
2021143N15090,2021,YAAS,NI,BB,TS,2021-05-26 18:00:00,22.5,85.8,55.6,988.0,Deep Depression,2021,5,5828.897833357977,-0.4395901560783386,3.014256000518799,2.485992431640625,0.4450094997882843
2021143N15090,2021,YAAS,NI,BB,TS,2021-05-26 21:00:00,22.8,85.7,55.6,988.0,Deep Depression,2021,5,5817.925527575676,-0.5461097359657288,3.2479546070098877,3.442941665649414,0.46729159355163574
2021143N15090,2021,YAAS,NI,BB,TS,2021-05-27 00:00:00,23.1,85.7,55.6,988.0,Deep Depression,2021,5,5817.750662178216,-0.2752091884613037,3.328826665878296,3.5824203491210938,0.4289231598377228
2021143N15090,2021,YAAS,NI,BB,TS,2021-05-27 03:00:00,23.3,85.7,55.6,990.0,Deep Depression,2021,5,5838.6763541831315,-0.6941606998443604,4.884666442871094,3.292747974395752,-0.1387987732887268
2021143N15090,2021,YAAS,NI,BB,MX,2021-05-27 06:00:00,23.6,85.6,46.3,991.0,Depression,2021,5,5838.219473520519,-0.5218148231506348,4.891896724700928,3.438528299331665,-0.25793030858039856
2021143N15090,2021,YAAS,NI,BB,TS,2021-05-27 09:00:00,23.9,85.5,46.3,992.0,Depression,2021,5,5832.691496331571,1.1680233478546143,4.224398136138916,2.85660982131958,-0.8806291818618774
2021143N15090,2021,YAAS,NI,BB,TS,2021-05-27 12:00:00,24.3,85.3,46.3,992.0,Depression,2021,5,5831.948218810705,1.5633790493011475,4.178285598754883,3.170786142349243,-1.0533241033554077
2021143N15090,2021,YAAS,NI,BB,TS,2021-05-27 15:00:00,24.5,85.1,46.3,992.0,Depression,2021,5,5849.327210362357,0.3116467595100403,1.9775314331054688,2.551060438156128,0.25686269998550415
2021143N15090,2021,YAAS,NI,BB,TS,2021-05-27 18:00:00,24.7,84.8,46.3,992.0,Depression,2021,5,5849.061128163033,0.40087249875068665,1.7482513189315796,2.821712017059326,0.10770351439714432
2021256N20087,2021,UNNAMED,NI,BB,TS,2021-09-12 12:00:00,20.3,87.4,46.3,992.0,Depression,2021,9,5824.550894673513,-0.26924529671669006,1.7738317251205444,2.5110678672790527,2.4392242431640625
2021256N20087,2021,UNNAMED,NI,BB,TS,2021-09-12 15:00:00,20.4,87.2,46.3,992.0,Depression,2021,9,5838.619791799442,-1.0771808624267578,1.8243597745895386,2.454716444015503,1.6882569789886475
2021256N20087,2021,UNNAMED,NI,BB,TS,2021-09-12 18:00:00,20.4,87.1,46.3,992.0,Depression,2021,9,5838.495513885986,-1.0135610103607178,1.77571702003479,2.448988914489746,1.6758198738098145
2021256N20087,2021,UNNAMED,NI,BB,TS,2021-09-12 21:00:00,20.5,87.1,51.9,991.0,Deep Depression,2021,9,5824.321458525593,-1.6649528741836548,2.1950860023498535,1.6098601818084717,1.4387688636779785
2021256N20087,2021,UNNAMED,NI,BB,TS,2021-09-13 00:00:00,20.6,87.0,55.6,990.0,Deep Depression,2021,9,5824.372046009596,-1.6270135641098022,2.1879079341888428,1.5251821279525757,1.3971478939056396
2021256N20087,2021,UNNAMED,NI,BB,TS,2021-09-13 03:00:00,20.9,86.5,55.6,990.0,Deep Depression,2021,9,5840.495113647372,-1.6954922676086426,2.661121368408203,-0.25966399908065796,2.783320188522339
2021256N20087,2021,UNNAMED,NI,BB,TS,2021-09-13 06:00:00,21.1,86.2,55.6,990.0,Deep Depression,2021,9,5840.574778976511,-1.6553101539611816,2.671638011932373,-0.550603449344635,2.793846368789673
2021256N20087,2021,UNNAMED,NI,BB,TS,2021-09-13 09:00:00,21.3,85.9,55.6,990.0,Deep Depression,2021,9,5828.675965416325,-1.9752442836761475,2.405437707901001,-0.0043387082405388355,3.273101329803467
2021256N20087,2021,UNNAMED,NI,BB,TS,2021-09-13 12:00:00,21.4,85.5,55.6,990.0,Deep Depression,2021,9,5828.112333212667,-1.8620986938476562,2.307417631149292,-0.035109762102365494,3.1713645458221436
2021256N20087,2021,UNNAMED,NI,BB,TS,2021-09-13 15:00:00,21.5,85.2,55.6,990.0,Deep Depression,2021,9,5845.327214186293,-2.1313509941101074,3.910191059112549,-0.7911785244941711,2.8945372104644775
2021256N20087,2021,UNNAMED,NI,BB,TS,2021-09-13 18:00:00,21.6,84.8,55.6,990.0,Deep Depression,2021,9,5844.5962847914425,-2.09716796875,3.877558469772339,-0.9384225606918335,2.8023412227630615
2021256N20087,2021,UNNAMED,NI,BB,TS,2021-09-13 21:00:00,21.8,84.2,55.6,990.0,Deep Depression,2021,9,5833.70563597151,-1.4806402921676636,3.5760951042175293,-1.2708799839019775,2.6408159732818604
2021256N20087,2021,UNNAMED,NI,BB,TS,2021-09-14 00:00:00,22.0,83.6,55.6,990.0,Deep Depression,2021,9,5832.725354096456,-1.6050937175750732,3.6876773834228516,-1.4809209108352661,2.577909469604492
2021256N20087,2021,UNNAMED,NI,BB,TS,2021-09-14 03:00:00,22.1,83.4,46.3,990.0,Depression,2021,9,5855.502070023913,-1.2850145101547241,3.589045763015747,-2.799332618713379,3.641051769256592
2021256N20087,2021,UNNAMED,NI,BB,TS,2021-09-14 06:00:00,22.4,83.0,46.3,990.0,Depression,2021,9,5855.3574774515255,-1.585602879524231,3.783400774002075,-3.056083917617798,3.6756560802459717
2021256N20087,2021,UNNAMED,NI,BB,TS,2021-09-14 09:00:00,22.6,82.7,46.3,993.0,Depression,2021,9,5843.388956728343,-0.32399603724479675,2.148555040359497,-2.172902822494507,3.3988850116729736
2021256N20087,2021,UNNAMED,NI,BB,TS,2021-09-14 12:00:00,22.7,82.5,46.3,996.0,Depression,2021,9,5843.012538048161,-0.379181832075119,2.13141131401062,-2.2862744331359863,3.335465431213379
2021256N20087,2021,UNNAMED,NI,BB,TS,2021-09-14 15:00:00,22.8,82.3,46.3,996.0,Depression,2021,9,5858.449687202052,-2.6813712120056152,2.0013320446014404,-2.91682767868042,4.078056812286377
2021256N20087,2021,UNNAMED,NI,BB,TS,2021-09-14 18:00:00,23.0,82.0,46.3,996.0,Depression,2021,9,5858.289559890482,-2.800567150115967,1.9248290061950684,-3.169792890548706,3.9611105918884277
2021267N18094,2021,GULAB:SHAHEEN-GU,NI,AS,TS,2021-10-01 00:00:00,23.1,65.4,64.8,995.0,Cyclonic Storm,2021,10,5866.3369531134485,-3.3788347244262695,2.369217872619629,-4.345920085906982,-0.30302825570106506
2021267N18094,2021,GULAB:SHAHEEN-GU,NI,AS,TS,2021-10-01 03:00:00,23.1,64.9,74.1,994.0,Cyclonic Storm,2021,10,5885.6609736760265,-3.271958112716675,3.953624725341797,-4.37821626663208,-0.14153681695461273
2021267N18094,2021,GULAB:SHAHEEN-GU,NI,AS,TS,2021-10-01 06:00:00,23.2,64.6,83.3,992.0,Cyclonic Storm,2021,10,5885.435122467918,-3.2429375648498535,4.166187286376953,-4.398332595825195,-0.17148226499557495
2021267N18094,2021,GULAB:SHAHEEN-GU,NI,AS,TS,2021-10-01 09:00:00,23.3,64.2,83.3,991.0,Cyclonic Storm,2021,10,5866.821716641259,-0.8291260004043579,3.0285754203796387,-2.1013009548187256,-1.078559398651123
2021267N18094,2021,GULAB:SHAHEEN-GU,NI,AS,TS,2021-10-01 12:00:00,23.5,63.9,101.9,987.0,Severe Cyclonic Storm,2021,10,5867.022473270689,-0.5243024826049805,3.195794105529785,-2.0481369495391846,-1.0916736125946045
2021267N18094,2021,GULAB:SHAHEEN-GU,NI,AS,TS,2021-10-01 15:00:00,23.6,63.5,101.9,986.0,Severe Cyclonic Storm,2021,10,5887.624325712654,-1.5434550046920776,2.3241639137268066,-2.6788229942321777,-2.3935935497283936
2021267N18094,2021,GULAB:SHAHEEN-GU,NI,AS,TS,2021-10-01 18:00:00,23.7,63.2,111.1,984.0,Severe Cyclonic Storm,2021,10,5887.223609107085,-1.4239871501922607,2.457989454269409,-2.6947021484375,-2.379761219024658
2021267N18094,2021,GULAB:SHAHEEN-GU,NI,AS,TS,2021-10-01 21:00:00,23.8,62.8,111.1,984.0,Severe Cyclonic Storm,2021,10,5864.0517531471,-2.357680082321167,2.7915964126586914,-2.8305466175079346,-2.191434860229492
2021267N18094,2021,GULAB:SHAHEEN-GU,NI,AS,TS,2021-10-02 00:00:00,23.8,62.5,111.1,984.0,Severe Cyclonic Storm,2021,10,5863.689674226163,-2.2921831607818604,2.8372225761413574,-2.9397432804107666,-2.21612286567688
2021267N18094,2021,GULAB:SHAHEEN-GU,NI,AS,TS,2021-10-02 03:00:00,24.0,62.1,111.1,984.0,Severe Cyclonic Storm,2021,10,5887.829463935187,-2.2311604022979736,3.6510403156280518,-2.2892134189605713,-1.8529963493347168
2021267N18094,2021,GULAB:SHAHEEN-GU,NI,AS,TS,2021-10-02 06:00:00,24.1,61.7,111.1,984.0,Severe Cyclonic Storm,2021,10,5887.447867008612,-1.9856828451156616,3.7305519580841064,-2.4362523555755615,-1.844787359237671
2021267N18094,2021,GULAB:SHAHEEN-GU,NI,AS,TS,2021-10-02 09:00:00,24.2,61.3,111.1,984.0,Severe Cyclonic Storm,2021,10,5873.695241239363,-1.154684066772461,2.8948023319244385,-1.346592664718628,-2.7951323986053467
2021267N18094,2021,GULAB:SHAHEEN-GU,NI,AS,TS,2021-10-02 12:00:00,24.4,60.9,111.1,984.0,Severe Cyclonic Storm,2021,10,5873.355468610586,-0.8105509877204895,3.043849468231201,-1.3073445558547974,-2.533773899078369
2021267N18094,2021,GULAB:SHAHEEN-GU,NI,AS,TS,2021-10-02 15:00:00,24.4,60.5,111.1,984.0,Severe Cyclonic Storm,2021,10,5892.4181868935875,-0.9992360472679138,3.0070080757141113,-1.869581937789917,-2.7866621017456055
2021267N18094,2021,GULAB:SHAHEEN-GU,NI,AS,TS,2021-10-02 18:00:00,24.3,60.1,111.1,984.0,Severe Cyclonic Storm,2021,10,5892.06367617892,-1.1327415704727173,3.2879679203033447,-1.9969860315322876,-2.6620357036590576
2021267N18094,2021,GULAB:SHAHEEN-GU,NI,AS,TS,2021-10-02 21:00:00,24.3,59.7,111.1,984.0,Severe Cyclonic Storm,2021,10,5878.0222635915425,-0.16379188001155853,1.8474595546722412,-1.5883307456970215,-2.686622381210327
2021267N18094,2021,GULAB:SHAHEEN-GU,NI,AS,TS,2021-10-03 00:00:00,24.2,59.5,111.1,984.0,Severe Cyclonic Storm,2021,10,5877.856559706934,-0.24243049323558807,1.9653245210647583,-1.7229321002960205,-2.6613314151763916
2021267N18094,2021,GULAB:SHAHEEN-GU,NI,AS,TS,2021-10-03 03:00:00,24.1,59.1,111.1,984.0,Severe Cyclonic Storm,2021,10,5897.556202296401,-0.6775898337364197,0.9185137152671814,-1.1392629146575928,-2.6708645820617676
2021267N18094,2021,GULAB:SHAHEEN-GU,NI,AS,TS,2021-10-03 06:00:00,24.1,58.8,111.1,984.0,Severe Cyclonic Storm,2021,10,5897.448255775418,-0.7348570823669434,1.154219150543213,-1.1040228605270386,-2.4588825702667236
2021267N18094,2021,GULAB:SHAHEEN-GU,NI,AS,TS,2021-10-03 09:00:00,24.1,58.4,111.1,984.0,Severe Cyclonic Storm,2021,10,5882.588281931139,-0.11748643219470978,0.005320053547620773,-0.5264923572540283,-3.650418758392334
2021267N18094,2021,GULAB:SHAHEEN-GU,NI,AS,TS,2021-10-03 12:00:00,24.0,58.1,111.1,984.0,Severe Cyclonic Storm,2021,10,5882.50025174244,-0.2557184100151062,0.25207749009132385,-0.7468921542167664,-3.483978509902954
2021267N18094,2021,GULAB:SHAHEEN-GU,NI,AS,TS,2021-10-03 15:00:00,24.0,57.8,111.1,984.0,Severe Cyclonic Storm,2021,10,5899.070640203332,-0.45501309633255005,-1.032009482383728,-0.8550569415092468,-4.064706802368164
2021267N18094,2021,GULAB:SHAHEEN-GU,NI,AS,TS,2021-10-03 18:00:00,23.9,57.6,101.9,986.0,Severe Cyclonic Storm,2021,10,5899.035189131865,-0.5521447062492371,-0.8943727612495422,-1.0338002443313599,-3.8965394496917725
2021267N18094,2021,GULAB:SHAHEEN-GU,NI,AS,TS,2021-10-03 21:00:00,23.8,57.3,101.9,988.0,Severe Cyclonic Storm,2021,10,5878.85516460769,-0.9484187960624695,-1.8459792137145996,-0.9513664245605469,-4.74121618270874
2021267N18094,2021,GULAB:SHAHEEN-GU,NI,AS,TS,2021-10-04 00:00:00,23.7,56.9,74.1,994.0,Cyclonic Storm,2021,10,5879.178605843994,-1.1312389373779297,-1.5903838872909546,-1.3014755249023438,-4.404311180114746
2021267N18094,2021,GULAB:SHAHEEN-GU,NI,AS,TS,2021-10-04 03:00:00,23.5,56.5,55.6,998.0,Deep Depression,2021,10,5895.344692759505,-2.2491469383239746,-1.117562174797058,-0.9217715859413147,-4.221898078918457
2021267N18094,2021,GULAB:SHAHEEN-GU,NI,AS,TS,2021-10-04 06:00:00,23.4,56.1,37.0,1000.0,Depression,2021,10,5895.405636736296,-2.3352158069610596,-0.9071024060249329,-1.2747875452041626,-3.9879705905914307
2021280N14068,2021,UNNAMED,NI,AS,TS,2021-10-07 03:00:00,14.0,67.5,46.3,1002.0,Depression,2021,10,5873.276201608092,-2.774536371231079,1.6759735345840454,-2.8646414279937744,0.033085498958826065
2021280N14068,2021,UNNAMED,NI,AS,TS,2021-10-07 06:00:00,14.2,67.2,46.3,1002.0,Depression,2021,10,5873.33196733849,-2.981563091278076,1.526173710823059,-3.043578624725342,-0.03530868515372276
2021280N14068,2021,UNNAMED,NI,AS,TS,2021-10-07 09:00:00,14.3,67.1,46.3,1002.0,Depression,2021,10,5852.283989053347,-2.287227153778076,1.9752323627471924,-1.5425429344177246,-0.399007648229599
2021280N14068,2021,UNNAMED,NI,AS,TS,2021-10-07 12:00:00,14.3,67.0,46.3,1002.0,Depression,2021,10,5852.2150785436415,-2.2314624786376953,1.9613287448883057,-1.5150412321090698,-0.43321743607521057
2021280N14068,2021,UNNAMED,NI,AS,TS,2021-10-07 15:00:00,14.4,66.9,46.3,1002.0,Depression,2021,10,5869.361049007562,-1.9973212480545044,2.1658146381378174,-1.808188796043396,-0.06428760290145874
2021280N14068,2021,UNNAMED,NI,AS,TS,2021-10-07 18:00:00,14.5,66.8,46.3,1002.0,Depression,2021,10,5869.4913018207035,-2.063389778137207,2.1274595260620117,-1.939416766166687,-0.11840899288654327
2021280N14068,2021,UNNAMED,NI,AS,TS,2021-10-07 21:00:00,14.5,66.7,46.3,1002.0,Depression,2021,10,5851.337166616531,-1.789302110671997,1.5833182334899902,-1.043710470199585,1.3261518478393555
2021280N14068,2021,UNNAMED,NI,AS,TS,2021-10-08 00:00:00,14.6,66.6,46.3,1002.0,Depression,2021,10,5851.4610462033415,-1.8576116561889648,1.5502948760986328,-1.1089730262756348,1.2738287448883057
2021280N14068,2021,UNNAMED,NI,AS,TS,2021-10-08 03:00:00,14.7,66.4,46.3,1002.0,Depression,2021,10,5876.492689272076,-3.358652353286743,1.5571209192276,-0.08379857987165451,1.7633377313613892
2021280N14068,2021,UNNAMED,NI,AS,TS,2021-10-08 06:00:00,14.7,66.2,46.3,1002.0,Depression,2021,10,5876.301094155497,-3.432314395904541,1.5293872356414795,-0.10852853208780289,1.684728980064392
2021280N14068,2021,UNNAMED,NI,AS,TS,2021-10-08 09:00:00,14.7,66.0,46.3,1003.0,Depression,2021,10,5856.068092187445,-2.6088368892669678,1.6067535877227783,0.9470719695091248,0.4561196565628052
2021280N14068,2021,UNNAMED,NI,AS,TS,2021-10-08 12:00:00,14.6,65.9,46.3,1003.0,Depression,2021,10,5855.880878663968,-2.5425148010253906,1.6177833080291748,0.9764840006828308,0.39901426434516907
2021280N14068,2021,UNNAMED,NI,AS,TS,2021-10-08 15:00:00,14.5,65.8,46.3,1003.0,Depression,2021,10,5875.516390663479,-2.103794813156128,1.2897422313690186,0.4300164580345154,0.17692649364471436
2021280N14068,2021,UNNAMED,NI,AS,TS,2021-10-08 18:00:00,14.5,65.8,46.3,1003.0,Depression,2021,10,5875.516390663479,-2.103794813156128,1.2897422313690186,0.4300164580345154,0.17692649364471436
2021312N07090,2021,UNNAMED,NI,BB,DS,2021-11-08 06:00:00,7.4,90.1,,,,2021,11,5850.703428923231,-5.11332368850708,1.2830942869186401,-2.518921375274658,1.2874115705490112
2021312N07090,2021,UNNAMED,NI,BB,DS,2021-11-08 09:00:00,7.7,89.8,,,,2021,11,5845.848623765506,-5.388254165649414,2.844994306564331,-3.5139875411987305,2.319706916809082
2021312N07090,2021,UNNAMED,NI,BB,DS,2021-11-08 12:00:00,8.0,89.4,,,,2021,11,5845.5447005348415,-5.892323017120361,2.4484381675720215,-3.92112398147583,2.3161802291870117
2021312N07090,2021,UNNAMED,NI,BB,DS,2021-11-08 15:00:00,8.1,89.0,,,,2021,11,5854.396315255465,-5.359683036804199,4.147494316101074,-2.991663694381714,3.888794422149658
2021312N07090,2021,UNNAMED,NI,BB,DS,2021-11-08 18:00:00,8.2,88.6,,,,2021,11,5854.119876563353,-5.5851898193359375,3.9385979175567627,-3.0223515033721924,3.728288173675537
2021312N07090,2021,UNNAMED,NI,BB,DS,2021-11-08 21:00:00,8.4,88.2,,,,2021,11,5847.147566957116,-4.1170148849487305,4.619956016540527,-2.0413706302642822,3.1289467811584473
2021312N07090,2021,UNNAMED,NI,BB,DS,2021-11-09 00:00:00,8.5,87.9,,,,2021,11,5846.730917285719,-4.255857944488525,4.5350022315979,-2.185502290725708,2.817809820175171
2021312N07090,2021,UNNAMED,NI,BB,DS,2021-11-09 03:00:00,8.6,87.8,,,,2021,11,5858.914534397578,-2.2987818717956543,4.800422191619873,-1.789254069328308,3.0966203212738037
2021312N07090,2021,UNNAMED,NI,BB,DS,2021-11-09 06:00:00,8.7,87.8,,,,2021,11,5859.071475095981,-2.452775478363037,4.811209678649902,-1.9835336208343506,3.137361764907837
2021312N07090,2021,UNNAMED,NI,BB,DS,2021-11-09 09:00:00,8.8,87.7,,,,2021,11,5853.388947168503,-0.9300424456596375,3.669881582260132,-2.438051700592041,3.7014009952545166
2021312N07090,2021,UNNAMED,NI,BB,DS,2021-11-09 12:00:00,9.0,87.5,,,,2021,11,5853.4132450938905,-1.192227840423584,3.5118496417999268,-2.811366319656372,3.686429023742676
2021312N07090,2021,UNNAMED,NI,BB,DS,2021-11-09 15:00:00,9.3,87.3,,,,2021,11,5864.189175839864,-1.7738749980926514,2.5471150875091553,-2.8858120441436768,3.705758571624756
2021312N07090,2021,UNNAMED,NI,BB,DS,2021-11-09 18:00:00,9.6,86.9,,,,2021,11,5864.315445386549,-2.187936782836914,2.592881679534912,-3.1907973289489746,3.631984233856201
2021312N07090,2021,UNNAMED,NI,BB,DS,2021-11-09 21:00:00,9.8,86.5,,,,2021,11,5849.924700330898,-1.6698899269104004,2.6975820064544678,-3.6709201335906982,2.9416701793670654
2021312N07090,2021,UNNAMED,NI,BB,DS,2021-11-10 00:00:00,9.9,85.9,,,,2021,11,5849.043601790622,-1.9280403852462769,2.757873296737671,-3.856468439102173,2.555741786956787
2021312N07090,2021,UNNAMED,NI,BB,DS,2021-11-10 03:00:00,10.1,85.1,,,,2021,11,5856.485538512133,-1.627387285232544,2.900373697280884,-3.1108617782592773,2.701124668121338
2021312N07090,2021,UNNAMED,NI,BB,DS,2021-11-10 06:00:00,10.3,84.2,,,,2021,11,5855.890040176819,-1.9727778434753418,2.8828680515289307,-3.3761508464813232,2.0576605796813965
2021312N07090,2021,UNNAMED,NI,BB,DS,2021-11-10 09:00:00,10.5,83.5,,,,2021,11,5841.602860049049,-0.707084596157074,3.1527373790740967,-3.0530054569244385,1.163591742515564
2021312N07090,2021,UNNAMED,NI,BB,TS,2021-11-10 12:00:00,10.8,83.1,46.3,1000.0,Depression,2021,11,5841.245561047861,-1.0559279918670654,2.7589168548583984,-3.425717353820801,0.9087060689926147
2021312N07090,2021,UNNAMED,NI,BB,TS,2021-11-10 15:00:00,11.4,82.6,46.3,1000.0,Depression,2021,11,5851.2272284623195,-2.1692490577697754,2.445676565170288,-3.3351523876190186,1.1958949565887451
2021312N07090,2021,UNNAMED,NI,BB,TS,2021-11-10 18:00:00,11.9,82.1,46.3,1000.0,Depression,2021,11,5851.920715152473,-2.636861801147461,1.9829646348953247,-3.673471689224243,1.0229392051696777
2021312N07090,2021,UNNAMED,NI,BB,TS,2021-11-10 21:00:00,12.1,81.8,46.3,1000.0,Depression,2021,11,5837.028875176538,-1.4509217739105225,1.6081454753875732,-3.2789666652679443,1.4273133277893066
2021312N07090,2021,UNNAMED,NI,BB,TS,2021-11-11 00:00:00,12.3,81.6,46.3,1000.0,Depression,2021,11,5837.043214935784,-1.6012861728668213,1.3077199459075928,-3.489569664001465,1.346612572669983
2021312N07090,2021,UNNAMED,NI,BB,TS,2021-11-11 03:00:00,12.5,81.2,46.3,1000.0,Depression,2021,11,5848.5050641656435,-1.8815487623214722,1.498975157737732,-2.4451756477355957,0.7656568884849548
2021312N07090,2021,UNNAMED,NI,BB,TS,2021-11-11 06:00:00,12.8,80.8,46.3,1000.0,Depression,2021,11,5849.069891349238,-2.072734832763672,0.9102158546447754,-2.620333671569824,0.5857934951782227
2021312N07090,2021,UNNAMED,NI,BB,TS,2021-11-11 09:00:00,12.9,80.4,46.3,1000.0,Depression,2021,11,5836.540925035563,-1.7243561744689941,0.8033117651939392,-1.719164490699768,-0.11398305743932724
2021312N07090,2021,UNNAMED,NI,BB,TS,2021-11-11 12:00:00,13.0,80.1,46.3,1000.0,Depression,2021,11,5836.379602744057,-1.770172357559204,0.3169606626033783,-1.7585927248001099,-0.18827477097511292
2021312N07090,2021,UNNAMED,NI,BB,TS,2021-11-11 15:00:00,12.9,79.4,42.6,1000.0,Depression,2021,11,5853.823521538956,-2.489680290222168,0.6972572803497314,-2.137124538421631,-0.26027950644493103
2021312N07090,2021,UNNAMED,NI,BB,TS,2021-11-11 18:00:00,12.9,78.5,37.0,1000.0,Depression,2021,11,5853.5124284286685,-2.4839820861816406,-0.7555210590362549,-2.312490940093994,-0.28630495071411133
2021322N11082,2021,UNNAMED,NI,BB,TS,2021-11-18 03:00:00,11.0,82.3,46.3,1000.0,Depression,2021,11,5859.165480184365,-3.60158371925354,2.6681292057037354,-1.1561423540115356,0.8828586339950562
2021322N11082,2021,UNNAMED,NI,BB,TS,2021-11-18 06:00:00,11.2,81.7,46.3,1000.0,Depression,2021,11,5860.033433945333,-3.268148183822632,2.4631104469299316,-1.3958684206008911,0.8320594429969788
2021322N11082,2021,UNNAMED,NI,BB,TS,2021-11-18 09:00:00,11.5,81.2,46.3,1000.0,Depression,2021,11,5837.445126521289,-2.2131147384643555,2.519428253173828,-0.38318929076194763,0.457219660282135
2021322N11082,2021,UNNAMED,NI,BB,TS,2021-11-18 12:00:00,11.8,80.9,46.3,1000.0,Depression,2021,11,5837.809197075454,-2.216068744659424,2.5800864696502686,-0.6254103779792786,0.4429135024547577
2021322N11082,2021,UNNAMED,NI,BB,TS,2021-11-18 15:00:00,12.0,80.7,46.3,1000.0,Depression,2021,11,5854.219059898131,-2.2602975368499756,2.4639508724212646,-0.8713185787200928,1.3276824951171875
2021322N11082,2021,UNNAMED,NI,BB,TS,2021-11-18 18:00:00,12.2,80.5,46.3,1000.0,Depression,2021,11,5854.490718670494,-2.2811741828918457,2.520578622817993,-1.0370252132415771,1.3133593797683716
2021322N11082,2021,UNNAMED,NI,BB,TS,2021-11-18 21:00:00,12.3,80.3,46.3,1000.0,Depression,2021,11,5835.052378360602,-1.943713665008545,2.5062320232391357,-0.6838178634643555,1.6931403875350952
2021322N11082,2021,UNNAMED,NI,BB,TS,2021-11-19 00:00:00,12.5,80.0,46.3,1000.0,Depression,2021,11,5834.9982059367885,-2.053312301635742,2.49898362159729,-0.7141698002815247,1.6533501148223877
2021322N11082,2021,UNNAMED,NI,BB,TS,2021-11-19 03:00:00,12.7,79.7,37.0,1002.0,Depression,2021,11,5852.154532893496,-1.797990083694458,2.839251756668091,-0.8928064703941345,1.410707950592041
2021335N08096,2021,JAWAD,NI,BB,DS,2021-11-30 18:00:00,8.4,96.3,,,,2021,11,5858.659605344333,-3.507542371749878,1.9749665260314941,-2.3115055561065674,-0.24796496331691742
2021335N08096,2021,JAWAD,NI,BB,DS,2021-11-30 21:00:00,8.0,96.1,,,,2021,11,5858.2106912146355,-2.8903987407684326,2.082547664642334,-1.561677098274231,-0.4930680990219116
2021335N08096,2021,JAWAD,NI,BB,DS,2021-12-01 00:00:00,7.8,95.7,,,,2021,12,5854.629734669842,-2.8989219665527344,1.5751055479049683,-1.5824543237686157,0.7196221947669983
2021335N08096,2021,JAWAD,NI,BB,DS,2021-12-01 03:00:00,7.8,94.9,,,,2021,12,5861.237177068622,-3.833303928375244,1.5990750789642334,-2.5941250324249268,0.7408268451690674
2021335N08096,2021,JAWAD,NI,BB,DS,2021-12-01 06:00:00,8.0,94.0,,,,2021,12,5861.005350960828,-3.7915046215057373,1.394366979598999,-2.956245183944702,0.42566239833831787
2021335N08096,2021,JAWAD,NI,BB,DS,2021-12-01 09:00:00,8.1,93.4,,,,2021,12,5854.28478379467,-4.751735687255859,1.0527926683425903,-2.257558822631836,1.2493269443511963
2021335N08096,2021,JAWAD,NI,BB,DS,2021-12-01 12:00:00,8.2,92.9,,,,2021,12,5853.707210158414,-4.772209644317627,0.7514236569404602,-2.3236656188964844,1.0990947484970093
2021335N08096,2021,JAWAD,NI,BB,DS,2021-12-01 15:00:00,8.5,92.3,,,,2021,12,5863.053148246343,-6.396807670593262,0.8259021043777466,-2.628312587738037,2.1961824893951416
2021335N08096,2021,JAWAD,NI,BB,TS,2021-12-01 18:00:00,8.9,91.8,,,,2021,12,5863.59566913778,-6.739563465118408,0.6914750933647156,-3.1061880588531494,2.005079507827759
2021335N08096,2021,JAWAD,NI,BB,TS,2021-12-01 21:00:00,9.2,91.3,,,,2021,12,5854.872713923715,-7.9962639808654785,1.9069232940673828,-2.3773012161254883,3.306058168411255
2021335N08096,2021,JAWAD,NI,BB,TS,2021-12-02 00:00:00,9.6,90.8,,,,2021,12,5854.980262118052,-8.223564147949219,1.848543643951416,-2.8593192100524902,3.128817558288574
2021335N08096,2021,JAWAD,NI,BB,TS,2021-12-02 03:00:00,10.0,90.1,,,,2021,12,5869.722729601852,-7.737723350524902,2.919210910797119,-2.7513768672943115,2.8597609996795654
2021335N08096,2021,JAWAD,NI,BB,TS,2021-12-02 06:00:00,10.5,89.3,,,,2021,12,5870.757582227367,-7.8455915451049805,2.827075481414795,-3.2581064701080322,2.5586531162261963
2021335N08096,2021,JAWAD,NI,BB,TS,2021-12-02 09:00:00,11.0,88.7,,,,2021,12,5861.782486246578,-6.214351177215576,3.1679391860961914,-2.5899343490600586,2.683011293411255
2021335N08096,2021,JAWAD,NI,BB,TS,2021-12-02 12:00:00,11.4,88.4,46.3,1004.0,Depression,2021,12,5862.183202852147,-6.158624172210693,3.0127670764923096,-2.683393716812134,2.497832775115967
2021335N08096,2021,JAWAD,NI,BB,TS,2021-12-02 15:00:00,11.8,87.9,46.3,1004.0,Depression,2021,12,5874.191556239899,-5.766936302185059,3.850046157836914,-2.611417293548584,2.4621410369873047
2021335N08096,2021,JAWAD,NI,BB,TS,2021-12-02 18:00:00,12.2,87.3,46.3,1004.0,Depression,2021,12,5874.441705373395,-5.7217535972595215,3.427417516708374,-2.6444945335388184,2.197261095046997
2021335N08096,2021,JAWAD,NI,BB,TS,2021-12-02 21:00:00,12.9,86.7,51.9,1003.0,Deep Depression,2021,12,5860.014712592986,-4.605014801025391,3.9831321239471436,-1.4979759454727173,1.75423264503479
2021335N08096,2021,JAWAD,NI,BB,TS,2021-12-03 00:00:00,13.6,86.2,55.6,1002.0,Deep Depression,2021,12,5860.990214548292,-4.340799331665039,3.432462453842163,-1.5218772888183594,1.6237682104110718
2021335N08096,2021,JAWAD,NI,BB,TS,2021-12-03 03:00:00,14.0,85.9,55.6,1002.0,Deep Depression,2021,12,5881.678902199018,-3.0575079917907715,3.8326594829559326,-2.227980375289917,1.4050440788269043
2021335N08096,2021,JAWAD,NI,BB,TS,2021-12-03 06:00:00,14.4,85.6,64.8,1001.0,Cyclonic Storm,2021,12,5882.180395445947,-2.7344789505004883,3.575113296508789,-2.289754629135132,1.5223454236984253
2021335N08096,2021,JAWAD,NI,BB,TS,2021-12-03 09:00:00,14.7,85.3,64.8,1001.0,Cyclonic Storm,2021,12,5871.173435245471,-0.394591748714447,3.754070281982422,-2.536186933517456,1.2133057117462158
2021335N08096,2021,JAWAD,NI,BB,TS,2021-12-03 12:00:00,15.0,85.1,74.1,1000.0,Cyclonic Storm,2021,12,5871.129220987799,-0.313539981842041,3.645627498626709,-2.45859694480896,1.3258293867111206
2021335N08096,2021,JAWAD,NI,BB,TS,2021-12-03 15:00:00,15.2,85.0,74.1,1000.0,Cyclonic Storm,2021,12,5883.037594387482,0.8300739526748657,3.196693181991577,-1.8252032995224,2.405829429626465
2021335N08096,2021,JAWAD,NI,BB,TS,2021-12-03 18:00:00,15.5,84.9,74.1,1000.0,Cyclonic Storm,2021,12,5883.0734437855945,0.8904194831848145,3.3922600746154785,-1.8075201511383057,2.539651870727539
2021335N08096,2021,JAWAD,NI,BB,TS,2021-12-03 21:00:00,15.7,84.9,74.1,1000.0,Cyclonic Storm,2021,12,5869.171843850857,0.7326859831809998,2.6717162132263184,-0.21256789565086365,3.2134149074554443
2021335N08096,2021,JAWAD,NI,BB,TS,2021-12-04 00:00:00,16.0,84.8,74.1,1000.0,Cyclonic Storm,2021,12,5868.889828585705,0.8143941164016724,2.9957563877105713,-0.17969271540641785,3.256614923477173
2021335N08096,2021,JAWAD,NI,BB,TS,2021-12-04 03:00:00,16.2,84.8,74.1,1000.0,Cyclonic Storm,2021,12,5883.015288095324,0.5077982544898987,3.657012939453125,0.9864692687988281,2.98932147026062
2021335N08096,2021,JAWAD,NI,BB,TS,2021-12-04 06:00:00,16.3,84.9,64.8,1001.0,Cyclonic Storm,2021,12,5882.932834479665,0.5521779656410217,3.726332426071167,0.9879524111747742,2.9740262031555176
2021335N08096,2021,JAWAD,NI,BB,TS,2021-12-04 09:00:00,16.5,84.9,64.8,1001.0,Cyclonic Storm,2021,12,5870.522569506406,1.5853779315948486,4.167029857635498,1.1881978511810303,0.8959654569625854
2021335N08096,2021,JAWAD,NI,BB,TS,2021-12-04 12:00:00,16.8,85.1,55.6,1002.0,Deep Depression,2021,12,5870.459633896387,1.65883207321167,4.404534816741943,1.1193774938583374,0.8963664174079895
2021335N08096,2021,JAWAD,NI,BB,TS,2021-12-04 15:00:00,17.1,85.1,55.6,1002.0,Deep Depression,2021,12,5886.642450531018,2.5478219985961914,3.8885183334350586,0.023495223373174667,1.3598207235336304
2021335N08096,2021,JAWAD,NI,BB,TS,2021-12-04 18:00:00,17.3,85.3,55.6,1002.0,Deep Depression,2021,12,5886.554022015674,2.6386516094207764,4.0222368240356445,0.017721742391586304,1.410919189453125
2021335N08096,2021,JAWAD,NI,BB,TS,2021-12-04 21:00:00,17.4,85.4,55.6,1002.0,Deep Depression,2021,12,5873.67333327385,3.402087450027466,2.3782010078430176,0.48794877529144287,1.4565972089767456
2021335N08096,2021,JAWAD,NI,BB,TS,2021-12-05 00:00:00,17.7,85.7,55.6,1002.0,Deep Depression,2021,12,5873.607211050665,3.590179443359375,2.617208480834961,0.5803225040435791,1.563990831375122
2021335N08096,2021,JAWAD,NI,BB,TS,2021-12-05 03:00:00,18.3,85.8,55.6,1003.0,Deep Depression,2021,12,5885.4622086798245,3.017043352127075,2.584866523742676,-0.03768717870116234,1.546773910522461
2021335N08096,2021,JAWAD,NI,BB,TS,2021-12-05 06:00:00,18.7,86.1,55.6,1003.0,Deep Depression,2021,12,5884.754382230426,3.58878493309021,2.797323703765869,0.06813901662826538,1.559198021888733
2021335N08096,2021,JAWAD,NI,BB,TS,2021-12-05 09:00:00,19.0,86.3,46.3,1004.0,Depression,2021,12,5870.18917010396,3.929473876953125,1.4060975313186646,0.6280847191810608,0.9596636891365051
2021335N08096,2021,JAWAD,NI,BB,MX,2021-12-05 12:00:00,19.5,86.7,46.3,1004.0,Depression,2021,12,5869.267840572469,4.681900978088379,1.5863752365112305,0.5780222415924072,0.9389967322349548
2021335N08096,2021,JAWAD,NI,BB,MX,2021-12-05 15:00:00,20.0,87.0,46.3,1004.0,Depression,2021,12,5874.025055701998,5.40656852722168,2.5072169303894043,0.7173866033554077,2.267653465270996
2021335N08096,2021,JAWAD,NI,BB,MX,2021-12-05 18:00:00,20.7,87.2,46.3,1004.0,Depression,2021,12,5870.951168977174,6.389334201812744,2.841343879699707,0.8416637182235718,2.087219715118408
2021335N08096,2021,JAWAD,NI,BB,DS,2021-12-05 21:00:00,21.2,87.4,,,,2021,12,5852.379985774959,9.303516387939453,3.2558231353759766,2.052060127258301,2.620746612548828
2021335N08096,2021,JAWAD,NI,BB,DS,2021-12-06 00:00:00,21.5,87.7,,,,2021,12,5850.9412299307105,9.685327529907227,3.3860461711883545,2.0664010047912598,2.615121841430664
2021335N08096,2021,JAWAD,NI,BB,DS,2021-12-06 03:00:00,21.9,88.1,,,,2021,12,5859.846618748503,11.986032485961914,3.4170074462890625,2.391909599304199,3.6211509704589844
2021335N08096,2021,JAWAD,NI,BB,DS,2021-12-06 06:00:00,22.3,88.5,,,,2021,12,5856.485140185487,12.415975570678711,3.562627077102661,2.4810070991516113,3.7137646675109863
2022062N06085,2022,UNNAMED,NI,BB,TS,2022-03-03 00:00:00,6.5,84.9,46.3,1004.0,Depression,2022,3,5842.184416951763,-0.36337074637413025,4.412318229675293,-1.8806233406066895,2.828599214553833
2022062N06085,2022,UNNAMED,NI,BB,TS,2022-03-03 03:00:00,6.5,84.4,46.3,1004.0,Depression,2022,3,5866.990208812388,0.9341407418251038,4.792726993560791,-2.474081516265869,2.6591994762420654
2022062N06085,2022,UNNAMED,NI,BB,TS,2022-03-03 06:00:00,6.8,84.0,46.3,1004.0,Depression,2022,3,5867.100943619891,0.8523105382919312,4.078313827514648,-2.963566303253174,2.569192886352539
2022062N06085,2022,UNNAMED,NI,BB,TS,2022-03-03 09:00:00,7.2,83.8,46.3,1004.0,Depression,2022,3,5847.0049660179575,2.317682981491089,2.817732810974121,-1.8973824977874756,2.7083380222320557
2022062N06085,2022,UNNAMED,NI,BB,TS,2022-03-03 12:00:00,7.7,83.7,46.3,1004.0,Depression,2022,3,5846.855195199177,2.0370640754699707,2.4783692359924316,-2.3379337787628174,2.4460246562957764
2022062N06085,2022,UNNAMED,NI,BB,TS,2022-03-03 15:00:00,8.0,83.5,46.3,1004.0,Depression,2022,3,5872.968295110971,1.1779786348342896,1.6019196510314941,-2.071178674697876,2.681321382522583
2022062N06085,2022,UNNAMED,NI,BB,TS,2022-03-03 18:00:00,8.2,83.4,46.3,1004.0,Depression,2022,3,5872.87309504265,1.1380263566970825,1.481796145439148,-2.251568078994751,2.597716808319092
2022062N06085,2022,UNNAMED,NI,BB,TS,2022-03-03 21:00:00,8.4,83.2,46.3,1004.0,Depression,2022,3,5850.522588626086,0.651893138885498,1.5742253065109253,-0.7289890050888062,2.7684478759765625
2022062N06085,2022,UNNAMED,NI,BB,TS,2022-03-04 00:00:00,8.7,83.2,46.3,1004.0,Depression,2022,3,5850.267261246196,0.5837138891220093,1.5938808917999268,-0.9866350293159485,2.656412363052368
2022062N06085,2022,UNNAMED,NI,BB,TS,2022-03-04 03:00:00,9.1,83.1,46.3,1004.0,Depression,2022,3,5869.856965681452,0.6498678922653198,2.7216904163360596,-0.9930776953697205,3.043596029281616
2022062N06085,2022,UNNAMED,NI,BB,TS,2022-03-04 06:00:00,9.5,83.1,46.3,1003.0,Depression,2022,3,5869.528744525399,0.5774452686309814,2.8987908363342285,-1.268316626548767,2.837991714477539
2022062N06085,2022,UNNAMED,NI,BB,TS,2022-03-04 09:00:00,9.9,83.1,51.9,1003.0,Deep Depression,2022,3,5843.941435785921,2.0364997386932373,2.9798495769500732,0.19400474429130554,1.5987427234649658
2022062N06085,2022,UNNAMED,NI,BB,TS,2022-03-04 12:00:00,10.3,83.2,55.6,1002.0,Deep Depression,2022,3,5843.622774469365,2.1084914207458496,3.1523854732513428,0.04265783354640007,1.4233959913253784
2022062N06085,2022,UNNAMED,NI,BB,TS,2022-03-04 15:00:00,10.6,83.3,55.6,1002.0,Deep Depression,2022,3,5865.752209597569,2.7853639125823975,3.1095917224884033,0.17123648524284363,1.2695261240005493
2022062N06085,2022,UNNAMED,NI,BB,TS,2022-03-04 18:00:00,10.9,83.4,55.6,1002.0,Deep Depression,2022,3,5865.327195066613,2.973371982574463,3.165168285369873,0.13065992295742035,1.2296327352523804
2022062N06085,2022,UNNAMED,NI,BB,TS,2022-03-04 21:00:00,11.1,83.3,55.6,1002.0,Deep Depression,2022,3,5844.201144758914,3.6502161026000977,3.7462143898010254,-0.1731742024421692,1.333342432975769
2022062N06085,2022,UNNAMED,NI,BB,TS,2022-03-05 00:00:00,11.3,83.3,55.6,1002.0,Deep Depression,2022,3,5843.865753723239,3.8706305027008057,3.7591845989227295,-0.24750395119190216,1.2579987049102783
2022062N06085,2022,UNNAMED,NI,BB,TS,2022-03-05 03:00:00,11.5,83.2,55.6,1002.0,Deep Depression,2022,3,5869.226016274671,4.198221683502197,3.6540629863739014,-0.4977852702140808,1.8143454790115356
2022062N06085,2022,UNNAMED,NI,BB,TS,2022-03-05 06:00:00,11.6,83.1,55.6,1002.0,Deep Depression,2022,3,5869.039599404486,4.404072284698486,3.6025383472442627,-0.533517062664032,1.7031221389770508
2022062N06085,2022,UNNAMED,NI,BB,TS,2022-03-05 09:00:00,11.6,83.1,55.6,1002.0,Deep Depression,2022,3,5842.852809063238,5.558156967163086,2.0121679306030273,0.39314988255500793,0.9745002388954163
2022062N06085,2022,UNNAMED,NI,BB,TS,2022-03-05 12:00:00,11.5,83.0,55.6,1002.0,Deep Depression,2022,3,5843.002978208665,5.513176918029785,1.9321240186691284,0.3983806073665619,1.063014268875122
2022062N06085,2022,UNNAMED,NI,BB,TS,2022-03-05 15:00:00,11.4,82.8,51.9,1003.0,Deep Depression,2022,3,5859.599656228172,5.409889221191406,2.6367640495300293,0.6281778812408447,0.6776794791221619
2022062N06085,2022,UNNAMED,NI,BB,TS,2022-03-05 18:00:00,11.3,82.7,46.3,1003.0,Depression,2022,3,5859.7143743021325,5.4112420082092285,2.5643551349639893,0.6372154951095581,0.7201342582702637
2022062N06085,2022,UNNAMED,NI,BB,TS,2022-03-05 21:00:00,11.1,82.6,46.3,1004.0,Depression,2022,3,5839.109733573647,5.911281585693359,2.046444892883301,0.03851093724370003,0.9823681116104126
2022062N06085,2022,UNNAMED,NI,BB,TS,2022-03-06 00:00:00,11.0,82.4,46.3,1004.0,Depression,2022,3,5839.095393814402,5.982871055603027,1.9265708923339844,0.1135675236582756,1.0105279684066772
2022062N06085,2022,UNNAMED,NI,BB,TS,2022-03-06 03:00:00,10.9,82.1,,,,2022,3,5862.7695396746085,5.058905601501465,1.3974496126174927,-0.8248767256736755,1.1852707862854004
2022062N06085,2022,UNNAMED,NI,BB,TS,2022-03-06 06:00:00,10.9,81.8,,,,2022,3,5862.738470196245,4.983006000518799,1.1240630149841309,-0.8379557728767395,1.1522634029388428
2022062N06085,2022,UNNAMED,NI,BB,TS,2022-03-06 09:00:00,10.9,81.4,,,,2022,3,5843.35589561675,4.256650924682617,-0.9449248909950256,-0.7244582176208496,1.1130921840667725
2022062N06085,2022,UNNAMED,NI,BB,DS,2022-03-06 12:00:00,10.8,81.0,,,,2022,3,5843.351115697002,4.002320766448975,-1.0218501091003418,-0.8313586115837097,1.0552911758422852
2022062N06085,2022,UNNAMED,NI,BB,DS,2022-03-06 15:00:00,10.8,80.6,,,,2022,3,5863.91194049446,2.5051541328430176,-0.014761432074010372,-0.9256875514984131,1.1781996488571167
2022062N06085,2022,UNNAMED,NI,BB,DS,2022-03-06 18:00:00,10.7,80.3,,,,2022,3,5864.1863875533445,2.3542721271514893,0.02050754800438881,-0.9954968690872192,1.1569700241088867
2022079N10093,2022,UNNAMED,NI,BB,TS,2022-03-20 00:00:00,9.8,92.5,46.3,1002.0,Depression,2022,3,5831.538340692286,4.173787593841553,0.21442505717277527,2.837202787399292,1.2576465606689453
2022079N10093,2022,UNNAMED,NI,BB,TS,2022-03-20 03:00:00,10.1,92.6,46.3,1002.0,Depression,2022,3,5844.312277893063,2.1084542274475098,0.7145359516143799,2.6773715019226074,1.8095123767852783
2022079N10093,2022,UNNAMED,NI,BB,TS,2022-03-20 06:00:00,10.4,92.9,46.3,1002.0,Depression,2022,3,5844.352508884278,2.081385850906372,1.0234375,2.313836097717285,1.9950002431869507
2022079N10093,2022,UNNAMED,NI,BB,TS,2022-03-20 09:00:00,10.7,93.1,46.3,1002.0,Depression,2022,3,5833.025294060663,2.46643328666687,1.4059375524520874,1.4905979633331299,2.9708592891693115
2022079N10093,2022,UNNAMED,NI,BB,TS,2022-03-20 12:00:00,10.9,93.2,46.3,1002.0,Depression,2022,3,5833.101772776637,2.4457895755767822,1.4571943283081055,1.305190920829773,3.037222385406494
2022079N10093,2022,UNNAMED,NI,BB,TS,2022-03-20 15:00:00,11.1,93.3,46.3,1002.0,Depression,2022,3,5851.670964345623,0.9070473313331604,2.7324025630950928,1.4435601234436035,4.098658561706543
2022079N10093,2022,UNNAMED,NI,BB,TS,2022-03-20 18:00:00,11.3,93.4,46.3,1001.0,Depression,2022,3,5851.640293193905,0.907635509967804,2.8481717109680176,1.2998830080032349,4.204525947570801
2022079N10093,2022,UNNAMED,NI,BB,TS,2022-03-20 21:00:00,11.6,93.6,51.9,1001.0,Deep Depression,2022,3,5843.104153176671,0.7954495549201965,3.8113343715667725,1.6770782470703125,3.693472146987915
2022079N10093,2022,UNNAMED,NI,BB,TS,2022-03-21 00:00:00,11.9,93.7,55.6,1000.0,Deep Depression,2022,3,5843.200946551575,0.8900549411773682,3.966014862060547,1.5554882287979126,3.810955047607422
2022079N10093,2022,UNNAMED,NI,BB,TS,2022-03-21 03:00:00,12.3,93.8,55.6,1000.0,Deep Depression,2022,3,5856.779901903301,0.2644330561161041,4.493868827819824,1.4571533203125,3.939112901687622
2022079N10093,2022,UNNAMED,NI,BB,TS,2022-03-21 06:00:00,12.6,93.9,55.6,1000.0,Deep Depression,2022,3,5856.8496090662975,0.42340025305747986,4.646069526672363,1.381178617477417,4.024055004119873
2022079N10093,2022,UNNAMED,NI,BB,TS,2022-03-21 09:00:00,12.9,94.0,55.6,1000.0,Deep Depression,2022,3,5846.3465320726245,0.6245891451835632,4.775550842285156,2.1388001441955566,3.320327043533325
2022079N10093,2022,UNNAMED,NI,BB,TS,2022-03-21 12:00:00,13.3,94.0,55.6,1000.0,Deep Depression,2022,3,5846.391542983588,0.8346596956253052,4.773028373718262,2.1369283199310303,3.324603796005249
2022079N10093,2022,UNNAMED,NI,BB,TS,2022-03-21 15:00:00,13.6,94.0,55.6,1000.0,Deep Depression,2022,3,5861.570974797714,0.8131614923477173,5.033655643463135,0.7812066674232483,3.4825096130371094
2022079N10093,2022,UNNAMED,NI,BB,TS,2022-03-21 18:00:00,14.0,94.0,55.6,1000.0,Deep Depression,2022,3,5861.546676872327,1.016787052154541,5.239047527313232,0.6754555106163025,3.515908718109131
2022079N10093,2022,UNNAMED,NI,BB,TS,2022-03-21 21:00:00,14.5,94.1,55.6,1000.0,Deep Depression,2022,3,5850.971104429138,0.5971651077270508,4.996978282928467,-0.20320039987564087,4.6538262367248535
2022079N10093,2022,UNNAMED,NI,BB,TS,2022-03-22 00:00:00,14.9,94.2,55.6,1000.0,Deep Depression,2022,3,5851.010937093707,0.8564058542251587,5.208950519561768,-0.16005991399288177,4.689971923828125
2022079N10093,2022,UNNAMED,NI,BB,TS,2022-03-22 03:00:00,15.2,94.2,55.6,1000.0,Deep Depression,2022,3,5864.599850611575,-0.010457009077072144,5.417157173156738,0.24676461517810822,4.851161003112793
2022079N10093,2022,UNNAMED,NI,BB,TS,2022-03-22 06:00:00,15.8,94.2,55.6,1000.0,Deep Depression,2022,3,5864.250916469947,0.44855478405952454,5.774050712585449,0.2969362437725067,4.787250995635986
2022079N10093,2022,UNNAMED,NI,BB,TS,2022-03-22 09:00:00,16.3,94.3,55.6,1000.0,Deep Depression,2022,3,5851.485742455375,-0.04094556346535683,6.36907434463501,0.8716854453086853,3.319199800491333
2022079N10093,2022,UNNAMED,NI,BB,TS,2022-03-22 12:00:00,16.6,94.4,46.3,1001.0,Depression,2022,3,5851.524380140007,0.27564701437950134,6.600332260131836,0.9507933259010315,3.1087825298309326
2022079N10093,2022,UNNAMED,NI,BB,TS,2022-03-22 15:00:00,17.0,94.5,46.3,1002.0,Depression,2022,3,5869.284171964942,0.734480619430542,7.158473491668701,-0.08430001139640808,3.1624295711517334
2022079N10093,2022,UNNAMED,NI,BB,TS,2022-03-22 18:00:00,17.6,94.5,46.3,1002.0,Depression,2022,3,5868.2337846002465,1.539885401725769,7.605587005615234,0.12266572564840317,2.880089044570923
2022079N10093,2022,UNNAMED,NI,BB,TS,2022-03-22 21:00:00,18.3,94.5,42.6,1003.0,Depression,2022,3,5854.086018798469,3.474879026412964,7.715028285980225,0.931373119354248,2.2263951301574707
2022079N10093,2022,UNNAMED,NI,BB,TS,2022-03-23 00:00:00,19.0,94.6,37.0,1003.0,Depression,2022,3,5852.088410670311,4.548777103424072,8.158727645874023,1.5205339193344116,1.8059993982315063
2022126N07095,2022,ASANI,NI,BB,DS,2022-05-05 12:00:00,7.1,94.5,,,,2022,5,5848.8424468345465,1.8602083921432495,-0.11279609054327011,2.2967498302459717,-0.13633719086647034
2022126N07095,2022,ASANI,NI,BB,DS,2022-05-05 15:00:00,7.2,94.2,,,,2022,5,5858.491909826495,0.9190500378608704,1.5163588523864746,2.3616816997528076,0.6905627846717834
2022126N07095,2022,ASANI,NI,BB,DS,2022-05-05 18:00:00,7.4,94.0,,,,2022,5,5858.330985861635,0.7667625546455383,1.5109893083572388,2.1330926418304443,0.5935256481170654
2022126N07095,2022,ASANI,NI,BB,DS,2022-05-05 21:00:00,7.6,93.8,,,,2022,5,5845.319247653379,0.7918738722801208,1.8470439910888672,2.153226852416992,0.45820677280426025
2022126N07095,2022,ASANI,NI,BB,DS,2022-05-06 00:00:00,7.7,93.6,,,,2022,5,5845.0527671274085,0.7916634678840637,1.7942726612091064,2.1077730655670166,0.36102232336997986
2022126N07095,2022,ASANI,NI,BB,DS,2022-05-06 03:00:00,7.8,93.4,,,,2022,5,5852.279607460244,0.8540328145027161,2.346938371658325,1.7765229940414429,0.851672887802124
2022126N07095,2022,ASANI,NI,BB,DS,2022-05-06 06:00:00,7.9,93.3,,,,2022,5,5852.207908664019,0.8732249736785889,2.298006057739258,1.7314858436584473,0.7858984470367432
2022126N07095,2022,ASANI,NI,BB,DS,2022-05-06 09:00:00,8.0,93.1,,,,2022,5,5843.123272855664,1.200062870979309,2.427262306213379,2.0969719886779785,0.6542332172393799
2022126N07095,2022,ASANI,NI,BB,TS,2022-05-06 12:00:00,8.2,92.9,,,,2022,5,5842.73052278301,1.1702487468719482,2.455423593521118,1.9039477109909058,0.5424413084983826
2022126N07095,2022,ASANI,NI,BB,TS,2022-05-06 15:00:00,8.3,92.7,,,,2022,5,5855.601253358691,-0.21674099564552307,2.6951088905334473,0.6775665879249573,0.8186172246932983
2022126N07095,2022,ASANI,NI,BB,TS,2022-05-06 18:00:00,8.5,92.4,,,,2022,5,5855.66140068219,-0.20994950830936432,2.712392807006836,0.3488125205039978,0.6875593662261963
2022126N07095,2022,ASANI,NI,BB,TS,2022-05-06 21:00:00,8.9,91.9,,,,2022,5,5841.12805468738,-0.34084591269493103,2.6658544540405273,-0.1447439193725586,0.5439156889915466
2022126N07095,2022,ASANI,NI,BB,TS,2022-05-07 00:00:00,9.2,91.5,,,,2022,5,5840.926899731305,-0.2954087257385254,2.6418375968933105,-0.280682235956192,0.29401522874832153
2022126N07095,2022,ASANI,NI,BB,TS,2022-05-07 03:00:00,9.3,91.3,,,,2022,5,5848.7468484395795,0.4341438114643097,2.1856508255004883,-0.4221525192260742,0.5416589379310608
2022126N07095,2022,ASANI,NI,BB,TS,2022-05-07 06:00:00,9.4,91.2,46.3,996.0,Depression,2022,5,5848.79305433048,0.42656293511390686,2.2197325229644775,-0.4475269615650177,0.4957561492919922
2022126N07095,2022,ASANI,NI,BB,TS,2022-05-07 09:00:00,9.7,90.8,51.9,996.0,Deep Depression,2022,5,5834.47998297074,0.42992064356803894,1.8287447690963745,-0.28191936016082764,0.3112650215625763
2022126N07095,2022,ASANI,NI,BB,TS,2022-05-07 12:00:00,10.1,90.5,55.6,995.0,Deep Depression,2022,5,5834.4425402660445,0.5267619490623474,1.868627905845642,-0.4540324807167053,0.06961046159267426
2022126N07095,2022,ASANI,NI,BB,TS,2022-05-07 15:00:00,10.4,90.2,55.6,995.0,Deep Depression,2022,5,5845.204131252773,0.35612815618515015,2.235339879989624,-1.8466256856918335,1.6634787321090698
2022126N07095,2022,ASANI,NI,BB,TS,2022-05-07 18:00:00,10.7,90.0,55.6,994.0,Deep Depression,2022,5,5845.3622669311135,0.31469443440437317,2.21160888671875,-1.9851045608520508,1.4654427766799927
2022126N07095,2022,ASANI,NI,BB,TS,2022-05-07 21:00:00,10.9,89.6,61.1,993.0,Deep Depression,2022,5,5831.751843774378,-0.2627970576286316,2.5830540657043457,-1.2804570198059082,2.2712111473083496
2022126N07095,2022,ASANI,NI,BB,TS,2022-05-08 00:00:00,11.2,89.3,64.8,992.0,Cyclonic Storm,2022,5,5831.464251936187,-0.2218901664018631,2.5471248626708984,-1.3329545259475708,1.8754923343658447
2022126N07095,2022,ASANI,NI,BB,TS,2022-05-08 03:00:00,11.5,88.9,74.1,990.0,Cyclonic Storm,2022,5,5840.9500026767555,-0.027098724618554115,4.037625789642334,-1.0640652179718018,2.400456666946411
2022126N07095,2022,ASANI,NI,BB,TS,2022-05-08 06:00:00,11.9,88.6,83.3,988.0,Cyclonic Storm,2022,5,5841.040024498682,-0.20803453028202057,4.079891204833984,-1.1655322313308716,1.9059655666351318
2022126N07095,2022,ASANI,NI,BB,TS,2022-05-08 09:00:00,12.1,88.2,83.3,988.0,Cyclonic Storm,2022,5,5823.0543814656385,1.3015888929367065,4.7466912269592285,0.05900755897164345,1.890124797821045
2022126N07095,2022,ASANI,NI,BB,TS,2022-05-08 12:00:00,12.5,88.0,92.6,986.0,Severe Cyclonic Storm,2022,5,5822.61662048202,1.1017656326293945,4.783830642700195,-0.10126756876707077,1.5311354398727417
2022126N07095,2022,ASANI,NI,BB,TS,2022-05-08 15:00:00,12.8,87.6,92.6,986.0,Severe Cyclonic Storm,2022,5,5835.4781895448505,1.4421089887619019,4.216331481933594,-0.02854742854833603,1.6004317998886108
2022126N07095,2022,ASANI,NI,BB,TS,2022-05-08 18:00:00,13.1,87.4,101.9,984.0,Severe Cyclonic Storm,2022,5,5835.550286667721,1.3063124418258667,4.338672161102295,-0.051937464624643326,1.3990280628204346
2022126N07095,2022,ASANI,NI,BB,TS,2022-05-08 21:00:00,13.5,86.9,101.9,984.0,Severe Cyclonic Storm,2022,5,5817.184640014684,1.4673646688461304,3.0455281734466553,0.852904736995697,1.1232690811157227
2022126N07095,2022,ASANI,NI,BB,TS,2022-05-09 00:00:00,13.8,86.5,101.9,983.0,Severe Cyclonic Storm,2022,5,5816.642517449894,1.5220378637313843,3.092676877975464,0.8007349371910095,0.32966384291648865
2022126N07095,2022,ASANI,NI,BB,TS,2022-05-09 03:00:00,14.0,86.2,101.9,982.0,Severe Cyclonic Storm,2022,5,5832.649273707128,-0.4789678156375885,3.5504813194274902,-0.04057007655501366,-0.5741289258003235
2022126N07095,2022,ASANI,NI,BB,TS,2022-05-09 06:00:00,14.3,85.9,101.9,982.0,Severe Cyclonic Storm,2022,5,5832.370046728496,-0.5615947246551514,3.5647940635681152,-0.2547297775745392,-1.0592663288116455
2022126N07095,2022,ASANI,NI,BB,TS,2022-05-09 09:00:00,14.4,85.6,101.9,982.0,Severe Cyclonic Storm,2022,5,5820.758426679855,0.18961217999458313,2.315763473510742,0.17499083280563354,0.19804193079471588
2022126N07095,2022,ASANI,NI,BB,TS,2022-05-09 12:00:00,14.6,85.3,101.9,982.0,Severe Cyclonic Storm,2022,5,5820.589137855435,0.14185719192028046,2.327850580215454,0.08100105077028275,-0.1047045886516571
2022126N07095,2022,ASANI,NI,BB,TS,2022-05-09 15:00:00,14.7,85.0,101.9,982.0,Severe Cyclonic Storm,2022,5,5834.649670121806,-0.7388064861297607,1.252018690109253,1.0451223850250244,1.2081621885299683
2022126N07095,2022,ASANI,NI,BB,TS,2022-05-09 18:00:00,14.8,84.7,101.9,982.0,Severe Cyclonic Storm,2022,5,5834.421030627177,-0.604469895362854,1.235782504081726,0.9190864562988281,0.9724509119987488
2022126N07095,2022,ASANI,NI,BB,TS,2022-05-09 21:00:00,14.9,84.4,101.9,982.0,Severe Cyclonic Storm,2022,5,5823.4280118593,-3.318558692932129,2.439938545227051,1.5047191381454468,1.105513572692871
2022126N07095,2022,ASANI,NI,BB,TS,2022-05-10 00:00:00,15.0,84.1,101.9,982.0,Severe Cyclonic Storm,2022,5,5822.988657569099,-3.2726523876190186,2.3453197479248047,1.3031392097473145,0.7135323882102966
2022126N07095,2022,ASANI,NI,BB,TS,2022-05-10 03:00:00,15.1,83.6,101.9,984.0,Severe Cyclonic Storm,2022,5,5840.962350802772,-3.4747798442840576,4.890580177307129,1.151147484779358,-0.18218626081943512
2022126N07095,2022,ASANI,NI,BB,TS,2022-05-10 06:00:00,15.2,83.3,101.9,984.0,Severe Cyclonic Storm,2022,5,5840.8508193419775,-3.4211130142211914,4.721612930297852,0.9281988143920898,-0.6883366703987122
2022126N07095,2022,ASANI,NI,BB,TS,2022-05-10 09:00:00,15.2,82.9,101.9,984.0,Severe Cyclonic Storm,2022,5,5829.658238924608,-1.2766920328140259,3.7659010887145996,2.3898158073425293,-0.300868958234787
2022126N07095,2022,ASANI,NI,BB,TS,2022-05-10 12:00:00,15.4,82.6,92.6,984.0,Severe Cyclonic Storm,2022,5,5829.677756930247,-1.2833884954452515,3.5749690532684326,2.219391107559204,-0.614997386932373
2022126N07095,2022,ASANI,NI,BB,TS,2022-05-10 15:00:00,15.4,82.2,92.6,985.0,Severe Cyclonic Storm,2022,5,5843.7275343771835,-1.2798125743865967,2.316220760345459,1.894116759300232,-1.8992598056793213
2022126N07095,2022,ASANI,NI,BB,TS,2022-05-10 18:00:00,15.6,82.0,92.6,986.0,Severe Cyclonic Storm,2022,5,5843.736695890034,-1.3081361055374146,2.2350401878356934,1.7090047597885132,-2.1143436431884766
2022126N07095,2022,ASANI,NI,BB,TS,2022-05-10 21:00:00,15.7,81.8,83.3,986.0,Cyclonic Storm,2022,5,5832.13184739437,-2.444371223449707,0.3495747447013855,-0.49142158031463623,-2.1988463401794434
2022126N07095,2022,ASANI,NI,BB,TS,2022-05-11 00:00:00,15.8,81.7,83.3,988.0,Cyclonic Storm,2022,5,5832.1410089072215,-2.4502627849578857,0.28423574566841125,-0.5791464447975159,-2.345444917678833
2022126N07095,2022,ASANI,NI,BB,TS,2022-05-11 03:00:00,15.9,81.6,83.3,988.0,Cyclonic Storm,2022,5,5852.458057797516,-4.587837219238281,2.596562385559082,-0.3298531770706177,-1.3075567483901978
2022126N07095,2022,ASANI,NI,BB,TS,2022-05-11 06:00:00,16.0,81.5,74.1,990.0,Cyclonic Storm,2022,5,5852.430573258963,-4.708959579467773,2.514078140258789,-0.45691734552383423,-1.5117489099502563
2022126N07095,2022,ASANI,NI,BB,TS,2022-05-11 09:00:00,16.0,81.4,74.1,990.0,Cyclonic Storm,2022,5,5840.72853306175,-3.04551100730896,2.6710846424102783,0.9519615769386292,-1.7064299583435059
2022126N07095,2022,ASANI,NI,BB,TS,2022-05-11 12:00:00,16.1,81.3,55.6,992.0,Deep Depression,2022,5,5840.91255997206,-3.0647106170654297,2.565514087677002,0.933725893497467,-1.8531780242919922
2022126N07095,2022,ASANI,NI,BB,TS,2022-05-11 15:00:00,16.0,81.1,55.6,993.0,Deep Depression,2022,5,5862.026262153743,-2.6662261486053467,2.522197723388672,0.32646194100379944,-2.3715622425079346
2022126N07095,2022,ASANI,NI,BB,TS,2022-05-11 18:00:00,15.9,80.9,55.6,994.0,Deep Depression,2022,5,5861.653826740018,-2.6740145683288574,2.4649510383605957,0.2706367075443268,-2.6178510189056396
2022126N07095,2022,ASANI,NI,BB,TS,2022-05-11 21:00:00,15.8,80.6,51.9,995.0,Deep Depression,2022,5,5849.834678508972,-2.9953019618988037,2.2263293266296387,-0.9673837423324585,-2.316431760787964
2022126N07095,2022,ASANI,NI,BB,TS,2022-05-12 00:00:00,15.6,80.4,46.3,996.0,Depression,2022,5,5849.513627232542,-3.0443410873413086,2.1540167331695557,-0.9697888493537903,-2.4796786308288574
2022126N07095,2022,ASANI,NI,BB,TS,2022-05-12 03:00:00,15.2,80.2,,,,2022,5,5870.247724120877,-2.3479013442993164,3.2974021434783936,-0.5235889554023743,-2.6057968139648438
2022126N07095,2022,ASANI,NI,BB,DS,2022-05-12 06:00:00,15.1,80.1,,,,2022,5,5870.164473851927,-2.3874380588531494,3.2100343704223633,-0.48999908566474915,-2.6158061027526855
2022126N07095,2022,ASANI,NI,BB,DS,2022-05-12 09:00:00,15.0,80.1,,,,2022,5,5851.539118225898,0.2655661404132843,1.3375099897384644,1.0215250253677368,-2.647794723510742
2022126N07095,2022,ASANI,NI,BB,DS,2022-05-12 12:00:00,15.0,80.2,,,,2022,5,5851.575764277302,0.3282929062843323,1.3738658428192139,1.0978044271469116,-2.5715813636779785
2022126N07095,2022,ASANI,NI,BB,DS,2022-05-12 15:00:00,14.8,80.2,,,,2022,5,5866.434144814998,-0.026294715702533722,-0.024653062224388123,1.0316925048828125,-2.6563286781311035
2022126N07095,2022,ASANI,NI,BB,DS,2022-05-12 18:00:00,14.7,80.3,,,,2022,5,5866.445297961078,-0.029729178175330162,0.020472848787903786,1.084054946899414,-2.6086344718933105
2022126N07095,2022,ASANI,NI,BB,DS,2022-05-12 21:00:00,14.7,80.6,,,,2022,5,5853.080642344736,0.26245251297950745,-0.7970963716506958,0.4702877700328827,-1.9401966333389282
2022126N07095,2022,ASANI,NI,BB,DS,2022-05-13 00:00:00,14.7,81.0,,,,2022,5,5853.340749644374,0.31919345259666443,-0.679399311542511,0.6946386694908142,-1.7588051557540894
2022126N07095,2022,ASANI,NI,BB,DS,2022-05-13 03:00:00,14.7,81.3,,,,2022,5,5873.142762181785,-0.6727569699287415,1.0125302076339722,-0.025322439149022102,-1.66159987449646
2022126N07095,2022,ASANI,NI,BB,DS,2022-05-13 06:00:00,14.8,81.5,,,,2022,5,5873.045570480235,-0.5683931112289429,1.080872893333435,0.08962315320968628,-1.5804349184036255
2022140N16097,2022,UNNAMED,NI,BB,TS,2022-05-20 03:00:00,16.3,97.3,46.3,1000.0,Depression,2022,5,5861.485732895536,3.419509172439575,1.1131037473678589,5.792257785797119,0.5198542475700378
2022140N16097,2022,UNNAMED,NI,BB,TS,2022-05-20 06:00:00,16.4,97.4,46.3,1000.0,Depression,2022,5,5861.4164240591845,3.3255128860473633,1.1005686521530151,5.759339332580566,0.4794928729534149
2022140N16097,2022,UNNAMED,NI,BB,TS,2022-05-20 09:00:00,16.8,97.6,46.3,998.0,Depression,2022,5,5851.280604232842,5.827387809753418,1.6068099737167358,6.277822494506836,-0.7188974022865295
2022140N16097,2022,UNNAMED,NI,BB,TS,2022-05-20 12:00:00,17.1,97.8,46.3,999.0,Depression,2022,5,5850.889049140124,5.550240516662598,1.713201642036438,5.9651641845703125,-0.7144547700881958
2022140N16097,2022,UNNAMED,NI,BB,TS,2022-05-20 15:00:00,17.3,97.9,46.3,999.0,Depression,2022,5,5847.535138783377,6.1266069412231445,1.1457550525665283,5.346975326538086,0.510389506816864
2022140N16097,2022,UNNAMED,NI,BB,TS,2022-05-20 18:00:00,17.4,98.0,46.3,999.0,Depression,2022,5,5847.313669168371,6.061581611633301,1.2522155046463013,5.240456581115723,0.5559290647506714
2022197N22069,2022,UNNAMED,NI,AS,TS,2022-07-16 03:00:00,21.6,69.0,46.3,992.0,Depression,2022,7,5823.833508384617,-2.1655073165893555,1.8554646968841553,2.247981071472168,0.7093039751052856
2022197N22069,2022,UNNAMED,NI,AS,TS,2022-07-16 06:00:00,21.9,68.9,46.3,992.0,Depression,2022,7,5824.134245002117,-2.7296864986419678,1.6409523487091064,1.690455675125122,0.5463120341300964
2022197N22069,2022,UNNAMED,NI,AS,TS,2022-07-16 09:00:00,22.0,68.8,46.3,992.0,Depression,2022,7,5816.814594560834,-0.69368577003479,0.45043379068374634,2.559187173843384,0.4097115993499756
2022197N22069,2022,UNNAMED,NI,AS,TS,2022-07-16 12:00:00,22.1,68.8,46.3,992.0,Depression,2022,7,5817.025707683052,-0.8715574741363525,0.3619040250778198,2.422685384750366,0.3201637268066406
2022197N22069,2022,UNNAMED,NI,AS,TS,2022-07-16 15:00:00,22.3,68.8,46.3,992.0,Depression,2022,7,5841.788480265943,-1.7290654182434082,-0.811758816242218,1.42348313331604,0.19278892874717712
2022197N22069,2022,UNNAMED,NI,AS,TS,2022-07-16 18:00:00,22.6,68.7,46.3,992.0,Depression,2022,7,5842.194375117905,-2.1697773933410645,-1.113618016242981,0.9252883195877075,-0.0740852952003479
2022197N22069,2022,UNNAMED,NI,AS,TS,2022-07-16 21:00:00,22.7,68.6,46.3,992.0,Depression,2022,7,5829.938262556531,-3.1826536655426025,1.1370325088500977,-0.24520210921764374,0.3564930856227875
2022197N22069,2022,UNNAMED,NI,AS,TS,2022-07-17 00:00:00,22.8,68.5,46.3,992.0,Depression,2022,7,5830.071303656193,-3.3384244441986084,1.0168085098266602,-0.3970740735530853,0.2494036853313446
2022197N22069,2022,UNNAMED,NI,AS,TS,2022-07-17 03:00:00,23.0,68.2,46.3,992.0,Depression,2022,7,5847.914744076724,-3.846642255783081,1.8885642290115356,-0.19949975609779358,0.7165618538856506
2022197N22069,2022,UNNAMED,NI,AS,TS,2022-07-17 06:00:00,23.2,67.8,46.3,992.0,Depression,2022,7,5847.819544008403,-4.135003566741943,1.643733024597168,-0.4665357172489166,0.3385903239250183
2022197N22069,2022,UNNAMED,NI,AS,TS,2022-07-17 09:00:00,23.3,67.6,46.3,992.0,Depression,2022,7,5847.868139859178,-3.874051809310913,-0.011212935671210289,-0.4166180491447449,-0.26462113857269287
2022197N22069,2022,UNNAMED,NI,AS,TS,2022-07-17 12:00:00,23.4,67.4,46.3,992.0,Depression,2022,7,5848.015122391439,-3.9525136947631836,-0.06288892775774002,-0.6081279516220093,-0.4205046594142914
2022197N22069,2022,UNNAMED,NI,AS,TS,2022-07-17 15:00:00,23.4,66.9,42.6,993.0,Depression,2022,7,5866.133408197499,-4.9147491455078125,-0.17310558259487152,-1.7398004531860352,-1.2253624200820923
2022197N22069,2022,UNNAMED,NI,AS,TS,2022-07-17 18:00:00,23.4,66.3,37.0,993.0,Depression,2022,7,5866.102338719134,-5.036966323852539,-0.24774888157844543,-2.120642900466919,-1.4254460334777832
2022221N21086,2022,UNNAMED,NI,BB,TS,2022-08-09 03:00:00,20.8,85.6,46.3,990.0,Depression,2022,8,5816.219096225521,-0.7268768548965454,3.0711758136749268,0.05384727939963341,5.3561787605285645
2022221N21086,2022,UNNAMED,NI,BB,TS,2022-08-09 06:00:00,20.8,85.3,46.3,990.0,Depression,2022,8,5815.623597890208,-0.7898604273796082,2.984797716140747,-0.026114651933312416,5.249896049499512
2022221N21086,2022,UNNAMED,NI,BB,TS,2022-08-09 09:00:00,21.0,84.8,46.3,990.0,Depression,2022,8,5797.34956636568,-2.1680705547332764,1.9051052331924438,3.2858989238739014,4.455981731414795
2022221N21086,2022,UNNAMED,NI,BB,TS,2022-08-09 12:00:00,21.2,84.2,46.3,990.0,Depression,2022,8,5796.5604812805595,-2.6456522941589355,1.6810941696166992,2.6718990802764893,3.905808687210083
2022221N21086,2022,UNNAMED,NI,BB,TS,2022-08-09 15:00:00,21.4,83.7,42.6,991.0,Depression,2022,8,5809.8211736423755,-3.191498279571533,2.8487207889556885,1.5006451606750488,2.6486587524414062
2022221N21086,2022,UNNAMED,NI,BB,TS,2022-08-09 18:00:00,21.5,83.3,37.0,991.0,Depression,2022,8,5809.253159845615,-3.6771726608276367,2.6243796348571777,1.1586604118347168,2.2955410480499268
2022224N22067,2022,UNNAMED,NI,AS,DS,2022-08-11 18:00:00,22.1,67.2,,,,2022,8,5830.556863837294,-3.720172882080078,-0.7778382301330566,0.02323123998939991,-2.9828431606292725
2022224N22067,2022,UNNAMED,NI,AS,DS,2022-08-11 21:00:00,22.0,66.9,,,,2022,8,5814.616628129892,-1.0099608898162842,-2.261016368865967,0.7105181813240051,-1.7752318382263184
2022224N22067,2022,UNNAMED,NI,AS,TS,2022-08-12 00:00:00,21.8,66.6,,,,2022,8,5814.807028266534,-0.8641191124916077,-2.23303484916687,1.0507558584213257,-1.7390902042388916
2022224N22067,2022,UNNAMED,NI,AS,TS,2022-08-12 03:00:00,21.8,66.4,46.3,990.0,Depression,2022,8,5826.756827637369,-2.002485513687134,-1.5068542957305908,3.017808437347412,-0.8916938304901123
2022224N22067,2022,UNNAMED,NI,AS,TS,2022-08-12 06:00:00,21.9,66.1,46.3,990.0,Depression,2022,8,5827.357902545722,-2.1892361640930176,-1.5635749101638794,2.8351123332977295,-0.9330909848213196
2022224N22067,2022,UNNAMED,NI,AS,TS,2022-08-12 09:00:00,22.0,65.6,46.3,990.0,Depression,2022,8,5817.611247852223,0.35630130767822266,-0.4061836898326874,3.6240286827087402,-2.9178073406219482
2022224N22067,2022,UNNAMED,NI,AS,TS,2022-08-12 12:00:00,22.1,65.2,46.3,990.0,Depression,2022,8,5818.857213599956,0.42573386430740356,-0.5652815103530884,3.3018860816955566,-2.820237159729004
2022224N22067,2022,UNNAMED,NI,AS,TS,2022-08-12 15:00:00,22.2,64.9,46.3,990.0,Depression,2022,8,5833.349930276904,1.3764588832855225,-1.265426516532898,3.016807794570923,-3.6575725078582764
2022224N22067,2022,UNNAMED,NI,AS,TS,2022-08-12 18:00:00,22.3,64.6,46.3,990.0,Depression,2022,8,5833.870543202827,1.2741129398345947,-1.4114789962768555,3.0681281089782715,-3.553694725036621
2022224N22067,2022,UNNAMED,NI,AS,TS,2022-08-12 21:00:00,22.2,64.2,46.3,990.0,Depression,2022,8,5811.860606068331,0.7454671263694763,-1.809598445892334,3.7952377796173096,-2.3617584705352783
2022224N22067,2022,UNNAMED,NI,AS,TS,2022-08-13 00:00:00,22.0,63.9,46.3,990.0,Depression,2022,8,5812.0075886005925,0.9896613359451294,-1.8086999654769897,4.013142108917236,-2.2197837829589844
2022224N22067,2022,UNNAMED,NI,AS,TS,2022-08-13 03:00:00,21.8,63.6,46.3,990.0,Depression,2022,8,5828.045016009545,0.09187708795070648,-0.6222591400146484,3.8930587768554688,-1.3667060136795044
2022224N22067,2022,UNNAMED,NI,AS,TS,2022-08-13 06:00:00,21.6,63.6,37.0,990.0,Depression,2022,8,5828.297953429561,0.32571694254875183,-0.5532413125038147,4.097834587097168,-1.3256155252456665
2022224N22067,2022,UNNAMED,NI,AS,TS,2022-08-13 09:00:00,21.5,64.0,,,,2022,8,5817.712821146875,2.2212188243865967,0.551751434803009,3.712357521057129,-1.073309302330017
2022224N22067,2022,UNNAMED,NI,AS,TS,2022-08-13 12:00:00,21.6,64.7,,,,2022,8,5817.626782591406,2.2721221446990967,0.5549615025520325,3.693648338317871,-0.8755928874015808
2022224N22067,2022,UNNAMED,NI,AS,TS,2022-08-13 15:00:00,21.8,65.4,,,,2022,8,5836.0748828601,2.723810911178589,0.8893854022026062,3.670475959777832,0.26905784010887146
2022224N22067,2022,UNNAMED,NI,AS,TS,2022-08-13 18:00:00,22.2,66.1,,,,2022,8,5836.107943971693,2.4923624992370605,1.0865216255187988,3.4365761280059814,0.6216257214546204
2022224N22067,2022,UNNAMED,NI,AS,TS,2022-08-13 21:00:00,22.6,66.4,,,,2022,8,5817.304138008392,3.048642158508301,0.5542809963226318,4.028296947479248,1.9648016691207886
2022224N22067,2022,UNNAMED,NI,AS,DS,2022-08-14 00:00:00,23.1,66.6,,,,2022,8,5817.402923016525,2.292100429534912,0.5492979288101196,3.421043634414673,1.821150779724121
2022224N22067,2022,UNNAMED,NI,AS,DS,2022-08-14 03:00:00,23.5,66.8,,,,2022,8,5840.212700055575,0.2048579305410385,0.5929858684539795,3.9448153972625732,0.7574076652526855
2022226N22088,2022,UNNAMED,NI,BB,TS,2022-08-14 03:00:00,21.7,87.8,46.3,994.0,Depression,2022,8,5851.694465617719,-3.1679182052612305,4.613582611083984,-0.7338973879814148,4.243921756744385
2022226N22088,2022,UNNAMED,NI,BB,TS,2022-08-14 06:00:00,21.8,87.5,46.3,994.0,Depression,2022,8,5851.114900348233,-3.2585999965667725,4.541701793670654,-0.7677175402641296,4.134836673736572
2022226N22088,2022,UNNAMED,NI,BB,TS,2022-08-14 09:00:00,22.0,86.9,46.3,994.0,Depression,2022,8,5839.629151519633,-3.041410446166992,4.86657190322876,0.20520639419555664,5.0089521408081055
2022226N22088,2022,UNNAMED,NI,BB,TS,2022-08-14 12:00:00,22.1,86.0,46.3,994.0,Depression,2022,8,5837.300932275548,-3.439586639404297,4.771791458129883,0.33709514141082764,4.543074607849121
2022226N22088,2022,UNNAMED,NI,BB,TS,2022-08-14 15:00:00,22.2,85.0,46.3,994.0,Depression,2022,8,5847.123269031729,-3.432438611984253,4.999583721160889,1.5377248525619507,3.5581884384155273
2022226N22088,2022,UNNAMED,NI,BB,TS,2022-08-14 18:00:00,22.2,84.0,46.3,994.0,Depression,2022,8,5844.059738799692,-3.4270029067993164,4.619152069091797,1.3998804092407227,3.056772232055664
2022226N22088,2022,UNNAMED,NI,BB,TS,2022-08-14 21:00:00,22.3,83.4,46.3,994.0,Depression,2022,8,5831.273851799545,-3.884892225265503,4.628121376037598,-0.026362525299191475,3.3889715671539307
2022226N22088,2022,UNNAMED,NI,BB,TS,2022-08-15 00:00:00,22.4,82.8,46.3,994.0,Depression,2022,8,5829.541529217419,-4.055490016937256,4.43829345703125,-0.2468022257089615,3.175123929977417
2022226N22088,2022,UNNAMED,NI,BB,TS,2022-08-15 03:00:00,22.6,82.0,46.3,994.0,Depression,2022,8,5849.306099050134,-4.250424385070801,5.30019474029541,-0.7137780785560608,3.5265164375305176
2022226N22088,2022,UNNAMED,NI,BB,TS,2022-08-15 06:00:00,22.8,81.1,46.3,994.0,Depression,2022,8,5847.220460733278,-4.34081506729126,4.959211826324463,-0.9287400841712952,3.4249603748321533
2022226N22088,2022,UNNAMED,NI,BB,TS,2022-08-15 09:00:00,23.1,80.4,46.3,994.0,Depression,2022,8,5842.337374383709,-2.370955228805542,3.6618094444274902,0.3872835636138916,3.1981778144836426
2022226N22088,2022,UNNAMED,NI,BB,TS,2022-08-15 12:00:00,23.3,79.8,46.3,994.0,Depression,2022,8,5841.283402079202,-2.461947441101074,3.6256630420684814,0.3588186502456665,3.227199077606201
2022226N22088,2022,UNNAMED,NI,BB,TS,2022-08-15 15:00:00,23.4,79.4,46.3,994.0,Depression,2022,8,5854.652439288647,-3.038764238357544,3.4223716259002686,0.22729277610778809,3.098693609237671
2022226N22088,2022,UNNAMED,NI,BB,TS,2022-08-15 18:00:00,23.6,79.0,46.3,994.0,Depression,2022,8,5854.049771073711,-3.285290002822876,3.3503239154815674,0.08947721123695374,3.1335058212280273
2022226N22088,2022,UNNAMED,NI,BB,TS,2022-08-15 21:00:00,23.9,78.4,46.3,994.0,Depression,2022,8,5838.42023014995,-3.201183319091797,4.324182510375977,-1.2257555723190308,3.0153353214263916
2022226N22088,2022,UNNAMED,NI,AS,TS,2022-08-16 00:00:00,24.3,77.6,46.3,994.0,Depression,2022,8,5837.298143989028,-3.402597665786743,3.935593843460083,-1.609660267829895,2.9839413166046143
2022226N22088,2022,UNNAMED,NI,AS,TS,2022-08-16 03:00:00,24.7,76.5,46.3,994.0,Depression,2022,8,5850.848419822264,-3.7395834922790527,4.918154716491699,-1.4867101907730103,4.5318427085876465
2022226N22088,2022,UNNAMED,NI,AS,TS,2022-08-16 06:00:00,24.9,76.1,37.0,995.0,Depression,2022,8,5849.858578107713,-3.814471483230591,4.6556291580200195,-1.6766788959503174,4.536672115325928
2022230N18095,2022,UNNAMED,NI,BB,TS,2022-08-17 12:00:00,18.0,95.0,,,,2022,8,5839.429589870139,-1.6416624784469604,0.7235353589057922,3.5709023475646973,0.22942307591438293
2022230N18095,2022,UNNAMED,NI,BB,TS,2022-08-17 15:00:00,18.3,94.5,,,,2022,8,5845.970511719089,-1.5292564630508423,1.5892314910888672,3.239313840866089,1.2801899909973145
2022230N18095,2022,UNNAMED,NI,BB,TS,2022-08-17 18:00:00,18.5,94.1,,,,2022,8,5846.033447329109,-1.607947826385498,1.5528758764266968,3.178384304046631,1.314150333404541
2022230N18095,2022,UNNAMED,NI,BB,TS,2022-08-17 21:00:00,18.7,93.7,,,,2022,8,5837.342756573346,-0.31794947385787964,1.321031928062439,3.108652353286743,1.7642579078674316
2022230N18095,2022,UNNAMED,NI,BB,TS,2022-08-18 00:00:00,18.9,93.2,,,,2022,8,5837.272252757058,-0.4434059262275696,1.1787323951721191,3.0188231468200684,1.671011209487915
2022230N18095,2022,UNNAMED,NI,BB,TS,2022-08-18 03:00:00,19.2,92.7,,,,2022,8,5846.017514263281,-0.9234291911125183,1.2856981754302979,2.488253116607666,1.765665054321289
2022230N18095,2022,UNNAMED,NI,BB,TS,2022-08-18 06:00:00,19.5,92.2,,,,2022,8,5846.18600643441,-1.0889791250228882,1.2107096910476685,2.3680975437164307,1.4147464036941528
2022230N18095,2022,UNNAMED,NI,BB,TS,2022-08-18 09:00:00,19.9,91.4,,,,2022,8,5837.725946806504,-0.8909726142883301,0.8483173847198486,2.293221950531006,1.8434479236602783
2022230N18095,2022,UNNAMED,NI,BB,TS,2022-08-18 12:00:00,20.2,90.7,,,,2022,8,5837.443931541352,-0.9248164892196655,0.8801993131637573,2.2274019718170166,1.5151761770248413
2022230N18095,2022,UNNAMED,NI,BB,TS,2022-08-18 15:00:00,20.3,90.5,,,,2022,8,5847.8342820942935,-0.4441039562225342,1.8195165395736694,2.2057132720947266,1.3640505075454712
2022230N18095,2022,UNNAMED,NI,BB,TS,2022-08-18 18:00:00,20.4,90.3,,,,2022,8,5847.962941600853,-0.4057275950908661,1.7903952598571777,2.1526079177856445,1.2540850639343262
2022230N18095,2022,UNNAMED,NI,BB,TS,2022-08-18 21:00:00,20.7,89.8,,,,2022,8,5833.719975730754,-1.0153570175170898,1.9315739870071411,1.4122506380081177,2.1694908142089844
2022230N18095,2022,UNNAMED,NI,BB,TS,2022-08-19 00:00:00,20.9,89.4,46.3,994.0,Depression,2022,8,5833.213702564077,-1.1727160215377808,1.8460381031036377,1.201265811920166,2.0472161769866943
2022230N18095,2022,UNNAMED,NI,BB,TS,2022-08-19 03:00:00,21.0,89.2,46.3,994.0,Depression,2022,8,5848.125060545651,-2.188469409942627,2.7326583862304688,0.3762882351875305,2.30737566947937
2022230N18095,2022,UNNAMED,NI,BB,TS,2022-08-19 06:00:00,21.2,88.9,55.6,993.0,Deep Depression,2022,8,5848.1242638923595,-2.2537484169006348,2.7434451580047607,0.22641541063785553,2.290142059326172
2022230N18095,2022,UNNAMED,NI,BB,TS,2022-08-19 09:00:00,21.4,88.6,55.6,993.0,Deep Depression,2022,8,5838.53494822391,-1.6288435459136963,2.6221978664398193,-0.04727383702993393,3.100214719772339
2022230N18095,2022,UNNAMED,NI,BB,TS,2022-08-19 12:00:00,21.6,88.1,55.6,992.0,Deep Depression,2022,8,5837.880895871679,-1.5652185678482056,2.6740522384643555,-0.030346479266881943,3.046487808227539
2022230N18095,2022,UNNAMED,NI,BB,TS,2022-08-19 15:00:00,21.9,87.6,55.6,992.0,Deep Depression,2022,8,5853.830293091933,-2.2704646587371826,3.396148443222046,0.6646968126296997,1.9891310930252075
2022230N18095,2022,UNNAMED,NI,BB,TS,2022-08-19 18:00:00,22.2,87.0,55.6,992.0,Deep Depression,2022,8,5853.138798035007,-2.218573570251465,3.6561851501464844,0.5347572565078735,2.041032552719116
2022230N18095,2022,UNNAMED,NI,BB,TS,2022-08-19 21:00:00,22.4,86.4,55.6,992.0,Deep Depression,2022,8,5839.706426888897,-2.1635262966156006,3.373199939727783,-0.9955478310585022,0.8175997734069824
2022230N18095,2022,UNNAMED,NI,BB,TS,2022-08-20 00:00:00,22.6,85.9,55.6,992.0,Deep Depression,2022,8,5839.320448369219,-2.151200532913208,3.592233180999756,-0.9020329117774963,0.7039196491241455
2022230N18095,2022,UNNAMED,NI,BB,TS,2022-08-20 03:00:00,22.7,85.4,55.6,992.0,Deep Depression,2022,8,5851.5128286672825,-1.9296808242797852,2.8431012630462646,-1.0631846189498901,1.2506043910980225
2022230N18095,2022,UNNAMED,NI,BB,TS,2022-08-20 06:00:00,22.9,84.7,55.6,993.0,Deep Depression,2022,8,5850.730515135138,-1.9412384033203125,3.0470352172851562,-0.9054576754570007,1.1255463361740112
2022230N18095,2022,UNNAMED,NI,BB,TS,2022-08-20 09:00:00,23.1,84.1,55.6,993.0,Deep Depression,2022,8,5831.382594973819,-1.8850153684616089,2.2614543437957764,0.7401027083396912,0.3218941390514374
2022230N18095,2022,UNNAMED,NI,BB,TS,2022-08-20 12:00:00,23.3,83.6,55.6,993.0,Deep Depression,2022,8,5830.919739411522,-1.91672682762146,2.1996397972106934,0.921841561794281,0.32960009574890137
2022230N18095,2022,UNNAMED,NI,BB,TS,2022-08-20 15:00:00,23.4,83.2,55.6,993.0,Deep Depression,2022,8,5839.983263907655,-1.3940987586975098,2.4978411197662354,0.29683738946914673,-0.282812237739563
2022230N18095,2022,UNNAMED,NI,BB,TS,2022-08-20 18:00:00,23.5,82.9,55.6,993.0,Deep Depression,2022,8,5839.801626957218,-1.5165460109710693,2.4755568504333496,0.3207147717475891,-0.2952909469604492
2022230N18095,2022,UNNAMED,NI,BB,TS,2022-08-20 21:00:00,23.6,82.6,51.9,994.0,Deep Depression,2022,8,5828.5381443969145,-1.7677292823791504,2.102694511413574,-0.6126531958580017,0.17485111951828003
2022230N18095,2022,UNNAMED,NI,BB,TS,2022-08-21 00:00:00,23.7,82.2,46.3,994.0,Depression,2022,8,5828.289588570001,-1.8419173955917358,2.1324007511138916,-0.5818532109260559,0.18423999845981598
2022230N18095,2022,UNNAMED,NI,BB,TS,2022-08-21 03:00:00,23.8,81.7,46.3,994.0,Depression,2022,8,5842.814171378605,-1.1439210176467896,1.121870756149292,-0.45823580026626587,0.7650204300880432
2022230N18095,2022,UNNAMED,NI,BB,TS,2022-08-21 06:00:00,24.0,81.2,46.3,994.0,Depression,2022,8,5843.004571515247,-1.2372511625289917,1.062096118927002,-0.4756563901901245,0.7895170450210571
2022230N18095,2022,UNNAMED,NI,BB,TS,2022-08-21 09:00:00,24.1,80.8,46.3,994.0,Depression,2022,8,5824.6891140195685,-1.2707133293151855,-0.5458280444145203,0.9967128038406372,-0.22397403419017792
2022230N18095,2022,UNNAMED,NI,BB,TS,2022-08-21 12:00:00,24.2,80.5,46.3,994.0,Depression,2022,8,5824.805027073466,-1.2964621782302856,-0.5543925762176514,1.0929292440414429,-0.10904135555028915
2022230N18095,2022,UNNAMED,NI,BB,TS,2022-08-21 15:00:00,24.3,80.1,46.3,995.0,Depression,2022,8,5836.572392840573,-2.0444045066833496,-0.15927402675151825,1.1246293783187866,-0.556644082069397
2022230N18095,2022,UNNAMED,NI,BB,TS,2022-08-21 18:00:00,24.3,79.8,46.3,995.0,Depression,2022,8,5836.638913390404,-1.9623041152954102,-0.17372636497020721,1.2355473041534424,-0.45920348167419434
2022230N18095,2022,UNNAMED,NI,BB,TS,2022-08-21 21:00:00,24.3,79.5,46.3,995.0,Depression,2022,8,5814.989860196907,-1.7031294107437134,-0.17477399110794067,0.9770300984382629,-0.3494891822338104
2022230N18095,2022,UNNAMED,NI,BB,TS,2022-08-22 00:00:00,24.3,79.1,46.3,995.0,Depression,2022,8,5814.8926684953585,-1.387620449066162,0.03315281495451927,0.9776620268821716,-0.10577266663312912
2022230N18095,2022,UNNAMED,NI,BB,TS,2022-08-22 03:00:00,24.3,78.4,46.3,995.0,Depression,2022,8,5837.310093788399,-2.4168927669525146,1.1302928924560547,1.4106465578079224,0.237898588180542
2022230N18095,2022,UNNAMED,NI,AS,TS,2022-08-22 06:00:00,24.4,77.8,46.3,996.0,Depression,2022,8,5837.182230935131,-2.007096529006958,1.261041522026062,1.6243975162506104,0.4690723419189453
2022230N18095,2022,UNNAMED,NI,AS,TS,2022-08-22 09:00:00,24.4,77.5,46.3,996.0,Depression,2022,8,5823.5188303345185,-1.4350450038909912,1.7458593845367432,1.2072579860687256,0.06785156577825546
2022230N18095,2022,UNNAMED,NI,AS,TS,2022-08-22 12:00:00,24.4,77.4,46.3,996.0,Depression,2022,8,5823.294970759638,-1.3709434270858765,1.7493999004364014,1.2774304151535034,0.10103234648704529
2022230N18095,2022,UNNAMED,NI,AS,TS,2022-08-22 15:00:00,24.5,77.0,42.6,997.0,Depression,2022,8,5837.498502291813,-1.8582830429077148,1.7294747829437256,-0.7731635570526123,0.3914438486099243
2022230N18095,2022,UNNAMED,NI,AS,TS,2022-08-22 18:00:00,24.6,76.6,37.0,997.0,Depression,2022,8,5837.040426649264,-1.751589298248291,1.6326053142547607,-0.6439753770828247,0.40863215923309326
2022230N18095,2022,UNNAMED,NI,AS,TS,2022-08-22 21:00:00,24.7,76.3,37.0,997.0,Depression,2022,8,5821.832713643294,-3.0352694988250732,1.1604632139205933,-2.4499247074127197,1.6539534330368042
2022230N18095,2022,UNNAMED,NI,AS,TS,2022-08-23 00:00:00,24.8,76.2,37.0,997.0,Depression,2022,8,5821.715207282814,-3.0369200706481934,1.2339904308319092,-2.3551230430603027,1.688765048980713
2022254N20085,2022,UNNAMED,NI,BB,TS,2022-09-11 00:00:00,19.5,84.7,46.3,998.0,Depression,2022,9,5837.254328058002,-0.6608595252037048,2.2429730892181396,-0.0727216899394989,3.137733221054077
2022254N20085,2022,UNNAMED,NI,BB,TS,2022-09-11 03:00:00,19.7,84.0,46.3,998.0,Depression,2022,9,5848.622570526123,-0.07720302790403366,1.5964701175689697,1.0895440578460693,4.352772235870361
2022254N20085,2022,UNNAMED,NI,BB,TS,2022-09-11 06:00:00,19.8,83.3,46.3,998.0,Depression,2022,9,5848.715778961216,-0.16438373923301697,1.3782927989959717,0.9539649486541748,3.990706443786621
2022254N20085,2022,UNNAMED,NI,BB,TS,2022-09-11 09:00:00,19.9,82.4,46.3,998.0,Depression,2022,9,5825.7606126964865,0.7442670464515686,1.0598530769348145,3.1176390647888184,3.0750679969787598
2022254N20085,2022,UNNAMED,NI,BB,TS,2022-09-11 12:00:00,19.9,81.7,46.3,998.0,Depression,2022,9,5825.229643277776,0.9329708218574524,0.9094014167785645,2.8202450275421143,2.8419837951660156
2022254N20085,2022,UNNAMED,NI,BB,TS,2022-09-11 15:00:00,20.0,81.4,46.3,998.0,Depression,2022,9,5840.6759539445175,-0.04833612218499184,2.5663204193115234,3.0141243934631348,3.4461042881011963
2022254N20085,2022,UNNAMED,NI,BB,TS,2022-09-11 18:00:00,20.1,81.2,46.3,998.0,Depression,2022,9,5840.56004089062,-0.1320030838251114,2.5555739402770996,2.7834770679473877,3.354482650756836
2022254N20085,2022,UNNAMED,NI,BB,TS,2022-09-11 21:00:00,20.4,81.0,42.6,999.0,Depression,2022,9,5818.207542840828,1.632339358329773,4.312013626098633,1.9053417444229126,2.1723031997680664
2022254N20085,2022,UNNAMED,NI,BB,TS,2022-09-12 00:00:00,20.8,80.8,37.0,999.0,Depression,2022,9,5818.235425706026,1.5537817478179932,4.1058349609375,1.1953984498977661,1.9148095846176147
2022295N13093,2022,SITRANG,NI,BB,DS,2022-10-21 18:00:00,12.6,93.3,,,,2022,10,5877.814735409136,-4.2778754234313965,3.619368314743042,-1.630550503730774,3.8394436836242676
2022295N13093,2022,SITRANG,NI,BB,DS,2022-10-21 21:00:00,12.9,92.9,,,,2022,10,5870.115479674507,-3.992220401763916,3.5117673873901367,-2.5350148677825928,3.9959919452667236
2022295N13093,2022,SITRANG,NI,BB,TS,2022-10-22 00:00:00,13.2,92.5,,,,2022,10,5869.923087904636,-4.2058024406433105,3.572699785232544,-2.9891836643218994,3.7184057235717773
2022295N13093,2022,SITRANG,NI,BB,TS,2022-10-22 03:00:00,13.4,92.1,46.3,1004.0,Depression,2022,10,5874.354471837988,-4.517752647399902,3.775416135787964,-3.245619773864746,3.939768075942993
2022295N13093,2022,SITRANG,NI,BB,TS,2022-10-22 06:00:00,13.9,91.4,46.3,1003.0,Depression,2022,10,5874.875483090556,-4.770171642303467,3.3765203952789307,-3.9024558067321777,3.25521183013916
2022295N13093,2022,SITRANG,NI,BB,TS,2022-10-22 09:00:00,14.2,90.9,46.3,1003.0,Depression,2022,10,5861.497284368261,-4.53733491897583,2.641741991043091,-3.7129225730895996,2.5806007385253906
2022295N13093,2022,SITRANG,NI,BB,TS,2022-10-22 12:00:00,14.4,90.5,46.3,1002.0,Depression,2022,10,5861.17264815202,-4.806754112243652,2.248664140701294,-4.089491367340088,2.1329948902130127
2022295N13093,2022,SITRANG,NI,BB,TS,2022-10-22 15:00:00,14.7,90.0,46.3,1002.0,Depression,2022,10,5870.397893266304,-4.1436896324157715,3.652564764022827,-3.9246103763580322,3.376293659210205
2022295N13093,2022,SITRANG,NI,BB,TS,2022-10-22 18:00:00,15.0,89.5,46.3,1002.0,Depression,2022,10,5870.433344337771,-4.521718978881836,3.116128921508789,-4.547128200531006,2.92565655708313
2022295N13093,2022,SITRANG,NI,BB,TS,2022-10-22 21:00:00,15.2,89.1,51.9,1002.0,Deep Depression,2022,10,5855.243556030857,-2.9869298934936523,4.313572406768799,-3.464531421661377,3.258648157119751
2022295N13093,2022,SITRANG,NI,BB,TS,2022-10-23 00:00:00,15.4,88.7,55.6,1001.0,Deep Depression,2022,10,5854.835669545666,-3.102083444595337,3.878805637359619,-3.728116750717163,2.876953363418579
2022295N13093,2022,SITRANG,NI,BB,TS,2022-10-23 03:00:00,15.5,88.3,55.6,1000.0,Deep Depression,2022,10,5862.606624076519,-1.601945161819458,4.455066204071045,-1.6446012258529663,3.3206048011779785
2022295N13093,2022,SITRANG,NI,BB,TS,2022-10-23 06:00:00,15.6,88.1,55.6,1000.0,Deep Depression,2022,10,5862.586309417589,-1.6526894569396973,4.216007232666016,-1.6903330087661743,3.16748046875
2022295N13093,2022,SITRANG,NI,BB,TS,2022-10-23 09:00:00,15.8,88.1,61.1,1000.0,Deep Depression,2022,10,5848.037428683598,-0.1541994959115982,4.177942752838135,0.3105054497718811,2.64688777923584
2022295N13093,2022,SITRANG,NI,BB,TS,2022-10-23 12:00:00,16.2,88.1,64.8,999.0,Cyclonic Storm,2022,10,5848.109525806469,-0.22891299426555634,4.103301525115967,0.029458029195666313,2.593022108078003
2022295N13093,2022,SITRANG,NI,BB,TS,2022-10-23 15:00:00,16.6,88.4,64.8,999.0,Cyclonic Storm,2022,10,5850.468017875625,1.6542751789093018,5.156124114990234,0.8387954831123352,3.606283187866211
2022295N13093,2022,SITRANG,NI,BB,TS,2022-10-23 18:00:00,17.1,88.6,64.8,998.0,Cyclonic Storm,2022,10,5850.025078645614,1.4817458391189575,5.3159356117248535,0.22778406739234924,3.8419442176818848
2022295N13093,2022,SITRANG,NI,BB,TS,2022-10-23 21:00:00,17.5,88.8,74.1,997.0,Cyclonic Storm,2022,10,5833.86098336333,3.7128312587738037,5.504182815551758,2.551905632019043,5.678157329559326
2022295N13093,2022,SITRANG,NI,BB,TS,2022-10-24 00:00:00,18.0,89.0,74.1,996.0,Cyclonic Storm,2022,10,5833.261103434915,3.7554757595062256,5.907707214355469,2.042201519012451,5.888955116271973
2022295N13093,2022,SITRANG,NI,BB,TS,2022-10-24 03:00:00,18.7,89.3,83.3,996.0,Cyclonic Storm,2022,10,5841.922318018896,4.592899322509766,6.010455131530762,2.853203058242798,6.110602855682373
2022295N13093,2022,SITRANG,NI,BB,TS,2022-10-24 06:00:00,19.4,89.6,83.3,996.0,Cyclonic Storm,2022,10,5840.540124558336,4.774896621704102,6.728692054748535,2.6251490116119385,6.188541889190674
2022295N13093,2022,SITRANG,NI,BB,TS,2022-10-24 09:00:00,20.0,89.9,83.3,996.0,Cyclonic Storm,2022,10,5828.144995997614,5.534972667694092,6.911574840545654,3.2164108753204346,5.760726451873779
2022295N13093,2022,SITRANG,NI,BB,TS,2022-10-24 12:00:00,20.8,90.1,83.3,996.0,Cyclonic Storm,2022,10,5825.599290404981,5.6837005615234375,7.8897786140441895,2.8650009632110596,5.476659774780273
2022295N13093,2022,SITRANG,NI,BB,TS,2022-10-24 15:00:00,21.8,90.4,83.3,996.0,Cyclonic Storm,2022,10,5835.237998577496,5.167179584503174,7.331239223480225,3.3215084075927734,5.107292652130127
2022295N13093,2022,SITRANG,NI,BB,TS,2022-10-24 18:00:00,23.8,90.9,74.1,996.0,Cyclonic Storm,2022,10,5825.866965910887,6.073428153991699,8.400384902954102,4.130542278289795,4.179466247558594
2022295N13093,2022,SITRANG,NI,BB,TS,2022-10-24 21:00:00,24.3,91.0,55.6,998.0,Deep Depression,2022,10,5818.942057175488,7.390711784362793,6.373651027679443,5.044926643371582,4.723042011260986
2022295N13093,2022,SITRANG,NI,BB,TS,2022-10-25 00:00:00,24.5,91.1,46.3,1000.0,Depression,2022,10,5818.023515930517,7.490944862365723,6.58319616317749,5.034903049468994,4.692355632781982
2022324N10086,2022,UNNAMED,NI,BB,TS,2022-11-20 00:00:00,10.0,85.5,46.3,1005.0,Depression,2022,11,5838.808200302856,-3.2204036712646484,1.244038701057434,0.3566862642765045,1.3954027891159058
2022324N10086,2022,UNNAMED,NI,BB,TS,2022-11-20 03:00:00,10.0,85.5,46.3,1005.0,Depression,2022,11,5853.665784187261,-1.9199728965759277,2.4788525104522705,0.7787639498710632,1.596487283706665
2022324N10086,2022,UNNAMED,NI,BB,TS,2022-11-20 06:00:00,10.3,85.3,46.3,1005.0,Depression,2022,11,5854.054550993459,-2.2914841175079346,2.1556386947631836,0.4690651595592499,1.6384996175765991
2022324N10086,2022,UNNAMED,NI,BB,TS,2022-11-20 09:00:00,10.6,85.1,46.3,1004.0,Depression,2022,11,5838.1840224490525,-1.203273892402649,1.1106704473495483,1.5952438116073608,1.6392817497253418
2022324N10086,2022,UNNAMED,NI,BB,TS,2022-11-20 12:00:00,10.9,85.0,46.3,1003.0,Depression,2022,11,5838.659624464012,-1.608129858970642,0.9450867176055908,1.283455729484558,1.683141827583313
2022324N10086,2022,UNNAMED,NI,BB,TS,2022-11-20 15:00:00,11.2,84.8,46.3,1003.0,Depression,2022,11,5852.335373190642,-2.404913902282715,1.002558946609497,0.2271621823310852,1.3320118188858032
2022324N10086,2022,UNNAMED,NI,BB,TS,2022-11-20 18:00:00,11.4,84.6,46.3,1003.0,Depression,2022,11,5852.328203311019,-2.689617156982422,0.8267194628715515,0.00528308330103755,1.3125399351119995
2022324N10086,2022,UNNAMED,NI,BB,TS,2022-11-20 21:00:00,11.7,84.4,46.3,1003.0,Depression,2022,11,5836.437758434328,-3.154301166534424,1.0943406820297241,-0.9080886244773865,2.585456371307373
2022324N10086,2022,UNNAMED,NI,BB,TS,2022-11-21 00:00:00,11.9,84.2,46.3,1003.0,Depression,2022,11,5836.443733334014,-3.3630318641662598,1.0293166637420654,-1.1260474920272827,2.620201349258423
2022324N10086,2022,UNNAMED,NI,BB,TS,2022-11-21 03:00:00,12.1,84.0,46.3,1003.0,Depression,2022,11,5855.498883410747,-3.9064459800720215,1.9466254711151123,-0.026593361049890518,2.220306396484375
2022324N10086,2022,UNNAMED,NI,BB,TS,2022-11-21 06:00:00,12.6,83.4,46.3,1003.0,Depression,2022,11,5856.080838640107,-4.221967697143555,1.845071792602539,-0.41795894503593445,2.2681427001953125
2022324N10086,2022,UNNAMED,NI,BB,TS,2022-11-21 09:00:00,12.8,82.6,46.3,1003.0,Depression,2022,11,5845.840657232592,-2.543057441711426,2.683570146560669,0.9422378540039062,1.2158148288726807
2022324N10086,2022,UNNAMED,NI,BB,TS,2022-11-21 12:00:00,12.9,82.0,46.3,1003.0,Depression,2022,11,5845.474196718554,-2.521942138671875,2.433131456375122,1.0487608909606934,1.3378108739852905
2022324N10086,2022,UNNAMED,NI,BB,TS,2022-11-21 15:00:00,13.0,81.8,46.3,1003.0,Depression,2022,11,5858.756797045882,-2.2914483547210693,3.2400200366973877,-0.08273712545633316,1.148177981376648
2022324N10086,2022,UNNAMED,NI,BB,TS,2022-11-21 18:00:00,13.0,81.7,46.3,1003.0,Depression,2022,11,5858.732499120495,-2.3695104122161865,3.2316317558288574,-0.056974876672029495,1.1887388229370117
2022324N10086,2022,UNNAMED,NI,BB,TS,2022-11-21 21:00:00,13.0,81.6,46.3,1004.0,Depression,2022,11,5845.355495378137,-1.6342418193817139,2.6387860774993896,-1.0819987058639526,1.40988290309906
2022324N10086,2022,UNNAMED,NI,BB,TS,2022-11-22 00:00:00,13.1,81.4,46.3,1004.0,Depression,2022,11,5845.318849326733,-1.689246416091919,2.6285347938537598,-1.1150888204574585,1.4630157947540283
2022338N05100,2022,MANDOUS,NI,BB,DS,2022-12-04 00:00:00,5.3,99.7,,,,2022,12,5843.777325207895,-1.581135630607605,1.3187923431396484,-0.5485641360282898,0.32593637704849243
2022338N05100,2022,MANDOUS,NI,BB,DS,2022-12-04 03:00:00,5.5,99.4,,,,2022,12,5848.631333712328,-1.629883885383606,1.554447889328003,-0.7380673289299011,1.2328002452850342
2022338N05100,2022,MANDOUS,NI,BB,DS,2022-12-04 06:00:00,5.7,99.0,,,,2022,12,5848.927688736725,-1.9178518056869507,1.2753652334213257,-1.0526286363601685,1.0011030435562134
2022338N05100,2022,MANDOUS,NI,BB,DS,2022-12-04 09:00:00,5.9,98.5,,,,2022,12,5849.374212906549,-1.8936036825180054,1.7956950664520264,-2.12005615234375,1.4174100160598755
2022338N05100,2022,MANDOUS,NI,BB,DS,2022-12-04 12:00:00,6.1,98.1,,,,2022,12,5849.118487200012,-2.223541259765625,1.3990464210510254,-2.4564497470855713,1.2519556283950806
2022338N05100,2022,MANDOUS,NI,BB,DS,2022-12-04 15:00:00,6.3,97.9,,,,2022,12,5852.507051974936,-3.353696823120117,1.7186609506607056,-2.8787667751312256,2.1251189708709717
2022338N05100,2022,MANDOUS,NI,BB,DS,2022-12-04 18:00:00,6.6,97.7,,,,2022,12,5852.8141618187665,-3.875545024871826,1.4366512298583984,-3.3443567752838135,1.9794151782989502
2022338N05100,2022,MANDOUS,NI,BB,DS,2022-12-04 21:00:00,6.9,97.5,,,,2022,12,5849.381382786171,-5.102989196777344,1.1594527959823608,-4.000462532043457,3.36714243888855
2022338N05100,2022,MANDOUS,NI,BB,DS,2022-12-05 00:00:00,7.2,97.2,,,,2022,12,5849.380586132879,-5.594085693359375,0.8804047107696533,-4.590270519256592,3.0571117401123047
2022338N05100,2022,MANDOUS,NI,BB,DS,2022-12-05 03:00:00,7.3,96.5,,,,2022,12,5853.935849653042,-5.653931140899658,1.3827670812606812,-3.815950870513916,3.6025376319885254
2022338N05100,2022,MANDOUS,NI,BB,DS,2022-12-05 06:00:00,7.3,95.7,,,,2022,12,5853.441526285735,-5.703591346740723,0.8835572600364685,-4.027697563171387,2.9680118560791016
2022338N05100,2022,MANDOUS,NI,BB,DS,2022-12-05 09:00:00,7.4,95.0,,,,2022,12,5848.213090734349,-6.085872650146484,2.025214910507202,-3.8386893272399902,2.9013938903808594
2022338N05100,2022,MANDOUS,NI,BB,DS,2022-12-05 12:00:00,7.5,94.1,,,,2022,12,5847.0408154160705,-6.361683368682861,1.3359830379486084,-4.084050178527832,2.0751020908355713
2022338N05100,2022,MANDOUS,NI,BB,DS,2022-12-05 15:00:00,7.8,92.8,,,,2022,12,5851.35668462217,-6.3418474197387695,2.527050495147705,-4.050691604614258,1.7748326063156128
2022338N05100,2022,MANDOUS,NI,BB,DS,2022-12-05 18:00:00,8.0,91.6,,,,2022,12,5851.085822503098,-6.718566417694092,1.2834666967391968,-4.2342729568481445,0.7483922839164734
2022338N05100,2022,MANDOUS,NI,BB,DS,2022-12-05 21:00:00,8.0,90.8,,,,2022,12,5837.932280008974,-5.625066757202148,2.50726318359375,-2.3271188735961914,-0.4347866475582123
2022338N05100,2022,MANDOUS,NI,BB,TS,2022-12-06 00:00:00,8.0,90.2,,,,2022,12,5837.292567415989,-5.605859279632568,1.7921841144561768,-2.1697731018066406,-0.6072280406951904
2022338N05100,2022,MANDOUS,NI,BB,TS,2022-12-06 03:00:00,8.0,89.5,,,,2022,12,5843.037632626841,-4.057452201843262,1.8623809814453125,-2.384579658508301,-0.5437312126159668
2022338N05100,2022,MANDOUS,NI,BB,TS,2022-12-06 06:00:00,8.1,88.7,,,,2022,12,5843.047192466337,-4.4497504234313965,0.8586572408676147,-2.3703718185424805,-0.9163460731506348
2022338N05100,2022,MANDOUS,NI,BB,TS,2022-12-06 09:00:00,8.3,87.8,,,,2022,12,5830.531769258616,-4.664773941040039,1.630354404449463,-1.3047016859054565,-0.5978082418441772
2022338N05100,2022,MANDOUS,NI,BB,TS,2022-12-06 12:00:00,8.4,87.2,46.3,1000.0,Depression,2022,12,5830.336589202226,-4.821959018707275,0.7392066121101379,-1.38028085231781,-0.8994986414909363
2022338N05100,2022,MANDOUS,NI,BB,TS,2022-12-06 15:00:00,8.4,86.9,46.3,1000.0,Depression,2022,12,5838.76159608531,-3.4230496883392334,1.3138526678085327,-0.8422883749008179,-0.7255085110664368
2022338N05100,2022,MANDOUS,NI,BB,TS,2022-12-06 18:00:00,8.5,86.7,46.3,1000.0,Depression,2022,12,5838.863169379962,-3.5863797664642334,0.9059643745422363,-1.0754709243774414,-0.7855396270751953
2022338N05100,2022,MANDOUS,NI,BB,TS,2022-12-06 21:00:00,8.5,86.5,51.9,1000.0,Deep Depression,2022,12,5823.7171970040745,-2.770900249481201,2.18546986579895,-0.30544090270996094,-1.075981616973877
2022338N05100,2022,MANDOUS,NI,BB,TS,2022-12-07 00:00:00,8.6,86.3,55.6,999.0,Deep Depression,2022,12,5823.639523308164,-2.930638551712036,1.736114501953125,-0.39417728781700134,-1.2495368719100952
2022338N05100,2022,MANDOUS,NI,BB,TS,2022-12-07 03:00:00,8.7,85.9,55.6,999.0,Deep Depression,2022,12,5832.169290099066,-1.2333595752716064,2.0757734775543213,-0.23850364983081818,-0.7268938422203064
2022338N05100,2022,MANDOUS,NI,BB,TS,2022-12-07 06:00:00,8.8,85.7,55.6,998.0,Deep Depression,2022,12,5832.260905227576,-1.2813986539840698,1.6948373317718506,-0.29276853799819946,-0.8137559294700623
2022338N05100,2022,MANDOUS,NI,BB,TS,2022-12-07 09:00:00,8.8,85.4,55.6,998.0,Deep Depression,2022,12,5818.327439161182,-1.583559513092041,2.9774699211120605,1.5,-1.3438069820404053
2022338N05100,2022,MANDOUS,NI,BB,TS,2022-12-07 12:00:00,9.0,85.1,55.6,998.0,Deep Depression,2022,12,5818.2772500038245,-1.8591169118881226,2.1475329399108887,1.1607507467269897,-1.3739664554595947
2022338N05100,2022,MANDOUS,NI,BB,TS,2022-12-07 15:00:00,9.1,84.9,61.1,998.0,Deep Depression,2022,12,5833.880501368969,-1.6285004615783691,2.8346989154815674,1.3141698837280273,-0.2510049045085907
2022338N05100,2022,MANDOUS,NI,BB,TS,2022-12-07 18:00:00,9.2,84.7,64.8,997.0,Cyclonic Storm,2022,12,5833.717585770881,-1.9671069383621216,2.4457194805145264,1.0708931684494019,-0.2397519052028656
2022338N05100,2022,MANDOUS,NI,BB,TS,2022-12-07 21:00:00,9.3,84.5,64.8,997.0,Cyclonic Storm,2022,12,5817.021724416595,-1.1137681007385254,3.355412721633911,1.010729432106018,0.2744782865047455
2022338N05100,2022,MANDOUS,NI,BB,TS,2022-12-08 00:00:00,9.4,84.3,74.1,995.0,Cyclonic Storm,2022,12,5816.790296635447,-1.338252067565918,3.0900399684906006,0.8171312212944031,0.116128109395504
2022338N05100,2022,MANDOUS,NI,BB,TS,2022-12-08 03:00:00,9.5,84.0,74.1,994.0,Cyclonic Storm,2022,12,5834.718978958156,-1.3856035470962524,3.8542184829711914,0.762779176235199,1.187333345413208
2022338N05100,2022,MANDOUS,NI,BB,TS,2022-12-08 06:00:00,9.8,83.6,83.3,992.0,Cyclonic Storm,2022,12,5834.664806534342,-2.2574844360351562,3.1698217391967773,0.13650979101657867,0.9390007257461548
2022338N05100,2022,MANDOUS,NI,BB,TS,2022-12-08 09:00:00,9.9,83.2,83.3,992.0,Cyclonic Storm,2022,12,5818.424630862732,-2.8516042232513428,3.730095386505127,0.9833567142486572,1.2073721885681152
2022338N05100,2022,MANDOUS,NI,BB,TS,2022-12-08 12:00:00,10.2,82.9,92.6,990.0,Severe Cyclonic Storm,2022,12,5818.188423161834,-3.6293742656707764,3.343644857406616,0.5346569418907166,1.0390223264694214
2022338N05100,2022,MANDOUS,NI,BB,TS,2022-12-08 15:00:00,10.4,82.5,92.6,990.0,Severe Cyclonic Storm,2022,12,5832.405099473317,-3.0652217864990234,5.787155628204346,-0.08402406424283981,1.0679295063018799
2022338N05100,2022,MANDOUS,NI,BB,TS,2022-12-08 18:00:00,10.6,82.2,92.6,990.0,Severe Cyclonic Storm,2022,12,5831.986458168692,-3.593583106994629,5.461888790130615,-0.5176600217819214,0.990882396697998
2022338N05100,2022,MANDOUS,NI,BB,TS,2022-12-08 21:00:00,10.7,82.0,92.6,990.0,Severe Cyclonic Storm,2022,12,5816.791093288738,-2.012512683868408,4.764309883117676,-0.6373893618583679,1.562832236289978
2022338N05100,2022,MANDOUS,NI,BB,TS,2022-12-09 00:00:00,11.0,81.8,92.6,990.0,Severe Cyclonic Storm,2022,12,5816.577988533291,-2.3375139236450195,4.575129508972168,-1.2059009075164795,1.3547074794769287
2022338N05100,2022,MANDOUS,NI,BB,TS,2022-12-09 03:00:00,11.1,81.6,83.3,991.0,Cyclonic Storm,2022,12,5833.968929884313,-1.9064301252365112,4.457867622375488,-0.18657702207565308,2.8485748767852783
2022338N05100,2022,MANDOUS,NI,BB,TS,2022-12-09 06:00:00,11.4,81.4,83.3,992.0,Cyclonic Storm,2022,12,5834.5257905349945,-2.048936605453491,4.448063850402832,-0.7250765562057495,2.945194721221924
2022338N05100,2022,MANDOUS,NI,BB,TS,2022-12-09 09:00:00,11.7,81.2,83.3,992.0,Cyclonic Storm,2022,12,5818.1780666690465,-0.5474496483802795,3.4636824131011963,0.25109079480171204,1.3321905136108398
2022338N05100,2022,MANDOUS,NI,BB,TS,2022-12-09 12:00:00,12.0,81.0,74.1,993.0,Cyclonic Storm,2022,12,5818.5270008106745,-0.9012322425842285,3.240412712097168,-0.4667271077632904,1.031928539276123
2022338N05100,2022,MANDOUS,NI,BB,TS,2022-12-09 15:00:00,12.3,80.7,74.1,994.0,Cyclonic Storm,2022,12,5835.167096434562,-1.388493537902832,2.620615243911743,-0.5272019505500793,1.457457184791565
2022338N05100,2022,MANDOUS,NI,BB,TS,2022-12-09 18:00:00,12.6,80.4,64.8,995.0,Cyclonic Storm,2022,12,5835.503682450175,-1.757890224456787,2.4170494079589844,-1.0885130167007446,1.2041466236114502
2022338N05100,2022,MANDOUS,NI,BB,TS,2022-12-09 21:00:00,12.8,80.1,64.8,996.0,Cyclonic Storm,2022,12,5819.901626064967,-2.1629886627197266,2.2704591751098633,-0.5555626153945923,1.4751255512237549
2022338N05100,2022,MANDOUS,NI,BB,TS,2022-12-10 00:00:00,12.8,79.8,55.6,998.0,Deep Depression,2022,12,5819.778941458093,-2.251957416534424,2.108471393585205,-0.5175289511680603,1.2786730527877808
2022338N05100,2022,MANDOUS,NI,BB,TS,2022-12-10 03:00:00,12.8,79.6,55.6,1000.0,Deep Depression,2022,12,5838.658429484075,-2.046583414077759,2.2571511268615723,-0.5792149305343628,0.770786464214325
2022338N05100,2022,MANDOUS,NI,BB,TS,2022-12-10 06:00:00,12.9,79.4,46.3,1002.0,Depression,2022,12,5838.865957666481,-2.0674519538879395,2.1600844860076904,-0.6582558751106262,0.6485413312911987
2022338N05100,2022,MANDOUS,NI,BB,TS,2022-12-10 09:00:00,12.9,79.1,,,,2022,12,5823.422036959614,-1.225180983543396,1.8922301530838013,-0.8236682415008545,-0.44606396555900574
2022338N05100,2022,MANDOUS,NI,BB,DS,2022-12-10 12:00:00,12.9,78.8,,,,2022,12,5823.441156638608,-1.2116197347640991,1.6812829971313477,-0.7740817666053772,-0.7585640549659729
2022347N12074,2022,UNNAMED,NI,AS,DS,2022-12-12 12:00:00,12.0,74.2,,,,2022,12,5835.924315388028,0.011164603754878044,-0.9730801582336426,1.3177205324172974,-1.9354966878890991
2022347N12074,2022,UNNAMED,NI,AS,DS,2022-12-12 15:00:00,12.1,73.9,,,,2022,12,5853.669767453718,-1.487129807472229,-0.8084797859191895,-0.6491994261741638,-1.3639187812805176
2022347N12074,2022,UNNAMED,NI,AS,DS,2022-12-12 18:00:00,12.3,73.6,,,,2022,12,5853.5044618957545,-1.4885118007659912,-0.8343852758407593,-0.7190839052200317,-1.45963454246521
2022347N12074,2022,UNNAMED,NI,AS,DS,2022-12-12 21:00:00,12.5,73.3,,,,2022,12,5838.8193534489355,-2.7918007373809814,-0.08015728741884232,-1.4730169773101807,0.062105897814035416
2022347N12074,2022,UNNAMED,NI,AS,TS,2022-12-13 00:00:00,12.6,73.1,,,,2022,12,5838.679540796296,-2.629516363143921,-0.08722440153360367,-1.4301071166992188,0.05446993559598923
2022347N12074,2022,UNNAMED,NI,AS,TS,2022-12-13 03:00:00,12.7,72.8,,,,2022,12,5865.524366756232,-3.86780047416687,0.9183121919631958,-1.9463354349136353,0.6346763968467712
2022347N12074,2022,UNNAMED,NI,AS,TS,2022-12-13 06:00:00,12.8,72.6,,,,2022,12,5865.5470713750365,-3.76043438911438,0.9274803400039673,-1.9441285133361816,0.6463738679885864
2022347N12074,2022,UNNAMED,NI,AS,TS,2022-12-13 09:00:00,12.9,72.4,,,,2022,12,5846.422214135307,-3.1386373043060303,0.4021482765674591,-1.7102118730545044,-0.10346940159797668
2022347N12074,2022,UNNAMED,NI,AS,TS,2022-12-13 12:00:00,13.0,72.1,,,,2022,12,5846.462843453167,-3.0818231105804443,0.2852192521095276,-1.6567491292953491,-0.12134325504302979
2022347N12074,2022,UNNAMED,NI,AS,TS,2022-12-13 15:00:00,13.1,71.8,,,,2022,12,5862.452869991282,-2.8911683559417725,0.18355101346969604,-3.255481243133545,0.2939327657222748
2022347N12074,2022,UNNAMED,NI,AS,TS,2022-12-13 18:00:00,13.2,71.5,,,,2022,12,5862.583919457716,-2.7920117378234863,0.1950264722108841,-3.226529359817505,0.28870341181755066
2022347N12074,2022,UNNAMED,NI,AS,TS,2022-12-13 21:00:00,13.2,71.2,,,,2022,12,5846.1915830074495,-2.953063726425171,0.1763019561767578,-3.3173089027404785,0.910717248916626
2022347N12074,2022,UNNAMED,NI,AS,TS,2022-12-14 00:00:00,13.3,70.8,,,,2022,12,5845.881684877099,-2.678640365600586,0.10434339195489883,-3.1912178993225098,0.8482298851013184
2022347N12074,2022,UNNAMED,NI,AS,TS,2022-12-14 03:00:00,13.4,70.4,,,,2022,12,5867.885248785264,-4.327669620513916,0.6810716986656189,-3.634280204772949,1.6024664640426636
2022347N12074,2022,UNNAMED,NI,AS,TS,2022-12-14 06:00:00,13.5,70.0,,,,2022,12,5867.721138207237,-4.121293544769287,0.6351842880249023,-3.413053274154663,1.5986627340316772
2022347N12074,2022,UNNAMED,NI,AS,TS,2022-12-14 09:00:00,13.6,69.6,46.3,1002.0,Depression,2022,12,5848.051370116197,-3.042166233062744,0.37737274169921875,-3.6383821964263916,0.570909857749939
2022347N12074,2022,UNNAMED,NI,AS,TS,2022-12-14 12:00:00,13.7,69.3,46.3,1002.0,Depression,2022,12,5848.172461416488,-2.81436824798584,0.36358585953712463,-3.497026205062866,0.5534679293632507
2022347N12074,2022,UNNAMED,NI,AS,TS,2022-12-14 15:00:00,13.7,68.9,46.3,1002.0,Depression,2022,12,5865.561809460927,-2.852708578109741,-0.053630080074071884,-4.360066890716553,1.3282670974731445
2022347N12074,2022,UNNAMED,NI,AS,TS,2022-12-14 18:00:00,13.8,68.6,46.3,1002.0,Depression,2022,12,5865.582522446503,-2.6587326526641846,0.011967511847615242,-4.262572765350342,1.376121163368225
2022347N12074,2022,UNNAMED,NI,AS,TS,2022-12-14 21:00:00,13.8,68.4,51.9,1001.0,Deep Depression,2022,12,5839.126463292766,-2.083207368850708,-0.1135057732462883,-3.516822576522827,1.8974933624267578
2022347N12074,2022,UNNAMED,NI,AS,TS,2022-12-15 00:00:00,13.9,68.1,55.6,1000.0,Deep Depression,2022,12,5838.878305792498,-1.7764396667480469,-0.12031259387731552,-3.336651563644409,1.9671365022659302
2022347N12074,2022,UNNAMED,NI,AS,TS,2022-12-15 03:00:00,13.9,67.7,55.6,1000.0,Deep Depression,2022,12,5861.508835840986,-2.8638081550598145,0.17352940142154694,-3.2361958026885986,2.506019353866577
2022347N12074,2022,UNNAMED,NI,AS,TS,2022-12-15 06:00:00,13.9,67.4,55.6,1000.0,Deep Depression,2022,12,5861.367031555119,-2.7358109951019287,0.15750013291835785,-3.1421825885772705,2.5668728351593018
2022347N12074,2022,UNNAMED,NI,AS,TS,2022-12-15 09:00:00,14.0,67.0,55.6,1000.0,Deep Depression,2022,12,5837.334790040432,-2.0594122409820557,0.5496544241905212,-2.7466862201690674,1.3650306463241577
2022347N12074,2022,UNNAMED,NI,AS,TS,2022-12-15 12:00:00,14.1,66.7,55.6,1000.0,Deep Depression,2022,12,5837.185815874942,-1.7197086811065674,0.6498806476593018,-2.5685582160949707,1.444373369216919
2022347N12074,2022,UNNAMED,NI,AS,TS,2022-12-15 15:00:00,14.0,66.2,55.6,1000.0,Deep Depression,2022,12,5855.633119490346,-1.2257202863693237,1.4279685020446777,-3.6312408447265625,1.3644741773605347
2022347N12074,2022,UNNAMED,NI,AS,TS,2022-12-15 18:00:00,13.9,65.7,55.6,1000.0,Deep Depression,2022,12,5855.34871426532,-1.1079288721084595,1.2933709621429443,-3.4893548488616943,1.433047890663147
2022347N12074,2022,UNNAMED,NI,AS,TS,2022-12-15 21:00:00,13.9,65.4,55.6,1000.0,Deep Depression,2022,12,5831.20215300332,0.33494997024536133,1.272465467453003,-3.075054883956909,1.1136811971664429
2022347N12074,2022,UNNAMED,NI,AS,TS,2022-12-16 00:00:00,13.9,65.1,55.6,1000.0,Deep Depression,2022,12,5830.933680844121,0.5195536613464355,1.2517893314361572,-2.999696731567383,1.1455808877944946
2022347N12074,2022,UNNAMED,NI,AS,TS,2022-12-16 03:00:00,13.9,64.7,55.6,1000.0,Deep Depression,2022,12,5856.566000494563,0.1884804219007492,0.7208765149116516,-3.6679999828338623,1.7432308197021484
2022347N12074,2022,UNNAMED,NI,AS,TS,2022-12-16 06:00:00,13.9,64.3,55.6,1000.0,Deep Depression,2022,12,5856.239770971739,0.441540390253067,0.5891975164413452,-3.637883424758911,1.8442587852478027
2022347N12074,2022,UNNAMED,NI,AS,TS,2022-12-16 09:00:00,14.0,63.9,51.9,1001.0,Deep Depression,2022,12,5828.89385009152,0.21013951301574707,1.1047022342681885,-3.2194712162017822,1.7946302890777588
2022347N12074,2022,UNNAMED,NI,AS,TS,2022-12-16 12:00:00,14.1,63.6,46.3,1002.0,Depression,2022,12,5828.457284087839,0.5943002104759216,1.0505861043930054,-3.117536783218384,1.945950984954834
2022347N12074,2022,UNNAMED,NI,AS,TS,2022-12-16 15:00:00,14.1,63.2,46.3,1002.0,Depression,2022,12,5855.211689899202,0.038595378398895264,2.1758902072906494,-3.6886534690856934,2.104482650756836
2022347N12074,2022,UNNAMED,NI,AS,TS,2022-12-16 18:00:00,14.1,62.9,46.3,1002.0,Depression,2022,12,5854.832881259146,0.1088176816701889,2.1141278743743896,-3.5709893703460693,2.184501886367798
2022347N12074,2022,UNNAMED,NI,AS,TS,2022-12-16 21:00:00,14.1,62.6,46.3,1002.0,Depression,2022,12,5835.0336570082545,-0.16023589670658112,2.3473150730133057,-3.0042920112609863,1.9869710206985474
2022347N12074,2022,UNNAMED,NI,AS,TS,2022-12-17 00:00:00,14.0,62.3,46.3,1002.0,Depression,2022,12,5834.900615908593,-0.2886071503162384,2.3323447704315186,-2.873861074447632,1.9545047283172607
2022347N12074,2022,UNNAMED,NI,AS,TS,2022-12-17 03:00:00,14.0,62.0,46.3,1002.0,Depression,2022,12,5865.189772373848,-0.5617985725402832,2.605937957763672,-3.8240199089050293,2.0373446941375732
2022347N12074,2022,UNNAMED,NI,AS,TS,2022-12-17 06:00:00,13.9,61.6,46.3,1002.0,Depression,2022,12,5864.912138701799,-0.5805398225784302,2.644793748855591,-3.6911325454711914,1.989946722984314
2022347N12074,2022,UNNAMED,NI,AS,TS,2022-12-17 09:00:00,13.8,61.3,,,,2022,12,5839.163905997461,-0.3491612672805786,2.264849901199341,-3.587959051132202,1.595049262046814
2022347N12074,2022,UNNAMED,NI,AS,TS,2022-12-17 12:00:00,13.7,60.9,,,,2022,12,5838.832498228244,-0.3825152814388275,2.283259391784668,-3.469557523727417,1.5596472024917603
2022347N12074,2022,UNNAMED,NI,AS,TS,2022-12-17 15:00:00,13.6,60.3,,,,2022,12,5861.332377136943,-1.3265759944915771,2.1086952686309814,-4.602903366088867,1.7013438940048218
2022347N12074,2022,UNNAMED,NI,AS,TS,2022-12-17 18:00:00,13.6,59.7,,,,2022,12,5860.84602030255,-0.9966086745262146,2.2439141273498535,-4.3635711669921875,1.627976894378662
2022347N12074,2022,UNNAMED,NI,AS,TS,2022-12-17 21:00:00,13.5,59.1,,,,2022,12,5839.248351246349,-1.690262794494629,1.9729533195495605,-4.829339981079102,2.0199859142303467
2022347N12074,2022,UNNAMED,NI,AS,TS,2022-12-18 00:00:00,13.5,58.6,,,,2022,12,5838.798640463359,-1.2837339639663696,2.0686604976654053,-4.688437461853027,1.9620574712753296
2022347N12074,2022,UNNAMED,NI,AS,TS,2022-12-18 03:00:00,13.5,58.1,,,,2022,12,5866.777104056941,-2.190516471862793,3.414445638656616,-5.209777355194092,2.6978957653045654
2022347N12074,2022,UNNAMED,NI,AS,TS,2022-12-18 06:00:00,13.4,57.5,,,,2022,12,5866.40905023632,-1.9234614372253418,3.6005349159240723,-5.074433326721191,2.5496902465820312
2022347N12074,2022,UNNAMED,NI,AS,TS,2022-12-18 09:00:00,13.3,56.9,,,,2022,12,5839.708418522126,-0.2321651428937912,4.830724239349365,-4.591511249542236,2.1794090270996094
2022347N12074,2022,UNNAMED,NI,AS,TS,2022-12-18 12:00:00,13.1,56.4,,,,2022,12,5839.392943818735,-0.2122398167848587,4.873747825622559,-4.54935884475708,2.0136053562164307
2022347N12074,2022,UNNAMED,NI,AS,TS,2022-12-18 15:00:00,12.6,56.0,,,,2022,12,5862.068484778187,0.154916912317276,5.832834720611572,-5.021207332611084,1.1524475812911987
2022347N12074,2022,UNNAMED,NI,AS,TS,2022-12-18 18:00:00,12.0,55.8,,,,2022,12,5862.2576899348915,-0.36518970131874084,5.523804187774658,-5.266325950622559,0.7537583112716675
2022347N12074,2022,UNNAMED,NI,AS,TS,2022-12-18 21:00:00,11.7,55.6,,,,2022,12,5838.0175219111525,0.3525935411453247,5.14229679107666,-4.441874027252197,0.44350922107696533
2022347N12074,2022,UNNAMED,NI,AS,DS,2022-12-19 00:00:00,11.6,55.4,,,,2022,12,5837.952594667904,0.361461341381073,5.136504650115967,-4.419416904449463,0.45293012261390686
2022356N09085,2022,UNNAMED,NI,BB,TS,2022-12-22 03:00:00,9.0,85.0,46.3,1004.0,Depression,2022,12,5849.634718532832,1.2679824829101562,2.5793421268463135,0.33919909596443176,2.4555881023406982
2022356N09085,2022,UNNAMED,NI,BB,TS,2022-12-22 06:00:00,9.5,84.8,46.3,1004.0,Depression,2022,12,5849.506855679565,1.1379534006118774,2.2852444648742676,-0.009532686322927475,2.1832120418548584
2022356N09085,2022,UNNAMED,NI,BB,TS,2022-12-22 09:00:00,9.7,84.6,46.3,1004.0,Depression,2022,12,5837.414853696217,2.775155782699585,1.5503015518188477,0.7456335425376892,1.2729851007461548
2022356N09085,2022,UNNAMED,NI,BB,TS,2022-12-22 12:00:00,9.8,84.5,46.3,1004.0,Depression,2022,12,5837.32762016081,2.676625967025757,1.4109419584274292,0.6338998079299927,1.1695427894592285
2022356N09085,2022,UNNAMED,NI,BB,TS,2022-12-22 15:00:00,10.0,84.3,46.3,1004.0,Depression,2022,12,5853.600060290722,2.749689817428589,-0.012514999136328697,0.3895823061466217,0.8141686320304871
2022356N09085,2022,UNNAMED,NI,BB,TS,2022-12-22 18:00:00,10.1,84.2,46.3,1004.0,Depression,2022,12,5853.639096301999,2.699833869934082,-0.06418993324041367,0.25651082396507263,0.7918532490730286
2022356N09085,2022,UNNAMED,NI,BB,TS,2022-12-22 21:00:00,10.1,84.2,46.3,1004.0,Depression,2022,12,5842.092801823253,2.6604433059692383,-0.0036797767970710993,0.8444889783859253,0.2799330949783325
2022356N09085,2022,UNNAMED,NI,BB,TS,2022-12-23 00:00:00,10.1,84.2,46.3,1004.0,Depression,2022,12,5842.092801823253,2.6604433059692383,-0.0036797767970710993,0.8444889783859253,0.2799330949783325
2022356N09085,2022,UNNAMED,NI,BB,TS,2022-12-23 03:00:00,10.1,84.2,46.3,1004.0,Depression,2022,12,5858.983046580637,3.232599973678589,-0.5935139656066895,0.5574235916137695,-0.8254655003547668
2022356N09085,2022,UNNAMED,NI,BB,TS,2022-12-23 06:00:00,10.4,84.8,46.3,1004.0,Depression,2022,12,5858.346122274172,2.95021390914917,-0.31914886832237244,0.394607275724411,-0.5522215962409973
2022356N09085,2022,UNNAMED,NI,BB,TS,2022-12-23 09:00:00,10.6,85.2,46.3,1004.0,Depression,2022,12,5845.217276032081,3.7388575077056885,-2.1682913303375244,-0.3184022605419159,-1.204031229019165
2022356N09085,2022,UNNAMED,NI,BB,TS,2022-12-23 12:00:00,10.6,85.4,46.3,1004.0,Depression,2022,12,5845.182223287259,3.7570531368255615,-2.067960262298584,-0.36647823452949524,-1.102936863899231
2022356N09085,2022,UNNAMED,NI,BB,TS,2022-12-23 15:00:00,10.5,85.5,46.3,1004.0,Depression,2022,12,5862.1310220615605,2.6029036045074463,-4.14945650100708,-1.5852141380310059,-0.745764434337616
2022356N09085,2022,UNNAMED,NI,BB,TS,2022-12-23 18:00:00,10.4,85.3,46.3,1004.0,Depression,2022,12,5862.241358542418,2.5829286575317383,-4.3091511726379395,-1.468063235282898,-0.8676022291183472
2022356N09085,2022,UNNAMED,NI,BB,TS,2022-12-23 21:00:00,10.6,84.9,46.3,1004.0,Depression,2022,12,5849.236790213784,0.5299320816993713,-5.622612476348877,-2.3388326168060303,-0.7997576594352722
2022356N09085,2022,UNNAMED,NI,BB,TS,2022-12-24 00:00:00,10.8,84.5,46.3,1004.0,Depression,2022,12,5849.508448986147,0.48928794264793396,-5.8936591148376465,-2.364229202270508,-0.9717807173728943
2022356N09085,2022,UNNAMED,NI,BB,TS,2022-12-24 03:00:00,10.7,84.2,46.3,1004.0,Depression,2022,12,5868.8364528151815,-1.2023836374282837,-5.769038677215576,-2.879425287246704,-0.3425685465335846
2022356N09085,2022,UNNAMED,NI,BB,TS,2022-12-24 06:00:00,10.4,83.7,46.3,1004.0,Depression,2022,12,5869.142766005721,-1.4791713953018188,-5.982431888580322,-2.6639280319213867,-0.44710448384284973
2022356N09085,2022,UNNAMED,NI,BB,TS,2022-12-24 09:00:00,10.0,83.3,46.3,1004.0,Depression,2022,12,5850.133821819888,-1.7958958148956299,-7.217864990234375,-2.616525411605835,-1.096706509590149
2022356N09085,2022,UNNAMED,NI,BB,TS,2022-12-24 12:00:00,9.7,83.0,46.3,1004.0,Depression,2022,12,5850.17803607756,-1.9544243812561035,-7.292076587677002,-2.406450033187866,-1.131697177886963
2022356N09085,2022,UNNAMED,NI,BB,TS,2022-12-24 15:00:00,9.5,82.7,46.3,1004.0,Depression,2022,12,5861.664581559452,-3.9608707427978516,-7.039212703704834,-2.8782033920288086,-0.6908041834831238
2022356N09085,2022,UNNAMED,NI,BB,TS,2022-12-24 18:00:00,9.3,82.5,46.3,1004.0,Depression,2022,12,5861.71477071681,-3.9891247749328613,-7.059936046600342,-2.760087728500366,-0.7247541546821594
2022356N09085,2022,UNNAMED,NI,BB,TS,2022-12-24 21:00:00,9.2,82.3,46.3,1004.0,Depression,2022,12,5849.463039748538,-5.478909492492676,-6.71704626083374,-2.222900152206421,-0.4648599624633789
2022356N09085,2022,UNNAMED,NI,BB,TS,2022-12-25 00:00:00,9.0,82.2,46.3,1004.0,Depression,2022,12,5849.265868058919,-5.526777744293213,-6.714613914489746,-2.080082654953003,-0.43200719356536865
2022356N09085,2022,UNNAMED,NI,BB,TS,2022-12-25 03:00:00,8.8,82.0,46.3,1004.0,Depression,2022,12,5871.5032497081065,-5.354435920715332,-5.930973529815674,-2.9143588542938232,-0.7918432354927063
2022356N09085,2022,UNNAMED,NI,BB,TS,2022-12-25 06:00:00,8.5,81.6,46.3,1004.0,Depression,2022,12,5871.655808813408,-5.502074718475342,-6.083251953125,-2.7928264141082764,-0.8728283643722534
2023030N08087,2023,UNNAMED,NI,BB,TS,2023-01-30 03:00:00,7.7,87.2,46.3,1004.0,Depression,2023,1,5861.346716896188,-1.8484656810760498,1.4950531721115112,-1.0672024488449097,1.0797914266586304
2023030N08087,2023,UNNAMED,NI,BB,TS,2023-01-30 06:00:00,7.9,86.6,46.3,1004.0,Depression,2023,1,5861.440721984572,-1.7835198640823364,1.4572826623916626,-1.3525868654251099,0.8968016505241394
2023030N08087,2023,UNNAMED,NI,BB,TS,2023-01-30 09:00:00,8.0,86.2,46.3,1004.0,Depression,2023,1,5847.69765605482,-2.546539306640625,0.01876324974000454,-0.594913125038147,1.2901380062103271
2023030N08087,2023,UNNAMED,NI,BB,TS,2023-01-30 12:00:00,8.0,86.0,46.3,1004.0,Depression,2023,1,5847.621973992138,-2.4584786891937256,-0.050754521042108536,-0.6107931733131409,1.2595908641815186
2023030N08087,2023,UNNAMED,NI,BB,TS,2023-01-30 15:00:00,8.1,85.6,46.3,1004.0,Depression,2023,1,5857.808779629129,-3.8618762493133545,-0.3529713451862335,-0.9634028077125549,1.2699953317642212
2023030N08087,2023,UNNAMED,NI,BB,TS,2023-01-30 18:00:00,8.1,85.3,46.3,1004.0,Depression,2023,1,5857.699239801564,-3.8387269973754883,-0.5022540092468262,-0.9770348072052002,1.1819521188735962
2023030N08087,2023,UNNAMED,NI,BB,TS,2023-01-30 21:00:00,8.1,85.1,46.3,1004.0,Depression,2023,1,5839.012143545452,-3.9717459678649902,0.39484506845474243,-1.2630348205566406,1.8390042781829834
2023030N08087,2023,UNNAMED,NI,BB,TS,2023-01-31 00:00:00,8.2,84.8,46.3,1004.0,Depression,2023,1,5839.085833974905,-4.061981678009033,0.4175425171852112,-1.3656525611877441,1.683394432067871
2023030N08087,2023,UNNAMED,NI,BB,TS,2023-01-31 03:00:00,8.4,84.3,46.3,1004.0,Depression,2023,1,5857.181016835515,-5.119564533233643,0.7692440152168274,-1.385558843612671,1.5510644912719727
2023030N08087,2023,UNNAMED,NI,BB,TS,2023-01-31 06:00:00,8.6,83.9,46.3,1004.0,Depression,2023,1,5857.580936787792,-5.000393867492676,1.0013724565505981,-1.6095952987670898,1.253926396369934
2023030N08087,2023,UNNAMED,NI,BB,TS,2023-01-31 09:00:00,8.7,83.7,46.3,1004.0,Depression,2023,1,5837.676554302438,-3.516963243484497,1.875610589981079,-0.4549522399902344,0.16083192825317383
2023030N08087,2023,UNNAMED,NI,BB,TS,2023-01-31 12:00:00,8.6,83.5,46.3,1004.0,Depression,2023,1,5837.636323311222,-3.38624906539917,1.8526380062103271,-0.32907629013061523,-0.04391995444893837
2023030N08087,2023,UNNAMED,NI,BB,TS,2023-01-31 15:00:00,8.5,83.2,46.3,1004.0,Depression,2023,1,5856.160902295891,-1.9868264198303223,1.7344423532485962,-0.651339054107666,-0.8724650144577026
2023030N08087,2023,UNNAMED,NI,BB,TS,2023-01-31 18:00:00,8.3,82.9,46.3,1004.0,Depression,2023,1,5856.167275522223,-1.7756541967391968,1.637367606163025,-0.39122268557548523,-1.1156747341156006
2023030N08087,2023,UNNAMED,NI,BB,TS,2023-01-31 21:00:00,8.2,82.8,46.3,1004.0,Depression,2023,1,5856.147757516584,-1.703287959098816,1.5904560089111328,-0.28710082173347473,-1.2156541347503662
2023030N08087,2023,UNNAMED,NI,BB,TS,2023-02-01 00:00:00,8.2,82.7,46.3,1004.0,Depression,2023,2,5836.948413194108,-1.2131162881851196,1.1161649227142334,-0.36320456862449646,-1.4887422323226929
2023030N08087,2023,UNNAMED,NI,BB,TS,2023-02-01 03:00:00,8.2,82.5,46.3,1004.0,Depression,2023,2,5857.885656671749,-1.519317626953125,0.6623628735542297,-0.7940453886985779,-1.4423694610595703
2023030N08087,2023,UNNAMED,NI,BB,TS,2023-02-01 06:00:00,8.2,82.5,46.3,1004.0,Depression,2023,2,5857.885656671749,-1.519317626953125,0.6623628735542297,-0.7940453886985779,-1.4423694610595703
2023030N08087,2023,UNNAMED,NI,BB,TS,2023-02-01 09:00:00,8.2,82.4,46.3,1004.0,Depression,2023,2,5843.047590792983,-0.5795329809188843,0.7496609687805176,-0.38741710782051086,-2.488478660583496
2023030N08087,2023,UNNAMED,NI,BB,TS,2023-02-01 12:00:00,8.2,82.3,46.3,1004.0,Depression,2023,2,5843.075473658181,-0.5741042494773865,0.7371646165847778,-0.3624876141548157,-2.5110106468200684
2023030N08087,2023,UNNAMED,NI,BB,TS,2023-02-01 15:00:00,8.2,82.2,46.3,1004.0,Depression,2023,2,5860.147753692648,-0.8835841417312622,0.5314796566963196,-1.1845189332962036,-2.434792995452881
2023030N08087,2023,UNNAMED,NI,BB,TS,2023-02-01 18:00:00,8.1,82.1,46.3,1004.0,Depression,2023,2,5860.151736959105,-0.8685754537582397,0.5123406648635864,-1.0969197750091553,-2.4803807735443115
2023030N08087,2023,UNNAMED,NI,BB,TS,2023-02-01 21:00:00,7.9,81.8,46.3,1004.0,Depression,2023,2,5842.613414749176,-1.6301445960998535,1.049707055091858,-1.4699385166168213,-2.60031795501709
2023030N08087,2023,UNNAMED,NI,BB,TS,2023-02-02 00:00:00,7.6,81.4,46.3,1004.0,Depression,2023,2,5842.45288911096,-1.5921134948730469,0.8642303347587585,-1.256656527519226,-2.628035306930542
2023030N08087,2023,UNNAMED,NI,BB,TS,2023-02-02 03:00:00,7.2,81.1,37.0,1004.0,Depression,2023,2,5864.68270255388,-2.8241477012634277,0.3919307291507721,-2.109710693359375,-2.0944485664367676
2023030N08087,2023,UNNAMED,NI,BB,TS,2023-02-02 06:00:00,6.8,80.8,37.0,1006.0,Depression,2023,2,5864.256094716341,-2.711317539215088,0.26492393016815186,-1.7579941749572754,-2.1892130374908447
2023030N08087,2023,UNNAMED,NI,BB,TS,2023-02-02 09:00:00,6.5,80.5,37.0,1006.0,Depression,2023,2,5844.184415039795,-3.304625988006592,0.0706012099981308,-1.5262701511383057,-2.2418620586395264
2023030N08087,2023,UNNAMED,NI,BB,TS,2023-02-02 12:00:00,6.3,80.3,37.0,1006.0,Depression,2023,2,5843.923112760219,-3.1359431743621826,0.012984477914869785,-1.3123080730438232,-2.2772278785705566
2023129N08091,2023,MOCHA,NI,BB,TS,2023-05-08 18:00:00,7.7,91.4,,,,2023,5,5864.307877180281,-2.234919786453247,2.5213279724121094,0.2216261476278305,1.2942249774932861
2023129N08091,2023,MOCHA,NI,BB,TS,2023-05-08 21:00:00,7.6,91.1,,,,2023,5,5852.703427011264,0.47634121775627136,1.907188057899475,0.4164382219314575,2.2144360542297363
2023129N08091,2023,MOCHA,NI,BB,TS,2023-05-09 00:00:00,7.6,90.7,,,,2023,5,5852.112310269053,0.6315593719482422,1.8953464031219482,0.5198684334754944,2.0842695236206055
2023129N08091,2023,MOCHA,NI,BB,TS,2023-05-09 03:00:00,7.6,90.1,,,,2023,5,5864.942411526872,-1.1925324201583862,0.8847441077232361,0.4443773329257965,2.364560604095459
2023129N08091,2023,MOCHA,NI,BB,TS,2023-05-09 06:00:00,7.6,89.6,,,,2023,5,5864.437333340132,-1.1637580394744873,0.6946142315864563,0.5902349352836609,1.9778809547424316
2023129N08091,2023,MOCHA,NI,BB,TS,2023-05-09 09:00:00,7.7,89.3,,,,2023,5,5850.380784340218,-1.271854281425476,0.4723403751850128,2.3105034828186035,2.409471035003662
2023129N08091,2023,MOCHA,NI,BB,TS,2023-05-09 12:00:00,7.9,89.3,46.3,1002.0,Depression,2023,5,5850.512232133297,-1.5415743589401245,0.42610466480255127,1.927996277809143,2.341521739959717
2023129N08091,2023,MOCHA,NI,BB,TS,2023-05-09 15:00:00,8.1,89.2,46.3,1002.0,Depression,2023,5,5863.704412312054,-1.7879213094711304,2.286863088607788,2.212594747543335,3.159590482711792
2023129N08091,2023,MOCHA,NI,BB,TS,2023-05-09 18:00:00,8.3,89.1,46.3,1002.0,Depression,2023,5,5863.619967063167,-1.9625324010849,2.192669630050659,1.7723968029022217,2.9525020122528076
2023129N08091,2023,MOCHA,NI,BB,TS,2023-05-09 21:00:00,8.3,89.1,51.9,1001.0,Deep Depression,2023,5,5850.977477655469,-0.9926982522010803,2.6998980045318604,3.276959180831909,3.8028059005737305
2023129N08091,2023,MOCHA,NI,BB,TS,2023-05-10 00:00:00,8.5,89.0,55.6,1000.0,Deep Depression,2023,5,5851.113307041651,-1.2009327411651611,2.5300567150115967,2.823071241378784,3.6354029178619385
2023129N08091,2023,MOCHA,NI,BB,TS,2023-05-10 03:00:00,8.8,88.7,55.6,1000.0,Deep Depression,2023,5,5863.619170409876,-0.6147457361221313,2.690006971359253,2.482113838195801,2.0639874935150146
2023129N08091,2023,MOCHA,NI,BB,TS,2023-05-10 06:00:00,9.3,88.5,55.6,999.0,Deep Depression,2023,5,5864.326200205983,-1.3091118335723877,2.494896411895752,1.4231170415878296,1.6689361333847046
2023129N08091,2023,MOCHA,NI,BB,TS,2023-05-10 09:00:00,9.7,88.4,55.6,999.0,Deep Depression,2023,5,5851.196158983955,0.3219192326068878,1.8476885557174683,1.807570219039917,1.6134625673294067
2023129N08091,2023,MOCHA,NI,BB,TS,2023-05-10 12:00:00,10.1,88.4,55.6,998.0,Deep Depression,2023,5,5851.542304839064,-0.07608725130558014,1.7893905639648438,1.1988118886947632,1.367753028869629
2023129N08091,2023,MOCHA,NI,BB,TS,2023-05-10 15:00:00,10.4,88.3,55.6,998.0,Deep Depression,2023,5,5867.702815181536,-0.048007503151893616,1.934225082397461,0.49193206429481506,1.5078617334365845
2023129N08091,2023,MOCHA,NI,BB,TS,2023-05-10 18:00:00,10.8,88.3,55.6,998.0,Deep Depression,2023,5,5868.238166193349,-0.3440414071083069,1.8329716920852661,-0.09008365869522095,1.3669164180755615
2023129N08091,2023,MOCHA,NI,BB,TS,2023-05-10 21:00:00,11.0,88.2,61.1,998.0,Deep Depression,2023,5,5862.125843815166,1.120873212814331,0.9996122717857361,0.5782812833786011,2.3814845085144043
2023129N08091,2023,MOCHA,NI,BB,TS,2023-05-11 00:00:00,11.2,88.1,64.8,997.0,Cyclonic Storm,2023,5,5862.129030428332,0.9275659918785095,0.8598922491073608,0.3157311975955963,2.172234296798706
2023129N08091,2023,MOCHA,NI,BB,TS,2023-05-11 03:00:00,11.3,88.1,64.8,996.0,Cyclonic Storm,2023,5,5872.7886497937625,1.0805763006210327,2.538790464401245,1.4407755136489868,1.3580936193466187
2023129N08091,2023,MOCHA,NI,BB,TS,2023-05-11 06:00:00,11.6,88.1,83.3,996.0,Cyclonic Storm,2023,5,5872.9870164633185,0.7421758770942688,2.4475207328796387,1.0885244607925415,1.0681737661361694
2023129N08091,2023,MOCHA,NI,BB,TS,2023-05-11 09:00:00,11.8,88.0,83.3,996.0,Cyclonic Storm,2023,5,5860.93484714454,2.7073991298675537,2.4878013134002686,2.849630832672119,1.369581937789917
2023129N08091,2023,MOCHA,NI,BB,TS,2023-05-11 12:00:00,12.1,88.1,92.6,994.0,Severe Cyclonic Storm,2023,5,5861.028453906279,2.5276763439178467,2.2694873809814453,2.520599603652954,1.1594129800796509
2023129N08091,2023,MOCHA,NI,BB,TS,2023-05-11 15:00:00,12.4,88.1,92.6,992.0,Severe Cyclonic Storm,2023,5,5869.571365476489,2.250892400741577,1.877118468284607,2.859200954437256,2.171708583831787
2023129N08091,2023,MOCHA,NI,BB,TS,2023-05-11 18:00:00,12.8,88.1,92.6,992.0,Severe Cyclonic Storm,2023,5,5869.472978795002,1.9176840782165527,1.7143934965133667,2.458498239517212,1.8870502710342407
2023129N08091,2023,MOCHA,NI,BB,TS,2023-05-11 21:00:00,13.0,88.1,111.1,986.0,Severe Cyclonic Storm,2023,5,5859.949387023092,2.5669329166412354,2.0980215072631836,3.6323251724243164,1.7610315084457397
2023129N08091,2023,MOCHA,NI,BB,TS,2023-05-12 00:00:00,13.3,88.1,120.4,982.0,Very Severe Cyclonic Storm,2023,5,5859.803201144122,2.4178717136383057,2.048860788345337,3.3842570781707764,1.5279463529586792
2023129N08091,2023,MOCHA,NI,BB,TS,2023-05-12 03:00:00,13.7,88.2,120.4,982.0,Very Severe Cyclonic Storm,2023,5,5869.644657579296,2.9543509483337402,2.049384832382202,3.752962827682495,0.4907505214214325
2023129N08091,2023,MOCHA,NI,BB,TS,2023-05-12 06:00:00,14.0,88.3,138.9,974.0,Very Severe Cyclonic Storm,2023,5,5869.258280732973,3.028996229171753,2.015139579772949,3.589858055114746,0.3624137043952942
2023129N08091,2023,MOCHA,NI,BB,TS,2023-05-12 09:00:00,14.3,88.4,157.4,970.0,Very Severe Cyclonic Storm,2023,5,5854.667974027829,4.123505115509033,1.68721342086792,5.759040355682373,-1.082584261894226
2023129N08091,2023,MOCHA,NI,BB,TS,2023-05-12 12:00:00,14.6,88.6,157.4,970.0,Very Severe Cyclonic Storm,2023,5,5854.345329444815,4.2539143562316895,1.6534768342971802,5.720619201660156,-0.8994444012641907
2023129N08091,2023,MOCHA,NI,BB,TS,2023-05-12 15:00:00,14.8,88.7,166.7,964.0,Extremely Severe Cyclonic Storm,2023,5,5868.246929379554,5.4378981590271,0.7341263890266418,4.652868747711182,-1.5722042322158813
2023129N08091,2023,MOCHA,NI,BB,TS,2023-05-12 18:00:00,15.0,88.9,185.2,954.0,Extremely Severe Cyclonic Storm,2023,5,5867.704806814764,5.472408294677734,0.9344029426574707,4.588927268981934,-1.3064205646514893
2023129N08091,2023,MOCHA,NI,BB,TS,2023-05-12 21:00:00,15.1,89.0,185.2,954.0,Extremely Severe Cyclonic Storm,2023,5,5849.202932448899,5.537208557128906,0.27171239256858826,4.788142681121826,-0.8876742124557495
2023129N08091,2023,MOCHA,NI,BB,TS,2023-05-13 00:00:00,15.4,89.1,185.2,954.0,Extremely Severe Cyclonic Storm,2023,5,5848.741670193185,5.6316728591918945,0.679972767829895,4.640680313110352,-0.7391167879104614
2023129N08091,2023,MOCHA,NI,BB,TS,2023-05-13 03:00:00,15.7,89.5,185.2,954.0,Extremely Severe Cyclonic Storm,2023,5,5859.542695517838,4.5516204833984375,2.7002625465393066,4.685253143310547,-0.08582134544849396
2023129N08091,2023,MOCHA,NI,BB,TS,2023-05-13 06:00:00,16.0,90.0,194.5,950.0,Extremely Severe Cyclonic Storm,2023,5,5858.498681379472,4.897736549377441,3.2984864711761475,4.613560676574707,0.3906586766242981
2023129N08091,2023,MOCHA,NI,BB,TS,2023-05-13 09:00:00,16.4,90.3,194.5,950.0,Extremely Severe Cyclonic Storm,2023,5,5842.999791595499,5.737743377685547,4.834660053253174,5.1063055992126465,0.13898149132728577
2023129N08091,2023,MOCHA,NI,BB,TS,2023-05-13 12:00:00,16.9,90.8,203.7,944.0,Extremely Severe Cyclonic Storm,2023,5,5842.442134291527,5.900525093078613,5.378081798553467,5.083364486694336,0.6311425566673279
2023129N08091,2023,MOCHA,NI,BB,TS,2023-05-13 15:00:00,17.4,91.0,203.7,944.0,Extremely Severe Cyclonic Storm,2023,5,5847.3662482856025,5.601559162139893,5.420766830444336,4.546778678894043,0.90927654504776
2023129N08091,2023,MOCHA,NI,BB,TS,2023-05-13 18:00:00,17.9,91.2,213.0,938.0,Extremely Severe Cyclonic Storm,2023,5,5845.860175238232,6.047089576721191,5.61275577545166,4.442042350769043,0.8211082816123962
2023129N08091,2023,MOCHA,NI,BB,TS,2023-05-13 21:00:00,18.3,91.4,213.0,938.0,Extremely Severe Cyclonic Storm,2023,5,5822.4011257667,6.4342732429504395,5.479825496673584,4.836897850036621,1.2694076299667358
2023129N08091,2023,MOCHA,NI,BB,TS,2023-05-14 00:00:00,18.7,91.7,213.0,938.0,Extremely Severe Cyclonic Storm,2023,5,5822.013952267084,6.644331455230713,5.8918938636779785,4.859918117523193,1.5968397855758667
2023129N08091,2023,MOCHA,NI,BB,TS,2023-05-14 03:00:00,19.3,92.1,203.7,944.0,Extremely Severe Cyclonic Storm,2023,5,5830.636529166433,6.660097599029541,8.474803924560547,4.413362503051758,3.0410101413726807
2023129N08091,2023,MOCHA,NI,BB,TS,2023-05-14 06:00:00,19.9,92.6,185.2,952.0,Extremely Severe Cyclonic Storm,2023,5,5828.852424120368,6.993908405303955,8.85897445678711,4.122474670410156,3.338413953781128
2023129N08091,2023,MOCHA,NI,BB,TS,2023-05-14 09:00:00,20.4,92.9,166.7,964.0,Extremely Severe Cyclonic Storm,2023,5,5813.192610371534,8.424182891845703,8.756401062011719,4.447767734527588,3.608550786972046
2023129N08091,2023,MOCHA,NI,BB,TS,2023-05-14 12:00:00,21.1,93.3,138.9,974.0,Very Severe Cyclonic Storm,2023,5,5811.093428948724,8.634770393371582,8.798628807067871,3.9830124378204346,3.2940258979797363
2023129N08091,2023,MOCHA,NI,BB,TS,2023-05-14 15:00:00,22.1,94.1,111.1,984.0,Severe Cyclonic Storm,2023,5,5813.019736607303,9.814943313598633,8.352754592895508,3.6056911945343018,3.991384983062744
2023129N08091,2023,MOCHA,NI,BB,TS,2023-05-14 18:00:00,23.3,95.2,92.6,992.0,Severe Cyclonic Storm,2023,5,5808.343780113495,9.659324645996094,8.958707809448242,3.1931047439575195,3.307220458984375
2023129N08091,2023,MOCHA,NI,BB,TS,2023-05-14 21:00:00,24.3,96.1,64.8,996.0,Cyclonic Storm,2023,5,5794.016368994509,12.11686897277832,8.02790641784668,5.6111626625061035,3.2114455699920654
2023129N08091,2023,MOCHA,NI,BB,MX,2023-05-15 00:00:00,25.1,97.8,46.3,1000.0,Depression,2023,5,5795.411308907731,12.20561695098877,8.275995254516602,5.693901538848877,4.628903388977051
2023156N10067,2023,BIPARJOY,NI,AS,TS,2023-06-05 00:00:00,10.3,66.7,,,,2023,6,5863.68808091958,1.0793695449829102,-0.21464772522449493,1.5218935012817383,0.7374417781829834
2023156N10067,2023,BIPARJOY,NI,AS,TS,2023-06-05 03:00:00,10.5,66.6,,,,2023,6,5884.607001371519,0.6380385756492615,0.11009638756513596,1.2149955034255981,0.5034341216087341
2023156N10067,2023,BIPARJOY,NI,AS,TS,2023-06-05 06:00:00,10.7,66.5,,,,2023,6,5884.750000637323,0.5909655094146729,0.11284013837575912,0.9674639105796814,0.47072115540504456
2023156N10067,2023,BIPARJOY,NI,AS,TS,2023-06-05 09:00:00,10.8,66.4,,,,2023,6,5867.160692616745,1.484248161315918,-0.47827672958374023,1.1492822170257568,-0.01104462519288063
2023156N10067,2023,BIPARJOY,NI,AS,TS,2023-06-05 12:00:00,11.0,66.3,,,,2023,6,5867.201321934606,1.4946800470352173,-0.4497622549533844,1.0044488906860352,-0.060795072466135025
2023156N10067,2023,BIPARJOY,NI,AS,TS,2023-06-05 15:00:00,11.2,66.2,,,,2023,6,5886.836833934117,1.1801691055297852,0.3049854040145874,0.48996925354003906,0.0262878630310297
2023156N10067,2023,BIPARJOY,NI,AS,TS,2023-06-05 18:00:00,11.4,66.1,,,,2023,6,5886.854360306527,1.1831378936767578,0.3529919683933258,0.3645077645778656,0.024602845311164856
2023156N10067,2023,BIPARJOY,NI,AS,TS,2023-06-05 21:00:00,11.5,66.0,,,,2023,6,5865.306083754392,2.159109115600586,-0.6912589073181152,1.0842828750610352,1.2248077392578125
2023156N10067,2023,BIPARJOY,NI,AS,TS,2023-06-06 00:00:00,11.5,66.0,46.3,1000.0,Depression,2023,6,5865.306083754392,2.159109115600586,-0.6912589073181152,1.0842828750610352,1.2248077392578125
2023156N10067,2023,BIPARJOY,NI,AS,TS,2023-06-06 03:00:00,11.7,66.0,46.3,1000.0,Depression,2023,6,5885.580910020241,0.7064145803451538,-0.4239848554134369,1.5338078737258911,0.2357541024684906
2023156N10067,2023,BIPARJOY,NI,AS,TS,2023-06-06 06:00:00,11.9,65.9,55.6,999.0,Deep Depression,2023,6,5885.52554261649,0.7857499718666077,-0.32971662282943726,1.4401291608810425,0.3040710985660553
2023156N10067,2023,BIPARJOY,NI,AS,TS,2023-06-06 09:00:00,12.0,66.0,61.1,999.0,Deep Depression,2023,6,5864.720941911866,1.9970508813858032,-0.34264513850212097,2.8487226963043213,-0.38754725456237793
2023156N10067,2023,BIPARJOY,NI,AS,TS,2023-06-06 12:00:00,12.2,66.0,64.8,998.0,Cyclonic Storm,2023,6,5864.787462461697,2.00658917427063,-0.3586101233959198,2.654705286026001,-0.40363338589668274
2023156N10067,2023,BIPARJOY,NI,AS,TS,2023-06-06 15:00:00,12.3,66.0,64.8,998.0,Cyclonic Storm,2023,6,5883.522756241939,1.4425748586654663,0.20948441326618195,2.4145591259002686,-0.3375277519226074
2023156N10067,2023,BIPARJOY,NI,AS,TS,2023-06-06 18:00:00,12.5,66.1,74.1,996.0,Cyclonic Storm,2023,6,5883.3235929190905,1.4651315212249756,0.13903363049030304,2.2428841590881348,-0.49736958742141724
2023156N10067,2023,BIPARJOY,NI,AS,TS,2023-06-06 21:00:00,12.5,66.2,83.3,996.0,Cyclonic Storm,2023,6,5861.481351302433,1.7600983381271362,0.27927225828170776,3.143709421157837,0.32865267992019653
2023156N10067,2023,BIPARJOY,NI,AS,TS,2023-06-07 00:00:00,12.6,66.3,101.9,990.0,Severe Cyclonic Storm,2023,6,5861.52317560023,1.7558375597000122,0.14274747669696808,3.115114212036133,0.19419066607952118
2023156N10067,2023,BIPARJOY,NI,AS,TS,2023-06-07 03:00:00,12.8,66.3,111.1,988.0,Severe Cyclonic Storm,2023,6,5875.655804989472,1.0346194505691528,-0.009764088317751884,1.9157662391662598,-0.45941662788391113
2023156N10067,2023,BIPARJOY,NI,AS,TS,2023-06-07 06:00:00,13.0,66.4,120.4,983.0,Very Severe Cyclonic Storm,2023,6,5875.725910479114,0.9963540434837341,0.028958367183804512,1.8027681112289429,-0.5955011248588562
2023156N10067,2023,BIPARJOY,NI,AS,TS,2023-06-07 09:00:00,13.2,66.3,120.4,983.0,Very Severe Cyclonic Storm,2023,6,5860.399894459372,1.7103482484817505,-1.0083520412445068,1.468654990196228,-0.8540816307067871
2023156N10067,2023,BIPARJOY,NI,AS,TS,2023-06-07 12:00:00,13.3,66.2,120.4,983.0,Very Severe Cyclonic Storm,2023,6,5860.479559788511,1.7439565658569336,-0.8992630839347839,1.3937029838562012,-0.835366427898407
2023156N10067,2023,BIPARJOY,NI,AS,TS,2023-06-07 15:00:00,13.4,66.2,120.4,983.0,Very Severe Cyclonic Storm,2023,6,5881.741837809038,0.5128244161605835,-0.6988052129745483,1.2093302011489868,-0.6839761734008789
2023156N10067,2023,BIPARJOY,NI,AS,TS,2023-06-07 18:00:00,13.6,66.1,129.6,980.0,Very Severe Cyclonic Storm,2023,6,5881.825486404634,0.5041343569755554,-0.7113205790519714,1.0562119483947754,-0.7671930193901062
2023156N10067,2023,BIPARJOY,NI,AS,TS,2023-06-07 21:00:00,13.6,66.0,129.6,980.0,Very Severe Cyclonic Storm,2023,6,5864.497480663632,0.723821759223938,0.5183961987495422,1.0883949995040894,-0.26090574264526367
2023156N10067,2023,BIPARJOY,NI,AS,TS,2023-06-08 00:00:00,13.8,66.1,138.9,978.0,Very Severe Cyclonic Storm,2023,6,5864.393915735751,0.686241626739502,0.3316192626953125,0.8875990509986877,-0.40704667568206787
2023156N10067,2023,BIPARJOY,NI,AS,TS,2023-06-08 03:00:00,13.9,66.0,138.9,978.0,Very Severe Cyclonic Storm,2023,6,5880.924869858719,1.018086314201355,0.9115645289421082,1.0126967430114746,-0.28910887241363525
2023156N10067,2023,BIPARJOY,NI,AS,TS,2023-06-08 06:00:00,14.0,66.0,138.9,978.0,Very Severe Cyclonic Storm,2023,6,5880.78226891956,1.0688368082046509,0.9045760631561279,0.9892185926437378,-0.31761547923088074
2023156N10067,2023,BIPARJOY,NI,AS,TS,2023-06-08 09:00:00,14.2,66.0,138.9,978.0,Very Severe Cyclonic Storm,2023,6,5867.690865382165,2.889984607696533,1.6599019765853882,1.3805298805236816,-0.772199809551239
2023156N10067,2023,BIPARJOY,NI,AS,TS,2023-06-08 12:00:00,14.3,66.0,138.9,978.0,Very Severe Cyclonic Storm,2023,6,5867.680907216022,3.0201010704040527,1.639195442199707,1.4025920629501343,-0.7873896956443787
2023156N10067,2023,BIPARJOY,NI,AS,TS,2023-06-08 15:00:00,14.4,66.0,138.9,978.0,Very Severe Cyclonic Storm,2023,6,5879.337538175626,3.32743239402771,2.040116786956787,0.6958726048469543,-1.0210007429122925
2023156N10067,2023,BIPARJOY,NI,AS,TS,2023-06-08 18:00:00,14.6,66.1,138.9,978.0,Very Severe Cyclonic Storm,2023,6,5879.390515619503,3.4146621227264404,1.90866219997406,0.6549333333969116,-1.072648525238037
2023156N10067,2023,BIPARJOY,NI,AS,TS,2023-06-08 21:00:00,14.6,66.1,138.9,978.0,Very Severe Cyclonic Storm,2023,6,5859.1945580295005,3.2098214626312256,2.486222982406616,1.2239902019500732,-0.07477383315563202
2023156N10067,2023,BIPARJOY,NI,AS,TS,2023-06-09 00:00:00,14.8,66.3,138.9,978.0,Very Severe Cyclonic Storm,2023,6,5859.346320481511,3.305793046951294,2.361715793609619,1.153092384338379,-0.1969410628080368
2023156N10067,2023,BIPARJOY,NI,AS,TS,2023-06-09 03:00:00,14.8,66.5,129.6,980.0,Very Severe Cyclonic Storm,2023,6,5874.208684285663,3.3353002071380615,2.0391311645507812,1.5179164409637451,-0.4949163794517517
2023156N10067,2023,BIPARJOY,NI,AS,TS,2023-06-09 06:00:00,15.0,66.8,129.6,980.0,Very Severe Cyclonic Storm,2023,6,5874.001156103257,3.487248420715332,1.7499569654464722,1.3913569450378418,-0.5766772627830505
2023156N10067,2023,BIPARJOY,NI,AS,TS,2023-06-09 09:00:00,15.3,67.0,129.6,980.0,Very Severe Cyclonic Storm,2023,6,5852.291557259615,4.958540916442871,1.0314911603927612,2.3885698318481445,-0.7559897899627686
2023156N10067,2023,BIPARJOY,NI,AS,TS,2023-06-09 12:00:00,15.6,67.2,120.4,982.0,Very Severe Cyclonic Storm,2023,6,5852.236588182509,4.920373916625977,0.6452496647834778,2.4035487174987793,-0.9261667132377625
2023156N10067,2023,BIPARJOY,NI,AS,TS,2023-06-09 15:00:00,15.9,67.3,120.4,982.0,Very Severe Cyclonic Storm,2023,6,5860.631720567167,4.453617572784424,0.17558148503303528,1.7013694047927856,-0.7520344257354736
2023156N10067,2023,BIPARJOY,NI,AS,TS,2023-06-09 18:00:00,16.2,67.4,129.6,978.0,Very Severe Cyclonic Storm,2023,6,5860.260878460025,4.48884391784668,-0.07841760665178299,1.7921847105026245,-0.9217768907546997
2023156N10067,2023,BIPARJOY,NI,AS,TS,2023-06-09 21:00:00,16.3,67.4,129.6,976.0,Very Severe Cyclonic Storm,2023,6,5841.536339499217,3.907898426055908,-0.16381870210170746,2.0169811248779297,-0.6206739544868469
2023156N10067,2023,BIPARJOY,NI,AS,TS,2023-06-10 00:00:00,16.5,67.4,138.9,974.0,Very Severe Cyclonic Storm,2023,6,5841.1045534152845,3.9430105686187744,-0.18627147376537323,2.049135446548462,-0.6517488956451416
2023156N10067,2023,BIPARJOY,NI,AS,TS,2023-06-10 03:00:00,16.6,67.3,138.9,972.0,Very Severe Cyclonic Storm,2023,6,5857.2941416028925,2.8268496990203857,2.284151315689087,2.0205771923065186,0.011708577163517475
2023156N10067,2023,BIPARJOY,NI,AS,TS,2023-06-10 06:00:00,16.7,67.3,138.9,970.0,Very Severe Cyclonic Storm,2023,6,5857.155523930191,2.8172733783721924,2.2688915729522705,2.0333497524261475,-0.013724172487854958
2023156N10067,2023,BIPARJOY,NI,AS,TS,2023-06-10 09:00:00,16.9,67.4,148.2,966.0,Very Severe Cyclonic Storm,2023,6,5835.950206619998,4.671992778778076,2.7005982398986816,2.192209243774414,-0.5438966155052185
2023156N10067,2023,BIPARJOY,NI,AS,TS,2023-06-10 12:00:00,17.2,67.3,148.2,964.0,Very Severe Cyclonic Storm,2023,6,5835.556261567406,4.7461466789245605,2.686023235321045,2.225651264190674,-0.4988016188144684
2023156N10067,2023,BIPARJOY,NI,AS,TS,2023-06-10 15:00:00,17.4,67.3,148.2,964.0,Very Severe Cyclonic Storm,2023,6,5850.043003344669,4.271496295928955,1.3991367816925049,2.479395627975464,0.13523009419441223
2023156N10067,2023,BIPARJOY,NI,AS,TS,2023-06-10 18:00:00,17.5,67.4,157.4,962.0,Very Severe Cyclonic Storm,2023,6,5849.889249259431,4.245875358581543,1.2120238542556763,2.488325357437134,-0.00721167866140604
2023156N10067,2023,BIPARJOY,NI,AS,TS,2023-06-10 21:00:00,17.6,67.4,157.4,962.0,Very Severe Cyclonic Storm,2023,6,5827.2009618473185,3.339688301086426,-0.5463275909423828,2.2214252948760986,0.007196352351456881
2023156N10067,2023,BIPARJOY,NI,AS,TS,2023-06-11 00:00:00,17.8,67.6,166.7,960.0,Extremely Severe Cyclonic Storm,2023,6,5827.192596987758,3.307924747467041,-0.4450356364250183,2.202181339263916,0.09419064968824387
2023156N10067,2023,BIPARJOY,NI,AS,TS,2023-06-11 03:00:00,18.0,67.7,166.7,958.0,Extremely Severe Cyclonic Storm,2023,6,5844.812576160055,1.1596899032592773,1.826258897781372,2.443469285964966,0.5497450828552246
2023156N10067,2023,BIPARJOY,NI,AS,TS,2023-06-11 06:00:00,18.3,67.8,166.7,958.0,Extremely Severe Cyclonic Storm,2023,6,5844.553663840354,1.1318639516830444,1.848527193069458,2.4908254146575928,0.6500401496887207
2023156N10067,2023,BIPARJOY,NI,AS,TS,2023-06-11 09:00:00,18.5,67.8,166.7,958.0,Extremely Severe Cyclonic Storm,2023,6,5826.1059618983045,3.2262864112854004,1.71163809299469,2.6945831775665283,-0.24041441082954407
2023156N10067,2023,BIPARJOY,NI,AS,TS,2023-06-11 12:00:00,18.7,67.8,166.7,958.0,Extremely Severe Cyclonic Storm,2023,6,5826.10357193843,3.166682720184326,1.526913046836853,2.6680896282196045,-0.25518572330474854
2023156N10067,2023,BIPARJOY,NI,AS,TS,2023-06-11 15:00:00,18.8,67.8,166.7,958.0,Extremely Severe Cyclonic Storm,2023,6,5844.963143632128,2.537889003753662,0.9178973436355591,2.0302505493164062,-0.6044263243675232
2023156N10067,2023,BIPARJOY,NI,AS,TS,2023-06-11 18:00:00,18.9,67.8,166.7,958.0,Extremely Severe Cyclonic Storm,2023,6,5845.022892628982,2.449723720550537,0.8155763149261475,1.9622541666030884,-0.696564793586731
2023156N10067,2023,BIPARJOY,NI,AS,TS,2023-06-11 21:00:00,19.0,67.7,166.7,958.0,Extremely Severe Cyclonic Storm,2023,6,5822.418253812464,1.417741298675537,0.9872631430625916,1.4881608486175537,-0.16919158399105072
2023156N10067,2023,BIPARJOY,NI,AS,TS,2023-06-12 00:00:00,19.2,67.7,166.7,958.0,Extremely Severe Cyclonic Storm,2023,6,5822.548108298961,1.2795071601867676,0.9928280115127563,1.4324030876159668,-0.22147521376609802
2023156N10067,2023,BIPARJOY,NI,AS,TS,2023-06-12 03:00:00,19.4,67.6,166.7,958.0,Extremely Severe Cyclonic Storm,2023,6,5837.005373904442,0.31537511944770813,1.3478567600250244,2.1039342880249023,-0.7139643430709839
2023156N10067,2023,BIPARJOY,NI,AS,TS,2023-06-12 06:00:00,19.7,67.5,166.7,958.0,Extremely Severe Cyclonic Storm,2023,6,5837.114913732009,0.2679704427719116,1.3904242515563965,1.9943203926086426,-0.7322849035263062
2023156N10067,2023,BIPARJOY,NI,AS,TS,2023-06-12 09:00:00,19.8,67.4,166.7,958.0,Extremely Severe Cyclonic Storm,2023,6,5826.005981910234,2.103254795074463,0.9884635806083679,1.831053614616394,-0.889253556728363
2023156N10067,2023,BIPARJOY,NI,AS,TS,2023-06-12 12:00:00,19.9,67.3,166.7,960.0,Extremely Severe Cyclonic Storm,2023,6,5826.135438070085,2.1135542392730713,0.9022827744483948,1.7507582902908325,-0.9077187180519104
2023156N10067,2023,BIPARJOY,NI,AS,TS,2023-06-12 15:00:00,20.0,67.2,166.7,960.0,Extremely Severe Cyclonic Storm,2023,6,5847.860571652909,1.3882029056549072,-1.2988790273666382,1.5770186185836792,-0.16500046849250793
2023156N10067,2023,BIPARJOY,NI,AS,TS,2023-06-12 18:00:00,20.2,67.2,157.4,962.0,Very Severe Cyclonic Storm,2023,6,5848.259694951896,1.3259958028793335,-1.487870216369629,1.5634280443191528,-0.2256050705909729
2023156N10067,2023,BIPARJOY,NI,AS,TS,2023-06-12 21:00:00,20.4,67.2,157.4,962.0,Very Severe Cyclonic Storm,2023,6,5831.1212926942435,-1.1101086139678955,-1.6377719640731812,2.213996648788452,0.21076270937919617
2023156N10067,2023,BIPARJOY,NI,AS,TS,2023-06-13 00:00:00,20.7,67.0,157.4,962.0,Very Severe Cyclonic Storm,2023,6,5831.229637541873,-1.337044358253479,-1.7537446022033691,2.2422337532043457,0.06378215551376343
2023156N10067,2023,BIPARJOY,NI,AS,TS,2023-06-13 03:00:00,20.9,66.9,157.4,962.0,Very Severe Cyclonic Storm,2023,6,5846.84284707316,-1.501519799232483,1.0366121530532837,3.278695821762085,0.471309632062912
2023156N10067,2023,BIPARJOY,NI,AS,TS,2023-06-13 06:00:00,21.0,66.8,157.4,962.0,Very Severe Cyclonic Storm,2023,6,5846.657625182912,-1.4940699338912964,1.030694603919983,3.2587924003601074,0.3701641857624054
2023156N10067,2023,BIPARJOY,NI,AS,TS,2023-06-13 09:00:00,21.1,66.5,157.4,962.0,Very Severe Cyclonic Storm,2023,6,5833.720772384046,1.0017365217208862,0.04458196461200714,3.274808168411255,-0.7444376945495605
2023156N10067,2023,BIPARJOY,NI,AS,TS,2023-06-13 12:00:00,21.2,66.5,157.4,962.0,Very Severe Cyclonic Storm,2023,6,5833.757020108804,1.113416075706482,0.0019849876407533884,3.3217544555664062,-0.7431973814964294
2023156N10067,2023,BIPARJOY,NI,AS,TS,2023-06-13 15:00:00,21.3,66.4,157.4,962.0,Very Severe Cyclonic Storm,2023,6,5853.011333508385,1.401888132095337,-1.337289810180664,3.616128921508789,-0.5283616185188293
2023156N10067,2023,BIPARJOY,NI,AS,TS,2023-06-13 18:00:00,21.5,66.4,157.4,962.0,Very Severe Cyclonic Storm,2023,6,5852.864350976124,1.45485520362854,-1.5491420030593872,3.677450656890869,-0.5373363494873047
2023156N10067,2023,BIPARJOY,NI,AS,TS,2023-06-13 21:00:00,21.5,66.3,157.4,964.0,Very Severe Cyclonic Storm,2023,6,5834.335788724999,0.577065646648407,-1.166756272315979,4.94040584564209,0.687789797782898
2023156N10067,2023,BIPARJOY,NI,AS,TS,2023-06-14 00:00:00,21.6,66.3,148.2,966.0,Very Severe Cyclonic Storm,2023,6,5834.324635578919,0.562428891658783,-1.1706773042678833,4.978332996368408,0.7017892599105835
2023156N10067,2023,BIPARJOY,NI,AS,TS,2023-06-14 03:00:00,21.6,66.3,148.2,966.0,Very Severe Cyclonic Storm,2023,6,5853.5084451622115,1.3305866718292236,0.3451865017414093,5.912325382232666,1.2950263023376465
2023156N10067,2023,BIPARJOY,NI,AS,TS,2023-06-14 06:00:00,21.6,66.4,148.2,966.0,Very Severe Cyclonic Storm,2023,6,5853.494105402967,1.366593360900879,0.4337000548839569,5.9884867668151855,1.3644107580184937
2023156N10067,2023,BIPARJOY,NI,AS,TS,2023-06-14 09:00:00,21.7,66.6,148.2,966.0,Very Severe Cyclonic Storm,2023,6,5835.600475825078,3.396121025085449,-0.5901204943656921,5.8324875831604,-0.034426674246788025
2023156N10067,2023,BIPARJOY,NI,AS,TS,2023-06-14 12:00:00,21.9,66.7,138.9,970.0,Very Severe Cyclonic Storm,2023,6,5835.551481647658,3.4693057537078857,-0.44481098651885986,5.946284294128418,0.11942744255065918
2023156N10067,2023,BIPARJOY,NI,AS,TS,2023-06-14 15:00:00,22.1,66.8,129.6,974.0,Very Severe Cyclonic Storm,2023,6,5850.485544248036,3.075289487838745,-1.3604182004928589,5.236259460449219,0.13867637515068054
2023156N10067,2023,BIPARJOY,NI,AS,TS,2023-06-14 18:00:00,22.2,66.8,129.6,974.0,Very Severe Cyclonic Storm,2023,6,5850.332985142735,3.1089015007019043,-1.3249096870422363,5.268070220947266,0.24489963054656982
2023156N10067,2023,BIPARJOY,NI,AS,TS,2023-06-14 21:00:00,22.3,66.8,129.6,974.0,Very Severe Cyclonic Storm,2023,6,5826.879113917597,2.4353573322296143,-1.759544014930725,7.331821918487549,2.6897971630096436
2023156N10067,2023,BIPARJOY,NI,AS,TS,2023-06-15 00:00:00,22.3,67.0,129.6,974.0,Very Severe Cyclonic Storm,2023,6,5826.870749058037,2.5276100635528564,-1.6536469459533691,7.354107856750488,2.7022030353546143
2023156N10067,2023,BIPARJOY,NI,AS,TS,2023-06-15 03:00:00,22.5,67.1,129.6,974.0,Very Severe Cyclonic Storm,2023,6,5849.115698913492,2.4479944705963135,1.0517375469207764,7.41847038269043,2.0821657180786133
2023156N10067,2023,BIPARJOY,NI,AS,TS,2023-06-15 06:00:00,22.6,67.3,120.4,976.0,Very Severe Cyclonic Storm,2023,6,5849.0842311084825,2.589078664779663,1.1382253170013428,7.527248859405518,2.0763559341430664
2023156N10067,2023,BIPARJOY,NI,AS,TS,2023-06-15 09:00:00,22.7,67.7,120.4,976.0,Very Severe Cyclonic Storm,2023,6,5840.289577098194,6.252583026885986,1.4111460447311401,7.176700115203857,0.935727059841156
2023156N10067,2023,BIPARJOY,NI,AS,TS,2023-06-15 12:00:00,22.8,68.1,120.4,976.0,Very Severe Cyclonic Storm,2023,6,5840.062929236794,6.4994587898254395,1.4888129234313965,7.2339348793029785,0.9893359541893005
2023156N10067,2023,BIPARJOY,NI,AS,TS,2023-06-15 15:00:00,23.1,68.4,120.4,976.0,Very Severe Cyclonic Storm,2023,6,5852.252919574983,5.544027328491211,-1.1814271211624146,5.962591648101807,-0.1298980712890625
2023156N10067,2023,BIPARJOY,NI,AS,TS,2023-06-15 18:00:00,23.3,68.6,111.1,980.0,Severe Cyclonic Storm,2023,6,5851.746248081659,5.679054260253906,-1.263921856880188,5.947419166564941,-0.09441960602998734
2023156N10067,2023,BIPARJOY,NI,AS,TS,2023-06-15 21:00:00,23.4,68.8,92.6,982.0,Severe Cyclonic Storm,2023,6,5833.167894999822,3.901695489883423,-1.0926673412322998,5.12000846862793,1.6932317018508911
2023156N10067,2023,BIPARJOY,NI,AS,TS,2023-06-16 00:00:00,23.5,69.1,92.6,978.0,Severe Cyclonic Storm,2023,6,5832.979088169763,4.0484700202941895,-1.161292314529419,5.148949146270752,1.529854416847229
2023156N10067,2023,BIPARJOY,NI,AS,TS,2023-06-16 03:00:00,23.5,69.4,83.3,978.0,Cyclonic Storm,2023,6,5850.4373467239075,2.9286844730377197,0.8586977124214172,5.7543110847473145,2.061213731765747
2023156N10067,2023,BIPARJOY,NI,AS,TS,2023-06-16 06:00:00,23.7,69.7,74.1,980.0,Cyclonic Storm,2023,6,5850.075267802971,3.080415725708008,0.8630741238594055,5.811850070953369,1.9426324367523193
2023156N10067,2023,BIPARJOY,NI,AS,TS,2023-06-16 09:00:00,23.9,70.0,74.1,984.0,Cyclonic Storm,2023,6,5840.6524526724215,4.646339416503906,0.16289906203746796,5.170423984527588,0.08148247003555298
2023156N10067,2023,BIPARJOY,NI,AS,TS,2023-06-16 12:00:00,24.2,70.4,64.8,986.0,Cyclonic Storm,2023,6,5840.225844834883,4.878567218780518,0.0503496415913105,5.131325721740723,-0.04910745471715927
2023156N10067,2023,BIPARJOY,NI,AS,TS,2023-06-16 15:00:00,24.5,70.7,64.8,987.0,Cyclonic Storm,2023,6,5858.820529309193,3.0072765350341797,-2.0383005142211914,3.7596828937530518,-0.6051086783409119
2023156N10067,2023,BIPARJOY,NI,AS,TS,2023-06-16 18:00:00,24.6,70.9,55.6,988.0,Deep Depression,2023,6,5858.717761034604,3.1924095153808594,-2.041856050491333,3.8533084392547607,-0.6572976112365723
2023156N10067,2023,BIPARJOY,NI,AS,TS,2023-06-16 21:00:00,24.7,71.0,55.6,988.0,Deep Depression,2023,6,5840.507063446743,2.896578311920166,-1.48465096950531,4.170330047607422,0.5138602256774902
2023156N10067,2023,BIPARJOY,NI,AS,TS,2023-06-17 00:00:00,24.8,71.2,55.6,988.0,Deep Depression,2023,6,5840.403896845508,3.0813076496124268,-1.49813711643219,4.2785725593566895,0.530053973197937
2023156N10067,2023,BIPARJOY,NI,AS,TS,2023-06-17 03:00:00,25.0,71.5,55.6,988.0,Deep Depression,2023,6,5865.521180143067,2.43607759475708,-0.26583564281463623,5.0537896156311035,0.7957309484481812
2023156N10067,2023,BIPARJOY,NI,AS,TS,2023-06-17 06:00:00,25.3,71.9,55.6,989.0,Deep Depression,2023,6,5865.122853497372,2.8687963485717773,-0.42948320508003235,5.291372776031494,0.7960994839668274
2023156N10067,2023,BIPARJOY,NI,AS,TS,2023-06-17 09:00:00,25.5,72.2,51.9,990.0,Deep Depression,2023,6,5851.701635497341,3.2456417083740234,-1.3605486154556274,5.249258518218994,-1.3297895193099976
2023156N10067,2023,BIPARJOY,NI,AS,TS,2023-06-17 12:00:00,25.6,72.5,46.3,990.0,Depression,2023,6,5851.532346672921,3.400390625,-1.503953218460083,5.368241786956787,-1.5179940462112427
2023156N10067,2023,BIPARJOY,NI,AS,TS,2023-06-17 15:00:00,25.7,72.7,46.3,991.0,Depression,2023,6,5869.702813269568,2.4794671535491943,-1.3022849559783936,3.4858572483062744,-1.3477076292037964
2023156N10067,2023,BIPARJOY,NI,AS,TS,2023-06-17 18:00:00,25.8,72.8,46.3,991.0,Depression,2023,6,5869.513209786217,2.589393138885498,-1.3238109350204468,3.569176197052002,-1.3964661359786987
2023156N10067,2023,BIPARJOY,NI,AS,TS,2023-06-17 21:00:00,25.9,73.0,46.3,991.0,Depression,2023,6,5853.750627762794,2.688706159591675,-0.904695451259613,3.7659664154052734,0.3947163224220276
2023156N10067,2023,BIPARJOY,NI,AS,TS,2023-06-18 00:00:00,26.0,73.3,46.3,991.0,Depression,2023,6,5853.276220727772,2.9090030193328857,-1.0029716491699219,3.8333396911621094,0.2958964407444
2023156N10067,2023,BIPARJOY,NI,AS,TS,2023-06-18 03:00:00,26.2,73.8,46.3,992.0,Depression,2023,6,5869.072262189433,2.839825391769409,0.05744018405675888,4.585087776184082,-0.18978118896484375
2023156N10067,2023,BIPARJOY,NI,AS,TS,2023-06-18 06:00:00,26.3,74.0,46.3,994.0,Depression,2023,6,5868.7850686778875,3.0710699558258057,0.01948089711368084,4.760611534118652,-0.2168344110250473
2023156N10067,2023,BIPARJOY,NI,AS,TS,2023-06-18 09:00:00,26.3,74.3,42.6,995.0,Depression,2023,6,5856.140587636961,4.404696464538574,-1.4925917387008667,4.825334072113037,-1.6067326068878174
2023156N10067,2023,BIPARJOY,NI,AS,TS,2023-06-18 12:00:00,26.3,74.7,37.0,995.0,Depression,2023,6,5855.919914675246,4.4964423179626465,-1.4290168285369873,4.991219520568848,-1.6770094633102417
2023156N10067,2023,BIPARJOY,NI,AS,TS,2023-06-18 15:00:00,26.3,74.9,37.0,995.0,Depression,2023,6,5870.7850667659195,2.286741256713867,-2.9489989280700684,3.142458200454712,-1.455944538116455
2023156N10067,2023,BIPARJOY,NI,AS,TS,2023-06-18 18:00:00,26.3,75.2,37.0,995.0,Depression,2023,6,5870.337347616159,2.406269073486328,-2.80668044090271,3.1701467037200928,-1.5664410591125488
2023156N10067,2023,BIPARJOY,NI,AS,TS,2023-06-18 21:00:00,26.3,75.6,37.0,995.0,Depression,2023,6,5851.083034216578,2.4922688007354736,-3.547527551651001,3.946711778640747,-0.6853371262550354
2023156N10067,2023,BIPARJOY,NI,AS,TS,2023-06-19 00:00:00,26.3,76.0,37.0,995.0,Depression,2023,6,5850.606237221681,2.8047878742218018,-3.3875255584716797,4.019320011138916,-0.8014851212501526
2023160N20092,2023,UNNAMED,NI,BB,TS,2023-06-08 12:00:00,19.5,92.1,,,,2023,6,5848.821335522324,2.103581190109253,2.1882896423339844,3.6207435131073,-0.30176204442977905
2023160N20092,2023,UNNAMED,NI,BB,TS,2023-06-08 15:00:00,19.5,91.9,,,,2023,6,5853.427983179781,2.376868486404419,0.9846456050872803,4.105760097503662,-0.07669531553983688
2023160N20092,2023,UNNAMED,NI,BB,TS,2023-06-08 18:00:00,19.6,91.7,,,,2023,6,5853.381378962235,2.4573299884796143,0.916244387626648,4.021212100982666,-0.03317064046859741
2023160N20092,2023,UNNAMED,NI,BB,TS,2023-06-08 21:00:00,19.7,91.6,,,,2023,6,5839.091410547945,1.051384449005127,1.3563148975372314,5.156569957733154,1.1796035766601562
2023160N20092,2023,UNNAMED,NI,BB,TS,2023-06-09 00:00:00,19.8,91.5,,,,2023,6,5838.924910010044,0.997844934463501,1.3853193521499634,5.14707088470459,1.158043384552002
2023160N20092,2023,UNNAMED,NI,BB,TS,2023-06-09 03:00:00,19.9,91.5,,,,2023,6,5846.6560318763295,0.8381879925727844,2.805020570755005,5.824154853820801,-0.12091360241174698
2023160N20092,2023,UNNAMED,NI,BB,TS,2023-06-09 06:00:00,19.9,91.5,,,,2023,6,5846.6560318763295,0.8381879925727844,2.805020570755005,5.824154853820801,-0.12091360241174698
2023160N20092,2023,UNNAMED,NI,BB,TS,2023-06-09 09:00:00,19.9,91.5,,,,2023,6,5837.9382549086595,3.4661409854888916,2.368105888366699,4.350868225097656,-0.5247380137443542
2023160N20092,2023,UNNAMED,NI,BB,TS,2023-06-09 12:00:00,20.0,91.5,,,,2023,6,5837.855402966355,3.4092230796813965,2.4064929485321045,4.305652618408203,-0.5191534757614136
2023160N20092,2023,UNNAMED,NI,BB,TS,2023-06-09 15:00:00,20.0,91.5,,,,2023,6,5841.625564667854,3.923931360244751,0.348600298166275,4.4542765617370605,0.03565378859639168
2023160N20092,2023,UNNAMED,NI,BB,TS,2023-06-09 18:00:00,20.2,91.6,,,,2023,6,5841.4817687487575,3.8571412563323975,0.4876978397369385,4.377398490905762,0.12919379770755768
2023160N20092,2023,UNNAMED,NI,BB,TS,2023-06-09 21:00:00,20.6,91.7,,,,2023,6,5828.793073450159,1.9257800579071045,1.0757598876953125,5.778924465179443,0.6709148287773132
2023160N20092,2023,UNNAMED,NI,BB,TS,2023-06-10 00:00:00,21.0,91.8,,,,2023,6,5828.364075652747,1.8288499116897583,1.3074029684066772,5.624692916870117,0.7787442207336426
2023160N20092,2023,UNNAMED,NI,BB,TS,2023-06-10 03:00:00,21.4,91.7,,,,2023,6,5839.635126419318,1.7131975889205933,2.581411361694336,5.238047122955322,0.14190419018268585
2023160N20092,2023,UNNAMED,NI,BB,TS,2023-06-10 06:00:00,21.8,91.4,,,,2023,6,5838.769164291578,1.8895220756530762,2.5645365715026855,5.186603546142578,0.07341697812080383
2023212N19090,2023,UNNAMED,NI,BB,TS,2023-07-30 12:00:00,19.0,90.0,,,,2023,7,5835.651063309081,2.3786094188690186,-0.8321237564086914,5.460691452026367,1.1414903402328491
2023212N19090,2023,UNNAMED,NI,BB,TS,2023-07-30 15:00:00,18.8,90.2,,,,2023,7,5845.127652536799,2.24550199508667,0.7054806351661682,6.5853657722473145,0.7357402443885803
2023212N19090,2023,UNNAMED,NI,BB,TS,2023-07-30 18:00:00,18.7,90.5,,,,2023,7,5845.135220743067,2.4147262573242188,0.9083831310272217,6.711390972137451,1.0248390436172485
2023212N19090,2023,UNNAMED,NI,BB,TS,2023-07-30 21:00:00,18.6,90.8,,,,2023,7,5832.06891178435,2.921011209487915,1.7179487943649292,6.420586585998535,0.9753004312515259
2023212N19090,2023,UNNAMED,NI,BB,TS,2023-07-31 00:00:00,18.6,91.0,,,,2023,7,5832.2123093768005,2.928690195083618,1.8417248725891113,6.403375148773193,1.1417258977890015
2023212N19090,2023,UNNAMED,NI,BB,TS,2023-07-31 03:00:00,18.6,91.2,,,,2023,7,5844.498296436602,3.609325647354126,2.6545581817626953,5.643666744232178,1.7689532041549683
2023212N19090,2023,UNNAMED,NI,BB,TS,2023-07-31 06:00:00,18.6,91.3,,,,2023,7,5844.498296436602,3.6423087120056152,2.7415380477905273,5.681302070617676,1.8439821004867554
2023212N19090,2023,UNNAMED,NI,BB,TS,2023-07-31 09:00:00,18.7,91.6,,,,2023,7,5835.968131319054,4.201232433319092,2.5532121658325195,7.171494483947754,3.3399174213409424
2023212N19090,2023,UNNAMED,NI,BB,TS,2023-07-31 12:00:00,19.0,91.8,,,,2023,7,5835.735508557968,3.9750583171844482,2.5051679611206055,6.868342399597168,3.508272171020508
2023212N19090,2023,UNNAMED,NI,BB,TS,2023-07-31 15:00:00,19.5,91.9,,,,2023,7,5845.6160010044205,4.0143632888793945,3.1572043895721436,6.954627513885498,3.5137557983398438
2023212N19090,2023,UNNAMED,NI,BB,TS,2023-07-31 18:00:00,19.9,92.0,,,,2023,7,5845.573380053332,3.504101037979126,3.0817928314208984,6.5029120445251465,3.608438014984131
2023212N19090,2023,UNNAMED,NI,BB,TS,2023-07-31 21:00:00,19.8,92.1,,,,2023,7,5845.784891502195,3.6326701641082764,3.098433017730713,6.637772560119629,3.661774158477783
2023212N19090,2023,UNNAMED,NI,BB,TS,2023-08-01 00:00:00,20.0,91.9,46.3,992.0,Depression,2023,8,5835.789282655138,2.947915554046631,2.5201334953308105,5.305234909057617,3.46230149269104
2023212N19090,2023,UNNAMED,NI,BB,TS,2023-08-01 03:00:00,20.9,91.3,55.6,990.0,Deep Depression,2023,8,5843.930680966488,0.7772493958473206,2.8174712657928467,2.925548791885376,3.3847756385803223
2023212N19090,2023,UNNAMED,NI,BB,TS,2023-08-01 06:00:00,21.6,90.7,55.6,990.0,Deep Depression,2023,8,5843.627554389114,-0.05302881821990013,2.686795711517334,1.850526213645935,2.998939037322998
2023212N19090,2023,UNNAMED,NI,BB,TS,2023-08-01 09:00:00,22.0,90.2,55.6,989.0,Deep Depression,2023,8,5836.46723460611,-0.010278886184096336,3.286510944366455,2.418325901031494,2.8375306129455566
2023212N19090,2023,UNNAMED,NI,BB,TS,2023-08-01 12:00:00,22.3,89.7,55.6,988.0,Deep Depression,2023,8,5835.751441623796,-0.2320239245891571,3.2914576530456543,2.2198286056518555,2.5071792602539062
2023212N19090,2023,UNNAMED,NI,BB,TS,2023-08-01 15:00:00,22.6,89.3,55.6,988.0,Deep Depression,2023,8,5844.650855541903,-1.1266032457351685,2.7376530170440674,2.441561698913574,2.574735164642334
2023212N19090,2023,UNNAMED,NI,BB,TS,2023-08-01 18:00:00,22.8,88.8,55.6,988.0,Deep Depression,2023,8,5843.9139512473685,-1.265799641609192,2.6801631450653076,2.36460018157959,2.3912417888641357
2023212N19090,2023,UNNAMED,NI,BB,TS,2023-08-01 21:00:00,22.9,88.1,55.6,988.0,Deep Depression,2023,8,5831.925514191901,-1.7751762866973877,2.1326828002929688,2.029989242553711,1.7850408554077148
2023212N19090,2023,UNNAMED,NI,BB,TS,2023-08-02 00:00:00,23.1,87.4,55.6,988.0,Deep Depression,2023,8,5830.8675586209365,-1.6914578676223755,2.036088705062866,1.8737984895706177,1.4220951795578003
2023212N19090,2023,UNNAMED,NI,BB,TS,2023-08-02 03:00:00,23.2,86.9,55.6,989.0,Deep Depression,2023,8,5845.0997696716,-1.5555505752563477,2.2262351512908936,2.0819895267486572,1.4567245244979858
2023212N19090,2023,UNNAMED,NI,BB,MX,2023-08-02 06:00:00,23.3,86.2,55.6,989.0,Deep Depression,2023,8,5844.050178960196,-1.678783893585205,1.9403479099273682,2.219317674636841,1.1995441913604736
2023212N19090,2023,UNNAMED,NI,BB,TS,2023-08-02 09:00:00,23.3,85.6,51.9,990.0,Deep Depression,2023,8,5826.430598114545,-0.650658905506134,1.3081260919570923,3.491609811782837,0.5601863861083984
2023212N19090,2023,UNNAMED,NI,BB,TS,2023-08-02 12:00:00,23.3,85.1,46.3,990.0,Depression,2023,8,5825.759816043195,-0.7922856211662292,1.2125804424285889,3.5803658962249756,0.2702876031398773
2023212N19090,2023,UNNAMED,NI,BB,TS,2023-08-02 15:00:00,23.3,84.6,46.3,990.0,Depression,2023,8,5838.688303982502,-1.3916224241256714,0.8584988117218018,2.784034013748169,-0.33416715264320374
2023212N19090,2023,UNNAMED,NI,BB,TS,2023-08-02 18:00:00,23.3,84.1,46.3,990.0,Depression,2023,8,5838.028276730586,-1.4349312782287598,0.7153397798538208,2.7295875549316406,-0.5452065467834473
2023212N19090,2023,UNNAMED,NI,BB,TS,2023-08-02 21:00:00,23.3,83.7,46.3,990.0,Depression,2023,8,5831.05596712435,-1.623151421546936,-0.6967728137969971,3.105780601501465,-0.5505481958389282
2023212N19090,2023,UNNAMED,NI,BB,TS,2023-08-03 00:00:00,23.4,83.4,46.3,990.0,Depression,2023,8,5830.754832180204,-1.5843334197998047,-0.7154439687728882,3.157618284225464,-0.5441123843193054
2023212N19090,2023,UNNAMED,NI,BB,TS,2023-08-03 03:00:00,23.5,83.1,46.3,992.0,Depression,2023,8,5845.007756216445,-3.1435248851776123,0.9041283130645752,3.422745943069458,-0.3033010959625244
2023212N19090,2023,UNNAMED,NI,BB,TS,2023-08-03 06:00:00,23.5,83.1,37.0,993.0,Depression,2023,8,5845.007756216445,-3.1435248851776123,0.9041283130645752,3.422745943069458,-0.3033010959625244
2023273N16073,2023,UNNAMED,NI,AS,TS,2023-09-30 03:00:00,15.9,72.8,46.3,1002.0,Depression,2023,9,5883.538689307766,1.4787383079528809,1.457269310951233,3.140876054763794,-1.0775657892227173
2023273N16073,2023,UNNAMED,NI,AS,TS,2023-09-30 06:00:00,16.4,73.1,46.3,1002.0,Depression,2023,9,5882.987405230125,1.4373133182525635,1.4574978351593018,2.886901617050171,-1.1405385732650757
2023273N16073,2023,UNNAMED,NI,AS,TS,2023-09-30 09:00:00,16.6,73.2,46.3,1002.0,Depression,2023,9,5864.209490498794,3.2106668949127197,0.6037605404853821,3.607743263244629,-1.6262203454971313
2023273N16073,2023,UNNAMED,NI,AS,TS,2023-09-30 12:00:00,16.6,73.2,46.3,1002.0,Depression,2023,9,5864.209490498794,3.2106668949127197,0.6037605404853821,3.607743263244629,-1.6262203454971313
2023273N16073,2023,UNNAMED,NI,AS,TS,2023-09-30 15:00:00,16.7,73.3,46.3,1002.0,Depression,2023,9,5878.3835458591875,2.973411798477173,0.0733722671866417,2.5726678371429443,-1.7116496562957764
2023273N16073,2023,UNNAMED,NI,AS,TS,2023-09-30 18:00:00,16.8,73.5,46.3,1002.0,Depression,2023,9,5878.211468748248,3.0064566135406494,0.051007237285375595,2.6249454021453857,-1.733163595199585
2023273N16073,2023,UNNAMED,NI,AS,TS,2023-09-30 21:00:00,16.9,73.7,46.3,1003.0,Depression,2023,9,5878.0262468579995,3.0099990367889404,0.006419193930923939,2.671288251876831,-1.7752783298492432
2023273N16073,2023,UNNAMED,NI,AS,TS,2023-10-01 00:00:00,17.0,74.0,46.3,1003.0,Depression,2023,10,5859.874899940347,2.655414342880249,0.1385292261838913,3.7564237117767334,-1.2907978296279907
2023292N11063,2023,TEJ,NI,AS,DS,2023-10-19 06:00:00,10.7,62.6,,,,2023,10,5903.117638923588,-1.3720964193344116,-1.2473758459091187,-2.3269271850585938,0.6988474726676941
2023292N11063,2023,TEJ,NI,AS,DS,2023-10-19 09:00:00,10.4,62.5,,,,2023,10,5875.989602718564,-0.7240679264068604,-1.2704260349273682,-0.8318847417831421,-0.04547708109021187
2023292N11063,2023,TEJ,NI,AS,DS,2023-10-19 12:00:00,10.2,62.4,,,,2023,10,5875.845806799468,-0.7068511843681335,-1.3012654781341553,-0.7594357132911682,-0.08276049792766571
2023292N11063,2023,TEJ,NI,AS,DS,2023-10-19 15:00:00,10.0,62.4,,,,2023,10,5891.660967940123,-1.7015925645828247,-0.8313116431236267,-1.2822771072387695,0.07393933087587357
2023292N11063,2023,TEJ,NI,AS,TS,2023-10-19 18:00:00,9.9,62.3,,,,2023,10,5891.640254954546,-1.6935603618621826,-0.8623952865600586,-1.2018073797225952,0.09712378680706024
2023292N11063,2023,TEJ,NI,AS,TS,2023-10-19 21:00:00,9.7,62.2,,,,2023,10,5869.901578265769,-1.5735610723495483,-0.4298263192176819,-1.0857053995132446,0.2979230582714081
2023292N11063,2023,TEJ,NI,AS,TS,2023-10-20 00:00:00,9.5,62.1,,,,2023,10,5869.859753967971,-1.6005090475082397,-0.4826586842536926,-0.951702892780304,0.2851436138153076
2023292N11063,2023,TEJ,NI,AS,TS,2023-10-20 03:00:00,9.3,61.8,46.3,1004.0,Depression,2023,10,5890.564374684525,-2.1139347553253174,-0.2783450484275818,-1.5361454486846924,0.20200026035308838
2023292N11063,2023,TEJ,NI,AS,TS,2023-10-20 06:00:00,9.3,61.6,46.3,1004.0,Depression,2023,10,5890.5930542030155,-2.074371576309204,-0.2505095899105072,-1.4962241649627686,0.19149936735630035
2023292N11063,2023,TEJ,NI,AS,TS,2023-10-20 09:00:00,9.3,61.3,51.9,1004.0,Deep Depression,2023,10,5863.366232989859,-2.3049917221069336,0.2779022455215454,-1.3073705434799194,-0.05759037658572197
2023292N11063,2023,TEJ,NI,AS,TS,2023-10-20 12:00:00,9.4,61.1,55.6,1003.0,Deep Depression,2023,10,5863.3491049440945,-2.304558515548706,0.40731704235076904,-1.3100665807724,-0.03474236652255058
2023292N11063,2023,TEJ,NI,AS,TS,2023-10-20 15:00:00,9.5,60.7,55.6,1003.0,Deep Depression,2023,10,5883.765735495812,-3.8801097869873047,1.2819420099258423,-2.4096579551696777,0.2532934844493866
2023292N11063,2023,TEJ,NI,AS,TS,2023-10-20 18:00:00,9.6,60.3,55.6,1002.0,Deep Depression,2023,10,5883.667348814325,-3.8998308181762695,1.428183913230896,-2.3813111782073975,0.2159726768732071
2023292N11063,2023,TEJ,NI,AS,TS,2023-10-20 21:00:00,9.7,59.7,61.1,1002.0,Deep Depression,2023,10,5865.613193598222,-3.908111810684204,1.7993357181549072,-2.329934597015381,1.105027437210083
2023292N11063,2023,TEJ,NI,AS,TS,2023-10-21 00:00:00,9.9,59.2,64.8,1001.0,Cyclonic Storm,2023,10,5865.573759260298,-3.8193366527557373,2.0523808002471924,-2.317559242248535,1.226178526878357
2023292N11063,2023,TEJ,NI,AS,TS,2023-10-21 03:00:00,10.1,58.7,83.3,998.0,Cyclonic Storm,2023,10,5892.45045135189,-4.026863098144531,2.835019111633301,-2.8133749961853027,1.9009835720062256
2023292N11063,2023,TEJ,NI,AS,TS,2023-10-21 06:00:00,10.3,58.3,92.6,996.0,Severe Cyclonic Storm,2023,10,5892.625715075995,-4.008283615112305,3.0107181072235107,-2.716811418533325,1.9191701412200928
2023292N11063,2023,TEJ,NI,AS,TS,2023-10-21 09:00:00,10.3,57.8,92.6,995.0,Severe Cyclonic Storm,2023,10,5869.100543381277,-3.4718682765960693,3.4424054622650146,-2.4086642265319824,2.5562703609466553
2023292N11063,2023,TEJ,NI,AS,TS,2023-10-21 12:00:00,10.7,57.4,101.9,992.0,Severe Cyclonic Storm,2023,10,5869.2375677473965,-3.5402770042419434,3.7438836097717285,-2.3094916343688965,2.5979466438293457
2023292N11063,2023,TEJ,NI,AS,TS,2023-10-21 15:00:00,11.1,57.0,120.4,988.0,Very Severe Cyclonic Storm,2023,10,5892.348081403946,-3.7119991779327393,3.789388418197632,-2.603347063064575,3.2812063694000244
2023292N11063,2023,TEJ,NI,AS,TS,2023-10-21 18:00:00,11.4,56.6,138.9,980.0,Very Severe Cyclonic Storm,2023,10,5892.498250549373,-3.638810634613037,3.9529433250427246,-2.519423246383667,3.2215089797973633
2023292N11063,2023,TEJ,NI,AS,TS,2023-10-21 21:00:00,11.7,56.1,148.2,976.0,Very Severe Cyclonic Storm,2023,10,5870.8683170348695,-2.186990737915039,4.276888370513916,-2.308615207672119,3.1641721725463867
2023292N11063,2023,TEJ,NI,AS,TS,2023-10-22 00:00:00,12.1,55.9,157.4,972.0,Very Severe Cyclonic Storm,2023,10,5871.212072930104,-2.1021671295166016,4.312767028808594,-2.3516347408294678,3.187682628631592
2023292N11063,2023,TEJ,NI,AS,TS,2023-10-22 03:00:00,12.4,55.4,175.9,964.0,Extremely Severe Cyclonic Storm,2023,10,5900.014674353628,-2.267669439315796,4.140002727508545,-2.3498778343200684,3.3344733715057373
2023292N11063,2023,TEJ,NI,AS,TS,2023-10-22 06:00:00,12.7,55.1,175.9,964.0,Extremely Severe Cyclonic Storm,2023,10,5900.119035934799,-2.2624263763427734,4.329545974731445,-2.4052257537841797,3.430652379989624
2023292N11063,2023,TEJ,NI,AS,TS,2023-10-22 09:00:00,13.0,54.7,175.9,964.0,Extremely Severe Cyclonic Storm,2023,10,5877.201710701413,-0.5982412099838257,3.748786211013794,-1.3825732469558716,3.165743827819824
2023292N11063,2023,TEJ,NI,AS,TS,2023-10-22 12:00:00,13.4,54.4,175.9,964.0,Extremely Severe Cyclonic Storm,2023,10,5877.585697587861,-0.4661281108856201,3.850142002105713,-1.4148916006088257,3.203324556350708
2023292N11063,2023,TEJ,NI,AS,TS,2023-10-22 15:00:00,13.6,54.1,175.9,964.0,Extremely Severe Cyclonic Storm,2023,10,5898.979821728113,-0.6207519173622131,4.323655128479004,-2.0301766395568848,2.215704917907715
2023292N11063,2023,TEJ,NI,AS,TS,2023-10-22 18:00:00,13.9,53.9,175.9,964.0,Extremely Severe Cyclonic Storm,2023,10,5899.228775881673,-0.48676151037216187,4.507815837860107,-1.9925272464752197,2.3012290000915527
2023292N11063,2023,TEJ,NI,AS,TS,2023-10-22 21:00:00,14.1,53.5,175.9,966.0,Extremely Severe Cyclonic Storm,2023,10,5877.885239225424,-0.08636648952960968,4.569229602813721,-2.5629689693450928,2.5529563426971436
2023292N11063,2023,TEJ,NI,AS,TS,2023-10-23 00:00:00,14.3,53.4,166.7,968.0,Extremely Severe Cyclonic Storm,2023,10,5878.302287223466,0.11440204828977585,4.639772891998291,-2.543696641921997,2.666755437850952
2023292N11063,2023,TEJ,NI,AS,TS,2023-10-23 03:00:00,14.6,53.1,157.4,972.0,Very Severe Cyclonic Storm,2023,10,5901.886012935101,-0.22608870267868042,3.2249348163604736,-3.5405609607696533,3.0747792720794678
2023292N11063,2023,TEJ,NI,AS,TS,2023-10-23 06:00:00,14.9,52.9,148.2,976.0,Very Severe Cyclonic Storm,2023,10,5902.099117690547,0.1960124969482422,3.4109020233154297,-3.4352264404296875,3.2135982513427734
2023292N11063,2023,TEJ,NI,AS,TS,2023-10-23 09:00:00,15.1,52.7,148.2,978.0,Very Severe Cyclonic Storm,2023,10,5875.3917144233765,1.0007364749908447,2.958038330078125,-3.346529483795166,2.7337446212768555
2023292N11063,2023,TEJ,NI,AS,TS,2023-10-23 12:00:00,15.4,52.7,138.9,981.0,Very Severe Cyclonic Storm,2023,10,5875.591276072869,1.3763710260391235,3.0180158615112305,-3.1763017177581787,2.5985493659973145
2023292N11063,2023,TEJ,NI,AS,TS,2023-10-23 15:00:00,15.6,52.5,129.6,984.0,Very Severe Cyclonic Storm,2023,10,5890.367601321553,-0.21780885756015778,3.220804214477539,-3.540591239929199,2.4341015815734863
2023292N11063,2023,TEJ,NI,AS,TS,2023-10-23 18:00:00,15.8,52.3,129.6,986.0,Very Severe Cyclonic Storm,2023,10,5889.9541382633215,-0.017725225538015366,3.4693377017974854,-3.4065558910369873,2.494422435760498
2023292N11063,2023,TEJ,NI,AS,TS,2023-10-23 21:00:00,15.8,52.3,120.4,988.0,Very Severe Cyclonic Storm,2023,10,5867.482938873112,1.5495171546936035,4.592586517333984,-4.018678188323975,2.6066298484802246
2023292N11063,2023,TEJ,NI,AS,TS,2023-10-24 00:00:00,15.9,52.3,111.1,990.0,Severe Cyclonic Storm,2023,10,5867.623149852397,1.6036865711212158,4.572484016418457,-3.9626495838165283,2.611088275909424
2023292N11063,2023,TEJ,NI,AS,TS,2023-10-24 03:00:00,15.8,51.9,92.6,996.0,Severe Cyclonic Storm,2023,10,5888.761548286112,0.5320388674736023,4.44112491607666,-4.466732978820801,3.8832523822784424
2023292N11063,2023,TEJ,NI,AS,TS,2023-10-24 06:00:00,15.9,51.6,74.1,1000.0,Cyclonic Storm,2023,10,5888.078019762101,0.7632657885551453,4.6999831199646,-4.468771457672119,4.086026191711426
2023292N11063,2023,TEJ,NI,AS,TS,2023-10-24 09:00:00,16.1,51.4,55.6,1002.0,Deep Depression,2023,10,5866.7177533867325,0.7807053327560425,5.380370616912842,-3.47637677192688,3.628523349761963
2023292N11063,2023,TEJ,NI,AS,MX,2023-10-24 12:00:00,16.4,51.3,46.3,1004.0,Depression,2023,10,5866.484333972356,1.0158207416534424,5.44863224029541,-3.3852977752685547,3.58381986618042
2023293N12089,2023,HAMOON,NI,BB,DS,2023-10-20 06:00:00,12.4,88.6,,,,2023,10,5887.5932562342905,-0.7632058262825012,-0.031151484698057175,-0.08697535842657089,-0.012054990977048874
2023293N12089,2023,HAMOON,NI,BB,DS,2023-10-20 09:00:00,12.6,88.5,,,,2023,10,5878.663569491111,-1.004592776298523,0.4981362819671631,0.07000847160816193,-0.41606080532073975
2023293N12089,2023,HAMOON,NI,BB,DS,2023-10-20 12:00:00,12.7,88.4,,,,2023,10,5878.624533479833,-0.9783612489700317,0.573314905166626,0.0595473051071167,-0.38876548409461975
2023293N12089,2023,HAMOON,NI,BB,DS,2023-10-20 15:00:00,12.7,88.2,,,,2023,10,5888.277581411594,-1.9032500982284546,1.2051739692687988,-0.43581244349479675,-0.30274349451065063
2023293N12089,2023,HAMOON,NI,BB,DS,2023-10-20 18:00:00,12.8,88.0,,,,2023,10,5888.260453365829,-1.7680293321609497,1.284975528717041,-0.3754529058933258,-0.2663276493549347
2023293N12089,2023,HAMOON,NI,BB,DS,2023-10-20 21:00:00,13.0,87.8,,,,2023,10,5880.044169645088,-2.0276718139648438,1.1544134616851807,-0.930726945400238,-0.45574238896369934
2023293N12089,2023,HAMOON,NI,BB,DS,2023-10-21 00:00:00,13.2,87.5,,,,2023,10,5880.0338131523,-1.8753116130828857,1.206400990486145,-0.8910406827926636,-0.43151408433914185
2023293N12089,2023,HAMOON,NI,BB,DS,2023-10-21 03:00:00,13.4,87.3,,,,2023,10,5890.97743941611,-1.1010786294937134,1.749813199043274,-1.0563669204711914,0.22804014384746552
2023293N12089,2023,HAMOON,NI,BB,DS,2023-10-21 06:00:00,13.6,87.1,,,,2023,10,5891.061486338353,-0.8871515393257141,1.9230364561080933,-1.0000369548797607,0.21363477408885956
2023293N12089,2023,HAMOON,NI,BB,DS,2023-10-21 09:00:00,14.1,86.5,,,,2023,10,5885.272206869829,0.01573777012526989,0.8479998707771301,0.21813946962356567,0.3491295576095581
2023293N12089,2023,HAMOON,NI,BB,TS,2023-10-21 12:00:00,14.6,86.0,,,,2023,10,5885.08419669306,0.7429483532905579,1.0645227432250977,0.25042882561683655,0.221664696931839
2023293N12089,2023,HAMOON,NI,BB,TS,2023-10-21 15:00:00,15.0,85.8,,,,2023,10,5894.678690607904,0.19767019152641296,0.5356143116950989,0.06858507543802261,1.048488736152649
2023293N12089,2023,HAMOON,NI,BB,TS,2023-10-21 18:00:00,15.1,86.0,46.3,1003.0,Depression,2023,10,5894.634476350232,0.2786805033683777,0.5597846508026123,0.036408428102731705,1.1188969612121582
2023293N12089,2023,HAMOON,NI,BB,TS,2023-10-21 21:00:00,15.2,86.1,46.3,1003.0,Depression,2023,10,5883.435522706531,0.2448812872171402,0.4092186391353607,0.392794132232666,1.4491664171218872
2023293N12089,2023,HAMOON,NI,BB,TS,2023-10-22 00:00:00,15.2,86.2,46.3,1003.0,Depression,2023,10,5883.530722774852,0.22369623184204102,0.3910128176212311,0.33778098225593567,1.4892139434814453
2023293N12089,2023,HAMOON,NI,BB,TS,2023-10-22 03:00:00,15.3,86.2,46.3,1003.0,Depression,2023,10,5888.336533755156,0.004026581533253193,1.3000329732894897,0.48173728585243225,1.7602379322052002
2023293N12089,2023,HAMOON,NI,BB,TS,2023-10-22 06:00:00,15.5,86.3,46.3,1003.0,Depression,2023,10,5888.225002294362,0.07053891569375992,1.2269924879074097,0.4580674171447754,1.8524327278137207
2023293N12089,2023,HAMOON,NI,BB,TS,2023-10-22 09:00:00,15.7,86.4,46.3,1002.0,Depression,2023,10,5880.52136496663,1.3949007987976074,0.9888067245483398,0.7941535115242004,1.4394073486328125
2023293N12089,2023,HAMOON,NI,BB,TS,2023-10-22 12:00:00,15.9,86.6,55.6,1001.0,Deep Depression,2023,10,5880.561197631199,1.4774880409240723,0.9798758625984192,0.6926833391189575,1.529254674911499
2023293N12089,2023,HAMOON,NI,BB,TS,2023-10-22 15:00:00,16.2,86.7,55.6,1001.0,Deep Depression,2023,10,5890.432926891446,1.5637073516845703,0.21572627127170563,-0.24657616019248962,2.769831895828247
2023293N12089,2023,HAMOON,NI,BB,TS,2023-10-22 18:00:00,16.2,86.8,55.6,1001.0,Deep Depression,2023,10,5890.4181888055555,1.5640902519226074,0.24635840952396393,-0.28420180082321167,2.8347370624542236
2023293N12089,2023,HAMOON,NI,BB,TS,2023-10-22 21:00:00,16.4,86.8,55.6,1001.0,Deep Depression,2023,10,5875.564986514253,0.8874127268791199,-0.42739880084991455,0.37061047554016113,3.747495651245117
2023293N12089,2023,HAMOON,NI,BB,TS,2023-10-23 00:00:00,16.8,86.9,55.6,1001.0,Deep Depression,2023,10,5875.444691867254,1.4182450771331787,-0.4206317663192749,0.33480724692344666,3.7869110107421875
2023293N12089,2023,HAMOON,NI,BB,TS,2023-10-23 03:00:00,17.1,86.9,55.6,1001.0,Deep Depression,2023,10,5880.28356395915,0.9061098694801331,0.5339440107345581,0.9624396562576294,4.1582255363464355
2023293N12089,2023,HAMOON,NI,BB,TS,2023-10-23 06:00:00,17.5,87.0,55.6,1000.0,Deep Depression,2023,10,5879.763349359873,1.412798285484314,0.5769351720809937,0.9751532077789307,4.1867499351501465
2023293N12089,2023,HAMOON,NI,BB,TS,2023-10-23 09:00:00,17.9,87.2,55.6,1000.0,Deep Depression,2023,10,5869.987218494593,2.570587635040283,1.5840853452682495,1.5325818061828613,3.5677390098571777
2023293N12089,2023,HAMOON,NI,BB,TS,2023-10-23 12:00:00,18.4,87.4,64.8,999.0,Cyclonic Storm,2023,10,5869.289748537983,3.237088203430176,1.7730865478515625,1.7070591449737549,3.4678282737731934
2023293N12089,2023,HAMOON,NI,BB,TS,2023-10-23 15:00:00,18.8,87.8,74.1,998.0,Cyclonic Storm,2023,10,5874.365624984067,4.585356712341309,2.9071359634399414,1.4237817525863647,4.082695960998535
2023293N12089,2023,HAMOON,NI,BB,TS,2023-10-23 18:00:00,19.2,88.2,74.1,998.0,Cyclonic Storm,2023,10,5873.878073169737,4.967884063720703,3.001328229904175,1.4094083309173584,3.8399946689605713
2023293N12089,2023,HAMOON,NI,BB,TS,2023-10-23 21:00:00,19.4,88.6,92.6,994.0,Severe Cyclonic Storm,2023,10,5863.560616392958,5.122208595275879,3.125964403152466,2.7404839992523193,4.592822074890137
2023293N12089,2023,HAMOON,NI,BB,TS,2023-10-24 00:00:00,19.7,89.0,101.9,990.0,Severe Cyclonic Storm,2023,10,5863.506443969144,5.23456335067749,3.170003890991211,2.708627700805664,4.443146228790283
2023293N12089,2023,HAMOON,NI,BB,TS,2023-10-24 03:00:00,20.0,89.6,120.4,984.0,Very Severe Cyclonic Storm,2023,10,5871.880863368225,6.137932777404785,4.006392478942871,3.893108606338501,3.5001821517944336
2023293N12089,2023,HAMOON,NI,BB,TS,2023-10-24 06:00:00,20.3,90.2,120.4,985.0,Very Severe Cyclonic Storm,2023,10,5871.642265707454,6.189294338226318,4.1354265213012695,3.9242167472839355,3.1924595832824707
2023293N12089,2023,HAMOON,NI,BB,TS,2023-10-24 09:00:00,20.7,90.8,120.4,986.0,Very Severe Cyclonic Storm,2023,10,5874.524955642345,7.933236122131348,3.7693865299224854,3.748828649520874,1.108663558959961
2023293N12089,2023,HAMOON,NI,BB,TS,2023-10-24 12:00:00,21.0,91.2,101.9,988.0,Severe Cyclonic Storm,2023,10,5874.323402359623,8.154476165771484,3.883190631866455,3.7636055946350098,0.9400818943977356
2023293N12089,2023,HAMOON,NI,BB,TS,2023-10-24 15:00:00,20.9,91.0,101.9,990.0,Severe Cyclonic Storm,2023,10,5877.480141026753,7.663252830505371,3.0857253074645996,1.7594430446624756,2.1645781993865967
2023293N12089,2023,HAMOON,NI,BB,TS,2023-10-24 18:00:00,20.9,90.8,92.6,994.0,Severe Cyclonic Storm,2023,10,5876.927661969175,7.729668617248535,3.0164053440093994,1.7569122314453125,2.268101215362549
2023293N12089,2023,HAMOON,NI,BB,TS,2023-10-24 21:00:00,21.5,91.5,83.3,996.0,Cyclonic Storm,2023,10,5872.215059423963,8.008423805236816,2.8637821674346924,2.506004810333252,2.536288261413574
2023293N12089,2023,HAMOON,NI,BB,TS,2023-10-25 00:00:00,22.2,92.2,64.8,999.0,Cyclonic Storm,2023,10,5870.170847078259,8.583040237426758,3.3990631103515625,2.3404674530029297,2.2632925510406494
2023293N12089,2023,HAMOON,NI,BB,TS,2023-10-25 03:00:00,22.5,92.4,55.6,1003.0,Deep Depression,2023,10,5882.140562781378,8.66411304473877,3.6092617511749268,2.7662546634674072,2.071073293685913
2023293N12089,2023,HAMOON,NI,BB,TS,2023-10-25 06:00:00,22.7,92.5,46.3,1004.0,Depression,2023,10,5881.04317287249,8.749849319458008,3.6074066162109375,2.7446486949920654,2.120906114578247
2023317N10094,2023,MIDHILI,NI,BB,DS,2023-11-13 06:00:00,9.9,94.1,,,,2023,11,5890.757563107688,-4.308292865753174,2.103482246398926,-4.606682777404785,1.9166173934936523
2023317N10094,2023,MIDHILI,NI,BB,DS,2023-11-13 09:00:00,10.4,93.9,,,,2023,11,5887.598036154039,-3.731171131134033,2.111996650695801,-5.305059432983398,1.9956893920898438
2023317N10094,2023,MIDHILI,NI,BB,DS,2023-11-13 12:00:00,10.9,93.4,,,,2023,11,5887.643843718293,-3.596907615661621,2.183622121810913,-5.518924236297607,1.9135328531265259
2023317N10094,2023,MIDHILI,NI,BB,DS,2023-11-13 15:00:00,11.4,92.6,,,,2023,11,5897.531107717722,-3.8390510082244873,2.153806447982788,-5.567537784576416,2.974916458129883
2023317N10094,2023,MIDHILI,NI,BB,DS,2023-11-13 18:00:00,11.8,91.7,,,,2023,11,5897.251084085799,-3.889143705368042,2.4598183631896973,-5.724543571472168,3.1474196910858154
2023317N10094,2023,MIDHILI,NI,BB,DS,2023-11-13 21:00:00,12.1,91.1,,,,2023,11,5884.863523731346,-3.7439818382263184,1.8154205083847046,-4.242684364318848,3.165473222732544
2023317N10094,2023,MIDHILI,NI,BB,DS,2023-11-14 00:00:00,12.4,90.6,,,,2023,11,5884.550837314476,-3.610421657562256,1.9197101593017578,-4.281942367553711,3.3071303367614746
2023317N10094,2023,MIDHILI,NI,BB,DS,2023-11-14 03:00:00,12.7,90.0,,,,2023,11,5893.565367633188,-4.222202777862549,2.539893388748169,-3.785590887069702,3.9851012229919434
2023317N10094,2023,MIDHILI,NI,BB,DS,2023-11-14 06:00:00,12.9,89.4,,,,2023,11,5893.238341457073,-4.0314860343933105,2.650294542312622,-3.699577808380127,4.040309429168701
2023317N10094,2023,MIDHILI,NI,BB,DS,2023-11-14 09:00:00,13.2,88.6,,,,2023,11,5880.191948830641,-3.133366823196411,3.694765567779541,-2.5231857299804688,3.616853713989258
2023317N10094,2023,MIDHILI,NI,BB,DS,2023-11-14 12:00:00,13.4,87.9,,,,2023,11,5879.249109660282,-3.1607558727264404,3.9481396675109863,-2.36126971244812,3.4543278217315674
2023317N10094,2023,MIDHILI,NI,BB,DS,2023-11-14 15:00:00,13.5,87.4,,,,2023,11,5891.245513248663,-2.5768332481384277,4.542708873748779,-2.573503017425537,4.443530082702637
2023317N10094,2023,MIDHILI,NI,BB,DS,2023-11-14 18:00:00,13.6,87.1,,,,2023,11,5890.880646041207,-2.490265130996704,4.589844226837158,-2.496180534362793,4.396820068359375
2023317N10094,2023,MIDHILI,NI,BB,DS,2023-11-14 21:00:00,13.6,86.7,,,,2023,11,5881.080217250539,-0.5306880474090576,4.736268997192383,-1.387587308883667,4.8359375
2023317N10094,2023,MIDHILI,NI,BB,DS,2023-11-15 00:00:00,13.8,86.5,,,,2023,11,5880.897783646811,-0.42214369773864746,4.631115913391113,-1.3824182748794556,4.857654571533203
2023317N10094,2023,MIDHILI,NI,BB,MX,2023-11-15 03:00:00,14.3,86.6,46.3,1005.0,Depression,2023,11,5891.76572784794,-0.015331822447478771,5.153728485107422,-0.18094436824321747,4.953305244445801
2023317N10094,2023,MIDHILI,NI,BB,MX,2023-11-15 06:00:00,14.8,86.7,46.3,1005.0,Depression,2023,11,5891.790822426619,-0.17314910888671875,5.216218948364258,-0.12001210451126099,5.107895851135254
2023317N10094,2023,MIDHILI,NI,BB,MX,2023-11-15 09:00:00,15.1,86.7,46.3,1005.0,Depression,2023,11,5883.390511795567,1.7902215719223022,4.841976642608643,-0.3425721526145935,3.856004238128662
2023317N10094,2023,MIDHILI,NI,BB,MX,2023-11-15 12:00:00,15.4,86.7,46.3,1004.0,Depression,2023,11,5883.1451425818195,1.7859879732131958,4.828860282897949,-0.25859639048576355,3.902269124984741
2023317N10094,2023,MIDHILI,NI,BB,MX,2023-11-15 15:00:00,15.7,86.6,46.3,1004.0,Depression,2023,11,5891.2953040793755,1.8232591152191162,4.91436243057251,-0.6340273022651672,4.029907703399658
2023317N10094,2023,MIDHILI,NI,BB,TS,2023-11-15 18:00:00,16.1,86.7,46.3,1004.0,Depression,2023,11,5890.82766859733,1.9353039264678955,4.846924781799316,-0.5668519735336304,4.017630577087402
2023317N10094,2023,MIDHILI,NI,BB,TS,2023-11-15 21:00:00,16.6,86.8,51.9,1004.0,Deep Depression,2023,11,5879.706786976185,2.829280138015747,5.307555198669434,-0.9067927002906799,3.3425796031951904
2023317N10094,2023,MIDHILI,NI,BB,TS,2023-11-16 00:00:00,17.2,87.0,55.6,1003.0,Deep Depression,2023,11,5879.483325727951,2.9326648712158203,5.137935161590576,-0.766704261302948,3.481553554534912
2023317N10094,2023,MIDHILI,NI,BB,TS,2023-11-16 03:00:00,17.5,87.1,55.6,1003.0,Deep Depression,2023,11,5892.431331672896,3.4127278327941895,5.268248558044434,-1.465436339378357,3.9420526027679443
2023317N10094,2023,MIDHILI,NI,BB,TS,2023-11-16 06:00:00,17.9,87.3,55.6,1003.0,Deep Depression,2023,11,5892.100322230323,3.433077335357666,5.311315059661865,-1.297693133354187,4.024297714233398
2023317N10094,2023,MIDHILI,NI,BB,TS,2023-11-16 09:00:00,18.3,87.5,55.6,1003.0,Deep Depression,2023,11,5885.90116464338,4.8598809242248535,4.181933403015137,-1.7811156511306763,3.7233972549438477
2023317N10094,2023,MIDHILI,NI,BB,TS,2023-11-16 12:00:00,18.6,87.6,55.6,1003.0,Deep Depression,2023,11,5885.322794353831,4.890495777130127,4.312585353851318,-1.7390578985214233,3.8027145862579346
2023317N10094,2023,MIDHILI,NI,BB,TS,2023-11-16 15:00:00,18.8,87.9,55.6,1003.0,Deep Depression,2023,11,5892.361226183253,4.545947074890137,4.260488033294678,-1.6976393461227417,5.277893543243408
2023317N10094,2023,MIDHILI,NI,BB,TS,2023-11-16 18:00:00,19.2,88.1,55.6,1002.0,Deep Depression,2023,11,5891.516773694381,4.5750627517700195,4.588561058044434,-1.7708232402801514,5.439997673034668
2023317N10094,2023,MIDHILI,NI,BB,TS,2023-11-16 21:00:00,19.6,88.3,61.1,1002.0,Deep Depression,2023,11,5878.19832396894,5.739043235778809,3.3867785930633545,0.2411702424287796,4.277697563171387
2023317N10094,2023,MIDHILI,NI,BB,TS,2023-11-17 00:00:00,20.2,88.7,64.8,1001.0,Cyclonic Storm,2023,11,5876.739651792406,5.73189640045166,4.014623641967773,0.1500009000301361,4.325867652893066
2023317N10094,2023,MIDHILI,NI,BB,TS,2023-11-17 03:00:00,20.8,89.2,74.1,1000.0,Cyclonic Storm,2023,11,5881.379758888102,6.295919895172119,4.18770694732666,1.3835148811340332,4.278257846832275
2023317N10094,2023,MIDHILI,NI,BB,TS,2023-11-17 06:00:00,21.4,89.7,83.3,998.0,Cyclonic Storm,2023,11,5879.067871036491,6.674044609069824,4.849339008331299,1.3736035823822021,4.402763843536377
2023317N10094,2023,MIDHILI,NI,BB,TS,2023-11-17 09:00:00,22.1,90.3,92.6,996.0,Severe Cyclonic Storm,2023,11,5865.576149220173,8.377230644226074,3.3885293006896973,1.9637846946716309,3.0344491004943848
2023317N10094,2023,MIDHILI,NI,BB,TS,2023-11-17 12:00:00,23.0,91.0,74.1,998.0,Cyclonic Storm,2023,11,5861.458646683628,8.6829833984375,3.9531173706054688,2.0445332527160645,3.191870927810669
2023317N10094,2023,MIDHILI,NI,BB,TS,2023-11-17 15:00:00,23.3,91.2,64.8,1000.0,Cyclonic Storm,2023,11,5863.247929976088,9.4657621383667,2.7262232303619385,2.905205488204956,3.179443120956421
2023317N10094,2023,MIDHILI,NI,BB,TS,2023-11-17 18:00:00,23.4,91.4,55.6,1003.0,Deep Depression,2023,11,5862.774319594358,9.5108003616333,2.7962732315063477,2.8943729400634766,3.2418384552001953
2023317N10094,2023,MIDHILI,NI,BB,TS,2023-11-17 21:00:00,23.5,91.5,46.3,1004.0,Depression,2023,11,5858.438135729327,10.211615562438965,2.196153163909912,4.161083698272705,2.7907490730285645
2023317N10094,2023,MIDHILI,NI,BB,TS,2023-11-18 00:00:00,23.7,91.7,37.0,1005.0,Depression,2023,11,5857.038814223002,10.160980224609375,2.3719358444213867,4.200685024261475,2.8941738605499268
2023334N08088,2023,MICHAUNG,NI,BB,DS,2023-11-30 06:00:00,7.5,88.0,,,,2023,11,5877.041583389843,0.9971397519111633,0.388934463262558,0.1521252691745758,0.47178447246551514
2023334N08088,2023,MICHAUNG,NI,BB,DS,2023-11-30 09:00:00,7.9,87.6,,,,2023,11,5869.826692856378,-0.26321089267730713,-0.38512709736824036,-0.034282051026821136,1.0499402284622192
2023334N08088,2023,MICHAUNG,NI,BB,DS,2023-11-30 12:00:00,8.2,87.2,,,,2023,11,5869.798013337889,-0.4098094403743744,-0.4966404438018799,-0.25288626551628113,0.9793810844421387
2023334N08088,2023,MICHAUNG,NI,BB,DS,2023-11-30 15:00:00,8.3,86.8,,,,2023,11,5876.244531771808,-1.7055060863494873,-0.227955624461174,-0.5345786213874817,0.18718881905078888
2023334N08088,2023,MICHAUNG,NI,BB,DS,2023-11-30 18:00:00,8.4,86.4,,,,2023,11,5876.279186189984,-1.5932724475860596,-0.29862338304519653,-0.5391597151756287,0.01731271483004093
2023334N08088,2023,MICHAUNG,NI,BB,DS,2023-11-30 21:00:00,8.5,86.0,,,,2023,11,5876.3441134332315,-1.4303971529006958,-0.4150835871696472,-0.5555077195167542,-0.13318802416324615
2023334N08088,2023,MICHAUNG,NI,BB,MX,2023-12-01 00:00:00,8.8,85.8,37.0,1002.0,Depression,2023,12,5862.1385902678285,-1.2732740640640259,-0.806186318397522,-0.8822032809257507,-0.029187029227614403
2023334N08088,2023,MICHAUNG,NI,BB,MX,2023-12-01 03:00:00,9.0,85.6,37.0,1002.0,Depression,2023,12,5869.000165066563,-1.9241478443145752,-0.2236844003200531,-0.9891874194145203,0.3999258577823639
2023334N08088,2023,MICHAUNG,NI,BB,MX,2023-12-01 06:00:00,9.2,85.4,46.3,1002.0,Depression,2023,12,5869.284171964942,-1.8665505647659302,-0.2988911271095276,-1.1447858810424805,0.32270756363868713
2023334N08088,2023,MICHAUNG,NI,BB,MX,2023-12-01 09:00:00,9.5,85.3,46.3,1002.0,Depression,2023,12,5854.657219208395,-2.7709243297576904,0.16904978454113007,-1.6515357494354248,0.26787662506103516
2023334N08088,2023,MICHAUNG,NI,BB,MX,2023-12-01 12:00:00,9.7,85.1,46.3,1001.0,Depression,2023,12,5854.658414188331,-2.5583794116973877,0.1544504165649414,-1.857564091682434,0.2956770062446594
2023334N08088,2023,MICHAUNG,NI,BB,MX,2023-12-01 15:00:00,9.8,85.0,46.3,1001.0,Depression,2023,12,5864.313055426675,-3.575150966644287,2.203845262527466,-2.6087183952331543,1.0552867650985718
2023334N08088,2023,MICHAUNG,NI,BB,MX,2023-12-01 18:00:00,9.9,84.8,46.3,1000.0,Depression,2023,12,5864.207100538921,-3.4106853008270264,2.1511385440826416,-2.6300675868988037,0.9339014291763306
2023334N08088,2023,MICHAUNG,NI,BB,MX,2023-12-01 21:00:00,9.9,84.5,51.9,999.0,Deep Depression,2023,12,5851.321631877349,-2.0001771450042725,2.6171767711639404,-2.205291748046875,1.8151777982711792
2023334N08088,2023,MICHAUNG,NI,BB,MX,2023-12-02 00:00:00,10.1,84.1,55.6,998.0,Deep Depression,2023,12,5851.27343435322,-1.4905402660369873,2.535590887069702,-2.4051122665405273,1.8044065237045288
2023334N08088,2023,MICHAUNG,NI,BB,MX,2023-12-02 03:00:00,10.2,83.8,55.6,997.0,Deep Depression,2023,12,5864.655218015327,-1.3450294733047485,2.292029619216919,-2.2516674995422363,2.1901192665100098
2023334N08088,2023,MICHAUNG,NI,BB,TS,2023-12-02 06:00:00,10.3,83.6,55.6,997.0,Deep Depression,2023,12,5864.661192915012,-1.208247184753418,2.336198568344116,-2.335336685180664,2.234952211380005
2023334N08088,2023,MICHAUNG,NI,BB,TS,2023-12-02 09:00:00,10.4,83.5,55.6,997.0,Deep Depression,2023,12,5855.621966344267,-0.07239708304405212,2.150418519973755,-1.399669885635376,2.1913399696350098
2023334N08088,2023,MICHAUNG,NI,BB,TS,2023-12-02 12:00:00,10.5,83.5,55.6,997.0,Deep Depression,2023,12,5855.572175513555,-0.1163565069437027,2.1676454544067383,-1.5155521631240845,2.19244647026062
2023334N08088,2023,MICHAUNG,NI,BB,TS,2023-12-02 15:00:00,10.7,83.3,55.6,997.0,Deep Depression,2023,12,5866.9953870587815,-0.4224574863910675,2.53001070022583,-2.083582878112793,2.24959397315979
2023334N08088,2023,MICHAUNG,NI,BB,TS,2023-12-02 18:00:00,10.8,83.1,55.6,996.0,Deep Depression,2023,12,5866.9041702569175,-0.3237071633338928,2.561572313308716,-2.16475510597229,2.269998073577881
2023334N08088,2023,MICHAUNG,NI,BB,TS,2023-12-02 21:00:00,11.0,83.0,61.1,996.0,Deep Depression,2023,12,5854.327006419114,-0.32934463024139404,1.2585004568099976,-2.444321393966675,2.7887816429138184
2023334N08088,2023,MICHAUNG,NI,BB,TS,2023-12-03 00:00:00,11.3,82.9,64.8,995.0,Cyclonic Storm,2023,12,5854.292352000938,-0.2698940336704254,1.3839640617370605,-2.7066738605499268,2.8285858631134033
2023334N08088,2023,MICHAUNG,NI,BB,TS,2023-12-03 03:00:00,11.5,82.7,64.8,995.0,Cyclonic Storm,2023,12,5872.537305680329,-0.9046422839164734,1.6027945280075073,-2.432293653488159,2.666449546813965
2023334N08088,2023,MICHAUNG,NI,BB,TS,2023-12-03 06:00:00,11.9,82.5,64.8,995.0,Cyclonic Storm,2023,12,5872.799006286551,-0.8637818694114685,1.6092239618301392,-2.6262385845184326,2.745058536529541
2023334N08088,2023,MICHAUNG,NI,BB,TS,2023-12-03 09:00:00,12.1,82.4,64.8,995.0,Cyclonic Storm,2023,12,5859.725925774857,-0.4190571904182434,1.2741680145263672,-1.3261240720748901,1.7776360511779785
2023334N08088,2023,MICHAUNG,NI,BB,TS,2023-12-03 12:00:00,12.3,82.3,64.8,995.0,Cyclonic Storm,2023,12,5859.785276445065,-0.27011117339134216,1.2182977199554443,-1.3013018369674683,1.7356799840927124
2023334N08088,2023,MICHAUNG,NI,BB,TS,2023-12-03 15:00:00,12.5,82.1,74.1,994.0,Cyclonic Storm,2023,12,5870.614981288208,-1.1665186882019043,1.257553219795227,-1.6410760879516602,1.8248887062072754
2023334N08088,2023,MICHAUNG,NI,BB,TS,2023-12-03 18:00:00,12.8,81.8,83.3,992.0,Cyclonic Storm,2023,12,5870.7731169665485,-0.8048540353775024,1.3121920824050903,-1.5008997917175293,1.9152178764343262
2023334N08088,2023,MICHAUNG,NI,BB,TS,2023-12-03 21:00:00,12.9,81.6,83.3,992.0,Cyclonic Storm,2023,12,5854.689483666696,-0.46616268157958984,2.238542318344116,-1.390225887298584,2.132535696029663
2023334N08088,2023,MICHAUNG,NI,BB,TS,2023-12-04 00:00:00,13.1,81.4,83.3,992.0,Cyclonic Storm,2023,12,5854.5321446416465,-0.2936767041683197,2.292189598083496,-1.345414400100708,2.2358388900756836
2023334N08088,2023,MICHAUNG,NI,BB,TS,2023-12-04 03:00:00,13.3,81.1,92.6,988.0,Severe Cyclonic Storm,2023,12,5873.762956769131,0.09128271043300629,1.850710153579712,-1.526326060295105,2.526170253753662
2023334N08088,2023,MICHAUNG,NI,BB,TS,2023-12-04 06:00:00,13.5,80.9,92.6,988.0,Severe Cyclonic Storm,2023,12,5873.841427118334,0.2891598641872406,1.978692889213562,-1.430161714553833,2.628976345062256
2023334N08088,2023,MICHAUNG,NI,BB,TS,2023-12-04 09:00:00,13.7,80.7,92.6,988.0,Severe Cyclonic Storm,2023,12,5860.020687492671,1.0281929969787598,1.621329665184021,-0.23383432626724243,2.554854154586792
2023334N08088,2023,MICHAUNG,NI,BB,TS,2023-12-04 12:00:00,14.0,80.6,101.9,986.0,Severe Cyclonic Storm,2023,12,5859.6785249040195,1.3905435800552368,1.5307021141052246,-0.07278529554605484,2.5659866333007812
2023334N08088,2023,MICHAUNG,NI,BB,TS,2023-12-04 15:00:00,14.2,80.4,101.9,986.0,Severe Cyclonic Storm,2023,12,5867.783675490611,2.6386656761169434,2.589421033859253,-0.08340886235237122,3.873570203781128
2023334N08088,2023,MICHAUNG,NI,BB,TS,2023-12-04 18:00:00,14.4,80.3,101.9,986.0,Severe Cyclonic Storm,2023,12,5867.4932953659,2.829298496246338,2.6318540573120117,0.031240589916706085,3.976834774017334
2023334N08088,2023,MICHAUNG,NI,BB,TS,2023-12-04 21:00:00,14.6,80.2,101.9,986.0,Severe Cyclonic Storm,2023,12,5852.237783162446,2.5875015258789062,3.798574209213257,1.2386986017227173,4.139045715332031
2023334N08088,2023,MICHAUNG,NI,BB,TS,2023-12-05 00:00:00,14.9,80.1,92.6,988.0,Severe Cyclonic Storm,2023,12,5851.705220437153,2.9678046703338623,3.889629364013672,1.4584510326385498,4.2341718673706055
2023334N08088,2023,MICHAUNG,NI,BB,TS,2023-12-05 03:00:00,15.2,80.1,92.6,988.0,Severe Cyclonic Storm,2023,12,5871.673335185818,2.8357348442077637,4.101491451263428,0.9290302395820618,4.327474594116211
2023334N08088,2023,MICHAUNG,NI,BB,TS,2023-12-05 06:00:00,15.6,80.2,92.6,988.0,Severe Cyclonic Storm,2023,12,5871.317629491213,3.383146286010742,4.193083763122559,1.13099205493927,4.410763740539551
2023334N08088,2023,MICHAUNG,NI,BB,TS,2023-12-05 09:00:00,15.8,80.2,92.6,990.0,Severe Cyclonic Storm,2023,12,5859.218855954888,4.621321201324463,2.7037179470062256,1.0805355310440063,4.520254611968994
2023334N08088,2023,MICHAUNG,NI,BB,TS,2023-12-05 12:00:00,16.0,80.2,74.1,996.0,Cyclonic Storm,2023,12,5858.929670810114,4.9184746742248535,2.7182397842407227,1.168540596961975,4.574377059936523
2023334N08088,2023,MICHAUNG,NI,BB,TS,2023-12-05 15:00:00,16.4,80.3,64.8,998.0,Cyclonic Storm,2023,12,5871.878871734996,3.762482166290283,2.861175537109375,0.7148641347885132,5.170456886291504
2023334N08088,2023,MICHAUNG,NI,BB,TS,2023-12-05 18:00:00,16.9,80.4,55.6,1000.0,Deep Depression,2023,12,5870.9874167019325,4.407585144042969,2.8958823680877686,0.9407873153686523,5.1864118576049805
2023334N08088,2023,MICHAUNG,NI,BB,TS,2023-12-05 21:00:00,17.1,80.5,46.3,1002.0,Depression,2023,12,5855.6434759831345,3.754824638366699,3.872882127761841,0.456358402967453,5.935554504394531
2023334N08088,2023,MICHAUNG,NI,BB,TS,2023-12-06 00:00:00,17.3,80.6,37.0,1004.0,Depression,2023,12,5855.155525842159,3.9362332820892334,3.9096007347106934,0.5209206342697144,5.9332356452941895
2023334N08088,2023,MICHAUNG,NI,BB,TS,2023-12-06 03:00:00,17.7,80.8,,,,2023,12,5874.792232821606,4.116011619567871,5.048442840576172,0.6563255190849304,5.9953179359436035
2023334N08088,2023,MICHAUNG,NI,BB,TS,2023-12-06 06:00:00,18.3,81.1,,,,2023,12,5873.351883670774,4.616672515869141,5.103907108306885,0.9664298295974731,5.861222267150879
2024145N14087,2024,REMAL,NI,BB,DS,2024-05-23 12:00:00,13.6,86.6,,,,2024,5,5849.2491383398,4.209593296051025,2.3415133953094482,5.1406755447387695,0.9287604093551636
2024145N14087,2024,REMAL,NI,BB,DS,2024-05-23 15:00:00,13.9,87.2,,,,2024,5,5860.348111995432,4.648287773132324,2.790079355239868,4.892717361450195,1.0806005001068115
2024145N14087,2024,REMAL,NI,BB,DS,2024-05-23 18:00:00,14.3,87.7,,,,2024,5,5860.16050014531,4.087874412536621,2.8142783641815186,4.606283664703369,1.326263427734375
2024145N14087,2024,REMAL,NI,BB,DS,2024-05-23 21:00:00,14.7,88.2,,,,2024,5,5846.885468024249,4.656040191650391,0.9533423781394958,4.528059005737305,1.7345517873764038
2024145N14087,2024,REMAL,NI,BB,MX,2024-05-24 00:00:00,15.2,88.6,46.3,996.0,Depression,2024,5,5847.001779404792,4.171550750732422,1.0127179622650146,3.860750436782837,1.80992591381073
2024145N14087,2024,REMAL,NI,BB,MX,2024-05-24 03:00:00,15.5,89.0,46.3,996.0,Depression,2024,5,5857.864943686172,3.462132453918457,2.0171942710876465,3.675546169281006,1.8289949893951416
2024145N14087,2024,REMAL,NI,BB,MX,2024-05-24 06:00:00,15.9,89.3,46.3,996.0,Depression,2024,5,5857.644669051104,3.064450263977051,2.087796688079834,3.2963128089904785,1.907857060432434
2024145N14087,2024,REMAL,NI,BB,MX,2024-05-24 09:00:00,16.1,89.4,46.3,996.0,Depression,2024,5,5846.937250488189,2.8429408073425293,1.969393014907837,3.343341827392578,1.9923638105392456
2024145N14087,2024,REMAL,NI,BB,MX,2024-05-24 12:00:00,16.4,89.6,46.3,995.0,Depression,2024,5,5846.836473846829,2.6422500610351562,2.0809152126312256,3.1508841514587402,2.043386697769165
2024145N14087,2024,REMAL,NI,BB,MX,2024-05-24 15:00:00,16.7,89.7,46.3,995.0,Depression,2024,5,5858.91891599068,2.9159302711486816,2.646088123321533,2.371356725692749,2.4679200649261475
2024145N14087,2024,REMAL,NI,BB,MX,2024-05-24 18:00:00,17.0,89.9,46.3,995.0,Depression,2024,5,5858.789459830829,2.7086293697357178,2.850843906402588,2.164454698562622,2.4518625736236572
2024145N14087,2024,REMAL,NI,BB,MX,2024-05-24 21:00:00,17.2,89.9,51.9,994.0,Deep Depression,2024,5,5845.394929716061,3.001634120941162,1.848616361618042,2.9302408695220947,3.4646592140197754
2024145N14087,2024,REMAL,NI,BB,TS,2024-05-25 00:00:00,17.6,90.0,55.6,993.0,Deep Depression,2024,5,5845.250735470319,3.105499505996704,2.0214200019836426,2.6897897720336914,3.547180652618408
2024145N14087,2024,REMAL,NI,BB,TS,2024-05-25 03:00:00,17.9,89.8,55.6,992.0,Deep Depression,2024,5,5855.20531667287,2.2587363719940186,2.8814895153045654,2.5101304054260254,3.200890302658081
2024145N14087,2024,REMAL,NI,BB,TS,2024-05-25 06:00:00,18.2,89.6,55.6,991.0,Deep Depression,2024,5,5854.454470945736,2.386869430541992,2.849979877471924,2.2663156986236572,3.080686330795288
2024145N14087,2024,REMAL,NI,BB,TS,2024-05-25 09:00:00,18.4,89.5,61.1,990.0,Deep Depression,2024,5,5843.347132430545,2.883364200592041,3.6519389152526855,2.336388111114502,4.209694862365723
2024145N14087,2024,REMAL,NI,BB,TS,2024-05-25 12:00:00,18.7,89.3,64.8,989.0,Cyclonic Storm,2024,5,5842.7711521008705,2.926305055618286,3.5578365325927734,2.1339542865753174,4.146635055541992
2024145N14087,2024,REMAL,NI,BB,TS,2024-05-25 15:00:00,18.9,89.2,64.8,989.0,Cyclonic Storm,2024,5,5859.893222966049,2.559544324874878,4.682124614715576,2.5373313426971436,3.8630940914154053
2024145N14087,2024,REMAL,NI,BB,TS,2024-05-25 18:00:00,19.2,89.2,74.1,988.0,Cyclonic Storm,2024,5,5859.5120243661195,2.4686472415924072,4.529229164123535,2.4527299404144287,3.6906332969665527
2024145N14087,2024,REMAL,NI,BB,TS,2024-05-25 21:00:00,19.4,89.2,83.3,986.0,Cyclonic Storm,2024,5,5846.675549881968,2.8993804454803467,5.737194061279297,2.38228178024292,3.120871067047119
2024145N14087,2024,REMAL,NI,BB,TS,2024-05-26 00:00:00,19.6,89.2,92.6,984.0,Severe Cyclonic Storm,2024,5,5846.616995865051,2.9408257007598877,5.6349077224731445,2.290717124938965,2.96366548538208
2024145N14087,2024,REMAL,NI,BB,TS,2024-05-26 03:00:00,19.9,89.1,92.6,984.0,Severe Cyclonic Storm,2024,5,5858.254905472308,2.69736385345459,6.536425590515137,1.178367018699646,2.368396759033203
2024145N14087,2024,REMAL,NI,BB,TS,2024-05-26 06:00:00,20.3,89.1,92.6,983.0,Severe Cyclonic Storm,2024,5,5858.251718859142,3.001497268676758,6.446177005767822,1.3238757848739624,2.1289010047912598
2024145N14087,2024,REMAL,NI,BB,TS,2024-05-26 09:00:00,20.6,89.1,101.9,981.0,Severe Cyclonic Storm,2024,5,5843.817954525756,4.554024696350098,4.604358196258545,1.9657490253448486,2.2774195671081543
2024145N14087,2024,REMAL,NI,BB,TS,2024-05-26 12:00:00,21.2,89.1,111.1,978.0,Severe Cyclonic Storm,2024,5,5843.2124980243,4.883596420288086,4.179818630218506,2.3363969326019287,2.1060569286346436
2024145N14087,2024,REMAL,NI,BB,TS,2024-05-26 14:00:00,21.5,89.0,111.1,978.0,Severe Cyclonic Storm,2024,5,5842.426997878991,5.0342936515808105,4.079383850097656,2.6114883422851562,1.9821702241897583
2024145N14087,2024,REMAL,NI,BB,TS,2024-05-26 15:00:00,21.6,89.0,111.1,978.0,Severe Cyclonic Storm,2024,5,5854.6799238272,4.420560359954834,5.070502758026123,2.887683153152466,2.7002758979797363
2024145N14087,2024,REMAL,NI,BB,TS,2024-05-26 18:00:00,22.0,88.9,111.1,978.0,Severe Cyclonic Storm,2024,5,5853.210098504586,4.623444557189941,4.842926979064941,3.2327146530151367,2.5892231464385986
2024145N14087,2024,REMAL,NI,BB,TS,2024-05-26 21:00:00,22.2,88.9,101.9,980.0,Severe Cyclonic Storm,2024,5,5841.035244578934,5.347099781036377,6.02000093460083,3.613481044769287,2.6401729583740234
2024145N14087,2024,REMAL,NI,BB,TS,2024-05-27 00:00:00,22.6,89.0,83.3,982.0,Cyclonic Storm,2024,5,5840.4142533382965,5.805009841918945,5.7475056648254395,4.009308815002441,2.541469097137451
2024145N14087,2024,REMAL,NI,BB,TS,2024-05-27 03:00:00,22.8,89.1,74.1,984.0,Cyclonic Storm,2024,5,5848.740076886603,5.73281717300415,6.003314971923828,4.473077297210693,2.199347972869873
2024145N14087,2024,REMAL,NI,BB,TS,2024-05-27 06:00:00,23.1,89.1,64.8,985.0,Cyclonic Storm,2024,5,5848.025478884227,5.985544204711914,5.835251331329346,4.742183685302734,2.2387332916259766
2024145N14087,2024,REMAL,NI,BB,TS,2024-05-27 09:00:00,23.3,89.3,64.8,986.0,Cyclonic Storm,2024,5,5836.727740232393,7.5274434089660645,5.593944072723389,5.460590362548828,2.2545511722564697
2024145N14087,2024,REMAL,NI,BB,TS,2024-05-27 12:00:00,23.6,89.6,64.8,987.0,Cyclonic Storm,2024,5,5835.9741062187395,7.79615592956543,5.748804092407227,5.641331672668457,2.1014883518218994
2024145N14087,2024,REMAL,NI,BB,TS,2024-05-27 15:00:00,23.8,90.1,55.6,988.0,Deep Depression,2024,5,5844.498694763248,8.874046325683594,6.023401737213135,6.204687595367432,2.59804105758667
2024145N14087,2024,REMAL,NI,BB,TS,2024-05-27 18:00:00,24.1,90.5,55.6,990.0,Deep Depression,2024,5,5843.734704256805,9.174325942993164,6.065455913543701,6.238105773925781,2.4387123584747314
2024145N14087,2024,REMAL,NI,BB,TS,2024-05-27 21:00:00,24.3,90.8,46.3,991.0,Depression,2024,5,5830.270068652394,8.905920028686523,6.4995269775390625,8.155316352844238,2.1652028560638428
2024145N14087,2024,REMAL,NI,BB,MX,2024-05-28 00:00:00,24.5,91.1,37.0,991.0,Depression,2024,5,5830.264492079355,9.073516845703125,6.600590705871582,8.155143737792969,2.2884092330932617
2024145N14087,2024,REMAL,NI,BB,TS,2024-05-28 03:00:00,24.7,91.5,37.0,992.0,Depression,2024,5,5837.121685284986,9.839277267456055,6.391488552093506,7.498533725738525,2.0464999675750732
2024145N14087,2024,REMAL,NI,BB,TS,2024-05-28 06:00:00,25.1,91.8,37.0,993.0,Depression,2024,5,5836.560841367847,9.8772611618042,6.410427570343018,7.834112644195557,2.0508744716644287
2024201N19086,2024,UNNAMED,NI,BB,TS,2024-07-19 03:00:00,19.1,86.2,46.3,992.0,Depression,2024,7,5832.6094410425585,-0.9289470911026001,1.6063464879989624,2.579054594039917,1.6833497285842896
2024201N19086,2024,UNNAMED,NI,BB,TS,2024-07-19 06:00:00,19.2,86.0,46.3,992.0,Depression,2024,7,5832.554471965453,-1.122838020324707,1.4498087167739868,2.446493625640869,1.5200910568237305
2024201N19086,2024,UNNAMED,NI,BB,TS,2024-07-19 09:00:00,19.3,85.8,46.3,991.0,Depression,2024,7,5816.970738605946,-0.8660442233085632,1.9643031358718872,2.527797222137451,1.0642255544662476
2024201N19086,2024,UNNAMED,NI,BB,TS,2024-07-19 12:00:00,19.4,85.7,46.3,990.0,Depression,2024,7,5817.10736464542,-1.0245945453643799,1.9116151332855225,2.3279759883880615,1.0092625617980957
2024201N19086,2024,UNNAMED,NI,BB,TS,2024-07-19 15:00:00,19.5,85.6,46.3,990.0,Depression,2024,7,5834.393147761978,-1.9365234375,1.8177917003631592,2.7407515048980713,2.244124412536621
2024201N19086,2024,UNNAMED,NI,BB,TS,2024-07-19 18:00:00,19.5,85.6,46.3,990.0,Depression,2024,7,5834.393147761978,-1.9365234375,1.8177917003631592,2.7407515048980713,2.244124412536621
2024201N19086,2024,UNNAMED,NI,BB,TS,2024-07-19 21:00:00,19.6,85.5,46.3,991.0,Depression,2024,7,5826.547307821734,-2.1244709491729736,2.714219331741333,1.7991410493850708,1.0667461156845093
2024201N19086,2024,UNNAMED,NI,BB,TS,2024-07-20 00:00:00,19.6,85.5,46.3,991.0,Depression,2024,7,5826.547307821734,-2.1244709491729736,2.714219331741333,1.7991410493850708,1.0667461156845093
2024201N19086,2024,UNNAMED,NI,BB,TS,2024-07-20 03:00:00,19.6,85.5,46.3,992.0,Depression,2024,7,5845.816757633851,-1.177200198173523,2.7248384952545166,2.22375750541687,2.9830894470214844
2024201N19086,2024,UNNAMED,NI,BB,TS,2024-07-20 06:00:00,19.7,85.4,46.3,992.0,Depression,2024,7,5845.786086482132,-1.3700439929962158,2.646233558654785,2.049988269805908,2.8956921100616455
2024216N24085,2024,UNNAMED,NI,BB,TS,2024-08-02 12:00:00,24.2,85.2,37.0,992.0,Depression,2024,8,5832.5855414438165,2.5474326610565186,1.6897497177124023,4.333904266357422,2.9404079914093018
2024216N24085,2024,UNNAMED,NI,BB,TS,2024-08-02 15:00:00,24.2,85.0,37.0,992.0,Depression,2024,8,5852.031449959976,1.8743277788162231,1.7521055936813354,3.3711304664611816,2.0936901569366455
2024216N24085,2024,UNNAMED,NI,BB,TS,2024-08-02 18:00:00,24.2,84.9,37.0,992.0,Depression,2024,8,5851.773334293566,1.8635116815567017,1.714207410812378,3.4081530570983887,2.0700790882110596
2024216N24085,2024,UNNAMED,NI,BB,TS,2024-08-02 21:00:00,24.2,84.8,42.6,992.0,Depression,2024,8,5840.120288273773,1.7017475366592407,1.047732949256897,2.687127113342285,2.242591142654419
2024216N24085,2024,UNNAMED,NI,BB,TS,2024-08-03 00:00:00,24.3,84.6,46.3,991.0,Depression,2024,8,5839.679739003635,1.7234721183776855,1.0835086107254028,2.699838876724243,2.163691997528076
2024216N24085,2024,UNNAMED,NI,BB,TS,2024-08-03 03:00:00,24.4,84.4,55.6,990.0,Deep Depression,2024,8,5858.7504238195515,0.30572324991226196,1.6535038948059082,2.6110010147094727,2.8549580574035645
2024216N24085,2024,UNNAMED,NI,BB,TS,2024-08-03 06:00:00,24.5,84.2,55.6,988.0,Deep Depression,2024,8,5858.460840348132,0.23890219628810883,1.6834686994552612,2.6003599166870117,2.9110398292541504
2024216N24085,2024,UNNAMED,NI,BB,TS,2024-08-03 09:00:00,24.7,83.7,55.6,988.0,Deep Depression,2024,8,5850.530953485645,0.4527473747730255,1.69789457321167,2.9985039234161377,1.4178977012634277
2024216N24085,2024,UNNAMED,NI,BB,TS,2024-08-03 12:00:00,24.8,83.0,55.6,988.0,Deep Depression,2024,8,5849.939438416789,0.46605220437049866,1.8029650449752808,3.082528591156006,1.6275625228881836
2024216N24085,2024,UNNAMED,NI,BB,TS,2024-08-03 15:00:00,24.8,82.2,55.6,989.0,Deep Depression,2024,8,5868.853580860947,-0.26634669303894043,1.3846615552902222,1.6283760070800781,1.7029832601547241
2024216N24085,2024,UNNAMED,NI,BB,TS,2024-08-03 18:00:00,24.8,81.5,55.6,990.0,Deep Depression,2024,8,5867.787260430423,-0.31691986322402954,1.5575876235961914,1.710434079170227,2.0103647708892822
2024216N24085,2024,UNNAMED,NI,BB,TS,2024-08-03 21:00:00,24.8,81.2,55.6,990.0,Deep Depression,2024,8,5849.785286004905,-1.3957973718643188,0.33701658248901367,1.3086618185043335,1.0028407573699951
2024216N24085,2024,UNNAMED,NI,BB,TS,2024-08-04 00:00:00,24.9,81.0,55.6,990.0,Deep Depression,2024,8,5849.682916056961,-1.4245396852493286,0.4041541814804077,1.3496012687683105,1.0894277095794678
2024216N24085,2024,UNNAMED,NI,BB,TS,2024-08-04 03:00:00,25.0,80.7,55.6,991.0,Deep Depression,2024,8,5870.949575670591,-2.3163235187530518,1.424310564994812,1.024152159690857,1.7798625230789185
2024216N24085,2024,UNNAMED,NI,BB,TS,2024-08-04 06:00:00,25.3,79.6,55.6,992.0,Deep Depression,2024,8,5869.377380400035,-2.599687337875366,2.0738070011138916,1.2982038259506226,2.0969173908233643
2024216N24085,2024,UNNAMED,NI,BB,TS,2024-08-04 09:00:00,25.6,78.9,55.6,992.0,Deep Depression,2024,8,5855.071080593271,-1.9038161039352417,1.5448578596115112,1.4444328546524048,1.4065630435943604
2024216N24085,2024,UNNAMED,NI,BB,TS,2024-08-04 12:00:00,25.8,78.4,55.6,992.0,Deep Depression,2024,8,5854.285182121316,-1.8716073036193848,1.858770728111267,1.5439659357070923,1.7612978219985962
2024216N24085,2024,UNNAMED,NI,BB,TS,2024-08-04 15:00:00,25.9,78.0,55.6,993.0,Deep Depression,2024,8,5871.533522533179,-2.678647756576538,1.8511724472045898,1.0498631000518799,1.279031753540039
2024216N24085,2024,UNNAMED,NI,AS,TS,2024-08-04 18:00:00,26.0,77.6,55.6,993.0,Deep Depression,2024,8,5871.151925606604,-2.74527645111084,1.902060627937317,1.058793544769287,1.6142785549163818
2024216N24085,2024,UNNAMED,NI,AS,TS,2024-08-04 21:00:00,26.1,76.9,51.9,993.0,Deep Depression,2024,8,5860.207502689502,-2.1281776428222656,1.2007358074188232,0.2713478207588196,1.2087794542312622
2024216N24085,2024,UNNAMED,NI,AS,TS,2024-08-05 00:00:00,26.3,76.2,46.3,993.0,Depression,2024,8,5860.016305899569,-2.1848530769348145,1.4373365640640259,0.4742794632911682,1.7494269609451294
2024216N24085,2024,UNNAMED,NI,AS,TS,2024-08-05 03:00:00,26.5,75.6,46.3,993.0,Depression,2024,8,5880.4189950186865,-1.6267976760864258,1.3305960893630981,1.5545188188552856,1.9980039596557617
2024216N24085,2024,UNNAMED,NI,AS,TS,2024-08-05 06:00:00,26.8,75.2,46.3,994.0,Depression,2024,8,5880.075637450098,-1.589348554611206,1.4783275127410889,1.9574617147445679,2.401261329650879
2024216N24085,2024,UNNAMED,NI,AS,TS,2024-08-05 09:00:00,27.2,74.4,42.6,994.0,Depression,2024,8,5863.775712781633,-0.27515414357185364,-0.17794907093048096,4.329799652099609,0.6239247918128967
2024216N24085,2024,UNNAMED,NI,AS,TS,2024-08-05 12:00:00,27.6,73.5,37.0,994.0,Depression,2024,8,5864.00634390949,-0.5610100626945496,0.16945679485797882,4.259830951690674,1.3221279382705688
2024216N24085,2024,UNNAMED,NI,AS,TS,2024-08-05 15:00:00,28.2,72.7,37.0,995.0,Depression,2024,8,5878.337339968287,-1.2754179239273071,-1.3056446313858032,2.5150275230407715,0.7360917329788208
2024216N24085,2024,UNNAMED,NI,AS,TS,2024-08-05 18:00:00,28.8,72.0,37.0,996.0,Depression,2024,8,5878.2170453212875,-2.117382049560547,-1.324530839920044,1.7730216979980469,0.741811990737915
2024238N25077,2024,ASNA,NI,AS,TS,2024-08-25 00:00:00,24.5,77.3,37.0,997.0,Depression,2024,8,5842.7631855679565,-3.2703208923339844,0.5810659527778625,-0.4421423077583313,0.17301851511001587
2024238N25077,2024,ASNA,NI,AS,TS,2024-08-25 03:00:00,24.6,76.9,37.0,997.0,Depression,2024,8,5851.708805376964,-3.479175329208374,0.16364316642284393,-0.4359365701675415,-0.002478168811649084
2024238N25077,2024,ASNA,NI,AS,TS,2024-08-25 06:00:00,24.6,76.5,37.0,996.0,Depression,2024,8,5851.6633961393545,-3.4847490787506104,0.22288519144058228,-0.32924050092697144,-0.134950190782547
2024238N25077,2024,ASNA,NI,AS,TS,2024-08-25 09:00:00,24.5,76.1,42.6,996.0,Depression,2024,8,5835.855803204969,-3.4317779541015625,-1.1025906801223755,0.6405994892120361,-2.1545708179473877
2024238N25077,2024,ASNA,NI,AS,TS,2024-08-25 12:00:00,24.4,75.6,46.3,996.0,Depression,2024,8,5835.828318666416,-3.184504985809326,-1.1506439447402954,0.9215337634086609,-2.336881160736084
2024238N25077,2024,ASNA,NI,AS,TS,2024-08-25 15:00:00,24.3,75.1,51.9,996.0,Deep Depression,2024,8,5841.999195061515,-4.049503803253174,-1.178825855255127,-0.5605736374855042,-2.244994640350342
2024238N25077,2024,ASNA,NI,AS,TS,2024-08-25 18:00:00,24.3,74.7,55.6,995.0,Deep Depression,2024,8,5842.203536630756,-3.974048614501953,-1.3410433530807495,-0.49969494342803955,-2.3127601146698
2024238N25077,2024,ASNA,NI,AS,TS,2024-08-25 21:00:00,24.3,74.4,55.6,995.0,Deep Depression,2024,8,5827.913966543111,-3.676670551300049,0.23289887607097626,-1.2147676944732666,-1.6600759029388428
2024238N25077,2024,ASNA,NI,AS,TS,2024-08-26 00:00:00,24.2,74.2,55.6,995.0,Deep Depression,2024,8,5827.8119949218135,-3.606757879257202,0.2555692493915558,-0.9469656944274902,-1.7402501106262207
2024238N25077,2024,ASNA,NI,AS,TS,2024-08-26 03:00:00,24.1,74.0,55.6,995.0,Deep Depression,2024,8,5844.3505172510495,-2.6070609092712402,1.1513996124267578,0.022278737276792526,-0.5015959143638611
2024238N25077,2024,ASNA,NI,AS,TS,2024-08-26 06:00:00,23.8,73.6,55.6,995.0,Deep Depression,2024,8,5843.720364497561,-2.347071409225464,1.207059621810913,0.5122014284133911,-0.763667106628418
2024238N25077,2024,ASNA,NI,AS,TS,2024-08-26 09:00:00,23.7,73.3,55.6,995.0,Deep Depression,2024,8,5829.818764562822,-0.44179561734199524,-0.45693084597587585,1.569437861442566,-1.160380482673645
2024238N25077,2024,ASNA,NI,AS,TS,2024-08-26 12:00:00,23.8,73.0,55.6,995.0,Deep Depression,2024,8,5830.0816601489805,-0.33187243342399597,-0.48361289501190186,1.4164806604385376,-1.4058928489685059
2024238N25077,2024,ASNA,NI,AS,TS,2024-08-26 15:00:00,23.8,72.7,55.6,995.0,Deep Depression,2024,8,5843.86296543672,-1.8186830282211304,-1.022404432296753,0.22940553724765778,-1.6465517282485962
2024238N25077,2024,ASNA,NI,AS,TS,2024-08-26 18:00:00,23.8,72.4,55.6,995.0,Deep Depression,2024,8,5844.052170593424,-1.8067059516906738,-1.0979639291763306,0.16719640791416168,-1.8594056367874146
2024238N25077,2024,ASNA,NI,AS,TS,2024-08-26 21:00:00,23.8,72.3,55.6,995.0,Deep Depression,2024,8,5825.956589406169,-1.8390324115753174,0.6569377779960632,0.20312368869781494,-0.8497151136398315
2024238N25077,2024,ASNA,NI,AS,TS,2024-08-27 00:00:00,23.8,72.2,55.6,995.0,Deep Depression,2024,8,5825.939063033758,-1.8695154190063477,0.6838307976722717,0.1919202357530594,-0.903992772102356
2024238N25077,2024,ASNA,NI,AS,TS,2024-08-27 03:00:00,23.8,72.0,55.6,995.0,Deep Depression,2024,8,5845.896024636344,-1.2118141651153564,2.172414779663086,0.9890750646591187,0.37648454308509827
2024238N25077,2024,ASNA,NI,AS,TS,2024-08-27 06:00:00,23.7,71.7,55.6,995.0,Deep Depression,2024,8,5845.709607766159,-1.1560529470443726,2.18493390083313,1.1047338247299194,0.1462497115135193
2024238N25077,2024,ASNA,NI,AS,TS,2024-08-27 09:00:00,23.7,71.3,55.6,995.0,Deep Depression,2024,8,5836.534551809232,0.38781896233558655,0.8547946810722351,2.7599875926971436,-0.9022389054298401
2024238N25077,2024,ASNA,NI,AS,TS,2024-08-27 12:00:00,23.8,70.9,55.6,995.0,Deep Depression,2024,8,5836.780717676271,0.2429281771183014,0.7121050953865051,2.6253156661987305,-1.1155989170074463
2024238N25077,2024,ASNA,NI,AS,TS,2024-08-27 15:00:00,23.9,70.6,55.6,995.0,Deep Depression,2024,8,5856.709398087013,-0.37332382798194885,-1.0206578969955444,2.491487979888916,-2.3104569911956787
2024238N25077,2024,ASNA,NI,AS,TS,2024-08-27 18:00:00,24.0,70.4,55.6,995.0,Deep Depression,2024,8,5856.794639989192,-0.41730958223342896,-1.0529513359069824,2.425084352493286,-2.1746931076049805
2024238N25077,2024,ASNA,NI,AS,TS,2024-08-27 21:00:00,24.0,70.1,55.6,995.0,Deep Depression,2024,8,5843.920324473699,-0.7330977320671082,-0.7338809370994568,2.437056303024292,-1.6530616283416748
2024238N25077,2024,ASNA,NI,AS,TS,2024-08-28 00:00:00,24.0,70.0,55.6,995.0,Deep Depression,2024,8,5844.051772266778,-0.7798877358436584,-0.6597858667373657,2.4492363929748535,-1.5321471691131592
2024238N25077,2024,ASNA,NI,AS,TS,2024-08-28 03:00:00,24.0,69.8,55.6,995.0,Deep Depression,2024,8,5860.273226586041,-0.008553482592105865,0.8162303566932678,3.9569084644317627,-1.7685918807983398
2024238N25077,2024,ASNA,NI,AS,TS,2024-08-28 06:00:00,23.9,69.8,55.6,994.0,Deep Depression,2024,8,5860.306287697634,-0.03884823992848396,0.8013731241226196,4.01578950881958,-1.7422144412994385
2024238N25077,2024,ASNA,NI,AS,TS,2024-08-28 09:00:00,23.8,69.8,55.6,994.0,Deep Depression,2024,8,5844.4616503851985,1.6779370307922363,-1.0557174682617188,4.915548324584961,-1.860148310661316
2024238N25077,2024,ASNA,NI,AS,TS,2024-08-28 12:00:00,23.8,69.8,55.6,994.0,Deep Depression,2024,8,5844.4616503851985,1.6779370307922363,-1.0557174682617188,4.915548324584961,-1.860148310661316
2024238N25077,2024,ASNA,NI,AS,TS,2024-08-28 15:00:00,23.8,69.8,55.6,994.0,Deep Depression,2024,8,5858.002366378937,1.049102544784546,-2.835092067718506,4.358846664428711,-3.562194347381592
2024238N25077,2024,ASNA,NI,AS,TS,2024-08-28 18:00:00,23.8,69.7,55.6,994.0,Deep Depression,2024,8,5858.191173208997,1.0335447788238525,-2.770714044570923,4.327148914337158,-3.5115697383880615
2024238N25077,2024,ASNA,NI,AS,TS,2024-08-28 21:00:00,23.8,69.6,55.6,994.0,Deep Depression,2024,8,5838.845244680906,0.781024694442749,-1.6104977130889893,4.163724899291992,-2.8831100463867188
2024238N25077,2024,ASNA,NI,AS,TS,2024-08-29 00:00:00,23.8,69.5,55.6,994.0,Deep Depression,2024,8,5838.889458938578,0.7970299124717712,-1.6029243469238281,4.1563029289245605,-2.8590927124023438
2024238N25077,2024,ASNA,NI,AS,TS,2024-08-29 03:00:00,23.7,69.4,55.6,994.0,Deep Depression,2024,8,5856.562813881397,0.5032326579093933,0.2578262388706207,3.358832836151123,-1.8409178256988525
2024238N25077,2024,ASNA,NI,AS,TS,2024-08-29 06:00:00,23.7,69.5,55.6,994.0,Deep Depression,2024,8,5856.505454844417,0.46686530113220215,0.25858938694000244,3.323540687561035,-1.837509274482727
2024238N25077,2024,ASNA,NI,AS,TS,2024-08-29 09:00:00,23.6,69.4,55.6,994.0,Deep Depression,2024,8,5838.347734700434,1.1519765853881836,-0.6284530758857727,4.187596321105957,-2.4075520038604736
2024238N25077,2024,ASNA,NI,AS,TS,2024-08-29 12:00:00,23.6,69.3,55.6,994.0,Deep Depression,2024,8,5838.329810001377,1.1868255138397217,-0.6290321350097656,4.180360794067383,-2.450989246368408
2024238N25077,2024,ASNA,NI,AS,TS,2024-08-29 15:00:00,23.5,69.2,55.6,994.0,Deep Depression,2024,8,5854.599860171415,-0.5694279670715332,-1.5136098861694336,2.136272668838501,-2.4233062267303467
2024238N25077,2024,ASNA,NI,AS,TS,2024-08-29 18:00:00,23.5,69.0,55.6,994.0,Deep Depression,2024,8,5854.638896182692,-0.5077951550483704,-1.5189499855041504,2.101881980895996,-2.4032297134399414
2024238N25077,2024,ASNA,NI,AS,TS,2024-08-29 21:00:00,23.4,68.7,55.6,994.0,Deep Depression,2024,8,5839.416445090832,-2.2544360160827637,-0.3077327311038971,2.193035125732422,-1.3201922178268433
2024238N25077,2024,ASNA,NI,AS,TS,2024-08-30 00:00:00,23.3,68.5,55.6,994.0,Deep Depression,2024,8,5839.381790672656,-2.1753315925598145,-0.3063933551311493,2.2385642528533936,-1.306122899055481
2024238N25077,2024,ASNA,NI,AS,TS,2024-08-30 03:00:00,23.3,68.2,55.6,994.0,Deep Depression,2024,8,5858.489519866622,-2.183525800704956,0.9879274964332581,1.8219455480575562,-0.30055510997772217
2024238N25077,2024,ASNA,NI,AS,TS,2024-08-30 06:00:00,23.4,68.0,64.8,993.0,Cyclonic Storm,2024,8,5858.695454742446,-2.114222764968872,1.0580837726593018,1.8103753328323364,-0.2087029665708542
2024238N25077,2024,ASNA,NI,AS,TS,2024-08-30 09:00:00,23.4,67.5,64.8,993.0,Cyclonic Storm,2024,8,5843.389355054988,-1.3333942890167236,0.8090224266052246,2.247619867324829,0.09391231834888458
2024238N25077,2024,ASNA,NI,AS,TS,2024-08-30 12:00:00,23.4,67.1,64.8,993.0,Cyclonic Storm,2024,8,5843.388558401697,-1.0861742496490479,0.7768701314926147,2.293858766555786,0.05334007740020752
2024238N25077,2024,ASNA,NI,AS,TS,2024-08-30 15:00:00,23.5,66.9,64.8,992.0,Cyclonic Storm,2024,8,5862.79901584639,-2.0061800479888916,0.10216706246137619,0.49977701902389526,-0.7800388932228088
2024238N25077,2024,ASNA,NI,AS,TS,2024-08-30 18:00:00,23.6,66.4,64.8,992.0,Cyclonic Storm,2024,8,5862.856773210016,-1.7831294536590576,-0.11223052442073822,0.5216891169548035,-0.8837431073188782
2024238N25077,2024,ASNA,NI,AS,TS,2024-08-30 21:00:00,23.5,66.1,64.8,992.0,Cyclonic Storm,2024,8,5847.131235564642,-3.6183152198791504,-0.5517495274543762,0.6107746958732605,1.1664574146270752
2024238N25077,2024,ASNA,NI,AS,TS,2024-08-31 00:00:00,23.5,65.7,74.1,991.0,Cyclonic Storm,2024,8,5847.061130075001,-3.5647802352905273,-0.70047926902771,0.842491626739502,1.1741697788238525
2024238N25077,2024,ASNA,NI,AS,TS,2024-08-31 03:00:00,23.5,65.2,74.1,991.0,Cyclonic Storm,2024,8,5865.142769829657,-3.8005685806274414,1.4184832572937012,1.3299102783203125,-0.2753255367279053
2024238N25077,2024,ASNA,NI,AS,TS,2024-08-31 06:00:00,23.5,64.9,74.1,991.0,Cyclonic Storm,2024,8,5865.136794929971,-3.6932272911071777,1.2630765438079834,1.374606966972351,-0.3064824938774109
2024238N25077,2024,ASNA,NI,AS,TS,2024-08-31 09:00:00,23.4,64.4,74.1,991.0,Cyclonic Storm,2024,8,5857.313261281885,-2.3511834144592285,0.3893783688545227,1.7601057291030884,-1.2356971502304077
2024238N25077,2024,ASNA,NI,AS,TS,2024-08-31 12:00:00,23.5,64.2,74.1,990.0,Cyclonic Storm,2024,8,5857.715571194037,-2.281869411468506,0.27782025933265686,1.697463870048523,-1.2896287441253662
2024238N25077,2024,ASNA,NI,AS,TS,2024-08-31 15:00:00,23.4,63.7,74.1,990.0,Cyclonic Storm,2024,8,5874.795817761417,-2.5822830200195312,-1.4579546451568604,0.09562905877828598,-2.5860486030578613
2024238N25077,2024,ASNA,NI,AS,TS,2024-08-31 18:00:00,23.4,63.5,74.1,990.0,Cyclonic Storm,2024,8,5874.898586036006,-2.572317361831665,-1.607363224029541,0.07581029832363129,-2.5786960124969482
2024238N25077,2024,ASNA,NI,AS,TS,2024-08-31 21:00:00,23.3,63.0,74.1,990.0,Cyclonic Storm,2024,8,5874.790241188378,-2.5717666149139404,-2.065300464630127,0.10237707197666168,-2.6236653327941895
2024244N18085,2024,UNNAMED,NI,BB,TS,2024-08-31 00:00:00,17.5,84.6,46.3,998.0,Depression,2024,8,5845.555057027629,-3.702833652496338,2.4736249446868896,2.079341411590576,1.2431087493896484
2024244N18085,2024,UNNAMED,NI,BB,TS,2024-08-31 03:00:00,17.7,84.5,46.3,997.0,Depression,2024,8,5857.960143754493,-3.0696802139282227,3.2851381301879883,1.4932572841644287,1.676131248474121
2024244N18085,2024,UNNAMED,NI,BB,TS,2024-08-31 06:00:00,17.9,84.3,46.3,996.0,Depression,2024,8,5858.323815982013,-3.28389310836792,3.1628377437591553,1.3102434873580933,1.584570288658142
2024244N18085,2024,UNNAMED,NI,BB,TS,2024-08-31 09:00:00,18.0,84.1,46.3,997.0,Depression,2024,8,5851.581739176987,-2.5603997707366943,2.312978982925415,1.9217485189437866,0.9341619610786438
2024244N18085,2024,UNNAMED,NI,BB,TS,2024-08-31 12:00:00,18.1,84.0,46.3,997.0,Depression,2024,8,5851.7032288039245,-2.673367500305176,2.261977434158325,1.827304720878601,0.8712013363838196
2024244N18085,2024,UNNAMED,NI,BB,TS,2024-08-31 15:00:00,18.1,83.9,46.3,997.0,Depression,2024,8,5864.985032477962,-3.1099092960357666,2.00217604637146,1.600029706954956,1.41839599609375
2024244N18085,2024,UNNAMED,NI,BB,TS,2024-08-31 18:00:00,18.2,83.8,46.3,997.0,Depression,2024,8,5865.145956442822,-3.1780059337615967,1.9650020599365234,1.5026520490646362,1.4072188138961792
2024244N18085,2024,UNNAMED,NI,BB,TS,2024-08-31 21:00:00,18.3,83.5,46.3,997.0,Depression,2024,8,5865.077444259763,-3.260735273361206,1.8196316957473755,1.4805800914764404,1.201845645904541
2024238N25077,2024,ASNA,NI,AS,TS,2024-09-01 00:00:00,23.1,62.6,74.1,990.0,Cyclonic Storm,2024,9,5860.82570564362,-2.895625352859497,-1.8785547018051147,-0.06360143423080444,-2.177886486053467
2024238N25077,2024,ASNA,NI,AS,TS,2024-09-01 03:00:00,22.9,62.3,64.8,992.0,Cyclonic Storm,2024,9,5878.471576047887,-3.4261960983276367,-1.6046817302703857,-0.1885487586259842,-2.3755929470062256
2024238N25077,2024,ASNA,NI,AS,TS,2024-09-01 06:00:00,22.7,62.1,64.8,993.0,Cyclonic Storm,2024,9,5878.144549871771,-3.4740991592407227,-1.730865478515625,-0.16461844742298126,-2.3793115615844727
2024238N25077,2024,ASNA,NI,AS,TS,2024-09-01 09:00:00,22.5,61.9,64.8,993.0,Cyclonic Storm,2024,9,5866.64207132405,-4.054773330688477,-2.1555593013763428,1.0000972747802734,-3.4548122882843018
2024238N25077,2024,ASNA,NI,AS,TS,2024-09-01 12:00:00,22.2,61.8,55.6,996.0,Deep Depression,2024,9,5865.693257254006,-4.042583465576172,-2.201627254486084,1.0554007291793823,-3.4444923400878906
2024238N25077,2024,ASNA,NI,AS,TS,2024-09-01 15:00:00,21.9,61.7,55.6,997.0,Deep Depression,2024,9,5886.741633865796,-4.834336280822754,-2.048248767852783,-0.5965924263000488,-4.750857353210449
2024238N25077,2024,ASNA,NI,AS,TS,2024-09-01 18:00:00,21.7,61.6,55.6,998.0,Deep Depression,2024,9,5886.2879398163495,-4.733962535858154,-2.0505473613739014,-0.6220413446426392,-4.797879695892334
2024238N25077,2024,ASNA,NI,AS,TS,2024-09-01 21:00:00,21.4,61.5,46.3,999.0,Depression,2024,9,5868.254099259177,-3.470362424850464,-2.3238184452056885,-1.760469675064087,-4.122985363006592
2024238N25077,2024,ASNA,NI,AS,TS,2024-09-02 00:00:00,21.2,61.4,37.0,999.0,Depression,2024,9,5867.8286864015745,-3.3641674518585205,-2.3513829708099365,-1.6627904176712036,-4.065700531005859
2024238N25077,2024,ASNA,NI,AS,TS,2024-09-02 03:00:00,20.9,61.2,37.0,1000.0,Depression,2024,9,5885.779276689797,-4.257889747619629,-2.7759768962860107,-1.2267414331436157,-2.9264073371887207
2024238N25077,2024,ASNA,NI,AS,TS,2024-09-02 06:00:00,20.6,61.1,,,,2024,9,5885.132394217189,-4.108781337738037,-2.9132306575775146,-1.0396103858947754,-3.005206823348999
2024238N25077,2024,ASNA,NI,AS,TS,2024-09-02 09:00:00,20.4,61.0,,,,2024,9,5865.51719687661,-3.937903642654419,-3.0813186168670654,0.2843374013900757,-3.2499303817749023
2024238N25077,2024,ASNA,NI,AS,TS,2024-09-02 12:00:00,20.2,61.0,,,,2024,9,5864.836854965763,-3.894296884536743,-3.137220621109009,0.4052612781524658,-3.1433959007263184
2024238N25077,2024,ASNA,NI,AS,TS,2024-09-02 15:00:00,19.9,60.9,,,,2024,9,5877.570959501971,-5.086391925811768,-3.113931655883789,-0.2149912267923355,-4.206751823425293
2024238N25077,2024,ASNA,NI,AS,DS,2024-09-02 18:00:00,19.7,60.9,,,,2024,9,5877.044770003008,-5.060305595397949,-3.0929114818573,-0.03707314282655716,-4.148759365081787
2024238N25077,2024,ASNA,NI,AS,DS,2024-09-02 21:00:00,19.7,60.9,,,,2024,9,5857.850205600282,-4.037903785705566,-2.5041582584381104,-1.2012338638305664,-3.5165317058563232
2024238N25077,2024,ASNA,NI,AS,DS,2024-09-03 00:00:00,19.8,60.8,,,,2024,9,5858.249727225913,-4.1005167961120605,-2.593463182449341,-1.337592363357544,-3.5495450496673584
2024238N25077,2024,ASNA,NI,AS,DS,2024-09-03 03:00:00,19.9,60.7,,,,2024,9,5882.024251400835,-5.128446578979492,-1.645918607711792,-1.7285610437393188,-1.9363638162612915
2024238N25077,2024,ASNA,NI,AS,DS,2024-09-03 06:00:00,19.9,60.7,,,,2024,9,5882.024251400835,-5.128446578979492,-1.645918607711792,-1.7285610437393188,-1.9363638162612915
2024244N18085,2024,UNNAMED,NI,BB,TS,2024-09-01 00:00:00,18.5,83.0,46.3,997.0,Depression,2024,9,5851.608825388895,-2.598128080368042,1.925268530845642,0.3335782587528229,0.961651623249054
2024244N18085,2024,UNNAMED,NI,BB,TS,2024-09-01 03:00:00,18.7,82.4,46.3,998.0,Depression,2024,9,5868.516994845335,-3.064603567123413,2.2537636756896973,-0.11295288801193237,1.913089394569397
2024244N18085,2024,UNNAMED,NI,BB,TS,2024-09-01 06:00:00,18.7,82.1,37.0,999.0,Depression,2024,9,5868.3130516027395,-3.041743040084839,2.1489551067352295,-0.0025644993875175714,1.6720707416534424
2024244N18085,2024,UNNAMED,NI,BB,TS,2024-09-01 09:00:00,18.8,81.7,37.0,999.0,Depression,2024,9,5853.1511461610235,-2.6752736568450928,1.9007116556167603,1.058225393295288,1.7213280200958252
2024244N18085,2024,UNNAMED,NI,BB,TS,2024-09-01 12:00:00,19.0,81.2,37.0,999.0,Depression,2024,9,5852.957559411217,-3.052643299102783,1.6258095502853394,0.9449326992034912,1.2565354108810425
2024244N18085,2024,UNNAMED,NI,BB,TS,2024-09-01 15:00:00,19.2,80.8,37.0,999.0,Depression,2024,9,5867.788455410359,-3.66696834564209,1.716439962387085,0.7356607913970947,1.103111743927002
2024244N18085,2024,UNNAMED,NI,BB,TS,2024-09-01 18:00:00,19.3,80.4,37.0,999.0,Depression,2024,9,5867.486125486277,-3.817413330078125,1.4774587154388428,0.750089704990387,0.7578408718109131
2024244N18085,2024,UNNAMED,NI,BB,TS,2024-09-01 21:00:00,19.5,80.2,37.0,999.0,Depression,2024,9,5855.725929598793,-3.981429100036621,1.4170094728469849,-0.7475765943527222,-0.15912577509880066
2024244N18085,2024,UNNAMED,NI,BB,TS,2024-09-02 00:00:00,19.6,80.0,37.0,999.0,Depression,2024,9,5855.793645128561,-4.142763137817383,1.361221432685852,-0.8115261197090149,-0.29681235551834106
2024244N18085,2024,UNNAMED,NI,BB,TS,2024-09-02 03:00:00,19.7,79.7,37.0,999.0,Depression,2024,9,5875.247121850989,-4.147747039794922,2.3060147762298584,-1.544130802154541,1.0132265090942383
2024244N18085,2024,UNNAMED,NI,BB,TS,2024-09-02 06:00:00,19.8,79.5,37.0,999.0,Depression,2024,9,5875.432742067883,-4.259461879730225,2.297309637069702,-1.6353976726531982,0.8731916546821594
2024252N18087,2024,UNNAMED,NI,BB,TS,2024-09-08 00:00:00,17.9,87.0,46.3,998.0,Depression,2024,9,5855.272235549347,-0.8225555419921875,2.1606850624084473,3.676378011703491,0.6074155569076538
2024252N18087,2024,UNNAMED,NI,BB,TS,2024-09-08 03:00:00,18.2,86.8,46.3,998.0,Depression,2024,9,5869.686481877094,-0.6279303431510925,2.7368154525756836,2.9357423782348633,1.4061461687088013
2024252N18087,2024,UNNAMED,NI,BB,TS,2024-09-08 06:00:00,18.4,86.7,46.3,997.0,Depression,2024,9,5869.6737354244315,-0.7351462244987488,2.6685051918029785,2.6776492595672607,1.4004297256469727
2024252N18087,2024,UNNAMED,NI,BB,TS,2024-09-08 09:00:00,18.5,86.5,46.3,996.0,Depression,2024,9,5852.67036589967,-0.5073143243789673,1.5019817352294922,3.1258225440979004,1.2100516557693481
2024252N18087,2024,UNNAMED,NI,BB,TS,2024-09-08 12:00:00,18.6,86.4,46.3,995.0,Depression,2024,9,5852.720555057028,-0.5424835681915283,1.4992142915725708,3.0375170707702637,1.217097520828247
2024252N18087,2024,UNNAMED,NI,BB,TS,2024-09-08 15:00:00,18.7,86.3,51.9,994.0,Deep Depression,2024,9,5862.952769931629,-0.8149451613426208,2.7278027534484863,3.7992496490478516,1.71615731716156
2024252N18087,2024,UNNAMED,NI,BB,TS,2024-09-08 18:00:00,18.9,86.3,55.6,993.0,Deep Depression,2024,9,5863.039206813744,-0.95936119556427,2.7018280029296875,3.544555187225342,1.7334283590316772
2024252N18087,2024,UNNAMED,NI,BB,TS,2024-09-08 21:00:00,19.1,86.2,55.6,992.0,Deep Depression,2024,9,5845.117694370657,-0.02801721729338169,2.706920862197876,2.3356051445007324,2.299687385559082
2024252N18087,2024,UNNAMED,NI,BB,TS,2024-09-09 00:00:00,19.3,86.2,55.6,991.0,Deep Depression,2024,9,5845.2312174646795,-0.1526826024055481,2.666104555130005,2.0311033725738525,2.267256736755371
2024252N18087,2024,UNNAMED,NI,BB,TS,2024-09-09 03:00:00,19.6,86.2,55.6,991.0,Deep Depression,2024,9,5859.694856296493,-1.3453383445739746,2.663851261138916,2.6142537593841553,3.2564995288848877
2024252N18087,2024,UNNAMED,NI,BB,TS,2024-09-09 06:00:00,20.0,86.0,55.6,992.0,Deep Depression,2024,9,5859.822719149761,-1.4806256294250488,2.5133583545684814,1.9740216732025146,3.1652088165283203
2024252N18087,2024,UNNAMED,NI,BB,TS,2024-09-09 09:00:00,20.4,85.6,55.6,993.0,Deep Depression,2024,9,5845.593694712262,-1.434389352798462,3.806389808654785,2.6455585956573486,2.5133886337280273
2024252N18087,2024,UNNAMED,NI,BB,TS,2024-09-09 12:00:00,20.8,85.1,55.6,994.0,Deep Depression,2024,9,5845.153145442124,-1.5957027673721313,3.7316737174987793,2.1155805587768555,2.42195725440979
2024252N18087,2024,UNNAMED,NI,BB,TS,2024-09-09 15:00:00,21.1,84.8,51.9,995.0,Deep Depression,2024,9,5858.439330709264,-0.700458288192749,4.281161785125732,0.9305920004844666,1.1591730117797852
2024252N18087,2024,UNNAMED,NI,BB,TS,2024-09-09 18:00:00,21.3,84.4,46.3,995.0,Depression,2024,9,5858.158510424049,-0.6684777140617371,4.175342082977295,0.6638765335083008,0.9661633372306824
2024252N18087,2024,UNNAMED,NI,BB,TS,2024-09-09 21:00:00,21.5,83.9,46.3,995.0,Depression,2024,9,5844.399113101824,-0.6580630540847778,4.040065765380859,0.09727255254983902,0.7520577311515808
2024252N18087,2024,UNNAMED,NI,BB,TS,2024-09-10 00:00:00,21.7,83.3,46.3,995.0,Depression,2024,9,5843.815962892528,-0.7810990214347839,4.17591667175293,-0.05363178253173828,0.5406327247619629
2024252N18087,2024,UNNAMED,NI,BB,TS,2024-09-10 03:00:00,21.8,82.8,46.3,996.0,Depression,2024,9,5859.867331734079,0.0857180580496788,3.4697906970977783,0.09619607776403427,1.6172785758972168
2024252N18087,2024,UNNAMED,NI,BB,TS,2024-09-10 06:00:00,21.9,82.1,46.3,996.0,Depression,2024,9,5859.7462404337875,0.0032927386928349733,3.7278923988342285,0.05954702943563461,1.5659723281860352
2024255N24080,2024,UNNAMED,NI,BB,TS,2024-09-11 03:00:00,24.0,80.0,37.0,995.0,Depression,2024,9,5864.158903014792,0.9683199524879456,4.182895183563232,-1.0877786874771118,1.5236600637435913
2024255N24080,2024,UNNAMED,NI,BB,TS,2024-09-11 06:00:00,24.2,79.9,37.0,995.0,Depression,2024,9,5864.271629455523,1.0311897993087769,4.250397205352783,-1.0267935991287231,1.4857162237167358
2024255N24080,2024,UNNAMED,NI,BB,TS,2024-09-11 09:00:00,24.5,79.8,42.6,995.0,Depression,2024,9,5852.157719506662,2.2981529235839844,1.3816773891448975,0.7714373469352722,1.670561671257019
2024255N24080,2024,UNNAMED,NI,BB,TS,2024-09-11 12:00:00,25.0,79.6,46.3,994.0,Depression,2024,9,5851.946606384444,2.7401318550109863,1.4343254566192627,1.111371397972107,1.552262783050537
2024255N24080,2024,UNNAMED,NI,BB,TS,2024-09-11 15:00:00,25.6,78.9,46.3,994.0,Depression,2024,9,5861.850998429637,1.518256664276123,1.9346797466278076,1.5566449165344238,0.6114686131477356
2024255N24080,2024,UNNAMED,NI,BB,TS,2024-09-11 18:00:00,26.2,78.2,46.3,994.0,Depression,2024,9,5859.728315734731,2.2570877075195312,2.321916103363037,1.7980270385742188,0.5992538332939148
2024255N24080,2024,UNNAMED,NI,BB,TS,2024-09-11 21:00:00,26.5,78.1,46.3,994.0,Depression,2024,9,5843.083440191095,1.406542420387268,3.7808678150177,2.2291505336761475,0.029160654172301292
2024255N24080,2024,UNNAMED,NI,BB,TS,2024-09-12 00:00:00,26.7,78.3,46.3,994.0,Depression,2024,9,5843.295349966605,1.5488091707229614,3.5957210063934326,2.5089635848999023,-0.15848490595817566
2024255N24080,2024,UNNAMED,NI,BB,TS,2024-09-12 03:00:00,27.0,78.5,46.3,994.0,Depression,2024,9,5863.738270076938,3.2798337936401367,5.180824279785156,2.5898380279541016,-0.072599396109581
2024255N24080,2024,UNNAMED,NI,BB,TS,2024-09-12 06:00:00,27.3,78.7,46.3,994.0,Depression,2024,9,5863.702819005471,3.569061279296875,4.893385887145996,2.8770270347595215,-0.23613768815994263
2024255N24080,2024,UNNAMED,NI,BB,TS,2024-09-12 09:00:00,27.4,78.9,42.6,995.0,Depression,2024,9,5854.341346178359,6.804455757141113,2.5421383380889893,3.6945579051971436,-1.280601143836975
2024255N24080,2024,UNNAMED,NI,BB,TS,2024-09-12 12:00:00,27.5,79.1,37.0,995.0,Depression,2024,9,5854.367237410329,6.8802337646484375,2.437119483947754,3.7796378135681152,-1.3771237134933472
2024255N24080,2024,UNNAMED,NI,BB,TS,2024-09-12 15:00:00,27.6,79.3,37.0,995.0,Depression,2024,9,5863.960934671881,5.130854606628418,0.2420937567949295,2.967449188232422,-1.3567579984664917
2024255N24080,2024,UNNAMED,NI,BB,TS,2024-09-12 18:00:00,27.7,79.5,37.0,995.0,Depression,2024,9,5863.903575634901,5.16346549987793,0.12470301985740662,3.1082980632781982,-1.499006748199463
2024255N24080,2024,UNNAMED,NI,BB,TS,2024-09-12 21:00:00,27.9,79.5,37.0,995.0,Depression,2024,9,5843.236795949688,4.595605850219727,0.661422610282898,3.04911732673645,-1.2950491905212402
2024255N24080,2024,UNNAMED,NI,BB,TS,2024-09-13 00:00:00,28.2,79.3,37.0,995.0,Depression,2024,9,5842.1441859605475,4.818796634674072,0.7643718719482422,3.245915412902832,-1.126325011253357
2024258N22091,2024,UNNAMED,NI,BB,TS,2024-09-13 12:00:00,22.0,90.8,37.0,993.0,Depression,2024,9,5849.126852059572,0.6817041039466858,-0.11815481632947922,1.749774694442749,1.2598872184753418
2024258N22091,2024,UNNAMED,NI,BB,TS,2024-09-13 15:00:00,22.2,90.6,42.6,993.0,Depression,2024,9,5845.630340763666,0.2962789833545685,0.6536424160003662,1.6458367109298706,0.3665650486946106
2024258N22091,2024,UNNAMED,NI,BB,TS,2024-09-13 18:00:00,22.3,90.4,46.3,992.0,Depression,2024,9,5845.653443709116,0.4107517898082733,0.7456033825874329,1.6689525842666626,0.40984007716178894
2024258N22091,2024,UNNAMED,NI,BB,TS,2024-09-13 21:00:00,22.4,90.1,51.9,991.0,Deep Depression,2024,9,5831.207331249713,0.17488154768943787,1.0888923406600952,0.9084512591362,0.41263219714164734
2024258N22091,2024,UNNAMED,NI,BB,TS,2024-09-14 00:00:00,22.5,89.6,55.6,990.0,Deep Depression,2024,9,5830.687116650436,0.2192622572183609,1.1743650436401367,0.987757682800293,0.364240825176239
2024258N22091,2024,UNNAMED,NI,BB,TS,2024-09-14 03:00:00,22.7,88.8,55.6,990.0,Deep Depression,2024,9,5842.44372759811,-0.06937447190284729,1.522972583770752,1.4674731492996216,1.4869768619537354
2024258N22091,2024,UNNAMED,NI,BB,TS,2024-09-14 06:00:00,22.4,88.3,55.6,990.0,Deep Depression,2024,9,5842.093598476545,-0.1162947565317154,1.6977529525756836,1.3666692972183228,1.5129953622817993
2024258N22091,2024,UNNAMED,NI,BB,TS,2024-09-14 09:00:00,22.3,88.3,55.6,990.0,Deep Depression,2024,9,5831.808007831421,1.0679141283035278,1.3218069076538086,2.3504812717437744,0.7787448763847351
2024258N22091,2024,UNNAMED,NI,BB,TS,2024-09-14 12:00:00,22.4,88.5,55.6,989.0,Deep Depression,2024,9,5831.902809573096,1.0177911520004272,1.290561318397522,2.454712152481079,0.7496247291564941
2024258N22091,2024,UNNAMED,NI,BB,TS,2024-09-14 15:00:00,22.5,88.6,55.6,989.0,Deep Depression,2024,9,5838.5413214502405,1.2800272703170776,1.4989265203475952,1.6131222248077393,-0.014976823702454567
2024258N22091,2024,UNNAMED,NI,BB,TS,2024-09-14 18:00:00,22.6,88.5,55.6,989.0,Deep Depression,2024,9,5838.610231959946,1.343395709991455,1.5808072090148926,1.7107611894607544,0.0273500494658947
2024258N22091,2024,UNNAMED,NI,BB,TS,2024-09-14 21:00:00,22.6,88.3,55.6,989.0,Deep Depression,2024,9,5825.507675276471,0.7993686199188232,0.9612247943878174,0.2992612421512604,0.39447981119155884
2024258N22091,2024,UNNAMED,NI,BB,TS,2024-09-15 00:00:00,22.6,88.0,55.6,989.0,Deep Depression,2024,9,5825.105763690965,0.8285894989967346,1.242903470993042,0.3620307445526123,0.5356652140617371
2024258N22091,2024,UNNAMED,NI,BB,TS,2024-09-15 03:00:00,22.6,87.8,55.6,990.0,Deep Depression,2024,9,5838.940444749227,0.08079276233911514,1.4498794078826904,0.7882664203643799,2.0195608139038086
2024258N22091,2024,UNNAMED,NI,BB,TS,2024-09-15 06:00:00,22.7,87.6,55.6,990.0,Deep Depression,2024,9,5838.936063156124,0.09213820844888687,1.6590051651000977,0.94099360704422,2.1515767574310303
2024258N22091,2024,UNNAMED,NI,BB,TS,2024-09-15 09:00:00,22.8,87.5,55.6,990.0,Deep Depression,2024,9,5830.3712436204005,0.6579094529151917,0.5686620473861694,1.07063889503479,1.0908498764038086
2024258N22091,2024,UNNAMED,NI,BB,TS,2024-09-15 12:00:00,22.8,87.4,55.6,990.0,Deep Depression,2024,9,5830.313486256775,0.7097537517547607,0.604832649230957,1.1383453607559204,1.1311761140823364
2024258N22091,2024,UNNAMED,NI,BB,TS,2024-09-15 15:00:00,22.8,87.3,55.6,990.0,Deep Depression,2024,9,5842.123074648326,-0.3493630886077881,0.8730080127716064,-0.06820755451917648,0.3553083837032318
2024258N22091,2024,UNNAMED,NI,BB,TS,2024-09-15 18:00:00,22.9,87.2,55.6,990.0,Deep Depression,2024,9,5842.095590109773,-0.36291712522506714,0.9826785326004028,0.04660745710134506,0.44609445333480835
2024258N22091,2024,UNNAMED,NI,BB,TS,2024-09-15 21:00:00,22.9,87.1,55.6,990.0,Deep Depression,2024,9,5834.137820382088,-1.6679130792617798,0.2861047685146332,-1.3705742359161377,-0.03885501250624657
2024258N22091,2024,UNNAMED,NI,BB,TS,2024-09-16 00:00:00,23.0,87.0,55.6,990.0,Deep Depression,2024,9,5834.010355855466,-1.6550697088241577,0.3292504847049713,-1.188797950744629,0.05279143899679184
2024258N22091,2024,UNNAMED,NI,BB,TS,2024-09-16 03:00:00,23.1,86.7,55.6,990.0,Deep Depression,2024,9,5854.962337418997,-2.6166794300079346,1.1888242959976196,-2.169538736343384,0.608801543712616
2024258N22091,2024,UNNAMED,NI,BB,TS,2024-09-16 06:00:00,23.2,86.4,55.6,990.0,Deep Depression,2024,9,5854.979465464761,-2.643646240234375,1.2869470119476318,-1.9249907732009888,0.7575153708457947
2024258N22091,2024,UNNAMED,NI,BB,TS,2024-09-16 09:00:00,23.3,85.8,55.6,990.0,Deep Depression,2024,9,5846.856788505759,-1.9449394941329956,0.6869783401489258,-2.027676582336426,-0.10658278316259384
2024258N22091,2024,UNNAMED,NI,BB,TS,2024-09-16 12:00:00,23.3,85.2,55.6,990.0,Deep Depression,2024,9,5846.434960587969,-1.873103380203247,0.9276646971702576,-1.7239207029342651,0.23249848186969757
2024258N22091,2024,UNNAMED,NI,BB,TS,2024-09-16 15:00:00,23.3,84.8,55.6,991.0,Deep Depression,2024,9,5858.429372543122,-2.714541435241699,0.9352549314498901,-2.6680727005004883,-0.702835738658905
2024258N22091,2024,UNNAMED,NI,BB,TS,2024-09-16 18:00:00,23.4,84.6,55.6,991.0,Deep Depression,2024,9,5858.478765047188,-2.6247918605804443,1.085416316986084,-2.4960837364196777,-0.5406075119972229
2024258N22091,2024,UNNAMED,NI,BB,TS,2024-09-16 21:00:00,23.5,84.4,51.9,992.0,Deep Depression,2024,9,5849.37500955984,-3.6559231281280518,0.8097884654998779,-4.121638298034668,-0.003263644175603986
2024258N22091,2024,UNNAMED,NI,BB,TS,2024-09-17 00:00:00,23.6,84.2,46.3,992.0,Depression,2024,9,5849.448301662647,-3.5420093536376953,0.7702934741973877,-3.9581494331359863,0.049738217145204544
2024258N22091,2024,UNNAMED,NI,BB,TS,2024-09-17 03:00:00,23.7,83.7,46.3,993.0,Depression,2024,9,5866.488317238813,-5.1960320472717285,2.0468692779541016,-3.3143060207366943,0.8095653057098389
2024258N22091,2024,UNNAMED,NI,BB,TS,2024-09-17 06:00:00,23.7,82.7,37.0,995.0,Depression,2024,9,5865.619168497908,-5.4320502281188965,2.23473858833313,-3.0204248428344727,1.2450542449951172
2024258N22091,2024,UNNAMED,NI,BB,TS,2024-09-17 09:00:00,23.8,81.9,37.0,995.0,Depression,2024,9,5853.391735455023,-3.454400062561035,2.848437547683716,-2.3453924655914307,-0.6688866019248962
2024258N22091,2024,UNNAMED,NI,BB,TS,2024-09-17 12:00:00,24.0,81.3,37.0,995.0,Depression,2024,9,5852.9053786206305,-3.397596597671509,3.2109792232513428,-2.1626346111297607,-0.5136778950691223
2024258N22091,2024,UNNAMED,NI,BB,TS,2024-09-17 15:00:00,24.1,80.8,37.0,995.0,Depression,2024,9,5860.046578724641,-3.509791851043701,3.429720163345337,-3.495523452758789,-1.0124878883361816
2024258N22091,2024,UNNAMED,NI,BB,TS,2024-09-17 18:00:00,24.2,80.3,37.0,995.0,Depression,2024,9,5859.186193169941,-3.339202642440796,3.6890718936920166,-3.5685994625091553,-0.8909976482391357
2024288N16065,2024,UNNAMED,NI,AS,TS,2024-10-13 12:00:00,15.6,65.0,37.0,1002.0,Depression,2024,10,5854.125453136393,-3.286945104598999,1.435288906097412,-2.083984136581421,1.0780820846557617
2024288N16065,2024,UNNAMED,NI,AS,TS,2024-10-13 15:00:00,15.6,64.8,37.0,1002.0,Depression,2024,10,5871.551845558882,-3.7231836318969727,2.0134401321411133,-3.097832202911377,0.7039392590522766
2024288N16065,2024,UNNAMED,NI,AS,TS,2024-10-13 18:00:00,15.7,64.7,37.0,1002.0,Depression,2024,10,5871.660588733156,-3.687671422958374,1.9410443305969238,-3.135812282562256,0.5904248356819153
2024288N16065,2024,UNNAMED,NI,AS,TS,2024-10-13 21:00:00,15.8,64.6,37.0,1002.0,Depression,2024,10,5855.036824501742,-3.0406346321105957,1.4390023946762085,-3.1358516216278076,1.0867159366607666
2024288N16065,2024,UNNAMED,NI,AS,TS,2024-10-14 00:00:00,15.8,64.5,37.0,1002.0,Depression,2024,10,5854.900198462268,-3.0143215656280518,1.3771802186965942,-3.1331658363342285,0.9632300734519958
2024288N16065,2024,UNNAMED,NI,AS,TS,2024-10-14 03:00:00,15.8,64.3,46.3,1001.0,Depression,2024,10,5881.718336536942,-3.864269495010376,1.646205186843872,-4.025300979614258,1.8511663675308228
2024288N16065,2024,UNNAMED,NI,AS,TS,2024-10-14 06:00:00,16.0,64.0,46.3,1001.0,Depression,2024,10,5881.745024422204,-3.77601957321167,1.5196198225021362,-4.180912971496582,1.522311806678772
2024288N16065,2024,UNNAMED,NI,AS,TS,2024-10-14 09:00:00,16.1,63.0,46.3,1001.0,Depression,2024,10,5854.330989685571,-3.631152391433716,1.9436578750610352,-2.7975127696990967,1.7815629243850708
2024288N16065,2024,UNNAMED,NI,AS,TS,2024-10-14 12:00:00,16.1,62.0,46.3,1001.0,Depression,2024,10,5853.732703063738,-3.439861536026001,1.4623264074325562,-2.6633360385894775,0.8573492765426636
2024288N16065,2024,UNNAMED,NI,AS,TS,2024-10-14 15:00:00,16.1,61.6,46.3,1001.0,Depression,2024,10,5875.42278390174,-3.196699857711792,1.9283232688903809,-3.1680855751037598,0.35704222321510315
2024288N16065,2024,UNNAMED,NI,AS,TS,2024-10-14 18:00:00,16.1,61.5,46.3,1001.0,Depression,2024,10,5875.325592200191,-3.1373250484466553,1.890807867050171,-3.1091363430023193,0.23359566926956177
2024288N16065,2024,UNNAMED,NI,AS,TS,2024-10-14 21:00:00,16.0,61.3,42.6,1002.0,Depression,2024,10,5855.517206436449,-2.9509544372558594,0.6527124047279358,-3.5364184379577637,1.6364939212799072
2024288N16065,2024,UNNAMED,NI,AS,TS,2024-10-15 00:00:00,16.1,61.0,37.0,1002.0,Depression,2024,10,5855.480162058399,-2.8154964447021484,0.5753543376922607,-3.584866523742676,1.2396951913833618
2024288N16065,2024,UNNAMED,NI,AS,TS,2024-10-15 03:00:00,16.8,60.5,37.0,1002.0,Depression,2024,10,5884.325782759658,-4.145374774932861,1.6444191932678223,-3.18056058883667,2.4215333461761475
2024288N16065,2024,UNNAMED,NI,AS,TS,2024-10-15 06:00:00,17.5,59.8,37.0,1002.0,Depression,2024,10,5884.656393875584,-3.6614527702331543,1.824294090270996,-3.0852580070495605,2.1656432151794434
2024288N16065,2024,UNNAMED,NI,AS,TS,2024-10-15 09:00:00,18.0,59.2,37.0,1002.0,Depression,2024,10,5865.6502379762715,-0.31339600682258606,2.005425214767456,-1.908575177192688,1.2588785886764526
2024288N16065,2024,UNNAMED,NI,AS,TS,2024-10-15 12:00:00,18.3,58.8,37.0,1002.0,Depression,2024,10,5865.864537711655,-0.02696908265352249,2.079636573791504,-1.8613361120224,1.1727393865585327
2024290N11084,2024,UNNAMED,NI,BB,TS,2024-10-15 12:00:00,11.4,84.4,37.0,1002.0,Depression,2024,10,5864.469996125079,-2.88124942779541,2.9282143115997314,0.9288858771324158,1.723975658416748
2024290N11084,2024,UNNAMED,NI,BB,TS,2024-10-15 15:00:00,11.6,84.2,37.0,1002.0,Depression,2024,10,5880.0939604758,-1.8078354597091675,3.1776998043060303,0.23542127013206482,1.923848032951355
2024290N11084,2024,UNNAMED,NI,BB,TS,2024-10-15 18:00:00,11.8,84.0,37.0,1002.0,Depression,2024,10,5880.226204922171,-2.1700596809387207,3.134690284729004,-0.019844340160489082,1.8972958326339722
2024290N11084,2024,UNNAMED,NI,BB,TS,2024-10-15 21:00:00,11.9,83.7,37.0,1002.0,Depression,2024,10,5869.948580809961,-1.5798580646514893,2.2934720516204834,-0.2879556119441986,1.7931479215621948
2024290N11084,2024,UNNAMED,NI,BB,TS,2024-10-16 00:00:00,12.1,83.4,37.0,1002.0,Depression,2024,10,5869.6263345535945,-1.949380874633789,2.2858057022094727,-0.5024803876876831,1.6948720216751099
2024290N11084,2024,UNNAMED,NI,BB,TS,2024-10-16 03:00:00,12.3,83.0,46.3,1000.0,Depression,2024,10,5885.279376749451,-3.227494239807129,2.249312400817871,-0.6194324493408203,2.0025525093078613
2024290N11084,2024,UNNAMED,NI,BB,TS,2024-10-16 06:00:00,12.5,82.7,46.3,1000.0,Depression,2024,10,5885.116859478007,-3.6302947998046875,2.387624979019165,-0.9445927143096924,1.973484992980957
2024290N11084,2024,UNNAMED,NI,BB,TS,2024-10-16 09:00:00,12.7,82.3,46.3,1000.0,Depression,2024,10,5869.17064887092,-3.5781447887420654,2.6774659156799316,-0.10247758775949478,1.0463049411773682
2024290N11084,2024,UNNAMED,NI,BB,TS,2024-10-16 12:00:00,12.9,81.9,46.3,1000.0,Depression,2024,10,5869.050354223919,-3.8423495292663574,2.8861196041107178,-0.3355642259120941,1.0205973386764526
2024290N11084,2024,UNNAMED,NI,BB,TS,2024-10-16 15:00:00,13.1,81.4,46.3,1000.0,Depression,2024,10,5884.259660536473,-4.737245082855225,2.2722368240356445,-1.042105793952942,1.4917632341384888
2024290N11084,2024,UNNAMED,NI,BB,TS,2024-10-16 18:00:00,13.4,80.8,46.3,1000.0,Depression,2024,10,5884.198716559682,-4.920743465423584,2.546774387359619,-1.4504997730255127,1.2827773094177246
2024295N15092,2024,DANA,NI,BB,DS,2024-10-21 06:00:00,15.3,92.1,,,,2024,10,5877.861339626682,0.2126811444759369,0.9947120547294617,0.5413460731506348,1.8947498798370361
2024295N15092,2024,DANA,NI,BB,DS,2024-10-21 09:00:00,15.2,92.1,,,,2024,10,5869.233186154293,0.13856089115142822,0.34348413348197937,0.6628864407539368,0.7235895991325378
2024295N15092,2024,DANA,NI,BB,DS,2024-10-21 12:00:00,15.2,92.1,,,,2024,10,5869.233186154293,0.13856089115142822,0.34348413348197937,0.6628864407539368,0.7235895991325378
2024295N15092,2024,DANA,NI,BB,DS,2024-10-21 15:00:00,15.2,92.1,,,,2024,10,5880.295115431875,-0.1621922254562378,0.448917031288147,-0.7181306481361389,0.27859851717948914
2024295N15092,2024,DANA,NI,BB,DS,2024-10-21 18:00:00,15.2,92.0,,,,2024,10,5880.314633437515,-0.07769836485385895,0.438396692276001,-0.7413851618766785,0.2515876889228821
2024295N15092,2024,DANA,NI,BB,DS,2024-10-21 21:00:00,15.1,92.0,,,,2024,10,5874.746026930706,0.40698522329330444,-0.4989195764064789,-1.2622250318527222,1.127636432647705
2024295N15092,2024,DANA,NI,BB,MX,2024-10-22 00:00:00,15.2,91.9,37.0,1003.0,Depression,2024,10,5874.86592325106,0.4616948664188385,-0.4098963439464569,-1.284169316291809,1.07890784740448
2024295N15092,2024,DANA,NI,BB,MX,2024-10-22 03:00:00,15.2,91.8,37.0,1002.0,Depression,2024,10,5878.875080939974,-0.032696064561605453,-0.4277312755584717,-1.3119761943817139,1.2353461980819702
2024295N15092,2024,DANA,NI,BB,TS,2024-10-22 06:00:00,15.3,91.6,46.3,1000.0,Depression,2024,10,5878.898183885425,0.10812588036060333,-0.2592233717441559,-1.3255153894424438,1.1640772819519043
2024295N15092,2024,DANA,NI,BB,TS,2024-10-22 09:00:00,15.3,91.5,51.9,1000.0,Deep Depression,2024,10,5874.350886898176,-0.9861730337142944,-1.032045841217041,-1.798863172531128,1.1357985734939575
2024295N15092,2024,DANA,NI,BB,TS,2024-10-22 12:00:00,15.4,91.4,55.6,999.0,Deep Depression,2024,10,5874.3799647433125,-0.9004186391830444,-1.0009616613388062,-1.8055623769760132,1.0518847703933716
2024295N15092,2024,DANA,NI,BB,TS,2024-10-22 15:00:00,15.5,91.1,55.6,999.0,Deep Depression,2024,10,5878.038993310662,-1.0934845209121704,-0.11813975870609283,-2.939409017562866,2.018258571624756
2024295N15092,2024,DANA,NI,BB,TS,2024-10-22 18:00:00,15.6,90.7,55.6,998.0,Deep Depression,2024,10,5878.212265401539,-0.7810441255569458,0.0838901549577713,-2.8149497509002686,1.926317572593689
2024295N15092,2024,DANA,NI,BB,TS,2024-10-22 21:00:00,15.8,90.3,61.1,998.0,Deep Depression,2024,10,5864.722535218449,-1.3861608505249023,0.6188303828239441,-1.7272734642028809,3.8114616870880127
2024295N15092,2024,DANA,NI,BB,TS,2024-10-23 00:00:00,16.1,89.9,64.8,997.0,Cyclonic Storm,2024,10,5864.399492308791,-0.8932517766952515,0.946694016456604,-1.5341970920562744,3.618802785873413
2024295N15092,2024,DANA,NI,BB,TS,2024-10-23 03:00:00,16.4,89.6,64.8,996.0,Cyclonic Storm,2024,10,5870.025059525934,-0.20203249156475067,2.944009780883789,-0.007884275168180466,3.6565139293670654
2024295N15092,2024,DANA,NI,BB,TS,2024-10-23 06:00:00,16.7,89.3,74.1,995.0,Cyclonic Storm,2024,10,5869.900781612478,0.1374529004096985,3.280642509460449,0.07041580229997635,3.6461310386657715
2024295N15092,2024,DANA,NI,BB,TS,2024-10-23 09:00:00,16.9,89.1,83.3,994.0,Cyclonic Storm,2024,10,5864.372007770238,1.8008852005004883,3.1433918476104736,1.2733618021011353,2.225003719329834
2024295N15092,2024,DANA,NI,BB,TS,2024-10-23 12:00:00,17.3,89.0,83.3,992.0,Cyclonic Storm,2024,10,5864.057728046785,2.2750654220581055,3.272700548171997,1.2068703174591064,2.3795745372772217
2024295N15092,2024,DANA,NI,BB,TS,2024-10-23 15:00:00,17.6,88.8,83.3,992.0,Cyclonic Storm,2024,10,5869.164275644588,2.0088226795196533,3.1590657234191895,-0.11834742873907089,2.694382905960083
2024295N15092,2024,DANA,NI,BB,TS,2024-10-23 18:00:00,18.0,88.7,92.6,990.0,Severe Cyclonic Storm,2024,10,5868.670748930573,2.4631175994873047,3.353022575378418,-0.05744118615984917,2.812939405441284
2024295N15092,2024,DANA,NI,BB,TS,2024-10-23 21:00:00,18.3,88.4,92.6,990.0,Severe Cyclonic Storm,2024,10,5855.883268623842,2.1284375190734863,3.4912047386169434,-0.0693342313170433,4.72461462020874
2024295N15092,2024,DANA,NI,BB,TS,2024-10-24 00:00:00,18.7,88.2,101.9,988.0,Severe Cyclonic Storm,2024,10,5855.396911789449,2.5010550022125244,3.5656003952026367,0.06453268975019455,4.941310882568359
2024295N15092,2024,DANA,NI,BB,TS,2024-10-24 03:00:00,19.0,88.0,101.9,988.0,Severe Cyclonic Storm,2024,10,5868.922491370652,1.7634357213974,2.590881109237671,1.1909726858139038,4.9435529708862305
2024295N15092,2024,DANA,NI,BB,TS,2024-10-24 06:00:00,19.3,87.8,101.9,988.0,Severe Cyclonic Storm,2024,10,5868.6743338703845,2.10396671295166,2.596026659011841,1.2590548992156982,4.936972618103027
2024295N15092,2024,DANA,NI,BB,TS,2024-10-24 09:00:00,19.5,87.6,111.1,986.0,Severe Cyclonic Storm,2024,10,5860.127439033718,0.38786497712135315,1.159880518913269,1.6881579160690308,3.682800054550171
2024295N15092,2024,DANA,NI,BB,TS,2024-10-24 12:00:00,19.8,87.5,111.1,986.0,Severe Cyclonic Storm,2024,10,5859.929072364162,0.7697944045066833,1.0532938241958618,1.6528376340866089,3.6219050884246826
2024295N15092,2024,DANA,NI,BB,TS,2024-10-24 15:00:00,20.1,87.3,111.1,986.0,Severe Cyclonic Storm,2024,10,5871.13479756084,0.971446692943573,2.4405715465545654,1.3710952997207642,3.8960812091827393
2024295N15092,2024,DANA,NI,BB,TS,2024-10-24 18:00:00,20.5,87.1,101.9,988.0,Severe Cyclonic Storm,2024,10,5870.3564672951525,1.4034112691879272,2.2707176208496094,1.2603254318237305,3.882970094680786
2024295N15092,2024,DANA,NI,BB,TS,2024-10-24 21:00:00,20.7,87.0,101.9,988.0,Severe Cyclonic Storm,2024,10,5859.1865914965865,0.8272166848182678,1.0728670358657837,0.8920927047729492,3.9692718982696533
2024295N15092,2024,DANA,NI,BB,TS,2024-10-25 00:00:00,20.9,86.9,92.6,990.0,Severe Cyclonic Storm,2024,10,5858.887049859025,0.9733989238739014,0.9669098854064941,0.9008305072784424,3.9384326934814453
2024295N15092,2024,DANA,NI,BB,TS,2024-10-25 03:00:00,21.1,86.8,83.3,994.0,Cyclonic Storm,2024,10,5873.580124838758,0.21882838010787964,1.2924057245254517,1.4851372241973877,3.1909046173095703
2024295N15092,2024,DANA,NI,BB,TS,2024-10-25 06:00:00,21.2,86.7,64.8,997.0,Cyclonic Storm,2024,10,5873.543080460709,0.2728559374809265,1.1968250274658203,1.4686932563781738,3.2008767127990723
2024295N15092,2024,DANA,NI,BB,TS,2024-10-25 09:00:00,21.3,86.6,55.6,998.0,Deep Depression,2024,10,5863.4243886801305,1.007489800453186,-0.9503821134567261,1.118841528892517,0.8299221992492676
2024295N15092,2024,DANA,NI,BB,TS,2024-10-25 12:00:00,21.3,86.5,55.6,999.0,Deep Depression,2024,10,5863.302500726548,0.9776309728622437,-1.0823673009872437,1.089293122291565,0.8252962827682495
2024295N15092,2024,DANA,NI,BB,TS,2024-10-25 15:00:00,21.3,86.4,51.9,1000.0,Deep Depression,2024,10,5879.235168227682,-0.8997255563735962,-1.2860219478607178,-0.5485619306564331,0.7696294188499451
2024295N15092,2024,DANA,NI,BB,TS,2024-10-25 18:00:00,21.3,86.4,46.3,1000.0,Depression,2024,10,5879.235168227682,-0.8997255563735962,-1.2860219478607178,-0.5485619306564331,0.7696294188499451
2024295N15092,2024,DANA,NI,BB,TS,2024-10-25 21:00:00,21.2,86.5,,,,2024,10,5871.4235843789675,-0.7169636487960815,-1.5035167932510376,-1.2240636348724365,1.393515706062317
2024295N15092,2024,DANA,NI,BB,DS,2024-10-26 00:00:00,21.2,86.4,,,,2024,10,5871.526352653557,-0.7846155762672424,-1.5857117176055908,-1.2526007890701294,1.3367717266082764
2024329N04089,2024,FENGAL,NI,BB,TS,2024-11-23 18:00:00,3.6,88.9,,,,2024,11,5864.7062038259755,-2.754931688308716,0.18983596563339233,0.8285769820213318,-1.2320573329925537
2024329N04089,2024,FENGAL,NI,BB,TS,2024-11-23 21:00:00,3.7,88.3,,,,2024,11,5855.564208980641,-1.4817771911621094,1.3336092233657837,1.8639581203460693,-0.9271303415298462
2024329N04089,2024,FENGAL,NI,BB,DS,2024-11-24 00:00:00,3.7,87.8,,,,2024,11,5855.155924168804,-1.4198774099349976,1.203160047531128,2.1327900886535645,-1.265367865562439
2024329N04089,2024,FENGAL,NI,BB,DS,2024-11-24 03:00:00,3.7,87.3,,,,2024,11,5862.581131171195,-0.8911560773849487,0.8460550308227539,2.1157727241516113,-0.9303014278411865
2024329N04089,2024,FENGAL,NI,BB,DS,2024-11-24 06:00:00,3.8,86.8,,,,2024,11,5862.868324682741,-1.0077736377716064,0.6592905521392822,1.9339075088500977,-1.2776280641555786
2024329N04089,2024,FENGAL,NI,BB,DS,2024-11-24 09:00:00,3.9,86.2,,,,2024,11,5855.322424706705,-0.7215508222579956,-0.013480088673532009,2.897240161895752,-0.23013587296009064
2024329N04089,2024,FENGAL,NI,BB,DS,2024-11-24 12:00:00,4.0,85.6,,,,2024,11,5855.054749200798,-0.9351269006729126,-0.09748990833759308,2.621936559677124,-0.5280850529670715
2024329N04089,2024,FENGAL,NI,BB,DS,2024-11-24 15:00:00,4.1,85.1,,,,2024,11,5860.914134158964,-0.6494514346122742,0.260755717754364,2.4287943840026855,-0.30090880393981934
2024329N04089,2024,FENGAL,NI,BB,TS,2024-11-24 18:00:00,4.2,84.7,,,,2024,11,5861.1348071206785,-0.8543720245361328,0.2578754127025604,2.1510751247406006,-0.5437403917312622
2024329N04089,2024,FENGAL,NI,BB,TS,2024-11-24 21:00:00,4.3,84.3,,,,2024,11,5848.095584373869,-1.3823130130767822,1.5150235891342163,2.0711934566497803,0.6257584095001221
2024329N04089,2024,FENGAL,NI,BB,TS,2024-11-25 00:00:00,4.3,83.9,,,,2024,11,5847.98723952624,-1.4298107624053955,1.36769437789917,2.06850266456604,0.35049718618392944
2024329N04089,2024,FENGAL,NI,BB,TS,2024-11-25 03:00:00,4.4,83.9,37.0,1003.0,Depression,2024,11,5857.795634849822,-0.17079323530197144,2.619750499725342,2.3617029190063477,1.3970509767532349
2024329N04089,2024,FENGAL,NI,BB,TS,2024-11-25 06:00:00,4.6,83.6,37.0,1003.0,Depression,2024,11,5857.872113565795,-0.3864055573940277,2.406740188598633,1.9267369508743286,1.047215461730957
2024329N04089,2024,FENGAL,NI,BB,TS,2024-11-25 09:00:00,4.9,83.4,42.6,1003.0,Depression,2024,11,5848.239380292965,0.34805405139923096,4.143157482147217,2.371734142303467,1.9669339656829834
2024329N04089,2024,FENGAL,NI,BB,TS,2024-11-25 12:00:00,5.2,83.3,46.3,1002.0,Depression,2024,11,5848.205522528081,-0.1983240395784378,3.872091054916382,1.7114975452423096,1.8677418231964111
2024329N04089,2024,FENGAL,NI,BB,TS,2024-11-25 15:00:00,5.4,83.1,46.3,1002.0,Depression,2024,11,5862.775116247649,1.1036317348480225,4.179502964019775,2.4535982608795166,1.9571244716644287
2024329N04089,2024,FENGAL,NI,BB,TS,2024-11-25 18:00:00,5.6,83.1,46.3,1002.0,Depression,2024,11,5862.8292886714635,0.7707587480545044,4.097696781158447,2.095142364501953,1.9474133253097534
2024329N04089,2024,FENGAL,NI,BB,TS,2024-11-25 21:00:00,5.8,83.1,46.3,1002.0,Depression,2024,11,5842.597083356703,2.7006757259368896,3.5697824954986572,2.162482500076294,2.6467225551605225
2024329N04089,2024,FENGAL,NI,BB,TS,2024-11-26 00:00:00,6.1,83.1,46.3,1002.0,Depression,2024,11,5842.577565351063,2.2317681312561035,3.415670156478882,1.652327299118042,2.494731903076172
2024329N04089,2024,FENGAL,NI,BB,TS,2024-11-26 03:00:00,6.4,82.9,55.6,1001.0,Deep Depression,2024,11,5859.319234269603,2.072070598602295,3.887606143951416,2.4793238639831543,2.9933977127075195
2024329N04089,2024,FENGAL,NI,BB,TS,2024-11-26 06:00:00,6.8,82.9,55.6,1001.0,Deep Depression,2024,11,5859.371016733543,1.3874143362045288,3.7002806663513184,1.7674401998519897,2.807457447052002
2024329N04089,2024,FENGAL,NI,BB,TS,2024-11-26 09:00:00,7.1,82.8,55.6,1001.0,Deep Depression,2024,11,5842.861173922797,1.7260602712631226,2.706646680831909,2.9151148796081543,2.361224889755249
2024329N04089,2024,FENGAL,NI,BB,TS,2024-11-26 12:00:00,7.3,82.8,55.6,1001.0,Deep Depression,2024,11,5842.778321980493,1.4506114721298218,2.5731396675109863,2.574047327041626,2.2314844131469727
2024329N04089,2024,FENGAL,NI,BB,TS,2024-11-26 15:00:00,7.5,82.7,55.6,1001.0,Deep Depression,2024,11,5861.530743806499,1.5175895690917969,2.1681745052337646,3.2752747535705566,1.8392635583877563
2024329N04089,2024,FENGAL,NI,BB,TS,2024-11-26 18:00:00,7.8,82.6,55.6,1001.0,Deep Depression,2024,11,5861.39929601342,0.9452639818191528,1.7319083213806152,2.674802541732788,1.6931339502334595
2024329N04089,2024,FENGAL,NI,BB,TS,2024-11-26 21:00:00,8.1,82.5,55.6,1001.0,Deep Depression,2024,11,5841.666193985714,2.008535623550415,2.6706156730651855,2.7573416233062744,0.5050512552261353
2024329N04089,2024,FENGAL,NI,BB,TS,2024-11-27 00:00:00,8.3,82.4,55.6,1001.0,Deep Depression,2024,11,5841.7323162089,1.6287351846694946,2.321784496307373,2.3565433025360107,0.4312221109867096
2024329N04089,2024,FENGAL,NI,BB,TS,2024-11-27 03:00:00,8.5,82.3,55.6,1001.0,Deep Depression,2024,11,5857.478566839849,1.83168363571167,1.1202185153961182,1.7761766910552979,0.7001113295555115
2024329N04089,2024,FENGAL,NI,BB,TS,2024-11-27 06:00:00,8.7,82.3,55.6,1001.0,Deep Depression,2024,11,5857.702028088083,1.4443352222442627,0.8745211362838745,1.4353516101837158,0.6998444199562073
2024329N04089,2024,FENGAL,NI,BB,TS,2024-11-27 09:00:00,8.8,82.2,55.6,1001.0,Deep Depression,2024,11,5841.233212921844,2.2588608264923096,0.9163114428520203,1.494712471961975,-0.12085191905498505
2024329N04089,2024,FENGAL,NI,BB,TS,2024-11-27 12:00:00,8.8,82.3,55.6,1000.0,Deep Depression,2024,11,5841.265477380145,2.330024003982544,1.056250810623169,1.4905117750167847,-0.08192954212427139
2024329N04089,2024,FENGAL,NI,BB,TS,2024-11-27 15:00:00,8.9,82.5,55.6,1000.0,Deep Depression,2024,11,5860.0398071716645,1.1505918502807617,-0.4151281416416168,1.8373754024505615,0.21784086525440216
2024329N04089,2024,FENGAL,NI,BB,TS,2024-11-27 18:00:00,9.0,82.7,55.6,1000.0,Deep Depression,2024,11,5860.1071243747865,1.0529911518096924,-0.25099077820777893,1.6803154945373535,0.3901580572128296
2024329N04089,2024,FENGAL,NI,BB,TS,2024-11-27 21:00:00,9.1,82.7,55.6,1000.0,Deep Depression,2024,11,5848.064913222151,0.4630665183067322,-0.3300630450248718,1.4669238328933716,0.6562089323997498
2024329N04089,2024,FENGAL,NI,BB,TS,2024-11-28 00:00:00,9.2,82.8,55.6,1000.0,Deep Depression,2024,11,5848.115500706153,0.3513462245464325,-0.30399805307388306,1.2971540689468384,0.7260254621505737
2024329N04089,2024,FENGAL,NI,BB,TS,2024-11-28 03:00:00,9.2,83.0,55.6,1000.0,Deep Depression,2024,11,5867.955354274905,0.29393112659454346,0.20242735743522644,1.1411800384521484,0.8934599161148071
2024329N04089,2024,FENGAL,NI,BB,TS,2024-11-28 06:00:00,9.3,83.2,55.6,1000.0,Deep Depression,2024,11,5867.917114916919,0.3901054561138153,0.2288455218076706,0.9836640357971191,1.108271598815918
2024329N04089,2024,FENGAL,NI,BB,TS,2024-11-28 09:00:00,9.4,83.3,55.6,1000.0,Deep Depression,2024,11,5852.879885715306,0.10335014760494232,-1.2053242921829224,0.9680143594741821,0.005108372308313847
2024329N04089,2024,FENGAL,NI,BB,TS,2024-11-28 12:00:00,9.6,83.4,55.6,1000.0,Deep Depression,2024,11,5853.073870791759,-0.026976119726896286,-1.2896164655685425,0.6704456210136414,0.10673593729734421
2024329N04089,2024,FENGAL,NI,BB,TS,2024-11-28 15:00:00,9.9,83.5,55.6,1000.0,Deep Depression,2024,11,5867.910741690588,-1.1990195512771606,-1.1842716932296753,-1.065702199935913,0.3870335519313812
2024329N04089,2024,FENGAL,NI,BB,TS,2024-11-28 18:00:00,10.2,83.5,55.6,1000.0,Deep Depression,2024,11,5868.138186205279,-1.5234785079956055,-1.4378206729888916,-1.5380581617355347,0.4295147657394409
2024329N04089,2024,FENGAL,NI,BB,TS,2024-11-28 21:00:00,10.5,83.2,55.6,1000.0,Deep Depression,2024,11,5850.00595896662,-3.0771660804748535,-1.4842891693115234,-2.5608255863189697,1.0106264352798462
2024329N04089,2024,FENGAL,NI,BB,TS,2024-11-29 00:00:00,10.7,82.9,55.6,1000.0,Deep Depression,2024,11,5850.214283802318,-3.2583744525909424,-1.8755810260772705,-2.6944992542266846,0.8579342365264893
2024329N04089,2024,FENGAL,NI,BB,TS,2024-11-29 03:00:00,10.9,82.7,55.6,1000.0,Deep Depression,2024,11,5866.141374730413,-4.705235004425049,-0.7423786520957947,-2.6433987617492676,1.6788758039474487
2024329N04089,2024,FENGAL,NI,BB,TS,2024-11-29 06:00:00,11.2,82.6,55.6,1000.0,Deep Depression,2024,11,5866.51540345072,-4.893520355224609,-0.889461874961853,-2.8925445079803467,1.5755113363265991
2024329N04089,2024,FENGAL,NI,BB,TS,2024-11-29 09:00:00,11.4,82.3,64.8,999.0,Cyclonic Storm,2024,11,5852.930473199309,-6.453179836273193,-1.6915178298950195,-2.407274007797241,0.9284226298332214
2024329N04089,2024,FENGAL,NI,BB,TS,2024-11-29 12:00:00,11.7,82.1,64.8,999.0,Cyclonic Storm,2024,11,5853.180622332805,-6.549851417541504,-1.898524284362793,-2.677539110183716,0.7295414805412292
2024329N04089,2024,FENGAL,NI,BB,TS,2024-11-29 15:00:00,11.9,81.8,64.8,999.0,Cyclonic Storm,2024,11,5866.605026946001,-5.730915069580078,0.21513214707374573,-2.809570550918579,1.4580188989639282
2024329N04089,2024,FENGAL,NI,BB,TS,2024-11-29 18:00:00,12.1,81.8,64.8,999.0,Cyclonic Storm,2024,11,5866.994988732136,-5.685980796813965,0.2406408041715622,-2.8830292224884033,1.5004221200942993
2024329N04089,2024,FENGAL,NI,BB,TS,2024-11-29 21:00:00,12.2,81.6,74.1,996.0,Cyclonic Storm,2024,11,5852.29115893297,-4.7303643226623535,0.18013538420200348,-2.1193456649780273,2.3060989379882812
2024329N04089,2024,FENGAL,NI,BB,TS,2024-11-30 00:00:00,12.4,81.3,83.3,996.0,Cyclonic Storm,2024,11,5852.8934288212595,-4.679337501525879,0.2045421302318573,-2.120356321334839,2.1836860179901123
2024329N04089,2024,FENGAL,NI,BB,TS,2024-11-30 03:00:00,12.4,81.0,83.3,996.0,Cyclonic Storm,2024,11,5866.007138650813,-2.9055886268615723,-0.5629635453224182,-1.7076101303100586,1.7278804779052734
2024329N04089,2024,FENGAL,NI,BB,TS,2024-11-30 06:00:00,12.3,80.9,83.3,996.0,Cyclonic Storm,2024,11,5865.935838181234,-2.893413543701172,-0.49118727445602417,-1.6694809198379517,1.6847829818725586
2024329N04089,2024,FENGAL,NI,BB,TS,2024-11-30 09:00:00,12.3,80.7,83.3,996.0,Cyclonic Storm,2024,11,5846.834880540246,-1.8914036750793457,-0.6405224800109863,-1.7544687986373901,1.7001924514770508
2024329N04089,2024,FENGAL,NI,BB,TS,2024-11-30 12:00:00,12.3,80.5,74.1,998.0,Cyclonic Storm,2024,11,5846.79942946878,-1.8146774768829346,-0.5848283171653748,-1.6088908910751343,1.6098562479019165
2024329N04089,2024,FENGAL,NI,BB,TS,2024-11-30 15:00:00,12.2,80.3,74.1,998.0,Cyclonic Storm,2024,11,5863.844224964692,-1.601364254951477,-1.1941945552825928,-1.1942288875579834,2.0242111682891846
2024329N04089,2024,FENGAL,NI,BB,TS,2024-11-30 18:00:00,12.1,80.1,74.1,998.0,Cyclonic Storm,2024,11,5863.977266064355,-1.5438628196716309,-1.2199852466583252,-1.084635615348816,1.9705051183700562
2024329N04089,2024,FENGAL,NI,BB,TS,2024-11-30 21:00:00,12.1,80.0,64.8,999.0,Cyclonic Storm,2024,11,5863.998775703222,-1.492712378501892,-1.1273994445800781,-1.0621029138565063,1.9998351335525513
2024329N04089,2024,FENGAL,NI,BB,TS,2024-12-01 00:00:00,12.1,79.9,64.8,999.0,Cyclonic Storm,2024,12,5847.635118771446,-1.7866967916488647,-1.45624577999115,0.16374704241752625,1.4610495567321777
2024329N04089,2024,FENGAL,NI,BB,TS,2024-12-01 03:00:00,12.0,79.8,64.8,999.0,Cyclonic Storm,2024,12,5865.270234356279,-2.0626611709594727,-1.1746762990951538,0.8537408113479614,1.227289080619812
2024329N04089,2024,FENGAL,NI,BB,TS,2024-12-01 06:00:00,12.1,79.8,55.6,1000.0,Deep Depression,2024,12,5865.446294733676,-2.0156021118164062,-1.0705424547195435,0.734130859375,1.3106144666671753
2024329N04089,2024,FENGAL,NI,BB,TS,2024-12-01 09:00:00,12.1,79.7,51.9,1001.0,Deep Depression,2024,12,5843.306503112684,-1.9618943929672241,-2.495919704437256,1.043330192565918,-0.2529762387275696
2024329N04089,2024,FENGAL,NI,BB,TS,2024-12-01 12:00:00,12.1,79.5,46.3,1001.0,Depression,2024,12,5843.444324132094,-2.036614418029785,-2.5027992725372314,1.0081669092178345,-0.2420034259557724
2024329N04089,2024,FENGAL,NI,BB,TS,2024-12-01 15:00:00,12.1,79.4,46.3,1002.0,Depression,2024,12,5860.378783147151,-2.741079092025757,-2.474963903427124,0.2747291624546051,1.4793589115142822
2024329N04089,2024,FENGAL,NI,BB,TS,2024-12-01 18:00:00,12.2,79.3,46.3,1002.0,Depression,2024,12,5860.577548143352,-2.8185248374938965,-2.5228939056396484,0.1927686482667923,1.4664825201034546
2024329N04089,2024,FENGAL,NI,BB,TS,2024-12-01 21:00:00,12.1,79.2,,,,2024,12,5848.09279608735,-4.016871929168701,-2.1542112827301025,0.9870651364326477,2.0815048217773438
2024329N04089,2024,FENGAL,NI,BB,DS,2024-12-02 00:00:00,12.1,79.1,,,,2024,12,5848.087617840955,-4.078115940093994,-2.2061827182769775,0.9745412468910217,2.0496408939361572
2024329N04089,2024,FENGAL,NI,BB,DS,2024-12-02 03:00:00,12.1,78.9,,,,2024,12,5871.363437055468,-5.028045177459717,-1.0324534177780151,0.31402984261512756,1.7685998678207397
2024329N04089,2024,FENGAL,NI,BB,DS,2024-12-02 06:00:00,12.2,78.6,,,,2024,12,5871.611992882381,-5.060739994049072,-1.1611354351043701,0.31586480140686035,1.7313261032104492
2024329N04089,2024,FENGAL,NI,BB,DS,2024-12-02 09:00:00,12.3,78.3,,,,2024,12,5853.747042822983,-5.732702732086182,-0.6004617810249329,-0.17761951684951782,0.10265669226646423
2024329N04089,2024,FENGAL,NI,AS,DS,2024-12-02 12:00:00,12.5,77.9,,,,2024,12,5853.999980242998,-5.823993682861328,-0.6933733820915222,-0.23538810014724731,0.15234728157520294
2024329N04089,2024,FENGAL,NI,AS,DS,2024-12-02 15:00:00,12.7,77.5,,,,2024,12,5870.063697210567,-6.439004898071289,-0.32568684220314026,-1.8902848958969116,1.2447277307510376
2024329N04089,2024,FENGAL,NI,AS,DS,2024-12-02 18:00:00,12.9,76.9,,,,2024,12,5870.483931821775,-6.308133125305176,-0.43994665145874023,-1.840281367301941,1.1967754364013672
2024329N04089,2024,FENGAL,NI,AS,DS,2024-12-02 21:00:00,13.0,76.3,,,,2024,12,5860.121862460677,-5.725214958190918,1.334233283996582,-1.5878812074661255,1.5603917837142944
2024329N04089,2024,FENGAL,NI,AS,DS,2024-12-03 00:00:00,13.1,75.5,,,,2024,12,5860.33536554277,-5.5343170166015625,0.9877951741218567,-1.5585215091705322,1.8273016214370728
2024329N04089,2024,FENGAL,NI,AS,DS,2024-12-03 03:00:00,13.2,74.6,,,,2024,12,5884.971071925684,-5.720780849456787,1.5184767246246338,-1.9604628086090088,1.4373350143432617
2024329N04089,2024,FENGAL,NI,AS,DS,2024-12-03 06:00:00,13.3,73.7,,,,2024,12,5885.403256336262,-5.304112434387207,1.2519358396530151,-1.7211458683013916,1.6494258642196655
2024329N04089,2024,FENGAL,NI,AS,DS,2024-12-03 09:00:00,13.5,72.7,,,,2024,12,5876.026248769967,-3.360947608947754,-0.6697034239768982,-1.8474453687667847,-0.4135495722293854
2024329N04089,2024,FENGAL,NI,AS,DS,2024-12-03 12:00:00,13.5,71.8,,,,2024,12,5876.499062498407,-2.954620599746704,-1.103653907775879,-1.8311767578125,-0.48415517807006836
2024329N04089,2024,FENGAL,NI,AS,DS,2024-12-03 15:00:00,13.2,71.4,,,,2024,12,5896.02702630358,-3.816584587097168,-2.6702706813812256,-3.8220670223236084,-0.028320137411355972
2024329N04089,2024,FENGAL,NI,AS,DS,2024-12-03 18:00:00,12.8,71.2,,,,2024,12,5895.504820071074,-4.065981864929199,-2.970301866531372,-3.7028050422668457,-0.21044087409973145
2024329N04089,2024,FENGAL,NI,AS,DS,2024-12-03 21:00:00,12.5,71.0,,,,2024,12,5875.421588921803,-5.301923751831055,-2.4654812812805176,-4.738066673278809,0.6753540635108948
2024329N04089,2024,FENGAL,NI,AS,DS,2024-12-04 00:00:00,12.3,70.9,,,,2024,12,5874.999362677368,-5.411296844482422,-2.4974420070648193,-4.637366771697998,0.6477375626564026
2024329N04089,2024,FENGAL,NI,AS,DS,2024-12-04 03:00:00,12.2,70.7,,,,2024,12,5895.640649457257,-6.9018778800964355,-1.678820252418518,-4.933572769165039,1.5026134252548218
2024329N04089,2024,FENGAL,NI,AS,DS,2024-12-04 06:00:00,12.0,70.4,,,,2024,12,5895.256662570807,-7.162294864654541,-1.9068653583526611,-4.82988977432251,1.4426037073135376
2024329N04089,2024,FENGAL,NI,AS,DS,2024-12-04 09:00:00,11.7,70.1,,,,2024,12,5874.377574783438,-7.089150428771973,-0.40577054023742676,-3.8700177669525146,0.20801112055778503
2024329N04089,2024,FENGAL,NI,AS,DS,2024-12-04 12:00:00,11.2,69.9,,,,2024,12,5872.952362045143,-7.37117862701416,-0.5612545609474182,-3.3519954681396484,0.17900170385837555
2024356N14084,2024,UNNAMED,NI,BB,TS,2024-12-20 12:00:00,13.7,83.5,37.0,1003.0,Depression,2024,12,5859.475776641361,5.640601634979248,1.1607952117919922,2.982191801071167,1.4663312435150146
2024356N14084,2024,UNNAMED,NI,BB,TS,2024-12-20 15:00:00,13.8,83.6,42.6,1003.0,Depression,2024,12,5869.705203229441,6.5578765869140625,0.6242291927337646,3.1986873149871826,2.051814079284668
2024356N14084,2024,UNNAMED,NI,BB,TS,2024-12-20 18:00:00,13.9,83.7,46.3,1003.0,Depression,2024,12,5869.353082474648,6.591047286987305,0.7370190620422363,3.232469081878662,2.105787515640259
2024356N14084,2024,UNNAMED,NI,BB,TS,2024-12-20 21:00:00,13.9,83.9,46.3,1003.0,Depression,2024,12,5854.9846437111555,7.155144214630127,-0.7135140895843506,4.09514856338501,2.7265608310699463
2024356N14084,2024,UNNAMED,NI,BB,TS,2024-12-21 00:00:00,13.9,84.2,46.3,1002.0,Depression,2024,12,5854.934454553798,7.259115695953369,-0.49057644605636597,4.089136123657227,2.8099334239959717
2024356N14084,2024,UNNAMED,NI,BB,TS,2024-12-21 03:00:00,14.0,84.5,46.3,1002.0,Depression,2024,12,5873.000161242627,7.356128692626953,-0.6080753207206726,4.415738105773926,2.484995126724243
2024356N14084,2024,UNNAMED,NI,BB,TS,2024-12-21 06:00:00,14.1,84.6,37.0,1003.0,Depression,2024,12,5872.491498116075,7.504441261291504,-0.5464691519737244,4.458670616149902,2.5841376781463623
