cyclone_id,season,name,subbasin,timestamp,latitude,longitude,wind_speed_kmh,pressure_hpa,category
2013130N04093,2013,MAHASEN:VIYARU,BB,2013-05-09 18:00:00,4.4,93.0,,,
2013130N04093,2013,MAHASEN:VIYARU,BB,2013-05-09 21:00:00,4.4,93.3,,,
2013130N04093,2013,MAHASEN:VIYARU,BB,2013-05-10 00:00:00,4.5,93.5,,,
2013130N04093,2013,MAHASEN:VIYARU,BB,2013-05-10 03:00:00,4.7,93.3,,,
2013130N04093,2013,MAHASEN:VIYARU,BB,2013-05-10 06:00:00,4.9,93.0,,,
2013130N04093,2013,MAHASEN:VIYARU,BB,2013-05-10 09:00:00,5.1,92.6,46.3,1004.0,Depression
2013130N04093,2013,MAHASEN:VIYARU,BB,2013-05-10 12:00:00,5.4,92.3,55.6,1002.0,Deep Depression
2013130N04093,2013,MAHASEN:VIYARU,BB,2013-05-10 15:00:00,5.8,92.0,55.6,1001.0,Deep Depression
2013130N04093,2013,MAHASEN:VIYARU,BB,2013-05-10 18:00:00,6.1,91.7,55.6,1000.0,Deep Depression
2013130N04093,2013,MAHASEN:VIYARU,BB,2013-05-10 21:00:00,6.4,91.3,55.6,999.0,Deep Depression
2013130N04093,2013,MAHASEN:VIYARU,BB,2013-05-11 00:00:00,6.8,91.0,55.6,998.0,Deep Depression
2013130N04093,2013,MAHASEN:VIYARU,BB,2013-05-11 03:00:00,7.3,90.4,64.8,996.0,Cyclonic Storm
2013130N04093,2013,MAHASEN:VIYARU,BB,2013-05-11 06:00:00,7.8,90.2,64.8,996.0,Cyclonic Storm
2013130N04093,2013,MAHASEN:VIYARU,BB,2013-05-11 09:00:00,7.9,89.7,64.8,996.0,Cyclonic Storm
2013130N04093,2013,MAHASEN:VIYARU,BB,2013-05-11 12:00:00,8.3,89.2,74.1,994.0,Cyclonic Storm
2013130N04093,2013,MAHASEN:VIYARU,BB,2013-05-11 15:00:00,8.7,88.8,74.1,994.0,Cyclonic Storm
2013130N04093,2013,MAHASEN:VIYARU,BB,2013-05-11 18:00:00,9.1,88.7,74.1,994.0,Cyclonic Storm
2013130N04093,2013,MAHASEN:VIYARU,BB,2013-05-11 21:00:00,9.4,88.3,74.1,994.0,Cyclonic Storm
2013130N04093,2013,MAHASEN:VIYARU,BB,2013-05-12 00:00:00,9.8,87.9,74.1,994.0,Cyclonic Storm
2013130N04093,2013,MAHASEN:VIYARU,BB,2013-05-12 03:00:00,9.8,87.5,74.1,994.0,Cyclonic Storm
2013130N04093,2013,MAHASEN:VIYARU,BB,2013-05-12 06:00:00,10.0,87.5,74.1,994.0,Cyclonic Storm
2013130N04093,2013,MAHASEN:VIYARU,BB,2013-05-12 09:00:00,10.3,87.1,74.1,994.0,Cyclonic Storm
2013130N04093,2013,MAHASEN:VIYARU,BB,2013-05-12 12:00:00,10.4,87.0,74.1,994.0,Cyclonic Storm
2013130N04093,2013,MAHASEN:VIYARU,BB,2013-05-12 15:00:00,10.5,86.7,74.1,994.0,Cyclonic Storm
2013130N04093,2013,MAHASEN:VIYARU,BB,2013-05-12 18:00:00,10.9,86.6,74.1,994.0,Cyclonic Storm
2013130N04093,2013,MAHASEN:VIYARU,BB,2013-05-12 21:00:00,11.0,86.5,74.1,994.0,Cyclonic Storm
2013130N04093,2013,MAHASEN:VIYARU,BB,2013-05-13 00:00:00,11.5,86.5,74.1,994.0,Cyclonic Storm
2013130N04093,2013,MAHASEN:VIYARU,BB,2013-05-13 03:00:00,11.8,86.4,74.1,994.0,Cyclonic Storm
2013130N04093,2013,MAHASEN:VIYARU,BB,2013-05-13 06:00:00,12.0,86.4,74.1,994.0,Cyclonic Storm
2013130N04093,2013,MAHASEN:VIYARU,BB,2013-05-13 09:00:00,12.0,85.9,74.1,994.0,Cyclonic Storm
2013130N04093,2013,MAHASEN:VIYARU,BB,2013-05-13 12:00:00,12.2,85.8,74.1,994.0,Cyclonic Storm
2013130N04093,2013,MAHASEN:VIYARU,BB,2013-05-13 15:00:00,12.6,85.7,74.1,994.0,Cyclonic Storm
2013130N04093,2013,MAHASEN:VIYARU,BB,2013-05-13 18:00:00,12.8,85.5,74.1,994.0,Cyclonic Storm
2013130N04093,2013,MAHASEN:VIYARU,BB,2013-05-13 21:00:00,13.2,85.4,74.1,994.0,Cyclonic Storm
2013130N04093,2013,MAHASEN:VIYARU,BB,2013-05-14 00:00:00,13.6,85.5,74.1,994.0,Cyclonic Storm
2013130N04093,2013,MAHASEN:VIYARU,BB,2013-05-14 03:00:00,13.7,85.5,74.1,994.0,Cyclonic Storm
2013130N04093,2013,MAHASEN:VIYARU,BB,2013-05-14 06:00:00,14.1,85.7,74.1,994.0,Cyclonic Storm
2013130N04093,2013,MAHASEN:VIYARU,BB,2013-05-14 09:00:00,14.2,85.7,74.1,994.0,Cyclonic Storm
2013130N04093,2013,MAHASEN:VIYARU,BB,2013-05-14 12:00:00,14.6,86.1,74.1,994.0,Cyclonic Storm
2013130N04093,2013,MAHASEN:VIYARU,BB,2013-05-14 15:00:00,14.8,86.2,74.1,994.0,Cyclonic Storm
2013130N04093,2013,MAHASEN:VIYARU,BB,2013-05-14 18:00:00,15.3,86.6,74.1,994.0,Cyclonic Storm
2013130N04093,2013,MAHASEN:VIYARU,BB,2013-05-14 21:00:00,15.8,86.7,74.1,994.0,Cyclonic Storm
2013130N04093,2013,MAHASEN:VIYARU,BB,2013-05-15 00:00:00,16.3,87.1,74.1,994.0,Cyclonic Storm
2013130N04093,2013,MAHASEN:VIYARU,BB,2013-05-15 03:00:00,16.7,87.2,74.1,992.0,Cyclonic Storm
2013130N04093,2013,MAHASEN:VIYARU,BB,2013-05-15 06:00:00,17.3,87.6,83.3,990.0,Cyclonic Storm
2013130N04093,2013,MAHASEN:VIYARU,BB,2013-05-15 09:00:00,17.7,87.7,83.3,990.0,Cyclonic Storm
2013130N04093,2013,MAHASEN:VIYARU,BB,2013-05-15 12:00:00,18.3,88.2,83.3,990.0,Cyclonic Storm
2013130N04093,2013,MAHASEN:VIYARU,BB,2013-05-15 15:00:00,18.8,88.6,83.3,990.0,Cyclonic Storm
2013130N04093,2013,MAHASEN:VIYARU,BB,2013-05-15 18:00:00,19.3,88.8,83.3,990.0,Cyclonic Storm
2013130N04093,2013,MAHASEN:VIYARU,BB,2013-05-15 21:00:00,19.8,89.2,83.3,990.0,Cyclonic Storm
2013130N04093,2013,MAHASEN:VIYARU,BB,2013-05-16 00:00:00,20.4,89.7,83.3,990.0,Cyclonic Storm
2013130N04093,2013,MAHASEN:VIYARU,BB,2013-05-16 03:00:00,21.2,90.2,83.3,990.0,Cyclonic Storm
2013130N04093,2013,MAHASEN:VIYARU,BB,2013-05-16 06:00:00,22.5,91.0,83.3,990.0,Cyclonic Storm
2013130N04093,2013,MAHASEN:VIYARU,BB,2013-05-16 09:00:00,23.4,91.9,74.1,994.0,Cyclonic Storm
2013130N04093,2013,MAHASEN:VIYARU,BB,2013-05-16 12:00:00,24.1,92.5,55.6,996.0,Deep Depression
2013130N04093,2013,MAHASEN:VIYARU,BB,2013-05-16 15:00:00,24.5,93.0,51.9,997.0,Deep Depression
2013130N04093,2013,MAHASEN:VIYARU,BB,2013-05-16 18:00:00,25.0,93.5,46.3,998.0,Depression
2013149N21090,2013,UNNAMED,BB,2013-05-29 03:00:00,21.0,89.5,46.3,996.0,Depression
2013149N21090,2013,UNNAMED,BB,2013-05-29 06:00:00,21.3,89.3,46.3,996.0,Depression
2013149N21090,2013,UNNAMED,BB,2013-05-29 09:00:00,21.5,89.0,46.3,996.0,Depression
2013149N21090,2013,UNNAMED,BB,2013-05-29 12:00:00,21.7,88.8,46.3,994.0,Depression
2013149N21090,2013,UNNAMED,BB,2013-05-29 15:00:00,22.0,88.7,37.0,994.0,Depression
2013149N21090,2013,UNNAMED,BB,2013-05-29 18:00:00,22.1,88.4,37.0,994.0,Depression
2013149N21090,2013,UNNAMED,BB,2013-05-29 21:00:00,22.1,88.1,37.0,994.0,Depression
2013149N21090,2013,UNNAMED,BB,2013-05-30 00:00:00,22.2,87.8,37.0,994.0,Depression
2013149N21090,2013,UNNAMED,BB,2013-05-30 03:00:00,22.3,87.5,37.0,990.0,Depression
2013149N21090,2013,UNNAMED,BB,2013-05-30 06:00:00,22.3,87.5,37.0,990.0,Depression
2013149N21090,2013,UNNAMED,BB,2013-05-30 09:00:00,22.5,87.4,37.0,990.0,Depression
2013149N21090,2013,UNNAMED,BB,2013-05-30 12:00:00,22.7,87.3,37.0,990.0,Depression
2013149N21090,2013,UNNAMED,BB,2013-05-30 15:00:00,22.7,87.2,37.0,990.0,Depression
2013149N21090,2013,UNNAMED,BB,2013-05-30 18:00:00,22.8,87.2,37.0,990.0,Depression
2013149N21090,2013,UNNAMED,BB,2013-05-30 21:00:00,23.1,87.2,37.0,990.0,Depression
2013149N21090,2013,UNNAMED,BB,2013-05-31 00:00:00,23.5,87.1,37.0,990.0,Depression
2013149N21090,2013,UNNAMED,BB,2013-05-31 03:00:00,24.0,87.0,37.0,990.0,Depression
2013149N21090,2013,UNNAMED,BB,2013-05-31 06:00:00,24.5,87.0,37.0,994.0,Depression
2013149N21090,2013,UNNAMED,BB,2013-05-31 09:00:00,25.0,87.0,37.0,996.0,Depression
2013211N21088,2013,UNNAMED,BB,2013-07-30 03:00:00,21.0,88.0,46.3,990.0,Depression
2013211N21088,2013,UNNAMED,BB,2013-07-30 06:00:00,21.5,87.5,46.3,990.0,Depression
2013211N21088,2013,UNNAMED,BB,2013-07-30 09:00:00,21.7,87.3,46.3,990.0,Depression
2013211N21088,2013,UNNAMED,BB,2013-07-30 12:00:00,21.7,87.0,46.3,990.0,Depression
2013211N21088,2013,UNNAMED,BB,2013-07-30 15:00:00,21.7,86.3,42.6,991.0,Depression
2013211N21088,2013,UNNAMED,BB,2013-07-30 18:00:00,21.7,85.5,37.0,992.0,Depression
2013211N21088,2013,UNNAMED,BB,2013-07-30 21:00:00,21.8,84.8,37.0,992.0,Depression
2013211N21088,2013,UNNAMED,BB,2013-07-31 00:00:00,21.8,84.0,37.0,992.0,Depression
2013211N21088,2013,UNNAMED,BB,2013-07-31 03:00:00,21.8,83.0,37.0,992.0,Depression
2013211N21088,2013,UNNAMED,BB,2013-07-31 06:00:00,21.8,82.5,37.0,992.0,Depression
2013211N21088,2013,UNNAMED,BB,2013-07-31 09:00:00,21.9,81.5,37.0,992.0,Depression
2013211N21088,2013,UNNAMED,BB,2013-07-31 12:00:00,22.0,80.5,37.0,992.0,Depression
2013211N21088,2013,UNNAMED,BB,2013-07-31 15:00:00,22.1,79.9,37.0,992.0,Depression
2013211N21088,2013,UNNAMED,BB,2013-07-31 18:00:00,22.2,79.7,37.0,992.0,Depression
2013211N21088,2013,UNNAMED,BB,2013-07-31 21:00:00,22.4,79.8,37.0,992.0,Depression
2013211N21088,2013,UNNAMED,BB,2013-08-01 00:00:00,22.5,80.0,37.0,992.0,Depression
2013232N22088,2013,UNNAMED,BB,2013-08-20 00:00:00,22.0,87.5,46.3,990.0,Depression
2013232N22088,2013,UNNAMED,BB,2013-08-20 03:00:00,22.0,87.5,46.3,990.0,Depression
2013232N22088,2013,UNNAMED,BB,2013-08-20 06:00:00,22.0,87.5,46.3,990.0,Depression
2013232N22088,2013,UNNAMED,BB,2013-08-20 09:00:00,22.1,87.5,46.3,990.0,Depression
2013232N22088,2013,UNNAMED,BB,2013-08-20 12:00:00,22.3,87.5,46.3,990.0,Depression
2013232N22088,2013,UNNAMED,BB,2013-08-20 15:00:00,22.4,87.5,46.3,990.0,Depression
2013232N22088,2013,UNNAMED,BB,2013-08-20 18:00:00,22.5,87.5,46.3,990.0,Depression
2013232N22088,2013,UNNAMED,BB,2013-08-20 21:00:00,22.9,87.4,42.6,990.0,Depression
2013232N22088,2013,UNNAMED,BB,2013-08-21 00:00:00,23.3,87.0,37.0,990.0,Depression
2013232N22088,2013,UNNAMED,BB,2013-08-21 03:00:00,23.3,86.0,37.0,992.0,Depression
2013232N22088,2013,UNNAMED,BB,2013-08-21 06:00:00,23.2,85.7,37.0,992.0,Depression
2013232N22088,2013,UNNAMED,BB,2013-08-21 09:00:00,23.2,85.0,37.0,992.0,Depression
2013232N22088,2013,UNNAMED,BB,2013-08-21 12:00:00,23.2,84.0,37.0,991.0,Depression
2013232N22088,2013,UNNAMED,BB,2013-08-21 15:00:00,23.2,83.0,37.0,993.0,Depression
2013232N22088,2013,UNNAMED,BB,2013-08-21 18:00:00,23.2,82.2,37.0,994.0,Depression
2013232N22088,2013,UNNAMED,BB,2013-08-21 21:00:00,23.2,82.2,37.0,994.0,Depression
2013232N22088,2013,UNNAMED,BB,2013-08-22 00:00:00,23.2,82.0,37.0,994.0,Depression
2013232N22088,2013,UNNAMED,BB,2013-08-22 03:00:00,23.2,80.7,37.0,994.0,Depression
2013232N22088,2013,UNNAMED,BB,2013-08-22 06:00:00,23.2,80.3,37.0,996.0,Depression
2013232N22088,2013,UNNAMED,BB,2013-08-22 09:00:00,23.1,80.1,37.0,997.0,Depression
2013232N22088,2013,UNNAMED,BB,2013-08-22 12:00:00,23.0,80.1,37.0,998.0,Depression
2013232N22088,2013,UNNAMED,BB,2013-08-22 15:00:00,22.9,80.1,37.0,998.0,Depression
2013232N22088,2013,UNNAMED,BB,2013-08-22 18:00:00,22.9,80.0,37.0,998.0,Depression
2013232N22088,2013,UNNAMED,BB,2013-08-22 21:00:00,22.8,79.9,37.0,998.0,Depression
2013232N22088,2013,UNNAMED,BB,2013-08-23 00:00:00,22.8,79.8,37.0,998.0,Depression
2013281N12098,2013,PHAILIN,BB,2013-10-07 12:00:00,11.8,97.6,,,
2013281N12098,2013,PHAILIN,BB,2013-10-07 15:00:00,12.0,97.0,,,
2013281N12098,2013,PHAILIN,BB,2013-10-07 18:00:00,12.1,96.4,,,
2013281N12098,2013,PHAILIN,BB,2013-10-07 21:00:00,12.2,95.9,,,
2013281N12098,2013,PHAILIN,BB,2013-10-08 00:00:00,12.3,95.6,,,
2013281N12098,2013,PHAILIN,BB,2013-10-08 03:00:00,12.4,95.5,46.3,1004.0,Depression
2013281N12098,2013,PHAILIN,BB,2013-10-08 06:00:00,12.4,95.2,46.3,1004.0,Depression
2013281N12098,2013,PHAILIN,BB,2013-10-08 09:00:00,12.4,94.9,46.3,1004.0,Depression
2013281N12098,2013,PHAILIN,BB,2013-10-08 12:00:00,12.4,94.5,46.3,1003.0,Depression
2013281N12098,2013,PHAILIN,BB,2013-10-08 15:00:00,12.5,94.2,46.3,1003.0,Depression
2013281N12098,2013,PHAILIN,BB,2013-10-08 18:00:00,12.7,94.0,46.3,1003.0,Depression
2013281N12098,2013,PHAILIN,BB,2013-10-08 21:00:00,12.9,93.7,51.9,1003.0,Deep Depression
2013281N12098,2013,PHAILIN,BB,2013-10-09 00:00:00,13.1,93.5,55.6,1002.0,Deep Depression
2013281N12098,2013,PHAILIN,BB,2013-10-09 03:00:00,13.2,93.3,55.6,1001.0,Deep Depression
2013281N12098,2013,PHAILIN,BB,2013-10-09 06:00:00,13.2,92.9,55.6,1000.0,Deep Depression
2013281N12098,2013,PHAILIN,BB,2013-10-09 09:00:00,13.5,92.5,55.6,1000.0,Deep Depression
2013281N12098,2013,PHAILIN,BB,2013-10-09 12:00:00,13.6,92.4,64.8,999.0,Cyclonic Storm
2013281N12098,2013,PHAILIN,BB,2013-10-09 15:00:00,13.7,92.3,64.8,999.0,Cyclonic Storm
2013281N12098,2013,PHAILIN,BB,2013-10-09 18:00:00,14.0,91.9,74.1,998.0,Cyclonic Storm
2013281N12098,2013,PHAILIN,BB,2013-10-09 21:00:00,14.1,91.8,83.3,996.0,Cyclonic Storm
2013281N12098,2013,PHAILIN,BB,2013-10-10 00:00:00,14.5,91.4,83.3,996.0,Cyclonic Storm
2013281N12098,2013,PHAILIN,BB,2013-10-10 03:00:00,14.6,91.0,101.9,990.0,Severe Cyclonic Storm
2013281N12098,2013,PHAILIN,BB,2013-10-10 06:00:00,15.0,90.7,120.4,984.0,Very Severe Cyclonic Storm
2013281N12098,2013,PHAILIN,BB,2013-10-10 09:00:00,15.1,90.5,129.6,982.0,Very Severe Cyclonic Storm
2013281N12098,2013,PHAILIN,BB,2013-10-10 12:00:00,15.4,90.1,138.9,976.0,Very Severe Cyclonic Storm
2013281N12098,2013,PHAILIN,BB,2013-10-10 15:00:00,15.5,89.9,166.7,966.0,Extremely Severe Cyclonic Storm
2013281N12098,2013,PHAILIN,BB,2013-10-10 18:00:00,15.6,89.5,175.9,960.0,Extremely Severe Cyclonic Storm
2013281N12098,2013,PHAILIN,BB,2013-10-10 21:00:00,15.6,89.0,185.2,954.0,Extremely Severe Cyclonic Storm
2013281N12098,2013,PHAILIN,BB,2013-10-11 00:00:00,15.9,88.6,203.7,946.0,Extremely Severe Cyclonic Storm
2013281N12098,2013,PHAILIN,BB,2013-10-11 03:00:00,15.9,88.5,213.0,940.0,Extremely Severe Cyclonic Storm
2013281N12098,2013,PHAILIN,BB,2013-10-11 06:00:00,16.2,88.3,213.0,940.0,Extremely Severe Cyclonic Storm
2013281N12098,2013,PHAILIN,BB,2013-10-11 09:00:00,16.5,88.0,213.0,940.0,Extremely Severe Cyclonic Storm
2013281N12098,2013,PHAILIN,BB,2013-10-11 12:00:00,16.8,87.7,213.0,940.0,Extremely Severe Cyclonic Storm
2013281N12098,2013,PHAILIN,BB,2013-10-11 15:00:00,16.8,87.3,213.0,940.0,Extremely Severe Cyclonic Storm
2013281N12098,2013,PHAILIN,BB,2013-10-11 18:00:00,16.9,87.0,213.0,940.0,Extremely Severe Cyclonic Storm
2013281N12098,2013,PHAILIN,BB,2013-10-11 21:00:00,17.1,86.7,213.0,940.0,Extremely Severe Cyclonic Storm
2013281N12098,2013,PHAILIN,BB,2013-10-12 00:00:00,17.5,86.5,213.0,940.0,Extremely Severe Cyclonic Storm
2013281N12098,2013,PHAILIN,BB,2013-10-12 03:00:00,17.7,86.0,213.0,940.0,Extremely Severe Cyclonic Storm
2013281N12098,2013,PHAILIN,BB,2013-10-12 06:00:00,18.1,85.8,213.0,940.0,Extremely Severe Cyclonic Storm
2013281N12098,2013,PHAILIN,BB,2013-10-12 09:00:00,18.5,85.4,213.0,940.0,Extremely Severe Cyclonic Storm
2013281N12098,2013,PHAILIN,BB,2013-10-12 12:00:00,18.7,85.2,213.0,940.0,Extremely Severe Cyclonic Storm
2013281N12098,2013,PHAILIN,BB,2013-10-12 15:00:00,19.1,85.1,213.0,940.0,Extremely Severe Cyclonic Storm
2013281N12098,2013,PHAILIN,BB,2013-10-12 18:00:00,19.5,84.9,185.2,956.0,Extremely Severe Cyclonic Storm
2013281N12098,2013,PHAILIN,BB,2013-10-12 21:00:00,19.9,84.6,166.7,966.0,Extremely Severe Cyclonic Storm
2013281N12098,2013,PHAILIN,BB,2013-10-13 00:00:00,20.4,84.5,138.9,976.0,Very Severe Cyclonic Storm
2013281N12098,2013,PHAILIN,BB,2013-10-13 03:00:00,20.9,84.1,101.9,990.0,Severe Cyclonic Storm
2013281N12098,2013,PHAILIN,BB,2013-10-13 06:00:00,21.5,84.0,74.1,992.0,Cyclonic Storm
2013281N12098,2013,PHAILIN,BB,2013-10-13 09:00:00,22.0,83.9,64.8,993.0,Cyclonic Storm
2013281N12098,2013,PHAILIN,BB,2013-10-13 12:00:00,22.6,83.9,64.8,994.0,Cyclonic Storm
2013281N12098,2013,PHAILIN,BB,2013-10-13 15:00:00,22.8,83.6,61.1,995.0,Deep Depression
2013281N12098,2013,PHAILIN,BB,2013-10-13 18:00:00,23.0,83.5,55.6,996.0,Deep Depression
2013281N12098,2013,PHAILIN,BB,2013-10-13 21:00:00,23.2,83.7,55.6,998.0,Deep Depression
2013281N12098,2013,PHAILIN,BB,2013-10-14 00:00:00,23.5,84.0,55.6,1000.0,Deep Depression
2013281N12098,2013,PHAILIN,BB,2013-10-14 03:00:00,23.9,84.2,51.9,1002.0,Deep Depression
2013281N12098,2013,PHAILIN,BB,2013-10-14 06:00:00,24.5,84.2,46.3,1004.0,Depression
2013305N07141,2013,UNNAMED,MM,2013-11-01 06:00:00,7.0,141.0,,,
2013305N07141,2013,UNNAMED,MM,2013-11-01 09:00:00,7.1,140.3,,,
2013305N07141,2013,UNNAMED,MM,2013-11-01 12:00:00,7.1,139.6,,,
2013305N07141,2013,UNNAMED,MM,2013-11-01 15:00:00,7.0,138.9,,,
2013305N07141,2013,UNNAMED,MM,2013-11-01 18:00:00,7.0,138.3,,,
2013305N07141,2013,UNNAMED,MM,2013-11-01 21:00:00,7.0,137.6,,,
2013305N07141,2013,UNNAMED,MM,2013-11-02 00:00:00,7.1,137.0,,,
2013305N07141,2013,UNNAMED,MM,2013-11-02 03:00:00,7.1,136.4,,,
2013305N07141,2013,UNNAMED,MM,2013-11-02 06:00:00,7.1,135.9,,,
2013305N07141,2013,UNNAMED,MM,2013-11-02 09:00:00,7.2,135.5,,,
2013305N07141,2013,UNNAMED,MM,2013-11-02 12:00:00,7.3,135.1,,,
2013305N07141,2013,UNNAMED,MM,2013-11-02 15:00:00,7.4,134.7,,,
2013305N07141,2013,UNNAMED,MM,2013-11-02 18:00:00,7.5,134.2,,,
2013305N07141,2013,UNNAMED,MM,2013-11-02 21:00:00,7.8,133.7,,,
2013305N07141,2013,UNNAMED,MM,2013-11-03 00:00:00,8.2,133.0,,,
2013305N07141,2013,UNNAMED,MM,2013-11-03 03:00:00,8.4,132.0,,,
2013305N07141,2013,UNNAMED,MM,2013-11-03 06:00:00,8.6,131.1,,,
2013305N07141,2013,UNNAMED,MM,2013-11-03 09:00:00,8.7,130.2,,,
2013305N07141,2013,UNNAMED,MM,2013-11-03 12:00:00,8.9,129.4,,,
2013305N07141,2013,UNNAMED,MM,2013-11-03 15:00:00,9.0,128.5,,,
2013305N07141,2013,UNNAMED,MM,2013-11-03 18:00:00,9.2,127.7,,,
2013305N07141,2013,UNNAMED,MM,2013-11-03 21:00:00,9.3,127.0,,,
2013305N07141,2013,UNNAMED,MM,2013-11-04 00:00:00,9.4,126.4,,,
2013305N07141,2013,UNNAMED,MM,2013-11-04 03:00:00,9.6,125.7,,,
2013305N07141,2013,UNNAMED,MM,2013-11-04 06:00:00,9.8,125.0,,,
2013305N07141,2013,UNNAMED,MM,2013-11-04 09:00:00,9.8,124.1,,,
2013305N07141,2013,UNNAMED,MM,2013-11-04 12:00:00,9.9,123.2,,,
2013305N07141,2013,UNNAMED,MM,2013-11-04 15:00:00,10.1,122.3,,,
2013305N07141,2013,UNNAMED,MM,2013-11-04 18:00:00,10.4,121.5,,,
2013305N07141,2013,UNNAMED,MM,2013-11-04 21:00:00,10.6,120.5,,,
2013305N07141,2013,UNNAMED,MM,2013-11-05 00:00:00,10.8,119.4,,,
2013305N07141,2013,UNNAMED,MM,2013-11-05 03:00:00,10.8,118.2,,,
2013305N07141,2013,UNNAMED,MM,2013-11-05 06:00:00,10.8,116.9,,,
2013305N07141,2013,UNNAMED,MM,2013-11-05 09:00:00,10.9,116.0,,,
2013305N07141,2013,UNNAMED,MM,2013-11-05 12:00:00,11.1,115.1,,,
2013305N07141,2013,UNNAMED,MM,2013-11-05 15:00:00,11.4,114.3,,,
2013305N07141,2013,UNNAMED,MM,2013-11-05 18:00:00,11.6,113.4,,,
2013305N07141,2013,UNNAMED,MM,2013-11-05 21:00:00,11.8,112.4,,,
2013305N07141,2013,UNNAMED,MM,2013-11-06 00:00:00,11.8,111.5,,,
2013305N07141,2013,UNNAMED,MM,2013-11-06 03:00:00,11.7,110.8,,,
2013305N07141,2013,UNNAMED,MM,2013-11-06 06:00:00,11.6,110.1,,,
2013305N07141,2013,UNNAMED,MM,2013-11-06 09:00:00,11.5,109.5,,,
2013305N07141,2013,UNNAMED,MM,2013-11-06 12:00:00,11.5,108.9,,,
2013305N07141,2013,UNNAMED,MM,2013-11-06 15:00:00,11.7,108.4,,,
2013305N07141,2013,UNNAMED,MM,2013-11-06 18:00:00,12.0,107.8,,,
2013305N07141,2013,UNNAMED,MM,2013-11-06 21:00:00,12.1,107.0,,,
2013305N07141,2013,UNNAMED,MM,2013-11-07 00:00:00,12.2,106.0,,,
2013305N07141,2013,UNNAMED,MM,2013-11-07 03:00:00,12.2,104.7,,,
2013305N07141,2013,UNNAMED,MM,2013-11-07 06:00:00,12.1,103.5,,,
2013305N07141,2013,UNNAMED,MM,2013-11-07 09:00:00,11.9,102.7,,,
2013305N07141,2013,UNNAMED,MM,2013-11-07 12:00:00,11.8,102.1,,,
2013305N07141,2013,UNNAMED,MM,2013-11-07 15:00:00,11.9,101.5,,,
2013305N07141,2013,UNNAMED,MM,2013-11-07 18:00:00,12.0,101.0,,,
2013305N07141,2013,UNNAMED,MM,2013-11-07 21:00:00,12.1,100.6,,,
2013305N07141,2013,UNNAMED,MM,2013-11-08 00:00:00,12.2,100.2,,,
2013305N07141,2013,UNNAMED,BB,2013-11-08 03:00:00,12.5,99.6,,,
2013305N07141,2013,UNNAMED,BB,2013-11-08 06:00:00,12.9,99.0,,,
2013305N07141,2013,UNNAMED,BB,2013-11-08 09:00:00,13.2,98.5,,,
2013305N07141,2013,UNNAMED,BB,2013-11-08 12:00:00,13.4,98.0,,,
2013305N07141,2013,UNNAMED,BB,2013-11-08 15:00:00,13.7,97.3,,,
2013305N07141,2013,UNNAMED,BB,2013-11-08 18:00:00,13.8,96.5,,,
2013305N07141,2013,UNNAMED,BB,2013-11-08 21:00:00,13.7,95.8,,,
2013305N07141,2013,UNNAMED,BB,2013-11-09 00:00:00,13.5,95.1,,,
2013305N07141,2013,UNNAMED,BB,2013-11-09 03:00:00,13.4,94.5,,,
2013305N07141,2013,UNNAMED,BB,2013-11-09 06:00:00,13.3,94.0,,,
2013305N07141,2013,UNNAMED,BB,2013-11-09 09:00:00,13.2,93.6,,,
2013305N07141,2013,UNNAMED,BB,2013-11-09 12:00:00,13.2,93.3,,,
2013305N07141,2013,UNNAMED,BB,2013-11-09 15:00:00,13.1,93.0,,,
2013305N07141,2013,UNNAMED,BB,2013-11-09 18:00:00,13.0,92.6,,,
2013305N07141,2013,UNNAMED,BB,2013-11-09 21:00:00,12.9,92.2,,,
2013305N07141,2013,UNNAMED,BB,2013-11-10 00:00:00,12.7,91.8,,,
2013305N07141,2013,UNNAMED,BB,2013-11-10 03:00:00,12.5,91.4,,,
2013305N07141,2013,UNNAMED,BB,2013-11-10 06:00:00,12.4,91.0,,,
2013305N07141,2013,UNNAMED,BB,2013-11-10 09:00:00,12.2,90.6,,,
2013305N07141,2013,UNNAMED,BB,2013-11-10 12:00:00,12.1,90.3,,,
2013305N07141,2013,UNNAMED,BB,2013-11-10 15:00:00,12.0,90.0,,,
2013305N07141,2013,UNNAMED,BB,2013-11-10 18:00:00,12.0,89.8,,,
2013305N07141,2013,UNNAMED,BB,2013-11-10 21:00:00,11.9,89.6,,,
2013305N07141,2013,UNNAMED,BB,2013-11-11 00:00:00,11.9,89.5,,,
2013305N07141,2013,UNNAMED,BB,2013-11-11 03:00:00,11.9,89.3,,,
2013305N07141,2013,UNNAMED,BB,2013-11-11 06:00:00,11.8,89.1,,,
2013305N07141,2013,UNNAMED,BB,2013-11-11 09:00:00,11.6,88.8,,,
2013305N07141,2013,UNNAMED,BB,2013-11-11 12:00:00,11.4,88.5,,,
2013305N07141,2013,UNNAMED,BB,2013-11-11 15:00:00,11.2,88.2,,,
2013305N07141,2013,UNNAMED,BB,2013-11-11 18:00:00,11.0,87.9,,,
2013305N07141,2013,UNNAMED,BB,2013-11-11 21:00:00,10.8,87.6,,,
2013305N07141,2013,UNNAMED,BB,2013-11-12 00:00:00,10.6,87.3,,,
2013305N07141,2013,UNNAMED,BB,2013-11-12 03:00:00,10.6,87.1,,,
2013305N07141,2013,UNNAMED,BB,2013-11-12 06:00:00,10.6,87.0,,,
2013305N07141,2013,UNNAMED,BB,2013-11-12 09:00:00,10.6,86.9,,,
2013305N07141,2013,UNNAMED,BB,2013-11-12 12:00:00,10.6,86.8,,,
2013305N07141,2013,UNNAMED,BB,2013-11-12 15:00:00,10.6,86.8,,,
2013305N07141,2013,UNNAMED,BB,2013-11-12 18:00:00,10.7,86.7,,,
2013305N07141,2013,UNNAMED,BB,2013-11-12 21:00:00,10.7,86.6,,,
2013305N07141,2013,UNNAMED,BB,2013-11-13 00:00:00,10.9,86.5,46.3,1004.0,Depression
2013305N07141,2013,UNNAMED,BB,2013-11-13 03:00:00,11.1,86.2,46.3,1004.0,Depression
2013305N07141,2013,UNNAMED,BB,2013-11-13 06:00:00,11.2,86.1,46.3,1004.0,Depression
2013305N07141,2013,UNNAMED,BB,2013-11-13 09:00:00,11.2,86.0,46.3,1004.0,Depression
2013305N07141,2013,UNNAMED,BB,2013-11-13 12:00:00,11.2,86.0,46.3,1003.0,Depression
2013305N07141,2013,UNNAMED,BB,2013-11-13 15:00:00,11.2,85.8,46.3,1003.0,Depression
2013305N07141,2013,UNNAMED,BB,2013-11-13 18:00:00,11.2,85.6,46.3,1003.0,Depression
2013305N07141,2013,UNNAMED,BB,2013-11-13 21:00:00,11.1,85.4,46.3,1003.0,Depression
2013305N07141,2013,UNNAMED,BB,2013-11-14 00:00:00,11.1,85.3,46.3,1003.0,Depression
2013305N07141,2013,UNNAMED,BB,2013-11-14 03:00:00,11.1,85.2,46.3,1003.0,Depression
2013305N07141,2013,UNNAMED,BB,2013-11-14 06:00:00,11.0,85.2,46.3,1003.0,Depression
2013305N07141,2013,UNNAMED,BB,2013-11-14 09:00:00,10.7,85.0,46.3,1003.0,Depression
2013305N07141,2013,UNNAMED,BB,2013-11-14 12:00:00,10.4,84.9,46.3,1003.0,Depression
2013305N07141,2013,UNNAMED,BB,2013-11-14 15:00:00,10.2,84.7,46.3,1003.0,Depression
2013305N07141,2013,UNNAMED,BB,2013-11-14 18:00:00,10.1,84.6,46.3,1003.0,Depression
2013305N07141,2013,UNNAMED,BB,2013-11-14 21:00:00,9.9,84.4,46.3,1003.0,Depression
2013305N07141,2013,UNNAMED,BB,2013-11-15 00:00:00,9.7,84.1,46.3,1003.0,Depression
2013305N07141,2013,UNNAMED,BB,2013-11-15 03:00:00,9.4,83.7,46.3,1003.0,Depression
2013305N07141,2013,UNNAMED,BB,2013-11-15 06:00:00,9.4,83.5,46.3,1003.0,Depression
2013305N07141,2013,UNNAMED,BB,2013-11-15 09:00:00,9.5,83.2,46.3,1003.0,Depression
2013305N07141,2013,UNNAMED,BB,2013-11-15 12:00:00,9.6,82.9,46.3,1003.0,Depression
2013305N07141,2013,UNNAMED,BB,2013-11-15 15:00:00,9.9,82.4,46.3,1003.0,Depression
2013305N07141,2013,UNNAMED,BB,2013-11-15 18:00:00,10.2,82.0,46.3,1003.0,Depression
2013305N07141,2013,UNNAMED,BB,2013-11-15 21:00:00,10.4,81.7,46.3,1003.0,Depression
2013305N07141,2013,UNNAMED,BB,2013-11-16 00:00:00,10.6,81.3,46.3,1003.0,Depression
2013305N07141,2013,UNNAMED,BB,2013-11-16 03:00:00,10.9,80.5,46.3,1003.0,Depression
2013305N07141,2013,UNNAMED,BB,2013-11-16 06:00:00,11.0,80.0,46.3,1003.0,Depression
2013305N07141,2013,UNNAMED,BB,2013-11-16 09:00:00,11.1,79.5,46.3,1004.0,Depression
2013305N07141,2013,UNNAMED,BB,2013-11-16 12:00:00,11.1,78.9,46.3,,Depression
2013305N07141,2013,UNNAMED,BB,2013-11-16 15:00:00,11.2,78.3,46.3,,Depression
2013305N07141,2013,UNNAMED,AS,2013-11-16 18:00:00,11.3,77.6,46.3,,Depression
2013305N07141,2013,UNNAMED,AS,2013-11-16 21:00:00,11.3,76.9,,,
2013305N07141,2013,UNNAMED,AS,2013-11-17 00:00:00,11.2,76.3,,,
2013305N07141,2013,UNNAMED,AS,2013-11-17 03:00:00,11.1,75.7,,,
2013305N07141,2013,UNNAMED,AS,2013-11-17 06:00:00,11.0,75.1,,,
2013305N07141,2013,UNNAMED,AS,2013-11-17 09:00:00,10.9,74.4,,,
2013305N07141,2013,UNNAMED,AS,2013-11-17 12:00:00,10.9,73.7,,,
2013305N07141,2013,UNNAMED,AS,2013-11-17 15:00:00,11.0,73.2,,,
2013305N07141,2013,UNNAMED,AS,2013-11-17 18:00:00,11.2,72.6,,,
2013305N07141,2013,UNNAMED,AS,2013-11-17 21:00:00,11.4,71.9,,,
2013305N07141,2013,UNNAMED,AS,2013-11-18 00:00:00,11.6,71.2,,,
2013305N07141,2013,UNNAMED,AS,2013-11-18 03:00:00,11.8,70.7,,,
2013305N07141,2013,UNNAMED,AS,2013-11-18 06:00:00,12.1,70.1,,,
2013305N07141,2013,UNNAMED,AS,2013-11-18 09:00:00,12.3,69.4,,,
2013305N07141,2013,UNNAMED,AS,2013-11-18 12:00:00,12.5,68.6,,,
2013305N07141,2013,UNNAMED,AS,2013-11-18 15:00:00,12.5,68.0,,,
2013305N07141,2013,UNNAMED,AS,2013-11-18 18:00:00,12.5,67.4,,,
2013305N07141,2013,UNNAMED,AS,2013-11-18 21:00:00,12.5,66.8,,,
2013305N07141,2013,UNNAMED,AS,2013-11-19 00:00:00,12.5,66.1,,,
2013305N07141,2013,UNNAMED,AS,2013-11-19 03:00:00,12.3,65.3,,,
2013305N07141,2013,UNNAMED,AS,2013-11-19 06:00:00,12.2,64.5,,,
2013305N07141,2013,UNNAMED,AS,2013-11-19 09:00:00,12.2,63.6,,,
2013305N07141,2013,UNNAMED,AS,2013-11-19 12:00:00,12.3,62.8,,,
2013305N07141,2013,UNNAMED,AS,2013-11-19 15:00:00,12.5,62.1,,,
2013305N07141,2013,UNNAMED,AS,2013-11-19 18:00:00,12.7,61.4,,,
2013305N07141,2013,UNNAMED,AS,2013-11-19 21:00:00,12.8,60.6,,,
2013305N07141,2013,UNNAMED,AS,2013-11-20 00:00:00,12.8,59.9,,,
2013305N07141,2013,UNNAMED,AS,2013-11-20 03:00:00,12.8,59.6,,,
2013305N07141,2013,UNNAMED,AS,2013-11-20 06:00:00,12.8,59.4,,,
2013305N07141,2013,UNNAMED,AS,2013-11-20 09:00:00,12.9,58.9,,,
2013305N07141,2013,UNNAMED,AS,2013-11-20 12:00:00,13.0,58.3,,,
2013305N07141,2013,UNNAMED,AS,2013-11-20 15:00:00,12.9,57.7,,,
2013305N07141,2013,UNNAMED,AS,2013-11-20 18:00:00,12.8,57.1,,,
2013305N07141,2013,UNNAMED,AS,2013-11-20 21:00:00,12.7,56.5,,,
2013305N07141,2013,UNNAMED,AS,2013-11-21 00:00:00,12.5,56.0,,,
2013310N06066,2013,UNNAMED,AS,2013-11-06 00:00:00,5.6,66.4,,,
2013310N06066,2013,UNNAMED,AS,2013-11-06 03:00:00,5.9,66.2,,,
2013310N06066,2013,UNNAMED,AS,2013-11-06 06:00:00,6.2,65.9,,,
2013310N06066,2013,UNNAMED,AS,2013-11-06 09:00:00,6.4,65.5,,,
2013310N06066,2013,UNNAMED,AS,2013-11-06 12:00:00,6.7,64.9,,,
2013310N06066,2013,UNNAMED,AS,2013-11-06 15:00:00,7.1,64.3,,,
2013310N06066,2013,UNNAMED,AS,2013-11-06 18:00:00,7.5,63.6,,,
2013310N06066,2013,UNNAMED,AS,2013-11-06 21:00:00,7.6,62.9,,,
2013310N06066,2013,UNNAMED,AS,2013-11-07 00:00:00,7.7,62.1,,,
2013310N06066,2013,UNNAMED,AS,2013-11-07 03:00:00,7.8,61.2,,,
2013310N06066,2013,UNNAMED,AS,2013-11-07 06:00:00,8.0,60.4,,,
2013310N06066,2013,UNNAMED,AS,2013-11-07 09:00:00,8.2,59.7,,,
2013310N06066,2013,UNNAMED,AS,2013-11-07 12:00:00,8.3,59.0,,,
2013310N06066,2013,UNNAMED,AS,2013-11-07 15:00:00,8.3,58.4,,,
2013310N06066,2013,UNNAMED,AS,2013-11-07 18:00:00,8.2,57.9,,,
2013310N06066,2013,UNNAMED,AS,2013-11-07 21:00:00,8.2,57.4,,,
2013310N06066,2013,UNNAMED,AS,2013-11-08 00:00:00,8.1,57.0,,,
2013310N06066,2013,UNNAMED,AS,2013-11-08 03:00:00,8.0,56.6,,,
2013310N06066,2013,UNNAMED,AS,2013-11-08 06:00:00,7.9,56.2,46.3,1006.0,Depression
2013310N06066,2013,UNNAMED,AS,2013-11-08 09:00:00,8.0,55.6,46.3,1005.0,Depression
2013310N06066,2013,UNNAMED,AS,2013-11-08 12:00:00,8.1,55.0,46.3,1004.0,Depression
2013310N06066,2013,UNNAMED,AS,2013-11-08 15:00:00,8.0,54.5,46.3,1004.0,Depression
2013310N06066,2013,UNNAMED,AS,2013-11-08 18:00:00,8.0,54.0,46.3,1004.0,Depression
2013310N06066,2013,UNNAMED,AS,2013-11-08 21:00:00,8.0,53.5,51.9,1003.0,Deep Depression
2013310N06066,2013,UNNAMED,AS,2013-11-09 00:00:00,8.0,53.1,55.6,1002.0,Deep Depression
2013310N06066,2013,UNNAMED,AS,2013-11-09 03:00:00,8.0,52.8,55.6,1002.0,Deep Depression
2013310N06066,2013,UNNAMED,AS,2013-11-09 06:00:00,8.0,52.7,55.6,1002.0,Deep Depression
2013310N06066,2013,UNNAMED,AS,2013-11-09 09:00:00,8.0,52.4,55.6,1002.0,Deep Depression
2013310N06066,2013,UNNAMED,AS,2013-11-09 12:00:00,8.0,52.1,55.6,1002.0,Deep Depression
2013310N06066,2013,UNNAMED,AS,2013-11-09 15:00:00,8.0,51.9,55.6,1002.0,Deep Depression
2013310N06066,2013,UNNAMED,AS,2013-11-09 18:00:00,8.0,51.9,55.6,1002.0,Deep Depression
2013310N06066,2013,UNNAMED,AS,2013-11-09 21:00:00,8.0,51.8,55.6,1002.0,Deep Depression
2013310N06066,2013,UNNAMED,AS,2013-11-10 00:00:00,8.0,51.8,55.6,1002.0,Deep Depression
2013310N06066,2013,UNNAMED,AS,2013-11-10 03:00:00,8.0,51.6,55.6,1002.0,Deep Depression
2013310N06066,2013,UNNAMED,AS,2013-11-10 06:00:00,8.0,51.3,55.6,1002.0,Deep Depression
2013310N06066,2013,UNNAMED,AS,2013-11-10 09:00:00,8.0,51.2,55.6,1002.0,Deep Depression
2013310N06066,2013,UNNAMED,AS,2013-11-10 12:00:00,8.1,51.2,55.6,1002.0,Deep Depression
2013310N06066,2013,UNNAMED,AS,2013-11-10 15:00:00,8.1,50.9,55.6,1002.0,Deep Depression
2013310N06066,2013,UNNAMED,AS,2013-11-10 18:00:00,8.2,50.6,55.6,1002.0,Deep Depression
2013310N06066,2013,UNNAMED,AS,2013-11-10 21:00:00,8.3,50.4,55.6,1002.0,Deep Depression
2013310N06066,2013,UNNAMED,AS,2013-11-11 00:00:00,8.4,50.1,55.6,1002.0,Deep Depression
2013310N06066,2013,UNNAMED,AS,2013-11-11 03:00:00,8.7,49.7,55.6,1002.0,Deep Depression
2013310N06066,2013,UNNAMED,AS,2013-11-11 06:00:00,8.9,49.2,46.3,1004.0,Depression
2013310N06066,2013,UNNAMED,AS,2013-11-11 09:00:00,9.2,48.6,,,
2013310N06066,2013,UNNAMED,AS,2013-11-11 12:00:00,9.4,48.0,,,
2013310N06066,2013,UNNAMED,AS,2013-11-11 15:00:00,9.5,47.4,,,
2013310N06066,2013,UNNAMED,AS,2013-11-11 18:00:00,9.5,46.9,,,
2013310N06066,2013,UNNAMED,AS,2013-11-11 21:00:00,9.6,46.4,,,
2013310N06066,2013,UNNAMED,AS,2013-11-12 00:00:00,9.8,46.0,,,
2013322N13090,2013,HELEN,BB,2013-11-18 00:00:00,13.3,90.0,,,
2013322N13090,2013,HELEN,BB,2013-11-18 03:00:00,13.6,89.5,,,
2013322N13090,2013,HELEN,BB,2013-11-18 06:00:00,14.0,88.9,,,
2013322N13090,2013,HELEN,BB,2013-11-18 09:00:00,14.4,88.3,,,
2013322N13090,2013,HELEN,BB,2013-11-18 12:00:00,14.7,87.8,,,
2013322N13090,2013,HELEN,BB,2013-11-18 15:00:00,14.8,87.3,,,
2013322N13090,2013,HELEN,BB,2013-11-18 18:00:00,14.8,86.9,,,
2013322N13090,2013,HELEN,BB,2013-11-18 21:00:00,14.8,86.5,,,
2013322N13090,2013,HELEN,BB,2013-11-19 00:00:00,14.7,86.2,46.3,1004.0,Depression
2013322N13090,2013,HELEN,BB,2013-11-19 03:00:00,14.8,85.9,46.3,1004.0,Depression
2013322N13090,2013,HELEN,BB,2013-11-19 06:00:00,14.8,85.6,46.3,1004.0,Depression
2013322N13090,2013,HELEN,BB,2013-11-19 09:00:00,14.9,85.3,46.3,1004.0,Depression
2013322N13090,2013,HELEN,BB,2013-11-19 12:00:00,15.0,85.1,46.3,1004.0,Depression
2013322N13090,2013,HELEN,BB,2013-11-19 15:00:00,15.0,84.9,55.6,1002.0,Deep Depression
2013322N13090,2013,HELEN,BB,2013-11-19 18:00:00,15.0,84.5,55.6,1002.0,Deep Depression
2013322N13090,2013,HELEN,BB,2013-11-19 21:00:00,15.0,84.2,55.6,1002.0,Deep Depression
2013322N13090,2013,HELEN,BB,2013-11-20 00:00:00,15.1,84.1,55.6,1002.0,Deep Depression
2013322N13090,2013,HELEN,BB,2013-11-20 03:00:00,15.1,84.1,64.8,1000.0,Cyclonic Storm
2013322N13090,2013,HELEN,BB,2013-11-20 06:00:00,15.3,84.1,74.1,1000.0,Cyclonic Storm
2013322N13090,2013,HELEN,BB,2013-11-20 09:00:00,15.3,84.0,74.1,1000.0,Cyclonic Storm
2013322N13090,2013,HELEN,BB,2013-11-20 12:00:00,15.4,84.0,83.3,998.0,Cyclonic Storm
2013322N13090,2013,HELEN,BB,2013-11-20 15:00:00,15.4,83.9,83.3,998.0,Cyclonic Storm
2013322N13090,2013,HELEN,BB,2013-11-20 18:00:00,15.5,83.8,83.3,996.0,Cyclonic Storm
2013322N13090,2013,HELEN,BB,2013-11-20 21:00:00,15.6,83.7,83.3,996.0,Cyclonic Storm
2013322N13090,2013,HELEN,BB,2013-11-21 00:00:00,15.7,83.6,92.6,994.0,Severe Cyclonic Storm
2013322N13090,2013,HELEN,BB,2013-11-21 03:00:00,15.8,83.4,92.6,992.0,Severe Cyclonic Storm
2013322N13090,2013,HELEN,BB,2013-11-21 06:00:00,15.9,83.3,101.9,990.0,Severe Cyclonic Storm
2013322N13090,2013,HELEN,BB,2013-11-21 09:00:00,16.0,83.1,101.9,990.0,Severe Cyclonic Storm
2013322N13090,2013,HELEN,BB,2013-11-21 12:00:00,16.1,83.0,101.9,990.0,Severe Cyclonic Storm
2013322N13090,2013,HELEN,BB,2013-11-21 15:00:00,16.1,82.7,101.9,990.0,Severe Cyclonic Storm
2013322N13090,2013,HELEN,BB,2013-11-21 18:00:00,16.2,82.6,101.9,990.0,Severe Cyclonic Storm
2013322N13090,2013,HELEN,BB,2013-11-21 21:00:00,16.1,82.3,101.9,990.0,Severe Cyclonic Storm
2013322N13090,2013,HELEN,BB,2013-11-22 00:00:00,16.2,82.0,101.9,990.0,Severe Cyclonic Storm
2013322N13090,2013,HELEN,BB,2013-11-22 03:00:00,16.2,81.7,101.9,990.0,Severe Cyclonic Storm
2013322N13090,2013,HELEN,BB,2013-11-22 06:00:00,16.2,81.4,101.9,990.0,Severe Cyclonic Storm
2013322N13090,2013,HELEN,BB,2013-11-22 09:00:00,16.0,81.2,74.1,1000.0,Cyclonic Storm
2013322N13090,2013,HELEN,BB,2013-11-22 12:00:00,15.8,80.8,55.6,1002.0,Deep Depression
2013322N13090,2013,HELEN,BB,2013-11-22 15:00:00,15.9,80.5,51.9,1003.0,Deep Depression
2013322N13090,2013,HELEN,BB,2013-11-22 18:00:00,16.1,80.2,46.3,1004.0,Depression
2013322N13090,2013,HELEN,BB,2013-11-22 21:00:00,16.3,79.7,,,
2013322N13090,2013,HELEN,BB,2013-11-23 00:00:00,16.5,79.4,,,
2013322N13090,2013,HELEN,BB,2013-11-23 03:00:00,16.8,79.1,,,
2013322N13090,2013,HELEN,BB,2013-11-23 06:00:00,17.2,78.8,,,
2013324N07103,2013,LEHAR,MM,2013-11-19 18:00:00,7.3,103.3,,,
2013324N07103,2013,LEHAR,MM,2013-11-19 21:00:00,7.0,103.2,,,
2013324N07103,2013,LEHAR,MM,2013-11-20 00:00:00,6.8,103.1,,,
2013324N07103,2013,LEHAR,MM,2013-11-20 03:00:00,6.8,102.9,,,
2013324N07103,2013,LEHAR,MM,2013-11-20 06:00:00,6.9,102.6,,,
2013324N07103,2013,LEHAR,MM,2013-11-20 09:00:00,6.7,102.4,,,
2013324N07103,2013,LEHAR,MM,2013-11-20 12:00:00,6.5,102.3,,,
2013324N07103,2013,LEHAR,MM,2013-11-20 15:00:00,6.4,102.2,,,
2013324N07103,2013,LEHAR,MM,2013-11-20 18:00:00,6.3,102.0,,,
2013324N07103,2013,LEHAR,MM,2013-11-20 21:00:00,6.3,101.9,,,
2013324N07103,2013,LEHAR,MM,2013-11-21 00:00:00,6.3,101.7,,,
2013324N07103,2013,LEHAR,MM,2013-11-21 03:00:00,6.3,101.5,,,
2013324N07103,2013,LEHAR,MM,2013-11-21 06:00:00,6.4,101.2,,,
2013324N07103,2013,LEHAR,MM,2013-11-21 09:00:00,6.6,100.9,,,
2013324N07103,2013,LEHAR,MM,2013-11-21 12:00:00,6.7,100.6,,,
2013324N07103,2013,LEHAR,MM,2013-11-21 15:00:00,6.7,100.2,,,
2013324N07103,2013,LEHAR,BB,2013-11-21 18:00:00,6.7,99.9,,,
2013324N07103,2013,LEHAR,BB,2013-11-21 21:00:00,6.7,99.6,,,
2013324N07103,2013,LEHAR,BB,2013-11-22 00:00:00,6.6,99.4,,,
2013324N07103,2013,LEHAR,BB,2013-11-22 03:00:00,6.4,99.2,,,
2013324N07103,2013,LEHAR,BB,2013-11-22 06:00:00,6.3,99.0,,,
2013324N07103,2013,LEHAR,BB,2013-11-22 09:00:00,6.2,98.7,,,
2013324N07103,2013,LEHAR,BB,2013-11-22 12:00:00,6.3,98.5,,,
2013324N07103,2013,LEHAR,BB,2013-11-22 15:00:00,6.5,98.4,,,
2013324N07103,2013,LEHAR,BB,2013-11-22 18:00:00,6.8,98.3,,,
2013324N07103,2013,LEHAR,BB,2013-11-22 21:00:00,7.0,98.1,,,
2013324N07103,2013,LEHAR,BB,2013-11-23 00:00:00,7.3,97.8,,,
2013324N07103,2013,LEHAR,BB,2013-11-23 03:00:00,7.6,97.5,,,
2013324N07103,2013,LEHAR,BB,2013-11-23 06:00:00,8.0,97.2,,,
2013324N07103,2013,LEHAR,BB,2013-11-23 09:00:00,8.3,96.9,,,
2013324N07103,2013,LEHAR,BB,2013-11-23 12:00:00,8.7,96.6,46.3,1004.0,Depression
2013324N07103,2013,LEHAR,BB,2013-11-23 15:00:00,8.9,96.3,51.9,1003.0,Deep Depression
2013324N07103,2013,LEHAR,BB,2013-11-23 18:00:00,9.2,96.1,55.6,1002.0,Deep Depression
2013324N07103,2013,LEHAR,BB,2013-11-23 21:00:00,9.6,95.6,61.1,1001.0,Deep Depression
2013324N07103,2013,LEHAR,BB,2013-11-24 00:00:00,10.0,95.2,64.8,999.0,Cyclonic Storm
2013324N07103,2013,LEHAR,BB,2013-11-24 03:00:00,10.2,95.0,74.1,998.0,Cyclonic Storm
2013324N07103,2013,LEHAR,BB,2013-11-24 06:00:00,10.6,94.6,74.1,998.0,Cyclonic Storm
2013324N07103,2013,LEHAR,BB,2013-11-24 09:00:00,10.8,94.1,83.3,996.0,Cyclonic Storm
2013324N07103,2013,LEHAR,BB,2013-11-24 12:00:00,11.0,93.7,83.3,996.0,Cyclonic Storm
2013324N07103,2013,LEHAR,BB,2013-11-24 15:00:00,11.1,93.5,83.3,996.0,Cyclonic Storm
2013324N07103,2013,LEHAR,BB,2013-11-24 18:00:00,11.5,93.2,83.3,996.0,Cyclonic Storm
2013324N07103,2013,LEHAR,BB,2013-11-24 21:00:00,11.5,92.7,83.3,996.0,Cyclonic Storm
2013324N07103,2013,LEHAR,BB,2013-11-25 00:00:00,11.8,92.6,101.9,992.0,Severe Cyclonic Storm
2013324N07103,2013,LEHAR,BB,2013-11-25 03:00:00,11.9,92.2,101.9,990.0,Severe Cyclonic Storm
2013324N07103,2013,LEHAR,BB,2013-11-25 06:00:00,12.0,91.9,101.9,988.0,Severe Cyclonic Storm
2013324N07103,2013,LEHAR,BB,2013-11-25 09:00:00,12.0,91.7,111.1,988.0,Severe Cyclonic Storm
2013324N07103,2013,LEHAR,BB,2013-11-25 12:00:00,12.3,91.6,111.1,988.0,Severe Cyclonic Storm
2013324N07103,2013,LEHAR,BB,2013-11-25 15:00:00,12.3,91.2,111.1,988.0,Severe Cyclonic Storm
2013324N07103,2013,LEHAR,BB,2013-11-25 18:00:00,12.4,91.1,101.9,988.0,Severe Cyclonic Storm
2013324N07103,2013,LEHAR,BB,2013-11-25 21:00:00,12.4,90.9,120.4,984.0,Very Severe Cyclonic Storm
2013324N07103,2013,LEHAR,BB,2013-11-26 00:00:00,12.5,90.5,129.6,982.0,Very Severe Cyclonic Storm
2013324N07103,2013,LEHAR,BB,2013-11-26 03:00:00,12.5,90.1,129.6,982.0,Very Severe Cyclonic Storm
2013324N07103,2013,LEHAR,BB,2013-11-26 06:00:00,12.6,89.6,129.6,982.0,Very Severe Cyclonic Storm
2013324N07103,2013,LEHAR,BB,2013-11-26 09:00:00,12.9,89.1,129.6,982.0,Very Severe Cyclonic Storm
2013324N07103,2013,LEHAR,BB,2013-11-26 12:00:00,13.0,88.7,129.6,982.0,Very Severe Cyclonic Storm
2013324N07103,2013,LEHAR,BB,2013-11-26 15:00:00,13.0,88.5,129.6,982.0,Very Severe Cyclonic Storm
2013324N07103,2013,LEHAR,BB,2013-11-26 18:00:00,13.2,88.1,138.9,980.0,Very Severe Cyclonic Storm
2013324N07103,2013,LEHAR,BB,2013-11-26 21:00:00,13.3,87.5,138.9,980.0,Very Severe Cyclonic Storm
2013324N07103,2013,LEHAR,BB,2013-11-27 00:00:00,13.6,87.0,138.9,980.0,Very Severe Cyclonic Storm
2013324N07103,2013,LEHAR,BB,2013-11-27 03:00:00,13.6,86.5,138.9,980.0,Very Severe Cyclonic Storm
2013324N07103,2013,LEHAR,BB,2013-11-27 06:00:00,13.9,86.0,129.6,982.0,Very Severe Cyclonic Storm
2013324N07103,2013,LEHAR,BB,2013-11-27 09:00:00,14.0,85.5,120.4,984.0,Very Severe Cyclonic Storm
2013324N07103,2013,LEHAR,BB,2013-11-27 12:00:00,14.2,85.1,101.9,988.0,Severe Cyclonic Storm
2013324N07103,2013,LEHAR,BB,2013-11-27 15:00:00,14.2,84.6,101.9,988.0,Severe Cyclonic Storm
2013324N07103,2013,LEHAR,BB,2013-11-27 18:00:00,14.6,84.1,83.3,996.0,Cyclonic Storm
2013324N07103,2013,LEHAR,BB,2013-11-27 21:00:00,14.7,83.6,74.1,998.0,Cyclonic Storm
2013324N07103,2013,LEHAR,BB,2013-11-28 00:00:00,15.1,82.5,55.6,1000.0,Deep Depression
2013324N07103,2013,LEHAR,BB,2013-11-28 03:00:00,15.3,82.1,55.6,1000.0,Deep Depression
2013324N07103,2013,LEHAR,BB,2013-11-28 06:00:00,15.3,81.7,55.6,1000.0,Deep Depression
2013324N07103,2013,LEHAR,BB,2013-11-28 09:00:00,15.5,81.4,46.3,1002.0,Depression
2013324N07103,2013,LEHAR,BB,2013-11-28 12:00:00,15.5,81.0,37.0,1004.0,Depression
2013324N07103,2013,LEHAR,BB,2013-11-28 15:00:00,15.4,80.6,,,
2013324N07103,2013,LEHAR,BB,2013-11-28 18:00:00,15.4,80.0,,,
2013324N07103,2013,LEHAR,BB,2013-11-28 21:00:00,15.7,79.4,,,
2013324N07103,2013,LEHAR,BB,2013-11-29 00:00:00,16.1,78.8,,,
2013339N09084,2013,MADI,BB,2013-12-05 00:00:00,9.0,84.3,,,
2013339N09084,2013,MADI,BB,2013-12-05 03:00:00,9.1,84.2,,,
2013339N09084,2013,MADI,BB,2013-12-05 06:00:00,9.1,84.1,,,
2013339N09084,2013,MADI,BB,2013-12-05 09:00:00,9.1,84.0,,,
2013339N09084,2013,MADI,BB,2013-12-05 12:00:00,9.2,83.9,,,
2013339N09084,2013,MADI,BB,2013-12-05 15:00:00,9.3,83.8,,,
2013339N09084,2013,MADI,BB,2013-12-05 18:00:00,9.4,83.8,,,
2013339N09084,2013,MADI,BB,2013-12-05 21:00:00,9.5,83.7,,,
2013339N09084,2013,MADI,BB,2013-12-06 00:00:00,9.6,83.7,,,
2013339N09084,2013,MADI,BB,2013-12-06 03:00:00,9.7,83.7,46.3,1004.0,Depression
2013339N09084,2013,MADI,BB,2013-12-06 06:00:00,9.8,83.8,46.3,1004.0,Depression
2013339N09084,2013,MADI,BB,2013-12-06 09:00:00,9.9,83.9,46.3,1004.0,Depression
2013339N09084,2013,MADI,BB,2013-12-06 12:00:00,10.0,83.9,46.3,1004.0,Depression
2013339N09084,2013,MADI,BB,2013-12-06 15:00:00,10.1,83.9,51.9,1003.0,Deep Depression
2013339N09084,2013,MADI,BB,2013-12-06 18:00:00,10.2,84.0,55.6,1002.0,Deep Depression
2013339N09084,2013,MADI,BB,2013-12-06 21:00:00,10.3,84.0,61.1,1000.0,Deep Depression
2013339N09084,2013,MADI,BB,2013-12-07 00:00:00,10.4,84.1,64.8,998.0,Cyclonic Storm
2013339N09084,2013,MADI,BB,2013-12-07 03:00:00,10.4,84.2,64.8,998.0,Cyclonic Storm
2013339N09084,2013,MADI,BB,2013-12-07 06:00:00,10.5,84.3,83.3,996.0,Cyclonic Storm
2013339N09084,2013,MADI,BB,2013-12-07 09:00:00,10.7,84.3,101.9,992.0,Severe Cyclonic Storm
2013339N09084,2013,MADI,BB,2013-12-07 12:00:00,10.9,84.4,101.9,992.0,Severe Cyclonic Storm
2013339N09084,2013,MADI,BB,2013-12-07 15:00:00,11.0,84.5,101.9,992.0,Severe Cyclonic Storm
2013339N09084,2013,MADI,BB,2013-12-07 18:00:00,11.3,84.5,101.9,990.0,Severe Cyclonic Storm
2013339N09084,2013,MADI,BB,2013-12-07 21:00:00,11.5,84.5,101.9,990.0,Severe Cyclonic Storm
2013339N09084,2013,MADI,BB,2013-12-08 00:00:00,11.9,84.6,111.1,988.0,Severe Cyclonic Storm
2013339N09084,2013,MADI,BB,2013-12-08 03:00:00,12.1,84.6,111.1,988.0,Severe Cyclonic Storm
2013339N09084,2013,MADI,BB,2013-12-08 06:00:00,12.4,84.7,120.4,986.0,Very Severe Cyclonic Storm
2013339N09084,2013,MADI,BB,2013-12-08 09:00:00,12.6,84.7,120.4,986.0,Very Severe Cyclonic Storm
2013339N09084,2013,MADI,BB,2013-12-08 12:00:00,13.0,84.7,120.4,986.0,Very Severe Cyclonic Storm
2013339N09084,2013,MADI,BB,2013-12-08 15:00:00,13.2,84.7,120.4,986.0,Very Severe Cyclonic Storm
2013339N09084,2013,MADI,BB,2013-12-08 18:00:00,13.4,84.6,120.4,986.0,Very Severe Cyclonic Storm
2013339N09084,2013,MADI,BB,2013-12-08 21:00:00,13.6,84.6,120.4,986.0,Very Severe Cyclonic Storm
2013339N09084,2013,MADI,BB,2013-12-09 00:00:00,13.9,84.6,120.4,986.0,Very Severe Cyclonic Storm
2013339N09084,2013,MADI,BB,2013-12-09 03:00:00,14.1,84.7,120.4,986.0,Very Severe Cyclonic Storm
2013339N09084,2013,MADI,BB,2013-12-09 06:00:00,14.3,84.7,120.4,986.0,Very Severe Cyclonic Storm
2013339N09084,2013,MADI,BB,2013-12-09 09:00:00,14.4,84.7,120.4,986.0,Very Severe Cyclonic Storm
2013339N09084,2013,MADI,BB,2013-12-09 12:00:00,14.6,84.8,111.1,988.0,Severe Cyclonic Storm
2013339N09084,2013,MADI,BB,2013-12-09 15:00:00,14.7,84.8,111.1,988.0,Severe Cyclonic Storm
2013339N09084,2013,MADI,BB,2013-12-09 18:00:00,14.8,84.9,111.1,988.0,Severe Cyclonic Storm
2013339N09084,2013,MADI,BB,2013-12-09 21:00:00,14.8,84.9,111.1,988.0,Severe Cyclonic Storm
2013339N09084,2013,MADI,BB,2013-12-10 00:00:00,15.0,85.1,111.1,988.0,Severe Cyclonic Storm
2013339N09084,2013,MADI,BB,2013-12-10 03:00:00,15.3,85.3,120.4,988.0,Very Severe Cyclonic Storm
2013339N09084,2013,MADI,BB,2013-12-10 06:00:00,15.4,85.3,120.4,988.0,Very Severe Cyclonic Storm
2013339N09084,2013,MADI,BB,2013-12-10 09:00:00,15.5,85.2,120.4,988.0,Very Severe Cyclonic Storm
2013339N09084,2013,MADI,BB,2013-12-10 12:00:00,15.3,85.0,101.9,990.0,Severe Cyclonic Storm
2013339N09084,2013,MADI,BB,2013-12-10 15:00:00,15.1,84.7,101.9,990.0,Severe Cyclonic Storm
2013339N09084,2013,MADI,BB,2013-12-10 18:00:00,14.9,84.6,92.6,992.0,Severe Cyclonic Storm
2013339N09084,2013,MADI,BB,2013-12-10 21:00:00,14.7,84.4,83.3,994.0,Cyclonic Storm
2013339N09084,2013,MADI,BB,2013-12-11 00:00:00,14.4,84.1,74.1,996.0,Cyclonic Storm
2013339N09084,2013,MADI,BB,2013-12-11 03:00:00,14.1,83.8,55.6,998.0,Deep Depression
2013339N09084,2013,MADI,BB,2013-12-11 06:00:00,13.8,83.6,55.6,998.0,Deep Depression
2013339N09084,2013,MADI,BB,2013-12-11 09:00:00,13.6,83.4,55.6,1000.0,Deep Depression
2013339N09084,2013,MADI,BB,2013-12-11 12:00:00,13.4,83.3,55.6,1000.0,Deep Depression
2013339N09084,2013,MADI,BB,2013-12-11 15:00:00,13.1,83.0,51.9,1000.0,Deep Depression
2013339N09084,2013,MADI,BB,2013-12-11 18:00:00,12.9,82.7,46.3,1000.0,Depression
2013339N09084,2013,MADI,BB,2013-12-11 21:00:00,12.6,82.4,46.3,1000.0,Depression
2013339N09084,2013,MADI,BB,2013-12-12 00:00:00,12.3,82.0,46.3,1000.0,Depression
2013339N09084,2013,MADI,BB,2013-12-12 03:00:00,11.9,81.5,46.3,1000.0,Depression
2013339N09084,2013,MADI,BB,2013-12-12 06:00:00,11.4,81.2,46.3,1000.0,Depression
2013339N09084,2013,MADI,BB,2013-12-12 09:00:00,10.9,80.8,46.3,1000.0,Depression
2013339N09084,2013,MADI,BB,2013-12-12 12:00:00,10.4,80.3,46.3,1000.0,Depression
2013339N09084,2013,MADI,BB,2013-12-12 15:00:00,10.2,79.6,42.6,1002.0,Depression
2013339N09084,2013,MADI,BB,2013-12-12 18:00:00,10.0,78.8,37.0,1004.0,Depression
2014003N08086,2014,UNNAMED,BB,2014-01-02 18:00:00,7.6,85.5,,,
2014003N08086,2014,UNNAMED,BB,2014-01-02 21:00:00,7.6,85.3,,,
2014003N08086,2014,UNNAMED,BB,2014-01-03 00:00:00,7.7,85.1,,,
2014003N08086,2014,UNNAMED,BB,2014-01-03 03:00:00,7.8,84.9,,,
2014003N08086,2014,UNNAMED,BB,2014-01-03 06:00:00,7.9,84.8,,,
2014003N08086,2014,UNNAMED,BB,2014-01-03 09:00:00,8.0,84.7,,,
2014003N08086,2014,UNNAMED,BB,2014-01-03 12:00:00,8.2,84.6,,,
2014003N08086,2014,UNNAMED,BB,2014-01-03 15:00:00,8.3,84.5,,,
2014003N08086,2014,UNNAMED,BB,2014-01-03 18:00:00,8.5,84.3,,,
2014003N08086,2014,UNNAMED,BB,2014-01-03 21:00:00,8.7,84.1,,,
2014003N08086,2014,UNNAMED,BB,2014-01-04 00:00:00,8.8,83.8,,,
2014003N08086,2014,UNNAMED,BB,2014-01-04 03:00:00,8.8,83.5,46.3,1006.0,Depression
2014003N08086,2014,UNNAMED,BB,2014-01-04 06:00:00,9.0,83.2,46.3,1006.0,Depression
2014003N08086,2014,UNNAMED,BB,2014-01-04 09:00:00,9.1,83.0,46.3,1006.0,Depression
2014003N08086,2014,UNNAMED,BB,2014-01-04 12:00:00,9.1,82.9,46.3,1006.0,Depression
2014003N08086,2014,UNNAMED,BB,2014-01-04 15:00:00,9.1,82.7,46.3,1006.0,Depression
2014003N08086,2014,UNNAMED,BB,2014-01-04 18:00:00,9.2,82.5,46.3,1006.0,Depression
2014003N08086,2014,UNNAMED,BB,2014-01-04 21:00:00,9.3,82.2,46.3,1006.0,Depression
2014003N08086,2014,UNNAMED,BB,2014-01-05 00:00:00,9.3,82.1,46.3,1006.0,Depression
2014003N08086,2014,UNNAMED,BB,2014-01-05 03:00:00,9.3,82.0,46.3,1006.0,Depression
2014003N08086,2014,UNNAMED,BB,2014-01-05 06:00:00,9.3,81.9,46.3,1006.0,Depression
2014003N08086,2014,UNNAMED,BB,2014-01-05 09:00:00,9.3,81.7,46.3,1005.0,Depression
2014003N08086,2014,UNNAMED,BB,2014-01-05 12:00:00,9.3,81.6,46.3,1004.0,Depression
2014003N08086,2014,UNNAMED,BB,2014-01-05 15:00:00,9.3,81.5,46.3,1004.0,Depression
2014003N08086,2014,UNNAMED,BB,2014-01-05 18:00:00,9.3,81.4,46.3,1004.0,Depression
2014003N08086,2014,UNNAMED,BB,2014-01-05 21:00:00,9.3,81.4,46.3,1004.0,Depression
2014003N08086,2014,UNNAMED,BB,2014-01-06 00:00:00,9.3,81.3,46.3,1004.0,Depression
2014003N08086,2014,UNNAMED,BB,2014-01-06 03:00:00,9.3,81.1,46.3,1006.0,Depression
2014003N08086,2014,UNNAMED,BB,2014-01-06 06:00:00,9.1,80.9,46.3,1006.0,Depression
2014003N08086,2014,UNNAMED,BB,2014-01-06 09:00:00,8.9,80.7,46.3,1006.0,Depression
2014003N08086,2014,UNNAMED,BB,2014-01-06 12:00:00,8.8,80.6,46.3,1006.0,Depression
2014003N08086,2014,UNNAMED,BB,2014-01-06 15:00:00,8.7,80.5,46.3,1006.0,Depression
2014003N08086,2014,UNNAMED,BB,2014-01-06 18:00:00,8.4,80.3,46.3,1006.0,Depression
2014003N08086,2014,UNNAMED,BB,2014-01-06 21:00:00,8.2,80.1,46.3,1006.0,Depression
2014003N08086,2014,UNNAMED,BB,2014-01-07 00:00:00,7.9,79.9,46.3,1006.0,Depression
2014003N08086,2014,UNNAMED,BB,2014-01-07 03:00:00,7.7,79.8,,,
2014003N08086,2014,UNNAMED,BB,2014-01-07 06:00:00,7.6,79.6,,,
2014003N08086,2014,UNNAMED,BB,2014-01-07 09:00:00,7.5,79.4,,,
2014003N08086,2014,UNNAMED,BB,2014-01-07 12:00:00,7.4,79.2,,,
2014003N08086,2014,UNNAMED,BB,2014-01-07 15:00:00,7.4,79.1,,,
2014003N08086,2014,UNNAMED,BB,2014-01-07 18:00:00,7.5,78.9,,,
2014003N08086,2014,UNNAMED,BB,2014-01-07 21:00:00,7.6,78.7,,,
2014003N08086,2014,UNNAMED,BB,2014-01-08 00:00:00,7.7,78.5,,,
2014003N08086,2014,UNNAMED,BB,2014-01-08 03:00:00,7.7,78.3,,,
2014003N08086,2014,UNNAMED,AS,2014-01-08 06:00:00,7.8,78.0,,,
2014003N08086,2014,UNNAMED,AS,2014-01-08 09:00:00,7.9,77.6,,,
2014003N08086,2014,UNNAMED,AS,2014-01-08 12:00:00,8.0,77.1,,,
2014141N16091,2014,UNNAMED,BB,2014-05-21 03:00:00,15.5,90.5,46.3,1004.0,Depression
2014141N16091,2014,UNNAMED,BB,2014-05-21 06:00:00,16.0,90.5,46.3,1004.0,Depression
2014141N16091,2014,UNNAMED,BB,2014-05-21 09:00:00,16.3,90.7,46.3,1003.0,Depression
2014141N16091,2014,UNNAMED,BB,2014-05-21 12:00:00,16.5,91.0,46.3,1002.0,Depression
2014141N16091,2014,UNNAMED,BB,2014-05-21 15:00:00,16.5,91.0,46.3,1002.0,Depression
2014141N16091,2014,UNNAMED,BB,2014-05-21 18:00:00,16.5,91.0,46.3,1002.0,Depression
2014141N16091,2014,UNNAMED,BB,2014-05-21 21:00:00,16.5,91.5,46.3,1001.0,Depression
2014141N16091,2014,UNNAMED,BB,2014-05-22 00:00:00,16.5,92.0,46.3,1000.0,Depression
2014141N16091,2014,UNNAMED,BB,2014-05-22 03:00:00,16.5,92.0,46.3,1000.0,Depression
2014141N16091,2014,UNNAMED,BB,2014-05-22 06:00:00,17.0,92.5,46.3,1000.0,Depression
2014141N16091,2014,UNNAMED,BB,2014-05-22 09:00:00,17.3,92.4,46.3,1000.0,Depression
2014141N16091,2014,UNNAMED,BB,2014-05-22 12:00:00,17.5,92.0,46.3,1000.0,Depression
2014141N16091,2014,UNNAMED,BB,2014-05-22 15:00:00,17.6,92.0,46.3,1000.0,Depression
2014141N16091,2014,UNNAMED,BB,2014-05-22 18:00:00,17.5,92.0,46.3,1000.0,Depression
2014141N16091,2014,UNNAMED,BB,2014-05-22 21:00:00,17.3,91.6,46.3,1000.0,Depression
2014141N16091,2014,UNNAMED,BB,2014-05-23 00:00:00,17.0,91.0,46.3,1000.0,Depression
2014159N12068,2014,NANAUK,AS,2014-06-08 06:00:00,12.4,68.3,,,
2014159N12068,2014,NANAUK,AS,2014-06-08 09:00:00,12.6,68.1,,,
2014159N12068,2014,NANAUK,AS,2014-06-08 12:00:00,12.8,68.0,,,
2014159N12068,2014,NANAUK,AS,2014-06-08 15:00:00,12.9,67.9,,,
2014159N12068,2014,NANAUK,AS,2014-06-08 18:00:00,13.0,67.8,,,
2014159N12068,2014,NANAUK,AS,2014-06-08 21:00:00,13.1,67.7,,,
2014159N12068,2014,NANAUK,AS,2014-06-09 00:00:00,13.2,67.6,,,
2014159N12068,2014,NANAUK,AS,2014-06-09 03:00:00,13.3,67.6,,,
2014159N12068,2014,NANAUK,AS,2014-06-09 06:00:00,13.4,67.7,,,
2014159N12068,2014,NANAUK,AS,2014-06-09 09:00:00,13.6,68.1,,,
2014159N12068,2014,NANAUK,AS,2014-06-09 12:00:00,13.8,68.5,,,
2014159N12068,2014,NANAUK,AS,2014-06-09 15:00:00,14.1,68.9,,,
2014159N12068,2014,NANAUK,AS,2014-06-09 18:00:00,14.5,69.2,,,
2014159N12068,2014,NANAUK,AS,2014-06-09 21:00:00,14.8,69.2,,,
2014159N12068,2014,NANAUK,AS,2014-06-10 00:00:00,15.1,69.0,,,
2014159N12068,2014,NANAUK,AS,2014-06-10 03:00:00,15.4,68.8,,,
2014159N12068,2014,NANAUK,AS,2014-06-10 06:00:00,15.7,68.6,,,
2014159N12068,2014,NANAUK,AS,2014-06-10 09:00:00,15.8,68.4,46.3,998.0,Depression
2014159N12068,2014,NANAUK,AS,2014-06-10 12:00:00,16.1,68.1,46.3,996.0,Depression
2014159N12068,2014,NANAUK,AS,2014-06-10 15:00:00,16.3,67.8,51.9,995.0,Deep Depression
2014159N12068,2014,NANAUK,AS,2014-06-10 18:00:00,16.5,67.6,55.6,994.0,Deep Depression
2014159N12068,2014,NANAUK,AS,2014-06-10 21:00:00,16.5,67.4,61.1,993.0,Deep Depression
2014159N12068,2014,NANAUK,AS,2014-06-11 00:00:00,16.6,67.2,64.8,992.0,Cyclonic Storm
2014159N12068,2014,NANAUK,AS,2014-06-11 03:00:00,16.7,67.0,64.8,992.0,Cyclonic Storm
2014159N12068,2014,NANAUK,AS,2014-06-11 06:00:00,17.0,66.7,83.3,990.0,Cyclonic Storm
2014159N12068,2014,NANAUK,AS,2014-06-11 09:00:00,17.1,66.5,83.3,990.0,Cyclonic Storm
2014159N12068,2014,NANAUK,AS,2014-06-11 12:00:00,17.4,66.2,83.3,988.0,Cyclonic Storm
2014159N12068,2014,NANAUK,AS,2014-06-11 15:00:00,17.6,66.0,83.3,988.0,Cyclonic Storm
2014159N12068,2014,NANAUK,AS,2014-06-11 18:00:00,17.6,65.8,83.3,988.0,Cyclonic Storm
2014159N12068,2014,NANAUK,AS,2014-06-11 21:00:00,17.7,65.6,83.3,988.0,Cyclonic Storm
2014159N12068,2014,NANAUK,AS,2014-06-12 00:00:00,17.9,65.3,83.3,986.0,Cyclonic Storm
2014159N12068,2014,NANAUK,AS,2014-06-12 03:00:00,18.0,64.9,83.3,986.0,Cyclonic Storm
2014159N12068,2014,NANAUK,AS,2014-06-12 06:00:00,18.2,64.6,83.3,986.0,Cyclonic Storm
2014159N12068,2014,NANAUK,AS,2014-06-12 09:00:00,18.3,64.3,83.3,988.0,Cyclonic Storm
2014159N12068,2014,NANAUK,AS,2014-06-12 12:00:00,18.5,64.1,83.3,988.0,Cyclonic Storm
2014159N12068,2014,NANAUK,AS,2014-06-12 15:00:00,18.8,64.0,83.3,988.0,Cyclonic Storm
2014159N12068,2014,NANAUK,AS,2014-06-12 18:00:00,19.3,64.1,83.3,988.0,Cyclonic Storm
2014159N12068,2014,NANAUK,AS,2014-06-12 21:00:00,19.9,64.4,83.3,988.0,Cyclonic Storm
2014159N12068,2014,NANAUK,AS,2014-06-13 00:00:00,20.4,64.6,83.3,988.0,Cyclonic Storm
2014159N12068,2014,NANAUK,AS,2014-06-13 03:00:00,20.7,64.4,83.3,990.0,Cyclonic Storm
2014159N12068,2014,NANAUK,AS,2014-06-13 06:00:00,21.2,64.0,74.1,992.0,Cyclonic Storm
2014159N12068,2014,NANAUK,AS,2014-06-13 09:00:00,21.4,63.9,55.6,994.0,Deep Depression
2014159N12068,2014,NANAUK,AS,2014-06-13 12:00:00,21.4,64.0,46.3,996.0,Depression
2014159N12068,2014,NANAUK,AS,2014-06-13 15:00:00,21.5,64.1,46.3,996.0,Depression
2014159N12068,2014,NANAUK,AS,2014-06-13 18:00:00,21.5,64.2,46.3,996.0,Depression
2014159N12068,2014,NANAUK,AS,2014-06-13 21:00:00,21.6,64.3,46.3,996.0,Depression
2014159N12068,2014,NANAUK,AS,2014-06-14 00:00:00,21.6,64.5,46.3,996.0,Depression
2014159N12068,2014,NANAUK,AS,2014-06-14 03:00:00,21.7,64.6,,,
2014159N12068,2014,NANAUK,AS,2014-06-14 06:00:00,21.7,64.8,,,
2014159N12068,2014,NANAUK,AS,2014-06-14 09:00:00,21.7,65.0,,,
2014159N12068,2014,NANAUK,AS,2014-06-14 12:00:00,21.7,65.2,,,
2014202N22087,2014,UNNAMED,BB,2014-07-21 03:00:00,22.0,87.0,46.3,988.0,Depression
2014202N22087,2014,UNNAMED,BB,2014-07-21 06:00:00,22.2,86.4,37.0,988.0,Depression
2014202N22087,2014,UNNAMED,BB,2014-07-21 09:00:00,22.4,85.7,37.0,988.0,Depression
2014202N22087,2014,UNNAMED,BB,2014-07-21 12:00:00,22.5,85.0,37.0,988.0,Depression
2014202N22087,2014,UNNAMED,BB,2014-07-21 15:00:00,22.5,84.5,37.0,989.0,Depression
2014202N22087,2014,UNNAMED,BB,2014-07-21 18:00:00,22.5,84.0,37.0,990.0,Depression
2014202N22087,2014,UNNAMED,BB,2014-07-21 21:00:00,22.5,83.5,37.0,990.0,Depression
2014202N22087,2014,UNNAMED,BB,2014-07-22 00:00:00,22.5,83.0,37.0,990.0,Depression
2014202N22087,2014,UNNAMED,BB,2014-07-22 03:00:00,22.5,82.5,37.0,990.0,Depression
2014202N22087,2014,UNNAMED,BB,2014-07-22 06:00:00,22.5,82.0,37.0,990.0,Depression
2014202N22087,2014,UNNAMED,BB,2014-07-22 09:00:00,22.5,81.5,37.0,990.0,Depression
2014202N22087,2014,UNNAMED,BB,2014-07-22 12:00:00,22.5,81.0,37.0,990.0,Depression
2014202N22087,2014,UNNAMED,BB,2014-07-22 15:00:00,22.5,80.3,37.0,991.0,Depression
2014202N22087,2014,UNNAMED,BB,2014-07-22 18:00:00,22.5,79.6,37.0,992.0,Depression
2014202N22087,2014,UNNAMED,BB,2014-07-22 21:00:00,22.5,78.9,37.0,992.0,Depression
2014202N22087,2014,UNNAMED,BB,2014-07-23 00:00:00,22.5,78.2,37.0,992.0,Depression
2014202N22087,2014,UNNAMED,AS,2014-07-23 03:00:00,22.5,77.5,37.0,992.0,Depression
2014202N22087,2014,UNNAMED,AS,2014-07-23 06:00:00,22.5,77.0,37.0,992.0,Depression
2014216N21089,2014,UNNAMED,BB,2014-08-03 12:00:00,21.5,88.5,46.3,990.0,Depression
2014216N21089,2014,UNNAMED,BB,2014-08-03 15:00:00,21.7,88.4,51.9,990.0,Deep Depression
2014216N21089,2014,UNNAMED,BB,2014-08-03 18:00:00,21.9,88.3,55.6,990.0,Deep Depression
2014216N21089,2014,UNNAMED,BB,2014-08-03 21:00:00,22.1,88.0,55.6,990.0,Deep Depression
2014216N21089,2014,UNNAMED,BB,2014-08-04 00:00:00,22.3,87.6,55.6,990.0,Deep Depression
2014216N21089,2014,UNNAMED,BB,2014-08-04 03:00:00,22.5,87.2,55.6,990.0,Deep Depression
2014216N21089,2014,UNNAMED,BB,2014-08-04 06:00:00,22.5,86.5,55.6,990.0,Deep Depression
2014216N21089,2014,UNNAMED,BB,2014-08-04 09:00:00,22.4,86.2,55.6,990.0,Deep Depression
2014216N21089,2014,UNNAMED,BB,2014-08-04 12:00:00,22.2,86.1,55.6,990.0,Deep Depression
2014216N21089,2014,UNNAMED,BB,2014-08-04 15:00:00,22.2,85.6,55.6,990.0,Deep Depression
2014216N21089,2014,UNNAMED,BB,2014-08-04 18:00:00,22.2,85.1,55.6,990.0,Deep Depression
2014216N21089,2014,UNNAMED,BB,2014-08-04 21:00:00,22.2,84.6,55.6,990.0,Deep Depression
2014216N21089,2014,UNNAMED,BB,2014-08-05 00:00:00,22.2,84.1,55.6,990.0,Deep Depression
2014216N21089,2014,UNNAMED,BB,2014-08-05 03:00:00,22.2,83.5,55.6,994.0,Deep Depression
2014216N21089,2014,UNNAMED,BB,2014-08-05 06:00:00,22.9,83.0,55.6,992.0,Deep Depression
2014216N21089,2014,UNNAMED,BB,2014-08-05 09:00:00,23.5,82.5,46.3,992.0,Depression
2014216N21089,2014,UNNAMED,BB,2014-08-05 12:00:00,24.0,82.0,46.3,992.0,Depression
2014216N21089,2014,UNNAMED,BB,2014-08-05 15:00:00,24.2,81.6,46.3,992.0,Depression
2014216N21089,2014,UNNAMED,BB,2014-08-05 18:00:00,24.2,81.3,46.3,992.0,Depression
2014216N21089,2014,UNNAMED,BB,2014-08-05 21:00:00,24.3,81.0,46.3,992.0,Depression
2014216N21089,2014,UNNAMED,BB,2014-08-06 00:00:00,24.4,80.6,46.3,992.0,Depression
2014216N21089,2014,UNNAMED,BB,2014-08-06 03:00:00,24.5,80.2,46.3,996.0,Depression
2014216N21089,2014,UNNAMED,BB,2014-08-06 06:00:00,24.6,80.0,46.3,994.0,Depression
2014216N21089,2014,UNNAMED,BB,2014-08-06 09:00:00,24.8,79.8,46.3,994.0,Depression
2014216N21089,2014,UNNAMED,BB,2014-08-06 12:00:00,25.0,79.5,46.3,994.0,Depression
2014216N21089,2014,UNNAMED,BB,2014-08-06 15:00:00,25.2,79.2,46.3,994.0,Depression
2014216N21089,2014,UNNAMED,BB,2014-08-06 18:00:00,25.3,79.0,46.3,994.0,Depression
2014216N21089,2014,UNNAMED,BB,2014-08-06 21:00:00,25.4,78.8,46.3,994.0,Depression
2014216N21089,2014,UNNAMED,BB,2014-08-07 00:00:00,25.5,78.5,46.3,994.0,Depression
2014279N11096,2014,HUDHUD,BB,2014-10-06 06:00:00,10.7,96.1,,,
2014279N11096,2014,HUDHUD,BB,2014-10-06 09:00:00,10.7,96.0,,,
2014279N11096,2014,HUDHUD,BB,2014-10-06 12:00:00,10.7,95.9,,,
2014279N11096,2014,HUDHUD,BB,2014-10-06 15:00:00,10.7,95.8,,,
2014279N11096,2014,HUDHUD,BB,2014-10-06 18:00:00,10.8,95.6,,,
2014279N11096,2014,HUDHUD,BB,2014-10-06 21:00:00,10.9,95.4,,,
2014279N11096,2014,HUDHUD,BB,2014-10-07 00:00:00,11.0,95.2,,,
2014279N11096,2014,HUDHUD,BB,2014-10-07 03:00:00,11.2,95.0,46.3,1004.0,Depression
2014279N11096,2014,HUDHUD,BB,2014-10-07 06:00:00,11.4,94.7,46.3,1004.0,Depression
2014279N11096,2014,HUDHUD,BB,2014-10-07 09:00:00,11.5,94.4,51.9,1002.0,Deep Depression
2014279N11096,2014,HUDHUD,BB,2014-10-07 12:00:00,11.7,94.1,55.6,1000.0,Deep Depression
2014279N11096,2014,HUDHUD,BB,2014-10-07 15:00:00,11.8,93.8,55.6,1000.0,Deep Depression
2014279N11096,2014,HUDHUD,BB,2014-10-07 18:00:00,11.9,93.5,55.6,1000.0,Deep Depression
2014279N11096,2014,HUDHUD,BB,2014-10-07 21:00:00,12.0,93.2,55.6,1000.0,Deep Depression
2014279N11096,2014,HUDHUD,BB,2014-10-08 00:00:00,12.2,92.9,55.6,1000.0,Deep Depression
2014279N11096,2014,HUDHUD,BB,2014-10-08 03:00:00,12.3,92.6,64.8,998.0,Cyclonic Storm
2014279N11096,2014,HUDHUD,BB,2014-10-08 06:00:00,12.6,92.1,74.1,996.0,Cyclonic Storm
2014279N11096,2014,HUDHUD,BB,2014-10-08 09:00:00,12.8,91.4,74.1,996.0,Cyclonic Storm
2014279N11096,2014,HUDHUD,BB,2014-10-08 12:00:00,12.9,90.9,74.1,996.0,Cyclonic Storm
2014279N11096,2014,HUDHUD,BB,2014-10-08 15:00:00,13.1,90.4,74.1,996.0,Cyclonic Storm
2014279N11096,2014,HUDHUD,BB,2014-10-08 18:00:00,13.3,90.1,83.3,994.0,Cyclonic Storm
2014279N11096,2014,HUDHUD,BB,2014-10-08 21:00:00,13.5,89.6,83.3,992.0,Cyclonic Storm
2014279N11096,2014,HUDHUD,BB,2014-10-09 00:00:00,13.6,89.3,83.3,990.0,Cyclonic Storm
2014279N11096,2014,HUDHUD,BB,2014-10-09 03:00:00,13.7,89.1,101.9,988.0,Severe Cyclonic Storm
2014279N11096,2014,HUDHUD,BB,2014-10-09 06:00:00,13.8,88.9,101.9,988.0,Severe Cyclonic Storm
2014279N11096,2014,HUDHUD,BB,2014-10-09 09:00:00,13.9,88.6,101.9,988.0,Severe Cyclonic Storm
2014279N11096,2014,HUDHUD,BB,2014-10-09 12:00:00,14.1,88.5,101.9,988.0,Severe Cyclonic Storm
2014279N11096,2014,HUDHUD,BB,2014-10-09 15:00:00,14.1,88.2,101.9,988.0,Severe Cyclonic Storm
2014279N11096,2014,HUDHUD,BB,2014-10-09 18:00:00,14.2,88.0,101.9,988.0,Severe Cyclonic Storm
2014279N11096,2014,HUDHUD,BB,2014-10-09 21:00:00,14.4,87.8,111.1,988.0,Severe Cyclonic Storm
2014279N11096,2014,HUDHUD,BB,2014-10-10 00:00:00,14.6,87.6,111.1,988.0,Severe Cyclonic Storm
2014279N11096,2014,HUDHUD,BB,2014-10-10 03:00:00,14.8,87.3,111.1,988.0,Severe Cyclonic Storm
2014279N11096,2014,HUDHUD,BB,2014-10-10 06:00:00,14.9,87.2,111.1,986.0,Severe Cyclonic Storm
2014279N11096,2014,HUDHUD,BB,2014-10-10 09:00:00,15.1,87.0,120.4,984.0,Very Severe Cyclonic Storm
2014279N11096,2014,HUDHUD,BB,2014-10-10 12:00:00,15.3,86.8,129.6,982.0,Very Severe Cyclonic Storm
2014279N11096,2014,HUDHUD,BB,2014-10-10 15:00:00,15.5,86.5,138.9,980.0,Very Severe Cyclonic Storm
2014279N11096,2014,HUDHUD,BB,2014-10-10 18:00:00,15.6,86.3,138.9,978.0,Very Severe Cyclonic Storm
2014279N11096,2014,HUDHUD,BB,2014-10-10 21:00:00,15.7,86.0,138.9,974.0,Very Severe Cyclonic Storm
2014279N11096,2014,HUDHUD,BB,2014-10-11 00:00:00,15.9,85.7,138.9,970.0,Very Severe Cyclonic Storm
2014279N11096,2014,HUDHUD,BB,2014-10-11 03:00:00,16.0,85.4,148.2,968.0,Very Severe Cyclonic Storm
2014279N11096,2014,HUDHUD,BB,2014-10-11 06:00:00,16.1,85.1,166.7,966.0,Extremely Severe Cyclonic Storm
2014279N11096,2014,HUDHUD,BB,2014-10-11 09:00:00,16.1,85.0,166.7,964.0,Extremely Severe Cyclonic Storm
2014279N11096,2014,HUDHUD,BB,2014-10-11 12:00:00,16.2,84.9,175.9,962.0,Extremely Severe Cyclonic Storm
2014279N11096,2014,HUDHUD,BB,2014-10-11 15:00:00,16.3,84.8,175.9,960.0,Extremely Severe Cyclonic Storm
2014279N11096,2014,HUDHUD,BB,2014-10-11 18:00:00,16.6,84.6,185.2,954.0,Extremely Severe Cyclonic Storm
2014279N11096,2014,HUDHUD,BB,2014-10-11 21:00:00,16.8,84.4,185.2,952.0,Extremely Severe Cyclonic Storm
2014279N11096,2014,HUDHUD,BB,2014-10-12 00:00:00,17.2,84.1,185.2,950.0,Extremely Severe Cyclonic Storm
2014279N11096,2014,HUDHUD,BB,2014-10-12 03:00:00,17.4,83.8,185.2,950.0,Extremely Severe Cyclonic Storm
2014279N11096,2014,HUDHUD,BB,2014-10-12 06:00:00,17.6,83.4,185.2,950.0,Extremely Severe Cyclonic Storm
2014279N11096,2014,HUDHUD,BB,2014-10-12 09:00:00,17.8,83.1,166.7,960.0,Extremely Severe Cyclonic Storm
2014279N11096,2014,HUDHUD,BB,2014-10-12 12:00:00,18.0,82.8,111.1,982.0,Severe Cyclonic Storm
2014279N11096,2014,HUDHUD,BB,2014-10-12 15:00:00,18.3,82.5,83.3,986.0,Cyclonic Storm
2014279N11096,2014,HUDHUD,BB,2014-10-12 18:00:00,18.8,82.3,74.1,987.0,Cyclonic Storm
2014279N11096,2014,HUDHUD,BB,2014-10-12 21:00:00,19.0,82.1,74.1,988.0,Cyclonic Storm
2014279N11096,2014,HUDHUD,BB,2014-10-13 00:00:00,19.7,81.6,55.6,994.0,Deep Depression
2014279N11096,2014,HUDHUD,BB,2014-10-13 03:00:00,20.5,81.5,55.6,996.0,Deep Depression
2014279N11096,2014,HUDHUD,BB,2014-10-13 06:00:00,20.8,81.4,55.6,998.0,Deep Depression
2014279N11096,2014,HUDHUD,BB,2014-10-13 09:00:00,21.1,81.4,51.9,998.0,Deep Depression
2014279N11096,2014,HUDHUD,BB,2014-10-13 12:00:00,21.4,81.4,46.3,998.0,Depression
2014279N11096,2014,HUDHUD,BB,2014-10-13 15:00:00,21.7,81.5,46.3,999.0,Depression
2014279N11096,2014,HUDHUD,BB,2014-10-13 18:00:00,22.3,81.5,46.3,1000.0,Depression
2014279N11096,2014,HUDHUD,BB,2014-10-13 21:00:00,23.6,81.5,46.3,1000.0,Depression
2014279N11096,2014,HUDHUD,BB,2014-10-14 00:00:00,24.8,81.5,46.3,1000.0,Depression
2014279N11096,2014,HUDHUD,BB,2014-10-14 03:00:00,25.1,81.6,37.0,1000.0,Depression
2014279N11096,2014,HUDHUD,BB,2014-10-14 06:00:00,25.6,81.7,37.0,1000.0,Depression
2014279N11096,2014,HUDHUD,BB,2014-10-14 09:00:00,26.3,81.8,37.0,1000.0,Depression
2014297N11062,2014,NILOFAR,AS,2014-10-23 12:00:00,10.8,62.1,,,
2014297N11062,2014,NILOFAR,AS,2014-10-23 15:00:00,11.0,61.9,,,
2014297N11062,2014,NILOFAR,AS,2014-10-23 18:00:00,11.1,61.8,,,
2014297N11062,2014,NILOFAR,AS,2014-10-23 21:00:00,11.2,61.7,,,
2014297N11062,2014,NILOFAR,AS,2014-10-24 00:00:00,11.3,61.6,,,
2014297N11062,2014,NILOFAR,AS,2014-10-24 03:00:00,11.4,61.5,,,
2014297N11062,2014,NILOFAR,AS,2014-10-24 06:00:00,11.6,61.5,,,
2014297N11062,2014,NILOFAR,AS,2014-10-24 09:00:00,11.7,61.6,,,
2014297N11062,2014,NILOFAR,AS,2014-10-24 12:00:00,11.8,61.7,,,
2014297N11062,2014,NILOFAR,AS,2014-10-24 15:00:00,11.9,61.8,,,
2014297N11062,2014,NILOFAR,AS,2014-10-24 18:00:00,12.0,62.0,,,
2014297N11062,2014,NILOFAR,AS,2014-10-24 21:00:00,12.1,62.2,,,
2014297N11062,2014,NILOFAR,AS,2014-10-25 00:00:00,12.3,62.1,46.3,1004.0,Depression
2014297N11062,2014,NILOFAR,AS,2014-10-25 03:00:00,12.6,62.1,46.3,1004.0,Depression
2014297N11062,2014,NILOFAR,AS,2014-10-25 06:00:00,12.7,62.0,46.3,1004.0,Depression
2014297N11062,2014,NILOFAR,AS,2014-10-25 09:00:00,13.0,61.9,46.3,1004.0,Depression
2014297N11062,2014,NILOFAR,AS,2014-10-25 12:00:00,13.3,61.9,46.3,1003.0,Depression
2014297N11062,2014,NILOFAR,AS,2014-10-25 15:00:00,13.3,61.9,46.3,1003.0,Depression
2014297N11062,2014,NILOFAR,AS,2014-10-25 18:00:00,13.5,62.0,46.3,1003.0,Depression
2014297N11062,2014,NILOFAR,AS,2014-10-25 21:00:00,13.8,62.3,46.3,1003.0,Depression
2014297N11062,2014,NILOFAR,AS,2014-10-26 00:00:00,14.1,62.5,46.3,1002.0,Depression
2014297N11062,2014,NILOFAR,AS,2014-10-26 03:00:00,14.1,62.5,55.6,999.0,Deep Depression
2014297N11062,2014,NILOFAR,AS,2014-10-26 06:00:00,14.2,62.5,64.8,998.0,Cyclonic Storm
2014297N11062,2014,NILOFAR,AS,2014-10-26 09:00:00,14.2,62.5,64.8,996.0,Cyclonic Storm
2014297N11062,2014,NILOFAR,AS,2014-10-26 12:00:00,14.3,62.5,74.1,994.0,Cyclonic Storm
2014297N11062,2014,NILOFAR,AS,2014-10-26 15:00:00,14.3,62.5,74.1,994.0,Cyclonic Storm
2014297N11062,2014,NILOFAR,AS,2014-10-26 18:00:00,14.5,62.5,83.3,994.0,Cyclonic Storm
2014297N11062,2014,NILOFAR,AS,2014-10-26 21:00:00,14.6,62.4,92.6,994.0,Severe Cyclonic Storm
2014297N11062,2014,NILOFAR,AS,2014-10-27 00:00:00,14.8,62.4,101.9,990.0,Severe Cyclonic Storm
2014297N11062,2014,NILOFAR,AS,2014-10-27 03:00:00,14.8,62.3,111.1,990.0,Severe Cyclonic Storm
2014297N11062,2014,NILOFAR,AS,2014-10-27 06:00:00,14.9,62.3,120.4,986.0,Very Severe Cyclonic Storm
2014297N11062,2014,NILOFAR,AS,2014-10-27 09:00:00,14.9,62.2,120.4,984.0,Very Severe Cyclonic Storm
2014297N11062,2014,NILOFAR,AS,2014-10-27 12:00:00,15.0,62.2,129.6,982.0,Very Severe Cyclonic Storm
2014297N11062,2014,NILOFAR,AS,2014-10-27 15:00:00,15.1,62.1,129.6,981.0,Very Severe Cyclonic Storm
2014297N11062,2014,NILOFAR,AS,2014-10-27 18:00:00,15.2,62.1,129.6,980.0,Very Severe Cyclonic Storm
2014297N11062,2014,NILOFAR,AS,2014-10-27 21:00:00,15.4,61.8,138.9,979.0,Very Severe Cyclonic Storm
2014297N11062,2014,NILOFAR,AS,2014-10-28 00:00:00,15.6,61.8,138.9,978.0,Very Severe Cyclonic Storm
2014297N11062,2014,NILOFAR,AS,2014-10-28 03:00:00,15.8,61.7,138.9,977.0,Very Severe Cyclonic Storm
2014297N11062,2014,NILOFAR,AS,2014-10-28 06:00:00,16.0,61.7,148.2,974.0,Very Severe Cyclonic Storm
2014297N11062,2014,NILOFAR,AS,2014-10-28 09:00:00,16.3,61.7,166.7,966.0,Extremely Severe Cyclonic Storm
2014297N11062,2014,NILOFAR,AS,2014-10-28 12:00:00,16.8,61.8,185.2,954.0,Extremely Severe Cyclonic Storm
2014297N11062,2014,NILOFAR,AS,2014-10-28 15:00:00,17.2,61.8,194.5,952.0,Extremely Severe Cyclonic Storm
2014297N11062,2014,NILOFAR,AS,2014-10-28 18:00:00,17.7,61.7,203.7,950.0,Extremely Severe Cyclonic Storm
2014297N11062,2014,NILOFAR,AS,2014-10-28 21:00:00,17.9,61.7,203.7,950.0,Extremely Severe Cyclonic Storm
2014297N11062,2014,NILOFAR,AS,2014-10-29 00:00:00,18.1,61.8,194.5,954.0,Extremely Severe Cyclonic Storm
2014297N11062,2014,NILOFAR,AS,2014-10-29 03:00:00,18.5,61.8,185.2,958.0,Extremely Severe Cyclonic Storm
2014297N11062,2014,NILOFAR,AS,2014-10-29 06:00:00,18.7,61.9,175.9,962.0,Extremely Severe Cyclonic Storm
2014297N11062,2014,NILOFAR,AS,2014-10-29 09:00:00,18.8,62.0,166.7,968.0,Extremely Severe Cyclonic Storm
2014297N11062,2014,NILOFAR,AS,2014-10-29 12:00:00,19.0,62.2,148.2,974.0,Very Severe Cyclonic Storm
2014297N11062,2014,NILOFAR,AS,2014-10-29 15:00:00,19.2,62.5,129.6,980.0,Very Severe Cyclonic Storm
2014297N11062,2014,NILOFAR,AS,2014-10-29 18:00:00,19.3,62.9,129.6,986.0,Very Severe Cyclonic Storm
2014297N11062,2014,NILOFAR,AS,2014-10-29 21:00:00,19.4,63.2,111.1,988.0,Severe Cyclonic Storm
2014297N11062,2014,NILOFAR,AS,2014-10-30 00:00:00,19.6,63.6,111.1,990.0,Severe Cyclonic Storm
2014297N11062,2014,NILOFAR,AS,2014-10-30 03:00:00,19.8,63.9,92.6,994.0,Severe Cyclonic Storm
2014297N11062,2014,NILOFAR,AS,2014-10-30 06:00:00,20.1,64.2,83.3,998.0,Cyclonic Storm
2014297N11062,2014,NILOFAR,AS,2014-10-30 09:00:00,20.1,64.4,74.1,1000.0,Cyclonic Storm
2014297N11062,2014,NILOFAR,AS,2014-10-30 12:00:00,20.3,64.6,74.1,1001.0,Cyclonic Storm
2014297N11062,2014,NILOFAR,AS,2014-10-30 15:00:00,20.4,64.6,70.4,1002.0,Cyclonic Storm
2014297N11062,2014,NILOFAR,AS,2014-10-30 18:00:00,20.5,64.8,64.8,1002.0,Cyclonic Storm
2014297N11062,2014,NILOFAR,AS,2014-10-30 21:00:00,20.6,64.9,55.6,1003.0,Deep Depression
2014297N11062,2014,NILOFAR,AS,2014-10-31 00:00:00,20.7,65.0,46.3,1004.0,Depression
2014297N11062,2014,NILOFAR,AS,2014-10-31 03:00:00,20.8,65.1,,,
2014297N11062,2014,NILOFAR,AS,2014-10-31 06:00:00,21.0,65.1,,,
2014297N11062,2014,NILOFAR,AS,2014-10-31 09:00:00,21.2,65.1,,,
2014297N11062,2014,NILOFAR,AS,2014-10-31 12:00:00,21.4,65.0,,,
2014297N11062,2014,NILOFAR,AS,2014-10-31 15:00:00,21.6,64.9,,,
2014297N11062,2014,NILOFAR,AS,2014-10-31 18:00:00,21.7,64.7,,,
2014297N11062,2014,NILOFAR,AS,2014-10-31 21:00:00,21.7,64.5,,,
2014297N11062,2014,NILOFAR,AS,2014-11-01 00:00:00,21.7,64.2,,,
2014297N11062,2014,NILOFAR,AS,2014-11-01 03:00:00,21.7,64.0,,,
2014297N11062,2014,NILOFAR,AS,2014-11-01 06:00:00,21.7,63.8,,,
2014297N11062,2014,NILOFAR,AS,2014-11-01 09:00:00,21.7,63.6,,,
2014297N11062,2014,NILOFAR,AS,2014-11-01 12:00:00,21.7,63.3,,,
2014309N13088,2014,UNNAMED,BB,2014-11-05 00:00:00,12.8,87.8,,,
2014309N13088,2014,UNNAMED,BB,2014-11-05 03:00:00,12.9,87.7,,,
2014309N13088,2014,UNNAMED,BB,2014-11-05 06:00:00,13.0,87.6,,,
2014309N13088,2014,UNNAMED,BB,2014-11-05 09:00:00,13.1,87.5,46.3,1000.0,Depression
2014309N13088,2014,UNNAMED,BB,2014-11-05 12:00:00,13.2,87.4,46.3,1000.0,Depression
2014309N13088,2014,UNNAMED,BB,2014-11-05 15:00:00,13.3,87.4,46.3,1000.0,Depression
2014309N13088,2014,UNNAMED,BB,2014-11-05 18:00:00,13.5,87.4,46.3,1000.0,Depression
2014309N13088,2014,UNNAMED,BB,2014-11-05 21:00:00,13.7,87.3,46.3,1000.0,Depression
2014309N13088,2014,UNNAMED,BB,2014-11-06 00:00:00,13.8,87.3,46.3,1000.0,Depression
2014309N13088,2014,UNNAMED,BB,2014-11-06 03:00:00,13.8,87.4,55.6,998.0,Deep Depression
2014309N13088,2014,UNNAMED,BB,2014-11-06 06:00:00,13.8,87.7,55.6,998.0,Deep Depression
2014309N13088,2014,UNNAMED,BB,2014-11-06 09:00:00,13.7,87.9,55.6,998.0,Deep Depression
2014309N13088,2014,UNNAMED,BB,2014-11-06 12:00:00,13.7,88.1,55.6,998.0,Deep Depression
2014309N13088,2014,UNNAMED,BB,2014-11-06 15:00:00,13.6,88.2,55.6,999.0,Deep Depression
2014309N13088,2014,UNNAMED,BB,2014-11-06 18:00:00,13.6,88.2,55.6,1000.0,Deep Depression
2014309N13088,2014,UNNAMED,BB,2014-11-06 21:00:00,13.7,88.0,55.6,1001.0,Deep Depression
2014309N13088,2014,UNNAMED,BB,2014-11-07 00:00:00,13.9,87.9,55.6,1001.0,Deep Depression
2014309N13088,2014,UNNAMED,BB,2014-11-07 03:00:00,14.1,87.7,55.6,1001.0,Deep Depression
2014309N13088,2014,UNNAMED,BB,2014-11-07 06:00:00,14.2,87.6,46.3,1003.0,Depression
2014309N13088,2014,UNNAMED,BB,2014-11-07 09:00:00,14.2,87.5,46.3,1003.0,Depression
2014309N13088,2014,UNNAMED,BB,2014-11-07 12:00:00,14.2,87.4,46.3,1003.0,Depression
2014309N13088,2014,UNNAMED,BB,2014-11-07 15:00:00,14.2,87.1,46.3,1004.0,Depression
2014309N13088,2014,UNNAMED,BB,2014-11-07 18:00:00,14.3,86.8,46.3,1004.0,Depression
2014309N13088,2014,UNNAMED,BB,2014-11-07 21:00:00,14.4,86.4,46.3,1005.0,Depression
2014309N13088,2014,UNNAMED,BB,2014-11-08 00:00:00,14.5,85.9,46.3,1005.0,Depression
2014309N13088,2014,UNNAMED,BB,2014-11-08 03:00:00,14.4,85.4,,,
2014309N13088,2014,UNNAMED,BB,2014-11-08 06:00:00,14.3,85.1,,,
2014309N13088,2014,UNNAMED,BB,2014-11-08 09:00:00,14.1,84.7,,,
2014309N13088,2014,UNNAMED,BB,2014-11-08 12:00:00,14.0,84.2,,,
2014309N13088,2014,UNNAMED,BB,2014-11-08 15:00:00,14.0,83.7,,,
2014309N13088,2014,UNNAMED,BB,2014-11-08 18:00:00,14.1,83.3,,,
2014309N13088,2014,UNNAMED,BB,2014-11-08 21:00:00,14.3,83.0,,,
2014309N13088,2014,UNNAMED,BB,2014-11-09 00:00:00,14.5,82.7,,,
2014309N13088,2014,UNNAMED,BB,2014-11-09 03:00:00,14.7,82.4,,,
2014309N13088,2014,UNNAMED,BB,2014-11-09 06:00:00,14.9,82.2,,,
2015157N13069,2015,ASHOBAA,AS,2015-06-06 06:00:00,13.1,68.5,,,
2015157N13069,2015,ASHOBAA,AS,2015-06-06 09:00:00,13.5,68.6,,,
2015157N13069,2015,ASHOBAA,AS,2015-06-06 12:00:00,13.8,68.6,,,
2015157N13069,2015,ASHOBAA,AS,2015-06-06 15:00:00,14.1,68.6,,,
2015157N13069,2015,ASHOBAA,AS,2015-06-06 18:00:00,14.5,68.6,,,
2015157N13069,2015,ASHOBAA,AS,2015-06-06 21:00:00,14.9,68.6,,,
2015157N13069,2015,ASHOBAA,AS,2015-06-07 00:00:00,15.2,68.6,,,
2015157N13069,2015,ASHOBAA,AS,2015-06-07 03:00:00,15.3,68.5,46.3,1004.0,Depression
2015157N13069,2015,ASHOBAA,AS,2015-06-07 06:00:00,15.5,68.4,46.3,1004.0,Depression
2015157N13069,2015,ASHOBAA,AS,2015-06-07 09:00:00,15.8,68.3,46.3,1004.0,Depression
2015157N13069,2015,ASHOBAA,AS,2015-06-07 12:00:00,16.2,68.3,46.3,1003.0,Depression
2015157N13069,2015,ASHOBAA,AS,2015-06-07 15:00:00,16.5,68.3,46.3,1003.0,Depression
2015157N13069,2015,ASHOBAA,AS,2015-06-07 18:00:00,16.9,68.3,46.3,1003.0,Depression
2015157N13069,2015,ASHOBAA,AS,2015-06-07 21:00:00,17.2,68.0,51.9,1000.0,Deep Depression
2015157N13069,2015,ASHOBAA,AS,2015-06-08 00:00:00,17.7,67.6,55.6,996.0,Deep Depression
2015157N13069,2015,ASHOBAA,AS,2015-06-08 03:00:00,18.0,67.2,64.8,994.0,Cyclonic Storm
2015157N13069,2015,ASHOBAA,AS,2015-06-08 06:00:00,18.0,67.0,64.8,994.0,Cyclonic Storm
2015157N13069,2015,ASHOBAA,AS,2015-06-08 09:00:00,18.5,66.6,64.8,994.0,Cyclonic Storm
2015157N13069,2015,ASHOBAA,AS,2015-06-08 12:00:00,18.7,66.4,64.8,994.0,Cyclonic Storm
2015157N13069,2015,ASHOBAA,AS,2015-06-08 15:00:00,18.9,66.1,64.8,994.0,Cyclonic Storm
2015157N13069,2015,ASHOBAA,AS,2015-06-08 18:00:00,19.3,65.7,64.8,994.0,Cyclonic Storm
2015157N13069,2015,ASHOBAA,AS,2015-06-08 21:00:00,19.7,65.4,64.8,994.0,Cyclonic Storm
2015157N13069,2015,ASHOBAA,AS,2015-06-09 00:00:00,20.1,65.1,64.8,992.0,Cyclonic Storm
2015157N13069,2015,ASHOBAA,AS,2015-06-09 03:00:00,20.2,64.8,64.8,992.0,Cyclonic Storm
2015157N13069,2015,ASHOBAA,AS,2015-06-09 06:00:00,20.5,64.4,64.8,990.0,Cyclonic Storm
2015157N13069,2015,ASHOBAA,AS,2015-06-09 09:00:00,20.6,63.8,74.1,990.0,Cyclonic Storm
2015157N13069,2015,ASHOBAA,AS,2015-06-09 12:00:00,21.0,63.3,74.1,990.0,Cyclonic Storm
2015157N13069,2015,ASHOBAA,AS,2015-06-09 15:00:00,21.1,62.8,74.1,990.0,Cyclonic Storm
2015157N13069,2015,ASHOBAA,AS,2015-06-09 18:00:00,21.1,62.6,83.3,990.0,Cyclonic Storm
2015157N13069,2015,ASHOBAA,AS,2015-06-09 21:00:00,21.2,62.3,83.3,990.0,Cyclonic Storm
2015157N13069,2015,ASHOBAA,AS,2015-06-10 00:00:00,21.2,62.0,83.3,990.0,Cyclonic Storm
2015157N13069,2015,ASHOBAA,AS,2015-06-10 03:00:00,21.1,61.8,83.3,990.0,Cyclonic Storm
2015157N13069,2015,ASHOBAA,AS,2015-06-10 06:00:00,21.1,61.6,83.3,990.0,Cyclonic Storm
2015157N13069,2015,ASHOBAA,AS,2015-06-10 09:00:00,21.0,61.3,83.3,990.0,Cyclonic Storm
2015157N13069,2015,ASHOBAA,AS,2015-06-10 12:00:00,21.0,61.3,83.3,990.0,Cyclonic Storm
2015157N13069,2015,ASHOBAA,AS,2015-06-10 15:00:00,20.8,61.1,83.3,990.0,Cyclonic Storm
2015157N13069,2015,ASHOBAA,AS,2015-06-10 18:00:00,20.8,61.1,83.3,992.0,Cyclonic Storm
2015157N13069,2015,ASHOBAA,AS,2015-06-10 21:00:00,20.8,61.2,83.3,992.0,Cyclonic Storm
2015157N13069,2015,ASHOBAA,AS,2015-06-11 00:00:00,20.8,60.9,74.1,994.0,Cyclonic Storm
2015157N13069,2015,ASHOBAA,AS,2015-06-11 03:00:00,20.8,60.8,74.1,994.0,Cyclonic Storm
2015157N13069,2015,ASHOBAA,AS,2015-06-11 06:00:00,20.8,60.6,64.8,994.0,Cyclonic Storm
2015157N13069,2015,ASHOBAA,AS,2015-06-11 09:00:00,20.8,60.4,64.8,994.0,Cyclonic Storm
2015157N13069,2015,ASHOBAA,AS,2015-06-11 12:00:00,20.8,60.2,64.8,994.0,Cyclonic Storm
2015157N13069,2015,ASHOBAA,AS,2015-06-11 15:00:00,20.8,59.9,64.8,994.0,Cyclonic Storm
2015157N13069,2015,ASHOBAA,AS,2015-06-11 18:00:00,20.8,59.9,55.6,996.0,Deep Depression
2015157N13069,2015,ASHOBAA,AS,2015-06-11 21:00:00,20.8,59.8,51.9,996.0,Deep Depression
2015157N13069,2015,ASHOBAA,AS,2015-06-12 00:00:00,20.8,59.8,46.3,996.0,Depression
2015157N13069,2015,ASHOBAA,AS,2015-06-12 03:00:00,20.8,59.7,46.3,996.0,Depression
2015157N13069,2015,ASHOBAA,AS,2015-06-12 06:00:00,20.8,59.7,46.3,996.0,Depression
2015171N18086,2015,UNNAMED,BB,2015-06-20 03:00:00,18.0,86.0,46.3,990.0,Depression
2015171N18086,2015,UNNAMED,BB,2015-06-20 06:00:00,18.5,86.0,46.3,990.0,Depression
2015171N18086,2015,UNNAMED,BB,2015-06-20 09:00:00,18.8,85.8,46.3,990.0,Depression
2015171N18086,2015,UNNAMED,BB,2015-06-20 12:00:00,19.0,85.5,46.3,990.0,Depression
2015171N18086,2015,UNNAMED,BB,2015-06-20 15:00:00,19.1,85.4,46.3,990.0,Depression
2015171N18086,2015,UNNAMED,BB,2015-06-20 18:00:00,19.2,85.4,46.3,990.0,Depression
2015171N18086,2015,UNNAMED,BB,2015-06-20 21:00:00,19.4,85.2,46.3,991.0,Depression
2015171N18086,2015,UNNAMED,BB,2015-06-21 00:00:00,19.7,85.0,46.3,992.0,Depression
2015171N18086,2015,UNNAMED,BB,2015-06-21 03:00:00,20.0,85.0,46.3,992.0,Depression
2015171N18086,2015,UNNAMED,BB,2015-06-21 06:00:00,20.0,84.5,46.3,992.0,Depression
2015171N18086,2015,UNNAMED,BB,2015-06-21 09:00:00,20.2,84.4,46.3,992.0,Depression
2015171N18086,2015,UNNAMED,BB,2015-06-21 12:00:00,20.5,84.5,46.3,992.0,Depression
2015171N18086,2015,UNNAMED,BB,2015-06-21 15:00:00,20.8,84.5,46.3,992.0,Depression
2015171N18086,2015,UNNAMED,BB,2015-06-21 18:00:00,21.0,84.5,46.3,992.0,Depression
2015173N20067,2015,UNNAMED,AS,2015-06-22 03:00:00,20.0,67.0,46.3,990.0,Depression
2015173N20067,2015,UNNAMED,AS,2015-06-22 06:00:00,20.0,67.0,46.3,990.0,Depression
2015173N20067,2015,UNNAMED,AS,2015-06-22 09:00:00,20.0,66.9,46.3,990.0,Depression
2015173N20067,2015,UNNAMED,AS,2015-06-22 12:00:00,20.0,67.0,46.3,990.0,Depression
2015173N20067,2015,UNNAMED,AS,2015-06-22 15:00:00,20.1,67.7,46.3,990.0,Depression
2015173N20067,2015,UNNAMED,AS,2015-06-22 18:00:00,20.2,68.5,46.3,990.0,Depression
2015173N20067,2015,UNNAMED,AS,2015-06-22 21:00:00,20.4,68.9,46.3,989.0,Depression
2015173N20067,2015,UNNAMED,AS,2015-06-23 00:00:00,20.5,69.5,46.3,988.0,Depression
2015173N20067,2015,UNNAMED,AS,2015-06-23 03:00:00,20.5,70.5,55.6,988.0,Deep Depression
2015173N20067,2015,UNNAMED,AS,2015-06-23 06:00:00,21.0,71.0,55.6,988.0,Deep Depression
2015173N20067,2015,UNNAMED,AS,2015-06-23 09:00:00,21.1,71.2,55.6,989.0,Deep Depression
2015173N20067,2015,UNNAMED,AS,2015-06-23 12:00:00,21.0,71.3,55.6,990.0,Deep Depression
2015173N20067,2015,UNNAMED,AS,2015-06-23 15:00:00,21.3,71.4,55.6,990.0,Deep Depression
2015173N20067,2015,UNNAMED,AS,2015-06-23 18:00:00,21.6,71.4,55.6,990.0,Deep Depression
2015173N20067,2015,UNNAMED,AS,2015-06-23 21:00:00,21.9,71.4,55.6,990.0,Deep Depression
2015173N20067,2015,UNNAMED,AS,2015-06-24 00:00:00,22.2,71.5,55.6,990.0,Deep Depression
2015173N20067,2015,UNNAMED,AS,2015-06-24 03:00:00,22.4,72.0,55.6,990.0,Deep Depression
2015173N20067,2015,UNNAMED,AS,2015-06-24 06:00:00,22.8,72.7,55.6,990.0,Deep Depression
2015173N20067,2015,UNNAMED,AS,2015-06-24 09:00:00,23.0,73.3,51.9,991.0,Deep Depression
2015173N20067,2015,UNNAMED,AS,2015-06-24 12:00:00,23.5,74.0,46.3,992.0,Depression
2015173N20067,2015,UNNAMED,AS,2015-06-24 15:00:00,24.6,74.9,46.3,993.0,Depression
2015173N20067,2015,UNNAMED,AS,2015-06-24 18:00:00,26.0,76.0,46.3,994.0,Depression
2015191N23085,2015,UNNAMED,BB,2015-07-10 03:00:00,23.1,85.1,46.3,996.0,Depression
2015191N23085,2015,UNNAMED,BB,2015-07-10 06:00:00,23.1,85.0,46.3,996.0,Depression
2015191N23085,2015,UNNAMED,BB,2015-07-10 09:00:00,23.3,84.0,46.3,994.0,Depression
2015191N23085,2015,UNNAMED,BB,2015-07-10 12:00:00,23.5,83.5,46.3,994.0,Depression
2015191N23085,2015,UNNAMED,BB,2015-07-10 15:00:00,23.5,82.5,46.3,996.0,Depression
2015191N23085,2015,UNNAMED,BB,2015-07-10 18:00:00,23.6,82.3,46.3,996.0,Depression
2015191N23085,2015,UNNAMED,BB,2015-07-10 21:00:00,23.8,81.0,46.3,996.0,Depression
2015191N23085,2015,UNNAMED,BB,2015-07-11 00:00:00,24.0,80.5,46.3,995.0,Depression
2015191N23085,2015,UNNAMED,BB,2015-07-11 03:00:00,24.0,80.5,46.3,996.0,Depression
2015191N23085,2015,UNNAMED,BB,2015-07-11 06:00:00,24.5,80.5,46.3,996.0,Depression
2015191N23085,2015,UNNAMED,BB,2015-07-11 09:00:00,24.5,80.5,46.3,996.0,Depression
2015191N23085,2015,UNNAMED,BB,2015-07-11 12:00:00,25.5,80.5,46.3,996.0,Depression
2015191N23085,2015,UNNAMED,BB,2015-07-11 15:00:00,26.0,80.0,46.3,996.0,Depression
2015191N23085,2015,UNNAMED,BB,2015-07-11 18:00:00,26.5,79.5,46.3,998.0,Depression
2015191N23085,2015,UNNAMED,BB,2015-07-11 21:00:00,26.0,78.5,46.3,998.0,Depression
2015191N23085,2015,UNNAMED,BB,2015-07-12 00:00:00,27.5,78.3,46.3,998.0,Depression
2015191N23085,2015,UNNAMED,AS,2015-07-12 03:00:00,28.5,78.0,46.3,998.0,Depression
2015191N23085,2015,UNNAMED,AS,2015-07-12 06:00:00,28.5,77.5,46.3,998.0,Depression
2015191N23085,2015,UNNAMED,AS,2015-07-12 09:00:00,28.5,77.3,46.3,998.0,Depression
2015207N22091,2015,KOMEN,BB,2015-07-26 00:00:00,22.0,90.8,37.0,994.0,Depression
2015207N22091,2015,KOMEN,BB,2015-07-26 03:00:00,22.0,90.8,37.0,994.0,Depression
2015207N22091,2015,KOMEN,BB,2015-07-26 06:00:00,22.0,90.5,37.0,994.0,Depression
2015207N22091,2015,KOMEN,BB,2015-07-26 09:00:00,22.0,90.4,37.0,994.0,Depression
2015207N22091,2015,KOMEN,BB,2015-07-26 12:00:00,22.0,90.5,37.0,994.0,Depression
2015207N22091,2015,KOMEN,BB,2015-07-26 15:00:00,22.0,90.5,37.0,994.0,Depression
2015207N22091,2015,KOMEN,BB,2015-07-26 18:00:00,22.0,90.5,37.0,994.0,Depression
2015207N22091,2015,KOMEN,BB,2015-07-26 21:00:00,22.0,90.5,37.0,994.0,Depression
2015207N22091,2015,KOMEN,BB,2015-07-27 00:00:00,22.0,90.5,37.0,994.0,Depression
2015207N22091,2015,KOMEN,BB,2015-07-27 03:00:00,22.0,90.5,46.3,994.0,Depression
2015207N22091,2015,KOMEN,BB,2015-07-27 06:00:00,22.0,90.5,46.3,994.0,Depression
2015207N22091,2015,KOMEN,BB,2015-07-27 09:00:00,22.0,90.5,46.3,994.0,Depression
2015207N22091,2015,KOMEN,BB,2015-07-27 12:00:00,22.0,90.5,46.3,994.0,Depression
2015207N22091,2015,KOMEN,BB,2015-07-27 15:00:00,22.0,90.5,46.3,994.0,Depression
2015207N22091,2015,KOMEN,BB,2015-07-27 18:00:00,22.0,90.5,46.3,994.0,Depression
2015207N22091,2015,KOMEN,BB,2015-07-27 21:00:00,22.0,90.5,46.3,994.0,Depression
2015207N22091,2015,KOMEN,BB,2015-07-28 00:00:00,22.0,90.5,46.3,994.0,Depression
2015207N22091,2015,KOMEN,BB,2015-07-28 03:00:00,22.0,90.5,46.3,994.0,Depression
2015207N22091,2015,KOMEN,BB,2015-07-28 06:00:00,21.6,90.4,46.3,994.0,Depression
2015207N22091,2015,KOMEN,BB,2015-07-28 09:00:00,21.4,90.4,46.3,994.0,Depression
2015207N22091,2015,KOMEN,BB,2015-07-28 12:00:00,21.3,90.5,46.3,994.0,Depression
2015207N22091,2015,KOMEN,BB,2015-07-28 15:00:00,21.3,90.7,46.3,993.0,Depression
2015207N22091,2015,KOMEN,BB,2015-07-28 18:00:00,21.2,90.9,46.3,992.0,Depression
2015207N22091,2015,KOMEN,BB,2015-07-28 21:00:00,21.0,91.0,51.9,991.0,Deep Depression
2015207N22091,2015,KOMEN,BB,2015-07-29 00:00:00,21.0,91.1,55.6,990.0,Deep Depression
2015207N22091,2015,KOMEN,BB,2015-07-29 03:00:00,21.0,91.1,55.6,990.0,Deep Depression
2015207N22091,2015,KOMEN,BB,2015-07-29 06:00:00,21.1,91.2,55.6,990.0,Deep Depression
2015207N22091,2015,KOMEN,BB,2015-07-29 09:00:00,21.2,91.2,55.6,989.0,Deep Depression
2015207N22091,2015,KOMEN,BB,2015-07-29 12:00:00,21.3,91.3,55.6,988.0,Deep Depression
2015207N22091,2015,KOMEN,BB,2015-07-29 15:00:00,21.4,91.3,61.1,987.0,Deep Depression
2015207N22091,2015,KOMEN,BB,2015-07-29 18:00:00,21.5,91.4,64.8,986.0,Cyclonic Storm
2015207N22091,2015,KOMEN,BB,2015-07-29 21:00:00,21.5,91.4,64.8,986.0,Cyclonic Storm
2015207N22091,2015,KOMEN,BB,2015-07-30 00:00:00,21.7,91.5,64.8,986.0,Cyclonic Storm
2015207N22091,2015,KOMEN,BB,2015-07-30 03:00:00,21.9,91.5,64.8,986.0,Cyclonic Storm
2015207N22091,2015,KOMEN,BB,2015-07-30 06:00:00,22.1,91.5,74.1,986.0,Cyclonic Storm
2015207N22091,2015,KOMEN,BB,2015-07-30 09:00:00,22.1,91.5,74.1,986.0,Cyclonic Storm
2015207N22091,2015,KOMEN,BB,2015-07-30 12:00:00,22.3,91.5,64.8,988.0,Cyclonic Storm
2015207N22091,2015,KOMEN,BB,2015-07-30 15:00:00,22.5,91.4,64.8,988.0,Cyclonic Storm
2015207N22091,2015,KOMEN,BB,2015-07-30 18:00:00,22.7,91.2,64.8,988.0,Cyclonic Storm
2015207N22091,2015,KOMEN,BB,2015-07-30 21:00:00,22.9,91.1,55.6,988.0,Deep Depression
2015207N22091,2015,KOMEN,BB,2015-07-31 00:00:00,23.1,90.2,55.6,990.0,Deep Depression
2015207N22091,2015,KOMEN,BB,2015-07-31 03:00:00,23.1,90.0,55.6,990.0,Deep Depression
2015207N22091,2015,KOMEN,BB,2015-07-31 06:00:00,23.1,89.8,55.6,992.0,Deep Depression
2015207N22091,2015,KOMEN,BB,2015-07-31 09:00:00,23.1,89.6,51.9,993.0,Deep Depression
2015207N22091,2015,KOMEN,BB,2015-07-31 12:00:00,23.1,89.5,46.3,994.0,Depression
2015207N22091,2015,KOMEN,BB,2015-07-31 15:00:00,23.1,89.4,46.3,994.0,Depression
2015207N22091,2015,KOMEN,BB,2015-07-31 18:00:00,23.1,89.4,46.3,994.0,Depression
2015207N22091,2015,KOMEN,BB,2015-07-31 21:00:00,23.2,89.3,42.6,994.0,Depression
2015207N22091,2015,KOMEN,BB,2015-08-01 00:00:00,23.2,89.2,37.0,994.0,Depression
2015207N22091,2015,KOMEN,BB,2015-08-01 03:00:00,23.2,89.2,37.0,994.0,Depression
2015207N22091,2015,KOMEN,BB,2015-08-01 06:00:00,23.5,88.8,37.0,994.0,Depression
2015207N22091,2015,KOMEN,BB,2015-08-01 09:00:00,23.7,88.6,37.0,994.0,Depression
2015207N22091,2015,KOMEN,BB,2015-08-01 12:00:00,23.8,88.4,37.0,994.0,Depression
2015207N22091,2015,KOMEN,BB,2015-08-01 15:00:00,23.8,88.0,37.0,994.0,Depression
2015207N22091,2015,KOMEN,BB,2015-08-01 18:00:00,23.8,87.5,37.0,994.0,Depression
2015207N22091,2015,KOMEN,BB,2015-08-01 21:00:00,23.9,87.2,37.0,995.0,Depression
2015207N22091,2015,KOMEN,BB,2015-08-02 00:00:00,23.8,86.7,37.0,996.0,Depression
2015207N22091,2015,KOMEN,BB,2015-08-02 03:00:00,23.5,86.0,37.0,996.0,Depression
2015207N22091,2015,KOMEN,BB,2015-08-02 06:00:00,23.3,85.7,37.0,996.0,Depression
2015207N22091,2015,KOMEN,BB,2015-08-02 09:00:00,23.1,85.5,37.0,996.0,Depression
2015209N26072,2015,UNNAMED,AS,2015-07-27 12:00:00,26.2,71.8,46.3,994.0,Depression
2015209N26072,2015,UNNAMED,AS,2015-07-27 15:00:00,26.0,71.8,46.3,994.0,Depression
2015209N26072,2015,UNNAMED,AS,2015-07-27 18:00:00,25.8,71.8,46.3,996.0,Depression
2015209N26072,2015,UNNAMED,AS,2015-07-27 21:00:00,26.1,71.8,46.3,996.0,Depression
2015209N26072,2015,UNNAMED,AS,2015-07-28 00:00:00,26.2,71.8,46.3,994.0,Depression
2015209N26072,2015,UNNAMED,AS,2015-07-28 03:00:00,24.8,71.8,55.6,994.0,Deep Depression
2015209N26072,2015,UNNAMED,AS,2015-07-28 06:00:00,24.8,71.8,55.6,994.0,Deep Depression
2015209N26072,2015,UNNAMED,AS,2015-07-28 09:00:00,24.8,71.8,55.6,994.0,Deep Depression
2015209N26072,2015,UNNAMED,AS,2015-07-28 12:00:00,25.5,72.0,55.6,994.0,Deep Depression
2015209N26072,2015,UNNAMED,AS,2015-07-28 15:00:00,25.6,72.1,55.6,996.0,Deep Depression
2015209N26072,2015,UNNAMED,AS,2015-07-28 18:00:00,25.8,72.1,55.6,996.0,Deep Depression
2015209N26072,2015,UNNAMED,AS,2015-07-28 21:00:00,25.9,72.3,46.3,996.0,Depression
2015209N26072,2015,UNNAMED,AS,2015-07-29 00:00:00,26.5,72.5,46.3,996.0,Depression
2015209N26072,2015,UNNAMED,AS,2015-07-29 03:00:00,27.2,73.0,46.3,996.0,Depression
2015209N26072,2015,UNNAMED,AS,2015-07-29 06:00:00,27.2,73.0,46.3,996.0,Depression
2015209N26072,2015,UNNAMED,AS,2015-07-29 09:00:00,27.2,73.0,46.3,996.0,Depression
2015209N26072,2015,UNNAMED,AS,2015-07-29 12:00:00,27.7,73.0,46.3,998.0,Depression
2015209N26072,2015,UNNAMED,AS,2015-07-29 15:00:00,27.9,73.0,46.3,998.0,Depression
2015209N26072,2015,UNNAMED,AS,2015-07-29 18:00:00,27.9,73.1,46.3,998.0,Depression
2015209N26072,2015,UNNAMED,AS,2015-07-29 21:00:00,28.0,73.1,46.3,998.0,Depression
2015209N26072,2015,UNNAMED,AS,2015-07-30 00:00:00,28.7,73.4,46.3,998.0,Depression
2015216N23081,2015,UNNAMED,BB,2015-08-04 03:00:00,22.7,80.5,46.3,998.0,Depression
2015216N23081,2015,UNNAMED,BB,2015-08-04 06:00:00,22.7,80.0,46.3,998.0,Depression
2015216N23081,2015,UNNAMED,BB,2015-08-04 09:00:00,22.7,79.5,46.3,998.0,Depression
2015216N23081,2015,UNNAMED,AS,2015-08-04 12:00:00,22.7,77.8,46.3,998.0,Depression
2015216N23081,2015,UNNAMED,AS,2015-08-04 15:00:00,22.7,77.3,46.3,998.0,Depression
2015216N23081,2015,UNNAMED,AS,2015-08-04 18:00:00,22.7,77.8,46.3,998.0,Depression
2015259N20084,2015,UNNAMED,BB,2015-09-16 03:00:00,19.6,83.5,46.3,998.0,Depression
2015259N20084,2015,UNNAMED,BB,2015-09-16 06:00:00,20.3,83.0,46.3,998.0,Depression
2015259N20084,2015,UNNAMED,BB,2015-09-16 09:00:00,20.4,82.7,46.3,998.0,Depression
2015259N20084,2015,UNNAMED,BB,2015-09-16 12:00:00,20.5,82.5,46.3,998.0,Depression
2015259N20084,2015,UNNAMED,BB,2015-09-16 15:00:00,20.6,82.0,46.3,998.0,Depression
2015259N20084,2015,UNNAMED,BB,2015-09-16 18:00:00,20.8,81.9,46.3,998.0,Depression
2015259N20084,2015,UNNAMED,BB,2015-09-16 21:00:00,21.0,81.9,46.3,998.0,Depression
2015259N20084,2015,UNNAMED,BB,2015-09-17 00:00:00,21.1,81.5,46.3,998.0,Depression
2015259N20084,2015,UNNAMED,BB,2015-09-17 03:00:00,21.0,79.5,55.6,998.0,Deep Depression
2015259N20084,2015,UNNAMED,BB,2015-09-17 06:00:00,20.5,79.5,55.6,998.0,Deep Depression
2015259N20084,2015,UNNAMED,BB,2015-09-17 09:00:00,20.0,79.5,55.6,998.0,Deep Depression
2015259N20084,2015,UNNAMED,BB,2015-09-17 12:00:00,20.5,79.0,55.6,996.0,Deep Depression
2015259N20084,2015,UNNAMED,AS,2015-09-17 15:00:00,20.0,77.5,55.6,996.0,Deep Depression
2015259N20084,2015,UNNAMED,AS,2015-09-17 18:00:00,20.0,77.0,55.6,996.0,Deep Depression
2015259N20084,2015,UNNAMED,AS,2015-09-17 21:00:00,20.0,76.4,55.6,996.0,Deep Depression
2015259N20084,2015,UNNAMED,AS,2015-09-18 00:00:00,20.8,77.4,46.3,996.0,Depression
2015259N20084,2015,UNNAMED,AS,2015-09-18 03:00:00,20.7,77.0,55.6,996.0,Deep Depression
2015259N20084,2015,UNNAMED,AS,2015-09-18 06:00:00,20.0,77.0,55.6,998.0,Deep Depression
2015259N20084,2015,UNNAMED,AS,2015-09-18 09:00:00,20.7,76.5,46.3,998.0,Depression
2015259N20084,2015,UNNAMED,AS,2015-09-18 12:00:00,20.5,76.0,46.3,998.0,Depression
2015259N20084,2015,UNNAMED,AS,2015-09-18 15:00:00,20.5,75.8,46.3,998.0,Depression
2015259N20084,2015,UNNAMED,AS,2015-09-18 18:00:00,20.5,75.5,46.3,998.0,Depression
2015259N20084,2015,UNNAMED,AS,2015-09-18 21:00:00,20.8,75.0,46.3,998.0,Depression
2015259N20084,2015,UNNAMED,AS,2015-09-19 00:00:00,21.0,74.5,46.3,998.0,Depression
2015280N13071,2015,UNNAMED,AS,2015-10-07 00:00:00,12.7,71.3,,,
2015280N13071,2015,UNNAMED,AS,2015-10-07 03:00:00,12.6,71.3,,,
2015280N13071,2015,UNNAMED,AS,2015-10-07 06:00:00,12.5,71.4,,,
2015280N13071,2015,UNNAMED,AS,2015-10-07 09:00:00,12.5,71.5,,,
2015280N13071,2015,UNNAMED,AS,2015-10-07 12:00:00,12.6,71.6,,,
2015280N13071,2015,UNNAMED,AS,2015-10-07 15:00:00,12.7,71.7,,,
2015280N13071,2015,UNNAMED,AS,2015-10-07 18:00:00,12.8,71.7,,,
2015280N13071,2015,UNNAMED,AS,2015-10-07 21:00:00,12.9,71.6,,,
2015280N13071,2015,UNNAMED,AS,2015-10-08 00:00:00,12.9,71.5,,,
2015280N13071,2015,UNNAMED,AS,2015-10-08 03:00:00,12.9,71.4,,,
2015280N13071,2015,UNNAMED,AS,2015-10-08 06:00:00,12.9,71.3,,,
2015280N13071,2015,UNNAMED,AS,2015-10-08 09:00:00,13.0,71.2,,,
2015280N13071,2015,UNNAMED,AS,2015-10-08 12:00:00,13.2,71.1,,,
2015280N13071,2015,UNNAMED,AS,2015-10-08 15:00:00,13.3,71.0,,,
2015280N13071,2015,UNNAMED,AS,2015-10-08 18:00:00,13.4,70.9,,,
2015280N13071,2015,UNNAMED,AS,2015-10-08 21:00:00,13.5,70.8,,,
2015280N13071,2015,UNNAMED,AS,2015-10-09 00:00:00,13.7,70.6,46.3,1004.0,Depression
2015280N13071,2015,UNNAMED,AS,2015-10-09 03:00:00,13.8,70.5,46.3,1004.0,Depression
2015280N13071,2015,UNNAMED,AS,2015-10-09 06:00:00,14.0,70.4,46.3,1004.0,Depression
2015280N13071,2015,UNNAMED,AS,2015-10-09 09:00:00,14.1,70.3,46.3,1003.0,Depression
2015280N13071,2015,UNNAMED,AS,2015-10-09 12:00:00,14.3,70.2,46.3,1002.0,Depression
2015280N13071,2015,UNNAMED,AS,2015-10-09 15:00:00,14.5,70.1,51.9,1002.0,Deep Depression
2015280N13071,2015,UNNAMED,AS,2015-10-09 18:00:00,14.7,69.9,55.6,1001.0,Deep Depression
2015280N13071,2015,UNNAMED,AS,2015-10-09 21:00:00,14.8,69.7,55.6,1001.0,Deep Depression
2015280N13071,2015,UNNAMED,AS,2015-10-10 00:00:00,15.0,69.6,55.6,1001.0,Deep Depression
2015280N13071,2015,UNNAMED,AS,2015-10-10 03:00:00,15.1,69.5,55.6,1001.0,Deep Depression
2015280N13071,2015,UNNAMED,AS,2015-10-10 06:00:00,15.1,69.4,55.6,1000.0,Deep Depression
2015280N13071,2015,UNNAMED,AS,2015-10-10 09:00:00,15.2,69.4,55.6,1000.0,Deep Depression
2015280N13071,2015,UNNAMED,AS,2015-10-10 12:00:00,15.3,69.4,55.6,1000.0,Deep Depression
2015280N13071,2015,UNNAMED,AS,2015-10-10 15:00:00,15.3,69.4,55.6,1000.0,Deep Depression
2015280N13071,2015,UNNAMED,AS,2015-10-10 18:00:00,15.4,69.4,55.6,1000.0,Deep Depression
2015280N13071,2015,UNNAMED,AS,2015-10-10 21:00:00,15.5,69.4,55.6,1001.0,Deep Depression
2015280N13071,2015,UNNAMED,AS,2015-10-11 00:00:00,15.6,69.3,55.6,1001.0,Deep Depression
2015280N13071,2015,UNNAMED,AS,2015-10-11 03:00:00,15.7,69.3,46.3,1003.0,Depression
2015280N13071,2015,UNNAMED,AS,2015-10-11 06:00:00,15.7,69.2,46.3,1003.0,Depression
2015280N13071,2015,UNNAMED,AS,2015-10-11 09:00:00,15.8,69.2,46.3,1004.0,Depression
2015280N13071,2015,UNNAMED,AS,2015-10-11 12:00:00,15.9,69.2,46.3,1004.0,Depression
2015280N13071,2015,UNNAMED,AS,2015-10-11 15:00:00,16.0,69.2,46.3,1004.0,Depression
2015280N13071,2015,UNNAMED,AS,2015-10-11 18:00:00,16.0,69.2,46.3,1004.0,Depression
2015280N13071,2015,UNNAMED,AS,2015-10-11 21:00:00,16.0,69.1,42.6,1004.0,Depression
2015280N13071,2015,UNNAMED,AS,2015-10-12 00:00:00,16.1,69.0,37.0,1004.0,Depression
2015301N11065,2015,CHAPALA,AS,2015-10-27 12:00:00,10.7,65.1,,,
2015301N11065,2015,CHAPALA,AS,2015-10-27 15:00:00,10.9,65.0,,,
2015301N11065,2015,CHAPALA,AS,2015-10-27 18:00:00,11.1,64.9,,,
2015301N11065,2015,CHAPALA,AS,2015-10-27 21:00:00,11.3,64.8,,,
2015301N11065,2015,CHAPALA,AS,2015-10-28 00:00:00,11.6,64.7,,,
2015301N11065,2015,CHAPALA,AS,2015-10-28 03:00:00,11.8,64.7,46.3,1005.0,Depression
2015301N11065,2015,CHAPALA,AS,2015-10-28 06:00:00,12.0,64.8,46.3,1004.0,Depression
2015301N11065,2015,CHAPALA,AS,2015-10-28 09:00:00,12.4,64.8,51.9,1003.0,Deep Depression
2015301N11065,2015,CHAPALA,AS,2015-10-28 12:00:00,12.7,64.8,55.6,1001.0,Deep Depression
2015301N11065,2015,CHAPALA,AS,2015-10-28 15:00:00,12.9,64.8,55.6,1001.0,Deep Depression
2015301N11065,2015,CHAPALA,AS,2015-10-28 18:00:00,13.1,64.6,55.6,1001.0,Deep Depression
2015301N11065,2015,CHAPALA,AS,2015-10-28 21:00:00,13.3,64.4,61.1,1000.0,Deep Depression
2015301N11065,2015,CHAPALA,AS,2015-10-29 00:00:00,13.6,64.3,64.8,999.0,Cyclonic Storm
2015301N11065,2015,CHAPALA,AS,2015-10-29 03:00:00,13.7,64.1,74.1,997.0,Cyclonic Storm
2015301N11065,2015,CHAPALA,AS,2015-10-29 06:00:00,13.9,63.8,83.3,996.0,Cyclonic Storm
2015301N11065,2015,CHAPALA,AS,2015-10-29 09:00:00,14.0,63.5,92.6,994.0,Severe Cyclonic Storm
2015301N11065,2015,CHAPALA,AS,2015-10-29 12:00:00,14.2,63.2,101.9,990.0,Severe Cyclonic Storm
2015301N11065,2015,CHAPALA,AS,2015-10-29 15:00:00,14.3,62.8,111.1,988.0,Severe Cyclonic Storm
2015301N11065,2015,CHAPALA,AS,2015-10-29 18:00:00,14.3,62.5,120.4,984.0,Very Severe Cyclonic Storm
2015301N11065,2015,CHAPALA,AS,2015-10-29 21:00:00,14.3,62.2,138.9,976.0,Very Severe Cyclonic Storm
2015301N11065,2015,CHAPALA,AS,2015-10-30 00:00:00,14.3,61.8,166.7,966.0,Extremely Severe Cyclonic Storm
2015301N11065,2015,CHAPALA,AS,2015-10-30 03:00:00,14.2,61.5,194.5,954.0,Extremely Severe Cyclonic Storm
2015301N11065,2015,CHAPALA,AS,2015-10-30 06:00:00,14.2,61.1,203.7,948.0,Extremely Severe Cyclonic Storm
2015301N11065,2015,CHAPALA,AS,2015-10-30 09:00:00,14.1,60.8,213.0,940.0,Extremely Severe Cyclonic Storm
2015301N11065,2015,CHAPALA,AS,2015-10-30 12:00:00,14.1,60.6,213.0,940.0,Extremely Severe Cyclonic Storm
2015301N11065,2015,CHAPALA,AS,2015-10-30 15:00:00,14.0,60.4,213.0,940.0,Extremely Severe Cyclonic Storm
2015301N11065,2015,CHAPALA,AS,2015-10-30 18:00:00,13.9,60.2,213.0,940.0,Extremely Severe Cyclonic Storm
2015301N11065,2015,CHAPALA,AS,2015-10-30 21:00:00,13.9,59.9,213.0,942.0,Extremely Severe Cyclonic Storm
2015301N11065,2015,CHAPALA,AS,2015-10-31 00:00:00,13.8,59.6,203.7,944.0,Extremely Severe Cyclonic Storm
2015301N11065,2015,CHAPALA,AS,2015-10-31 03:00:00,13.8,59.2,203.7,946.0,Extremely Severe Cyclonic Storm
2015301N11065,2015,CHAPALA,AS,2015-10-31 06:00:00,13.8,58.7,194.5,950.0,Extremely Severe Cyclonic Storm
2015301N11065,2015,CHAPALA,AS,2015-10-31 09:00:00,13.8,58.3,194.5,950.0,Extremely Severe Cyclonic Storm
2015301N11065,2015,CHAPALA,AS,2015-10-31 12:00:00,13.8,57.9,194.5,950.0,Extremely Severe Cyclonic Storm
2015301N11065,2015,CHAPALA,AS,2015-10-31 15:00:00,13.8,57.5,194.5,950.0,Extremely Severe Cyclonic Storm
2015301N11065,2015,CHAPALA,AS,2015-10-31 18:00:00,13.8,57.2,194.5,950.0,Extremely Severe Cyclonic Storm
2015301N11065,2015,CHAPALA,AS,2015-10-31 21:00:00,13.7,56.8,194.5,950.0,Extremely Severe Cyclonic Storm
2015301N11065,2015,CHAPALA,AS,2015-11-01 00:00:00,13.7,56.4,194.5,950.0,Extremely Severe Cyclonic Storm
2015301N11065,2015,CHAPALA,AS,2015-11-01 03:00:00,13.6,56.1,194.5,952.0,Extremely Severe Cyclonic Storm
2015301N11065,2015,CHAPALA,AS,2015-11-01 06:00:00,13.6,55.7,185.2,954.0,Extremely Severe Cyclonic Storm
2015301N11065,2015,CHAPALA,AS,2015-11-01 09:00:00,13.5,55.2,185.2,956.0,Extremely Severe Cyclonic Storm
2015301N11065,2015,CHAPALA,AS,2015-11-01 12:00:00,13.6,54.7,185.2,956.0,Extremely Severe Cyclonic Storm
2015301N11065,2015,CHAPALA,AS,2015-11-01 15:00:00,13.5,54.2,185.2,956.0,Extremely Severe Cyclonic Storm
2015301N11065,2015,CHAPALA,AS,2015-11-01 18:00:00,13.4,53.7,185.2,956.0,Extremely Severe Cyclonic Storm
2015301N11065,2015,CHAPALA,AS,2015-11-01 21:00:00,13.3,53.1,185.2,956.0,Extremely Severe Cyclonic Storm
2015301N11065,2015,CHAPALA,AS,2015-11-02 00:00:00,13.2,52.6,185.2,958.0,Extremely Severe Cyclonic Storm
2015301N11065,2015,CHAPALA,AS,2015-11-02 03:00:00,13.2,52.2,175.9,960.0,Extremely Severe Cyclonic Storm
2015301N11065,2015,CHAPALA,AS,2015-11-02 06:00:00,13.3,51.6,166.7,964.0,Extremely Severe Cyclonic Storm
2015301N11065,2015,CHAPALA,AS,2015-11-02 09:00:00,13.3,51.0,166.7,966.0,Extremely Severe Cyclonic Storm
2015301N11065,2015,CHAPALA,AS,2015-11-02 12:00:00,13.4,50.6,157.4,968.0,Very Severe Cyclonic Storm
2015301N11065,2015,CHAPALA,AS,2015-11-02 15:00:00,13.5,50.0,157.4,970.0,Very Severe Cyclonic Storm
2015301N11065,2015,CHAPALA,AS,2015-11-02 18:00:00,13.7,49.6,148.2,974.0,Very Severe Cyclonic Storm
2015301N11065,2015,CHAPALA,AS,2015-11-02 21:00:00,13.8,49.3,138.9,978.0,Very Severe Cyclonic Storm
2015301N11065,2015,CHAPALA,AS,2015-11-03 00:00:00,14.0,48.9,120.4,984.0,Very Severe Cyclonic Storm
2015301N11065,2015,CHAPALA,AS,2015-11-03 03:00:00,14.1,48.4,101.9,990.0,Severe Cyclonic Storm
2015301N11065,2015,CHAPALA,AS,2015-11-03 06:00:00,14.1,47.9,83.3,996.0,Cyclonic Storm
2015301N11065,2015,CHAPALA,AS,2015-11-03 09:00:00,14.1,47.6,74.1,998.0,Cyclonic Storm
2015301N11065,2015,CHAPALA,AS,2015-11-03 12:00:00,14.1,47.4,74.1,998.0,Cyclonic Storm
2015301N11065,2015,CHAPALA,AS,2015-11-03 15:00:00,14.2,47.2,74.1,998.0,Cyclonic Storm
2015301N11065,2015,CHAPALA,AS,2015-11-03 18:00:00,14.3,47.1,55.6,1001.0,Deep Depression
2015301N11065,2015,CHAPALA,AS,2015-11-03 21:00:00,14.5,46.8,51.9,1002.0,Deep Depression
2015301N11065,2015,CHAPALA,AS,2015-11-04 00:00:00,14.8,46.5,46.3,1003.0,Depression
2015309N14067,2015,MEGH,AS,2015-11-04 12:00:00,14.0,66.9,,,
2015309N14067,2015,MEGH,AS,2015-11-04 15:00:00,14.0,66.6,,,
2015309N14067,2015,MEGH,AS,2015-11-04 18:00:00,14.0,66.4,,,
2015309N14067,2015,MEGH,AS,2015-11-04 21:00:00,14.1,66.1,,,
2015309N14067,2015,MEGH,AS,2015-11-05 00:00:00,14.1,65.8,46.3,1006.0,Depression
2015309N14067,2015,MEGH,AS,2015-11-05 03:00:00,14.1,65.4,46.3,1004.0,Depression
2015309N14067,2015,MEGH,AS,2015-11-05 06:00:00,14.0,64.8,55.6,1002.0,Deep Depression
2015309N14067,2015,MEGH,AS,2015-11-05 09:00:00,14.0,64.3,61.1,1000.0,Deep Depression
2015309N14067,2015,MEGH,AS,2015-11-05 12:00:00,14.0,64.0,64.8,998.0,Cyclonic Storm
2015309N14067,2015,MEGH,AS,2015-11-05 15:00:00,13.9,63.6,74.1,996.0,Cyclonic Storm
2015309N14067,2015,MEGH,AS,2015-11-05 18:00:00,13.8,63.3,83.3,994.0,Cyclonic Storm
2015309N14067,2015,MEGH,AS,2015-11-05 21:00:00,13.7,62.9,83.3,994.0,Cyclonic Storm
2015309N14067,2015,MEGH,AS,2015-11-06 00:00:00,13.6,62.5,83.3,994.0,Cyclonic Storm
2015309N14067,2015,MEGH,AS,2015-11-06 03:00:00,13.4,62.2,83.3,994.0,Cyclonic Storm
2015309N14067,2015,MEGH,AS,2015-11-06 06:00:00,13.3,61.9,83.3,994.0,Cyclonic Storm
2015309N14067,2015,MEGH,AS,2015-11-06 09:00:00,13.1,61.6,83.3,994.0,Cyclonic Storm
2015309N14067,2015,MEGH,AS,2015-11-06 12:00:00,13.1,61.2,83.3,994.0,Cyclonic Storm
2015309N14067,2015,MEGH,AS,2015-11-06 15:00:00,12.9,60.9,83.3,994.0,Cyclonic Storm
2015309N14067,2015,MEGH,AS,2015-11-06 18:00:00,12.9,60.7,83.3,994.0,Cyclonic Storm
2015309N14067,2015,MEGH,AS,2015-11-06 21:00:00,12.8,60.4,83.3,994.0,Cyclonic Storm
2015309N14067,2015,MEGH,AS,2015-11-07 00:00:00,12.8,60.1,83.3,994.0,Cyclonic Storm
2015309N14067,2015,MEGH,AS,2015-11-07 03:00:00,12.8,59.6,83.3,994.0,Cyclonic Storm
2015309N14067,2015,MEGH,AS,2015-11-07 06:00:00,12.7,59.3,92.6,992.0,Severe Cyclonic Storm
2015309N14067,2015,MEGH,AS,2015-11-07 09:00:00,12.7,58.8,101.9,990.0,Severe Cyclonic Storm
2015309N14067,2015,MEGH,AS,2015-11-07 12:00:00,12.8,58.4,111.1,988.0,Severe Cyclonic Storm
2015309N14067,2015,MEGH,AS,2015-11-07 15:00:00,12.7,57.9,120.4,984.0,Very Severe Cyclonic Storm
2015309N14067,2015,MEGH,AS,2015-11-07 18:00:00,12.8,57.3,129.6,980.0,Very Severe Cyclonic Storm
2015309N14067,2015,MEGH,AS,2015-11-07 21:00:00,12.7,56.7,148.2,976.0,Very Severe Cyclonic Storm
2015309N14067,2015,MEGH,AS,2015-11-08 00:00:00,12.7,56.1,157.4,974.0,Very Severe Cyclonic Storm
2015309N14067,2015,MEGH,AS,2015-11-08 03:00:00,12.7,55.5,166.7,968.0,Extremely Severe Cyclonic Storm
2015309N14067,2015,MEGH,AS,2015-11-08 06:00:00,12.7,54.9,175.9,964.0,Extremely Severe Cyclonic Storm
2015309N14067,2015,MEGH,AS,2015-11-08 09:00:00,12.7,54.2,175.9,964.0,Extremely Severe Cyclonic Storm
2015309N14067,2015,MEGH,AS,2015-11-08 12:00:00,12.7,53.5,166.7,970.0,Extremely Severe Cyclonic Storm
2015309N14067,2015,MEGH,AS,2015-11-08 15:00:00,12.6,52.8,166.7,970.0,Extremely Severe Cyclonic Storm
2015309N14067,2015,MEGH,AS,2015-11-08 18:00:00,12.5,52.3,166.7,970.0,Extremely Severe Cyclonic Storm
2015309N14067,2015,MEGH,AS,2015-11-08 21:00:00,12.4,51.6,166.7,970.0,Extremely Severe Cyclonic Storm
2015309N14067,2015,MEGH,AS,2015-11-09 00:00:00,12.3,50.9,157.4,974.0,Very Severe Cyclonic Storm
2015309N14067,2015,MEGH,AS,2015-11-09 03:00:00,12.2,50.2,148.2,976.0,Very Severe Cyclonic Storm
2015309N14067,2015,MEGH,AS,2015-11-09 06:00:00,12.3,49.6,148.2,978.0,Very Severe Cyclonic Storm
2015309N14067,2015,MEGH,AS,2015-11-09 09:00:00,12.3,48.9,138.9,980.0,Very Severe Cyclonic Storm
2015309N14067,2015,MEGH,AS,2015-11-09 12:00:00,12.5,48.3,129.6,982.0,Very Severe Cyclonic Storm
2015309N14067,2015,MEGH,AS,2015-11-09 15:00:00,12.5,48.0,120.4,986.0,Very Severe Cyclonic Storm
2015309N14067,2015,MEGH,AS,2015-11-09 18:00:00,12.6,47.6,120.4,988.0,Very Severe Cyclonic Storm
2015309N14067,2015,MEGH,AS,2015-11-09 21:00:00,12.7,47.3,111.1,990.0,Severe Cyclonic Storm
2015309N14067,2015,MEGH,AS,2015-11-10 00:00:00,12.9,47.0,92.6,996.0,Severe Cyclonic Storm
2015309N14067,2015,MEGH,AS,2015-11-10 03:00:00,13.0,46.8,74.1,998.0,Cyclonic Storm
2015309N14067,2015,MEGH,AS,2015-11-10 06:00:00,13.3,46.6,55.6,1003.0,Deep Depression
2015309N14067,2015,MEGH,AS,2015-11-10 09:00:00,13.5,46.6,51.9,1004.0,Deep Depression
2015309N14067,2015,MEGH,AS,2015-11-10 12:00:00,13.7,46.6,46.3,1005.0,Depression
2015312N11084,2015,UNNAMED,BB,2015-11-08 03:00:00,10.7,83.7,46.3,1003.0,Depression
2015312N11084,2015,UNNAMED,BB,2015-11-08 06:00:00,10.8,83.2,46.3,1003.0,Depression
2015312N11084,2015,UNNAMED,BB,2015-11-08 09:00:00,10.9,82.8,46.3,1003.0,Depression
2015312N11084,2015,UNNAMED,BB,2015-11-08 12:00:00,11.0,82.5,46.3,1002.0,Depression
2015312N11084,2015,UNNAMED,BB,2015-11-08 15:00:00,11.1,82.0,51.9,1001.0,Deep Depression
2015312N11084,2015,UNNAMED,BB,2015-11-08 18:00:00,11.2,81.4,55.6,1000.0,Deep Depression
2015312N11084,2015,UNNAMED,BB,2015-11-08 21:00:00,11.3,81.0,55.6,1000.0,Deep Depression
2015312N11084,2015,UNNAMED,BB,2015-11-09 00:00:00,11.4,80.7,55.6,999.0,Deep Depression
2015312N11084,2015,UNNAMED,BB,2015-11-09 03:00:00,11.6,80.3,55.6,998.0,Deep Depression
2015312N11084,2015,UNNAMED,BB,2015-11-09 06:00:00,11.7,80.1,55.6,996.0,Deep Depression
2015312N11084,2015,UNNAMED,BB,2015-11-09 09:00:00,11.9,80.0,55.6,996.0,Deep Depression
2015312N11084,2015,UNNAMED,BB,2015-11-09 12:00:00,12.1,80.0,55.6,996.0,Deep Depression
2015312N11084,2015,UNNAMED,BB,2015-11-09 15:00:00,12.3,80.0,55.6,997.0,Deep Depression
2015312N11084,2015,UNNAMED,BB,2015-11-09 18:00:00,12.4,79.9,55.6,998.0,Deep Depression
2015312N11084,2015,UNNAMED,BB,2015-11-09 21:00:00,12.4,79.8,55.6,999.0,Deep Depression
2015312N11084,2015,UNNAMED,BB,2015-11-10 00:00:00,12.4,79.6,55.6,1000.0,Deep Depression
2015312N11084,2015,UNNAMED,BB,2015-11-10 03:00:00,12.4,79.3,37.0,1002.0,Depression
2016138N10081,2016,ROANU,BB,2016-05-17 00:00:00,10.0,80.8,,,
2016138N10081,2016,ROANU,BB,2016-05-17 03:00:00,10.5,81.0,46.3,1000.0,Depression
2016138N10081,2016,ROANU,BB,2016-05-17 06:00:00,10.8,81.1,46.3,999.0,Depression
2016138N10081,2016,ROANU,BB,2016-05-17 09:00:00,11.2,81.1,46.3,999.0,Depression
2016138N10081,2016,ROANU,BB,2016-05-17 12:00:00,11.7,81.1,46.3,998.0,Depression
2016138N10081,2016,ROANU,BB,2016-05-17 15:00:00,12.1,81.1,46.3,998.0,Depression
2016138N10081,2016,ROANU,BB,2016-05-17 18:00:00,12.5,81.1,46.3,998.0,Depression
2016138N10081,2016,ROANU,BB,2016-05-17 21:00:00,12.8,81.2,46.3,998.0,Depression
2016138N10081,2016,ROANU,BB,2016-05-18 00:00:00,13.1,81.2,46.3,998.0,Depression
2016138N10081,2016,ROANU,BB,2016-05-18 03:00:00,13.4,81.3,55.6,997.0,Deep Depression
2016138N10081,2016,ROANU,BB,2016-05-18 06:00:00,13.9,81.3,55.6,996.0,Deep Depression
2016138N10081,2016,ROANU,BB,2016-05-18 09:00:00,14.2,81.3,55.6,996.0,Deep Depression
2016138N10081,2016,ROANU,BB,2016-05-18 12:00:00,14.4,81.3,55.6,996.0,Deep Depression
2016138N10081,2016,ROANU,BB,2016-05-18 15:00:00,14.5,81.3,55.6,995.0,Deep Depression
2016138N10081,2016,ROANU,BB,2016-05-18 18:00:00,14.7,81.3,55.6,994.0,Deep Depression
2016138N10081,2016,ROANU,BB,2016-05-18 21:00:00,14.9,81.4,61.1,992.0,Deep Depression
2016138N10081,2016,ROANU,BB,2016-05-19 00:00:00,15.1,81.6,64.8,990.0,Cyclonic Storm
2016138N10081,2016,ROANU,BB,2016-05-19 03:00:00,15.4,81.8,64.8,990.0,Cyclonic Storm
2016138N10081,2016,ROANU,BB,2016-05-19 06:00:00,15.4,82.0,74.1,988.0,Cyclonic Storm
2016138N10081,2016,ROANU,BB,2016-05-19 09:00:00,15.5,82.2,74.1,988.0,Cyclonic Storm
2016138N10081,2016,ROANU,BB,2016-05-19 12:00:00,15.8,82.5,74.1,988.0,Cyclonic Storm
2016138N10081,2016,ROANU,BB,2016-05-19 15:00:00,16.1,82.8,74.1,988.0,Cyclonic Storm
2016138N10081,2016,ROANU,BB,2016-05-19 18:00:00,16.5,83.1,74.1,988.0,Cyclonic Storm
2016138N10081,2016,ROANU,BB,2016-05-19 21:00:00,16.9,83.5,74.1,988.0,Cyclonic Storm
2016138N10081,2016,ROANU,BB,2016-05-20 00:00:00,17.4,84.0,74.1,988.0,Cyclonic Storm
2016138N10081,2016,ROANU,BB,2016-05-20 03:00:00,18.1,84.7,74.1,988.0,Cyclonic Storm
2016138N10081,2016,ROANU,BB,2016-05-20 06:00:00,18.6,85.1,74.1,988.0,Cyclonic Storm
2016138N10081,2016,ROANU,BB,2016-05-20 09:00:00,18.9,85.6,74.1,988.0,Cyclonic Storm
2016138N10081,2016,ROANU,BB,2016-05-20 12:00:00,19.4,86.7,74.1,988.0,Cyclonic Storm
2016138N10081,2016,ROANU,BB,2016-05-20 15:00:00,19.8,87.3,74.1,986.0,Cyclonic Storm
2016138N10081,2016,ROANU,BB,2016-05-20 18:00:00,20.2,88.0,83.3,984.0,Cyclonic Storm
2016138N10081,2016,ROANU,BB,2016-05-20 21:00:00,20.5,88.7,83.3,983.0,Cyclonic Storm
2016138N10081,2016,ROANU,BB,2016-05-21 00:00:00,20.9,89.4,83.3,983.0,Cyclonic Storm
2016138N10081,2016,ROANU,BB,2016-05-21 03:00:00,21.4,90.4,83.3,983.0,Cyclonic Storm
2016138N10081,2016,ROANU,BB,2016-05-21 06:00:00,21.9,91.0,83.3,983.0,Cyclonic Storm
2016138N10081,2016,ROANU,BB,2016-05-21 09:00:00,22.6,91.5,83.3,983.0,Cyclonic Storm
2016138N10081,2016,ROANU,BB,2016-05-21 12:00:00,23.0,92.0,64.8,990.0,Cyclonic Storm
2016138N10081,2016,ROANU,BB,2016-05-21 15:00:00,23.5,93.0,55.6,992.0,Deep Depression
2016138N10081,2016,ROANU,BB,2016-05-21 18:00:00,24.0,94.0,55.6,994.0,Deep Depression
2016138N10081,2016,ROANU,BB,2016-05-21 21:00:00,24.3,94.5,46.3,995.0,Depression
2016138N10081,2016,ROANU,BB,2016-05-22 00:00:00,24.5,94.7,37.0,996.0,Depression
2016178N22068,2016,UNNAMED,AS,2016-06-26 06:00:00,21.7,67.8,,,
2016178N22068,2016,UNNAMED,AS,2016-06-26 09:00:00,21.8,67.4,,,
2016178N22068,2016,UNNAMED,AS,2016-06-26 12:00:00,21.8,67.1,,,
2016178N22068,2016,UNNAMED,AS,2016-06-26 15:00:00,21.8,66.8,,,
2016178N22068,2016,UNNAMED,AS,2016-06-26 18:00:00,21.9,66.5,,,
2016178N22068,2016,UNNAMED,AS,2016-06-26 21:00:00,22.0,66.1,,,
2016178N22068,2016,UNNAMED,AS,2016-06-27 00:00:00,22.0,65.6,,,
2016178N22068,2016,UNNAMED,AS,2016-06-27 03:00:00,22.0,65.1,,,
2016178N22068,2016,UNNAMED,AS,2016-06-27 06:00:00,21.9,64.7,,,
2016178N22068,2016,UNNAMED,AS,2016-06-27 09:00:00,21.7,64.4,46.3,996.0,Depression
2016178N22068,2016,UNNAMED,AS,2016-06-27 12:00:00,21.6,64.1,46.3,996.0,Depression
2016178N22068,2016,UNNAMED,AS,2016-06-27 15:00:00,21.5,64.0,46.3,996.0,Depression
2016178N22068,2016,UNNAMED,AS,2016-06-27 18:00:00,21.5,64.0,46.3,996.0,Depression
2016178N22068,2016,UNNAMED,AS,2016-06-27 21:00:00,21.5,64.1,46.3,996.0,Depression
2016178N22068,2016,UNNAMED,AS,2016-06-28 00:00:00,21.5,63.9,46.3,996.0,Depression
2016178N22068,2016,UNNAMED,AS,2016-06-28 03:00:00,21.2,62.9,46.3,996.0,Depression
2016178N22068,2016,UNNAMED,AS,2016-06-28 06:00:00,21.2,62.7,46.3,996.0,Depression
2016178N22068,2016,UNNAMED,AS,2016-06-28 09:00:00,21.1,62.4,46.3,996.0,Depression
2016178N22068,2016,UNNAMED,AS,2016-06-28 12:00:00,20.8,62.3,46.3,996.0,Depression
2016178N22068,2016,UNNAMED,AS,2016-06-28 15:00:00,20.5,62.3,46.3,996.0,Depression
2016178N22068,2016,UNNAMED,AS,2016-06-28 18:00:00,20.3,62.4,46.3,996.0,Depression
2016178N22068,2016,UNNAMED,AS,2016-06-28 21:00:00,20.3,62.4,46.3,996.0,Depression
2016178N22068,2016,UNNAMED,AS,2016-06-29 00:00:00,20.3,62.3,46.3,996.0,Depression
2016222N22089,2016,UNNAMED,BB,2016-08-09 09:00:00,22.0,88.5,46.3,996.0,Depression
2016222N22089,2016,UNNAMED,BB,2016-08-09 12:00:00,22.0,88.5,46.3,996.0,Depression
2016222N22089,2016,UNNAMED,BB,2016-08-09 15:00:00,22.2,88.7,46.3,996.0,Depression
2016222N22089,2016,UNNAMED,BB,2016-08-09 18:00:00,22.5,89.0,46.3,995.0,Depression
2016222N22089,2016,UNNAMED,BB,2016-08-09 21:00:00,22.7,89.5,46.3,995.0,Depression
2016222N22089,2016,UNNAMED,BB,2016-08-10 00:00:00,22.8,89.7,46.3,995.0,Depression
2016222N22089,2016,UNNAMED,BB,2016-08-10 03:00:00,23.0,89.4,55.6,994.0,Deep Depression
2016222N22089,2016,UNNAMED,BB,2016-08-10 06:00:00,23.1,89.3,55.6,994.0,Deep Depression
2016222N22089,2016,UNNAMED,BB,2016-08-10 09:00:00,23.2,89.2,55.6,994.0,Deep Depression
2016222N22089,2016,UNNAMED,BB,2016-08-10 12:00:00,23.4,89.1,55.6,994.0,Deep Depression
2016222N22089,2016,UNNAMED,BB,2016-08-10 15:00:00,23.5,88.8,55.6,994.0,Deep Depression
2016222N22089,2016,UNNAMED,BB,2016-08-10 18:00:00,23.6,88.5,55.6,994.0,Deep Depression
2016222N22089,2016,UNNAMED,BB,2016-08-10 21:00:00,23.7,88.2,55.6,994.0,Deep Depression
2016222N22089,2016,UNNAMED,BB,2016-08-11 00:00:00,23.8,87.8,55.6,994.0,Deep Depression
2016222N22089,2016,UNNAMED,BB,2016-08-11 03:00:00,24.0,87.4,55.6,994.0,Deep Depression
2016222N22089,2016,UNNAMED,BB,2016-08-11 06:00:00,24.0,87.0,46.3,996.0,Depression
2016222N22089,2016,UNNAMED,BB,2016-08-11 09:00:00,24.0,86.7,46.3,996.0,Depression
2016222N22089,2016,UNNAMED,BB,2016-08-11 12:00:00,24.0,86.5,46.3,996.0,Depression
2016222N22089,2016,UNNAMED,BB,2016-08-11 15:00:00,24.0,86.1,46.3,996.0,Depression
2016222N22089,2016,UNNAMED,BB,2016-08-11 18:00:00,24.0,85.7,46.3,996.0,Depression
2016222N22089,2016,UNNAMED,BB,2016-08-11 21:00:00,24.0,85.4,46.3,996.0,Depression
2016222N22089,2016,UNNAMED,BB,2016-08-12 00:00:00,24.0,85.0,46.3,996.0,Depression
2016222N22089,2016,UNNAMED,BB,2016-08-12 03:00:00,24.0,84.5,46.3,996.0,Depression
2016222N22089,2016,UNNAMED,BB,2016-08-12 06:00:00,24.0,84.5,46.3,996.0,Depression
2016222N22089,2016,UNNAMED,BB,2016-08-12 09:00:00,24.1,84.5,46.3,996.0,Depression
2016222N22089,2016,UNNAMED,BB,2016-08-12 12:00:00,24.2,84.5,46.3,996.0,Depression
2016222N22089,2016,UNNAMED,BB,2016-08-12 15:00:00,24.3,84.3,42.6,996.0,Depression
2016222N22089,2016,UNNAMED,BB,2016-08-12 18:00:00,24.4,84.0,37.0,996.0,Depression
2016230N21089,2016,UNNAMED,BB,2016-08-16 12:00:00,21.0,89.0,37.0,996.0,Depression
2016230N21089,2016,UNNAMED,BB,2016-08-16 15:00:00,21.1,88.9,37.0,996.0,Depression
2016230N21089,2016,UNNAMED,BB,2016-08-16 18:00:00,21.2,88.7,37.0,996.0,Depression
2016230N21089,2016,UNNAMED,BB,2016-08-16 21:00:00,21.3,88.5,37.0,996.0,Depression
2016230N21089,2016,UNNAMED,BB,2016-08-17 00:00:00,21.4,88.4,37.0,996.0,Depression
2016230N21089,2016,UNNAMED,BB,2016-08-17 03:00:00,21.5,88.5,37.0,996.0,Depression
2016230N21089,2016,UNNAMED,BB,2016-08-17 06:00:00,21.5,88.5,37.0,996.0,Depression
2016230N21089,2016,UNNAMED,BB,2016-08-17 09:00:00,21.7,88.4,42.6,995.0,Depression
2016230N21089,2016,UNNAMED,BB,2016-08-17 12:00:00,22.0,88.2,46.3,994.0,Depression
2016230N21089,2016,UNNAMED,BB,2016-08-17 15:00:00,22.4,87.6,46.3,994.0,Depression
2016230N21089,2016,UNNAMED,BB,2016-08-17 18:00:00,22.9,86.9,46.3,994.0,Depression
2016230N21089,2016,UNNAMED,BB,2016-08-17 21:00:00,23.3,86.3,46.3,994.0,Depression
2016230N21089,2016,UNNAMED,BB,2016-08-18 00:00:00,23.7,85.7,46.3,994.0,Depression
2016230N21089,2016,UNNAMED,BB,2016-08-18 03:00:00,24.0,85.0,46.3,994.0,Depression
2016230N21089,2016,UNNAMED,BB,2016-08-18 06:00:00,24.0,84.4,46.3,994.0,Depression
2016230N21089,2016,UNNAMED,BB,2016-08-18 09:00:00,24.0,83.9,46.3,994.0,Depression
2016230N21089,2016,UNNAMED,BB,2016-08-18 12:00:00,24.1,83.4,46.3,994.0,Depression
2016230N21089,2016,UNNAMED,BB,2016-08-18 15:00:00,24.2,83.0,46.3,994.0,Depression
2016230N21089,2016,UNNAMED,BB,2016-08-18 18:00:00,24.4,82.7,46.3,994.0,Depression
2016230N21089,2016,UNNAMED,BB,2016-08-18 21:00:00,24.5,82.3,46.3,994.0,Depression
2016230N21089,2016,UNNAMED,BB,2016-08-19 00:00:00,24.7,82.1,46.3,994.0,Depression
2016230N21089,2016,UNNAMED,BB,2016-08-19 03:00:00,25.0,82.3,46.3,994.0,Depression
2016230N21089,2016,UNNAMED,BB,2016-08-19 06:00:00,24.8,80.6,46.3,994.0,Depression
2016230N21089,2016,UNNAMED,BB,2016-08-19 09:00:00,24.7,79.5,46.3,994.0,Depression
2016230N21089,2016,UNNAMED,BB,2016-08-19 12:00:00,24.7,79.0,46.3,994.0,Depression
2016230N21089,2016,UNNAMED,BB,2016-08-19 15:00:00,24.7,78.6,46.3,994.0,Depression
2016230N21089,2016,UNNAMED,BB,2016-08-19 18:00:00,24.7,78.4,46.3,994.0,Depression
2016230N21089,2016,UNNAMED,BB,2016-08-19 21:00:00,24.7,78.1,46.3,994.0,Depression
2016230N21089,2016,UNNAMED,AS,2016-08-20 00:00:00,24.7,77.8,46.3,994.0,Depression
2016230N21089,2016,UNNAMED,AS,2016-08-20 03:00:00,24.8,77.5,46.3,994.0,Depression
2016230N21089,2016,UNNAMED,AS,2016-08-20 06:00:00,24.8,77.3,46.3,994.0,Depression
2016230N21089,2016,UNNAMED,AS,2016-08-20 09:00:00,24.8,77.3,42.6,994.0,Depression
2016230N21089,2016,UNNAMED,AS,2016-08-20 12:00:00,24.8,77.2,37.0,994.0,Depression
2016230N21089,2016,UNNAMED,AS,2016-08-20 15:00:00,24.9,76.9,33.3,995.0,Depression
2016230N21089,2016,UNNAMED,AS,2016-08-20 18:00:00,25.0,76.5,27.8,996.0,Low Pressure Area
2016295N13089,2016,KYANT,BB,2016-10-21 00:00:00,13.5,88.5,46.3,1003.0,Depression
2016295N13089,2016,KYANT,BB,2016-10-21 03:00:00,13.6,88.8,46.3,1003.0,Depression
2016295N13089,2016,KYANT,BB,2016-10-21 06:00:00,13.7,89.3,46.3,1003.0,Depression
2016295N13089,2016,KYANT,BB,2016-10-21 09:00:00,13.8,89.6,46.3,1003.0,Depression
2016295N13089,2016,KYANT,BB,2016-10-21 12:00:00,13.9,89.8,46.3,1003.0,Depression
2016295N13089,2016,KYANT,BB,2016-10-21 15:00:00,13.9,89.9,46.3,1003.0,Depression
2016295N13089,2016,KYANT,BB,2016-10-21 18:00:00,13.9,89.9,46.3,1003.0,Depression
2016295N13089,2016,KYANT,BB,2016-10-21 21:00:00,13.9,89.9,46.3,1003.0,Depression
2016295N13089,2016,KYANT,BB,2016-10-22 00:00:00,13.9,90.1,46.3,1002.0,Depression
2016295N13089,2016,KYANT,BB,2016-10-22 03:00:00,14.1,90.7,46.3,1002.0,Depression
2016295N13089,2016,KYANT,BB,2016-10-22 06:00:00,14.5,91.4,46.3,1002.0,Depression
2016295N13089,2016,KYANT,BB,2016-10-22 09:00:00,14.8,91.8,46.3,1002.0,Depression
2016295N13089,2016,KYANT,BB,2016-10-22 12:00:00,14.9,92.1,46.3,1002.0,Depression
2016295N13089,2016,KYANT,BB,2016-10-22 15:00:00,15.1,92.3,46.3,1002.0,Depression
2016295N13089,2016,KYANT,BB,2016-10-22 18:00:00,15.3,92.5,46.3,1002.0,Depression
2016295N13089,2016,KYANT,BB,2016-10-22 21:00:00,15.4,92.6,46.3,1002.0,Depression
2016295N13089,2016,KYANT,BB,2016-10-23 00:00:00,15.5,92.8,46.3,1002.0,Depression
2016295N13089,2016,KYANT,BB,2016-10-23 03:00:00,15.6,92.8,55.6,1000.0,Deep Depression
2016295N13089,2016,KYANT,BB,2016-10-23 06:00:00,15.6,92.8,55.6,1000.0,Deep Depression
2016295N13089,2016,KYANT,BB,2016-10-23 09:00:00,15.7,92.9,55.6,1000.0,Deep Depression
2016295N13089,2016,KYANT,BB,2016-10-23 12:00:00,15.8,93.0,55.6,1000.0,Deep Depression
2016295N13089,2016,KYANT,BB,2016-10-23 15:00:00,15.9,93.0,55.6,1000.0,Deep Depression
2016295N13089,2016,KYANT,BB,2016-10-23 18:00:00,16.0,93.1,55.6,1000.0,Deep Depression
2016295N13089,2016,KYANT,BB,2016-10-23 21:00:00,16.1,93.1,55.6,1000.0,Deep Depression
2016295N13089,2016,KYANT,BB,2016-10-24 00:00:00,16.3,93.1,55.6,1000.0,Deep Depression
2016295N13089,2016,KYANT,BB,2016-10-24 03:00:00,16.3,93.1,55.6,1000.0,Deep Depression
2016295N13089,2016,KYANT,BB,2016-10-24 06:00:00,16.5,93.1,55.6,1000.0,Deep Depression
2016295N13089,2016,KYANT,BB,2016-10-24 09:00:00,16.7,92.8,55.6,1000.0,Deep Depression
2016295N13089,2016,KYANT,BB,2016-10-24 12:00:00,16.7,92.5,55.6,1000.0,Deep Depression
2016295N13089,2016,KYANT,BB,2016-10-24 15:00:00,16.7,92.3,55.6,1000.0,Deep Depression
2016295N13089,2016,KYANT,BB,2016-10-24 18:00:00,16.7,92.2,55.6,1000.0,Deep Depression
2016295N13089,2016,KYANT,BB,2016-10-24 21:00:00,16.7,92.0,55.6,1000.0,Deep Depression
2016295N13089,2016,KYANT,BB,2016-10-25 00:00:00,16.8,91.7,55.6,1000.0,Deep Depression
2016295N13089,2016,KYANT,BB,2016-10-25 03:00:00,16.8,91.4,64.8,998.0,Cyclonic Storm
2016295N13089,2016,KYANT,BB,2016-10-25 06:00:00,16.8,91.1,64.8,998.0,Cyclonic Storm
2016295N13089,2016,KYANT,BB,2016-10-25 09:00:00,16.7,90.8,64.8,998.0,Cyclonic Storm
2016295N13089,2016,KYANT,BB,2016-10-25 12:00:00,16.8,90.6,64.8,998.0,Cyclonic Storm
2016295N13089,2016,KYANT,BB,2016-10-25 15:00:00,16.6,90.2,64.8,998.0,Cyclonic Storm
2016295N13089,2016,KYANT,BB,2016-10-25 18:00:00,16.6,89.8,64.8,998.0,Cyclonic Storm
2016295N13089,2016,KYANT,BB,2016-10-25 21:00:00,16.4,89.5,64.8,997.0,Cyclonic Storm
2016295N13089,2016,KYANT,BB,2016-10-26 00:00:00,16.4,89.0,74.1,996.0,Cyclonic Storm
2016295N13089,2016,KYANT,BB,2016-10-26 03:00:00,16.3,88.5,74.1,996.0,Cyclonic Storm
2016295N13089,2016,KYANT,BB,2016-10-26 06:00:00,16.3,87.9,74.1,996.0,Cyclonic Storm
2016295N13089,2016,KYANT,BB,2016-10-26 09:00:00,16.2,87.4,74.1,996.0,Cyclonic Storm
2016295N13089,2016,KYANT,BB,2016-10-26 12:00:00,16.2,87.0,74.1,996.0,Cyclonic Storm
2016295N13089,2016,KYANT,BB,2016-10-26 15:00:00,16.1,86.6,74.1,997.0,Cyclonic Storm
2016295N13089,2016,KYANT,BB,2016-10-26 18:00:00,16.0,86.3,64.8,998.0,Cyclonic Storm
2016295N13089,2016,KYANT,BB,2016-10-26 21:00:00,15.9,85.8,55.6,1000.0,Deep Depression
2016295N13089,2016,KYANT,BB,2016-10-27 00:00:00,15.8,85.4,55.6,1002.0,Deep Depression
2016295N13089,2016,KYANT,BB,2016-10-27 03:00:00,15.7,84.8,55.6,1002.0,Deep Depression
2016295N13089,2016,KYANT,BB,2016-10-27 06:00:00,15.7,84.4,55.6,1003.0,Deep Depression
2016295N13089,2016,KYANT,BB,2016-10-27 09:00:00,15.6,83.9,55.6,1004.0,Deep Depression
2016295N13089,2016,KYANT,BB,2016-10-27 12:00:00,15.6,83.6,55.6,1004.0,Deep Depression
2016295N13089,2016,KYANT,BB,2016-10-27 15:00:00,15.4,83.3,51.9,1004.0,Deep Depression
2016295N13089,2016,KYANT,BB,2016-10-27 18:00:00,15.3,83.0,46.3,1004.0,Depression
2016295N13089,2016,KYANT,BB,2016-10-27 21:00:00,15.2,82.8,,,
2016295N13089,2016,KYANT,BB,2016-10-28 00:00:00,15.1,82.6,,,
2016295N13089,2016,KYANT,BB,2016-10-28 03:00:00,15.0,82.4,,,
2016295N13089,2016,KYANT,BB,2016-10-28 06:00:00,14.9,82.1,,,
2016295N13089,2016,KYANT,BB,2016-10-28 09:00:00,14.8,81.9,,,
2016295N13089,2016,KYANT,BB,2016-10-28 12:00:00,14.6,81.7,,,
2016295N13089,2016,KYANT,BB,2016-10-28 15:00:00,14.4,81.5,,,
2016295N13089,2016,KYANT,BB,2016-10-28 18:00:00,14.3,81.3,,,
2016295N13089,2016,KYANT,BB,2016-10-28 21:00:00,14.2,81.2,,,
2016295N13089,2016,KYANT,BB,2016-10-29 00:00:00,14.2,81.2,,,
2016295N13089,2016,KYANT,BB,2016-10-29 03:00:00,14.1,81.1,,,
2016295N13089,2016,KYANT,BB,2016-10-29 06:00:00,14.0,81.0,,,
2016308N13088,2016,UNNAMED,BB,2016-11-02 18:00:00,12.7,88.0,46.3,1004.0,Depression
2016308N13088,2016,UNNAMED,BB,2016-11-02 21:00:00,12.8,87.5,46.3,1004.0,Depression
2016308N13088,2016,UNNAMED,BB,2016-11-03 00:00:00,13.0,87.0,46.3,1004.0,Depression
2016308N13088,2016,UNNAMED,BB,2016-11-03 03:00:00,13.4,86.5,46.3,1004.0,Depression
2016308N13088,2016,UNNAMED,BB,2016-11-03 06:00:00,13.7,86.0,46.3,1004.0,Depression
2016308N13088,2016,UNNAMED,BB,2016-11-03 09:00:00,14.0,85.7,46.3,1004.0,Depression
2016308N13088,2016,UNNAMED,BB,2016-11-03 12:00:00,14.2,85.5,46.3,1004.0,Depression
2016308N13088,2016,UNNAMED,BB,2016-11-03 15:00:00,14.4,85.2,46.3,1004.0,Depression
2016308N13088,2016,UNNAMED,BB,2016-11-03 18:00:00,14.6,85.0,46.3,1004.0,Depression
2016308N13088,2016,UNNAMED,BB,2016-11-03 21:00:00,15.0,84.9,46.3,1003.0,Depression
2016308N13088,2016,UNNAMED,BB,2016-11-04 00:00:00,15.5,84.8,46.3,1002.0,Depression
2016308N13088,2016,UNNAMED,BB,2016-11-04 03:00:00,16.0,84.7,46.3,1002.0,Depression
2016308N13088,2016,UNNAMED,BB,2016-11-04 06:00:00,16.0,84.7,46.3,1000.0,Depression
2016308N13088,2016,UNNAMED,BB,2016-11-04 09:00:00,16.1,84.7,46.3,1000.0,Depression
2016308N13088,2016,UNNAMED,BB,2016-11-04 12:00:00,16.3,84.7,46.3,1000.0,Depression
2016308N13088,2016,UNNAMED,BB,2016-11-04 15:00:00,16.6,84.8,46.3,1000.0,Depression
2016308N13088,2016,UNNAMED,BB,2016-11-04 18:00:00,16.9,85.0,46.3,1000.0,Depression
2016308N13088,2016,UNNAMED,BB,2016-11-04 21:00:00,17.2,85.4,46.3,1000.0,Depression
2016308N13088,2016,UNNAMED,BB,2016-11-05 00:00:00,17.7,86.0,46.3,1000.0,Depression
2016308N13088,2016,UNNAMED,BB,2016-11-05 03:00:00,18.3,87.0,46.3,1000.0,Depression
2016308N13088,2016,UNNAMED,BB,2016-11-05 06:00:00,18.5,87.0,46.3,1000.0,Depression
2016308N13088,2016,UNNAMED,BB,2016-11-05 09:00:00,18.7,87.7,46.3,1000.0,Depression
2016308N13088,2016,UNNAMED,BB,2016-11-05 12:00:00,19.0,88.7,46.3,1000.0,Depression
2016308N13088,2016,UNNAMED,BB,2016-11-05 15:00:00,19.2,89.1,46.3,1000.0,Depression
2016308N13088,2016,UNNAMED,BB,2016-11-05 18:00:00,19.5,89.5,46.3,1000.0,Depression
2016308N13088,2016,UNNAMED,BB,2016-11-05 21:00:00,20.0,90.3,46.3,1000.0,Depression
2016308N13088,2016,UNNAMED,BB,2016-11-06 00:00:00,20.5,91.0,46.3,1000.0,Depression
2016308N13088,2016,UNNAMED,BB,2016-11-06 03:00:00,21.0,91.5,46.3,1000.0,Depression
2016308N13088,2016,UNNAMED,BB,2016-11-06 06:00:00,21.5,91.8,46.3,1002.0,Depression
2016308N13088,2016,UNNAMED,BB,2016-11-06 09:00:00,21.6,91.9,46.3,1003.0,Depression
2016335N07088,2016,NADA,BB,2016-11-29 12:00:00,6.8,87.7,46.3,1004.0,Depression
2016335N07088,2016,NADA,BB,2016-11-29 15:00:00,7.2,87.3,46.3,1004.0,Depression
2016335N07088,2016,NADA,BB,2016-11-29 18:00:00,7.5,86.8,46.3,1003.0,Depression
2016335N07088,2016,NADA,BB,2016-11-29 21:00:00,7.8,86.3,51.9,1003.0,Deep Depression
2016335N07088,2016,NADA,BB,2016-11-30 00:00:00,8.2,85.9,55.6,1002.0,Deep Depression
2016335N07088,2016,NADA,BB,2016-11-30 03:00:00,8.6,85.3,64.8,1002.0,Cyclonic Storm
2016335N07088,2016,NADA,BB,2016-11-30 06:00:00,9.0,84.9,64.8,1002.0,Cyclonic Storm
2016335N07088,2016,NADA,BB,2016-11-30 09:00:00,9.6,84.3,64.8,1002.0,Cyclonic Storm
2016335N07088,2016,NADA,BB,2016-11-30 12:00:00,9.8,83.9,74.1,1000.0,Cyclonic Storm
2016335N07088,2016,NADA,BB,2016-11-30 15:00:00,10.0,83.4,74.1,1000.0,Cyclonic Storm
2016335N07088,2016,NADA,BB,2016-11-30 18:00:00,10.3,83.0,74.1,1000.0,Cyclonic Storm
2016335N07088,2016,NADA,BB,2016-11-30 21:00:00,10.3,82.2,74.1,1000.0,Cyclonic Storm
2016335N07088,2016,NADA,BB,2016-12-01 00:00:00,10.4,82.0,64.8,1000.0,Cyclonic Storm
2016335N07088,2016,NADA,BB,2016-12-01 03:00:00,10.4,81.7,55.6,1001.0,Deep Depression
2016335N07088,2016,NADA,BB,2016-12-01 06:00:00,10.5,81.3,55.6,1003.0,Deep Depression
2016335N07088,2016,NADA,BB,2016-12-01 09:00:00,10.6,80.9,55.6,1004.0,Deep Depression
2016335N07088,2016,NADA,BB,2016-12-01 12:00:00,10.8,80.6,55.6,1004.0,Deep Depression
2016335N07088,2016,NADA,BB,2016-12-01 15:00:00,10.8,80.4,51.9,1005.0,Deep Depression
2016335N07088,2016,NADA,BB,2016-12-01 18:00:00,10.8,80.1,46.3,1006.0,Depression
2016335N07088,2016,NADA,BB,2016-12-01 21:00:00,10.8,79.9,46.3,1006.0,Depression
2016335N07088,2016,NADA,BB,2016-12-02 00:00:00,10.9,79.6,46.3,1006.0,Depression
2016335N07088,2016,NADA,BB,2016-12-02 03:00:00,11.0,79.3,,,
2016335N07088,2016,NADA,BB,2016-12-02 06:00:00,11.0,78.9,,,
2016341N08092,2016,VARDAH,BB,2016-12-06 06:00:00,7.8,91.7,,,
2016341N08092,2016,VARDAH,BB,2016-12-06 09:00:00,8.2,91.3,46.3,1002.0,Depression
2016341N08092,2016,VARDAH,BB,2016-12-06 12:00:00,8.4,91.0,46.3,1002.0,Depression
2016341N08092,2016,VARDAH,BB,2016-12-06 15:00:00,8.7,91.0,46.3,1002.0,Depression
2016341N08092,2016,VARDAH,BB,2016-12-06 18:00:00,9.1,91.0,46.3,1002.0,Depression
2016341N08092,2016,VARDAH,BB,2016-12-06 21:00:00,9.4,91.0,46.3,1002.0,Depression
2016341N08092,2016,VARDAH,BB,2016-12-07 00:00:00,9.6,91.0,46.3,1002.0,Depression
2016341N08092,2016,VARDAH,BB,2016-12-07 03:00:00,9.8,91.1,46.3,1002.0,Depression
2016341N08092,2016,VARDAH,BB,2016-12-07 06:00:00,9.9,91.2,46.3,1002.0,Depression
2016341N08092,2016,VARDAH,BB,2016-12-07 09:00:00,10.1,91.2,46.3,1002.0,Depression
2016341N08092,2016,VARDAH,BB,2016-12-07 12:00:00,10.3,91.3,46.3,1002.0,Depression
2016341N08092,2016,VARDAH,BB,2016-12-07 15:00:00,10.5,91.3,51.9,1001.0,Deep Depression
2016341N08092,2016,VARDAH,BB,2016-12-07 18:00:00,10.8,91.3,55.6,1000.0,Deep Depression
2016341N08092,2016,VARDAH,BB,2016-12-07 21:00:00,11.0,91.3,61.1,999.0,Deep Depression
2016341N08092,2016,VARDAH,BB,2016-12-08 00:00:00,11.1,91.3,64.8,998.0,Cyclonic Storm
2016341N08092,2016,VARDAH,BB,2016-12-08 03:00:00,11.3,91.3,64.8,998.0,Cyclonic Storm
2016341N08092,2016,VARDAH,BB,2016-12-08 06:00:00,11.4,91.3,64.8,998.0,Cyclonic Storm
2016341N08092,2016,VARDAH,BB,2016-12-08 09:00:00,11.4,91.2,64.8,998.0,Cyclonic Storm
2016341N08092,2016,VARDAH,BB,2016-12-08 12:00:00,11.4,91.2,74.1,997.0,Cyclonic Storm
2016341N08092,2016,VARDAH,BB,2016-12-08 15:00:00,11.5,91.1,74.1,997.0,Cyclonic Storm
2016341N08092,2016,VARDAH,BB,2016-12-08 18:00:00,11.6,91.0,74.1,997.0,Cyclonic Storm
2016341N08092,2016,VARDAH,BB,2016-12-08 21:00:00,11.7,90.9,74.1,997.0,Cyclonic Storm
2016341N08092,2016,VARDAH,BB,2016-12-09 00:00:00,11.8,90.7,83.3,996.0,Cyclonic Storm
2016341N08092,2016,VARDAH,BB,2016-12-09 03:00:00,11.9,90.6,83.3,996.0,Cyclonic Storm
2016341N08092,2016,VARDAH,BB,2016-12-09 06:00:00,12.0,90.5,83.3,996.0,Cyclonic Storm
2016341N08092,2016,VARDAH,BB,2016-12-09 09:00:00,12.1,90.3,83.3,996.0,Cyclonic Storm
2016341N08092,2016,VARDAH,BB,2016-12-09 12:00:00,12.2,90.0,83.3,996.0,Cyclonic Storm
2016341N08092,2016,VARDAH,BB,2016-12-09 15:00:00,12.2,89.7,83.3,994.0,Cyclonic Storm
2016341N08092,2016,VARDAH,BB,2016-12-09 18:00:00,12.3,89.4,92.6,992.0,Severe Cyclonic Storm
2016341N08092,2016,VARDAH,BB,2016-12-09 21:00:00,12.5,88.8,101.9,990.0,Severe Cyclonic Storm
2016341N08092,2016,VARDAH,BB,2016-12-10 00:00:00,12.6,88.3,101.9,990.0,Severe Cyclonic Storm
2016341N08092,2016,VARDAH,BB,2016-12-10 03:00:00,12.7,87.8,101.9,990.0,Severe Cyclonic Storm
2016341N08092,2016,VARDAH,BB,2016-12-10 06:00:00,12.9,87.3,101.9,990.0,Severe Cyclonic Storm
2016341N08092,2016,VARDAH,BB,2016-12-10 09:00:00,13.0,86.7,111.1,988.0,Severe Cyclonic Storm
2016341N08092,2016,VARDAH,BB,2016-12-10 12:00:00,13.0,86.4,120.4,984.0,Very Severe Cyclonic Storm
2016341N08092,2016,VARDAH,BB,2016-12-10 15:00:00,13.1,85.9,120.4,984.0,Very Severe Cyclonic Storm
2016341N08092,2016,VARDAH,BB,2016-12-10 18:00:00,13.1,85.4,120.4,984.0,Very Severe Cyclonic Storm
2016341N08092,2016,VARDAH,BB,2016-12-10 21:00:00,13.0,85.1,120.4,982.0,Very Severe Cyclonic Storm
2016341N08092,2016,VARDAH,BB,2016-12-11 00:00:00,13.1,84.8,129.6,980.0,Very Severe Cyclonic Storm
2016341N08092,2016,VARDAH,BB,2016-12-11 03:00:00,13.0,84.4,129.6,980.0,Very Severe Cyclonic Storm
2016341N08092,2016,VARDAH,BB,2016-12-11 06:00:00,13.1,83.8,129.6,980.0,Very Severe Cyclonic Storm
2016341N08092,2016,VARDAH,BB,2016-12-11 09:00:00,13.1,83.4,129.6,980.0,Very Severe Cyclonic Storm
2016341N08092,2016,VARDAH,BB,2016-12-11 12:00:00,13.2,83.2,129.6,980.0,Very Severe Cyclonic Storm
2016341N08092,2016,VARDAH,BB,2016-12-11 15:00:00,13.2,82.7,129.6,980.0,Very Severe Cyclonic Storm
2016341N08092,2016,VARDAH,BB,2016-12-11 18:00:00,13.1,82.4,129.6,980.0,Very Severe Cyclonic Storm
2016341N08092,2016,VARDAH,BB,2016-12-11 21:00:00,13.2,82.0,129.6,978.0,Very Severe Cyclonic Storm
2016341N08092,2016,VARDAH,BB,2016-12-12 00:00:00,13.2,81.7,129.6,975.0,Very Severe Cyclonic Storm
2016341N08092,2016,VARDAH,BB,2016-12-12 03:00:00,13.2,81.3,129.6,975.0,Very Severe Cyclonic Storm
2016341N08092,2016,VARDAH,BB,2016-12-12 06:00:00,13.2,80.8,129.6,975.0,Very Severe Cyclonic Storm
2016341N08092,2016,VARDAH,BB,2016-12-12 09:00:00,13.2,80.3,111.1,975.0,Severe Cyclonic Storm
2016341N08092,2016,VARDAH,BB,2016-12-12 12:00:00,13.1,79.9,92.6,984.0,Severe Cyclonic Storm
2016341N08092,2016,VARDAH,BB,2016-12-12 15:00:00,13.1,79.4,74.1,994.0,Cyclonic Storm
2016341N08092,2016,VARDAH,BB,2016-12-12 18:00:00,13.0,78.9,55.6,1002.0,Deep Depression
2016341N08092,2016,VARDAH,BB,2016-12-12 21:00:00,13.0,78.4,46.3,1003.0,Depression
2016341N08092,2016,VARDAH,AS,2016-12-13 00:00:00,13.0,77.8,37.0,1003.0,Depression
2016341N08092,2016,VARDAH,AS,2016-12-13 03:00:00,13.0,77.4,,,
2016341N08092,2016,VARDAH,AS,2016-12-13 06:00:00,13.0,77.0,,,
2016341N08092,2016,VARDAH,AS,2016-12-13 09:00:00,13.0,76.5,,,
2016341N08092,2016,VARDAH,AS,2016-12-13 12:00:00,13.1,76.0,,,
2016341N08092,2016,VARDAH,AS,2016-12-13 15:00:00,13.2,75.6,,,
2016341N08092,2016,VARDAH,AS,2016-12-13 18:00:00,13.2,75.1,,,
2016341N08092,2016,VARDAH,AS,2016-12-13 21:00:00,13.2,74.5,,,
2016341N08092,2016,VARDAH,AS,2016-12-14 00:00:00,13.2,74.0,,,
2016341N08092,2016,VARDAH,AS,2016-12-14 03:00:00,13.2,73.6,,,
2016341N08092,2016,VARDAH,AS,2016-12-14 06:00:00,13.1,73.2,,,
2016341N08092,2016,VARDAH,AS,2016-12-14 09:00:00,13.0,72.9,,,
2016341N08092,2016,VARDAH,AS,2016-12-14 12:00:00,12.9,72.6,,,
2016341N08092,2016,VARDAH,AS,2016-12-14 15:00:00,12.8,72.2,,,
2016341N08092,2016,VARDAH,AS,2016-12-14 18:00:00,12.6,71.8,,,
2016341N08092,2016,VARDAH,AS,2016-12-14 21:00:00,12.4,71.4,,,
2016341N08092,2016,VARDAH,AS,2016-12-15 00:00:00,12.2,71.0,,,
2016341N08092,2016,VARDAH,AS,2016-12-15 03:00:00,12.0,70.6,,,
2016341N08092,2016,VARDAH,AS,2016-12-15 06:00:00,11.8,70.2,,,
2016341N08092,2016,VARDAH,AS,2016-12-15 09:00:00,11.6,69.9,,,
2016341N08092,2016,VARDAH,AS,2016-12-15 12:00:00,11.4,69.5,,,
2016341N08092,2016,VARDAH,AS,2016-12-15 15:00:00,11.2,69.0,,,
2016341N08092,2016,VARDAH,AS,2016-12-15 18:00:00,11.1,68.5,,,
2016341N08092,2016,VARDAH,AS,2016-12-15 21:00:00,11.1,68.0,,,
2016341N08092,2016,VARDAH,AS,2016-12-16 00:00:00,11.2,67.5,,,
2016341N08092,2016,VARDAH,AS,2016-12-16 03:00:00,11.2,66.9,,,
2016341N08092,2016,VARDAH,AS,2016-12-16 06:00:00,11.2,66.4,,,
2016341N08092,2016,VARDAH,AS,2016-12-16 09:00:00,11.2,65.9,,,
2016341N08092,2016,VARDAH,AS,2016-12-16 12:00:00,11.2,65.4,,,
2016341N08092,2016,VARDAH,AS,2016-12-16 15:00:00,11.2,64.9,,,
2016341N08092,2016,VARDAH,AS,2016-12-16 18:00:00,11.1,64.2,,,
2016341N08092,2016,VARDAH,AS,2016-12-16 21:00:00,11.0,63.1,46.3,998.0,Depression
2016341N08092,2016,VARDAH,AS,2016-12-17 00:00:00,11.1,62.1,46.3,998.0,Depression
2016341N08092,2016,VARDAH,AS,2016-12-17 03:00:00,11.2,61.4,46.3,,Depression
2016341N08092,2016,VARDAH,AS,2016-12-17 06:00:00,11.0,60.8,46.3,998.0,Depression
2016341N08092,2016,VARDAH,AS,2016-12-17 09:00:00,10.8,60.3,46.3,,Depression
2016341N08092,2016,VARDAH,AS,2016-12-17 12:00:00,10.6,59.8,46.3,998.0,Depression
2016341N08092,2016,VARDAH,AS,2016-12-17 15:00:00,10.2,59.1,46.3,,Depression
2016341N08092,2016,VARDAH,AS,2016-12-17 18:00:00,9.8,58.3,46.3,996.0,Depression
2016341N08092,2016,VARDAH,AS,2016-12-17 21:00:00,9.5,57.4,37.0,994.0,Depression
2016341N08092,2016,VARDAH,AS,2016-12-18 00:00:00,9.4,56.8,,,
2016341N08092,2016,VARDAH,AS,2016-12-18 03:00:00,9.3,56.1,,,
2016341N08092,2016,VARDAH,AS,2016-12-18 06:00:00,9.3,55.4,,,
2016341N08092,2016,VARDAH,AS,2016-12-18 09:00:00,9.3,54.6,,,
2016341N08092,2016,VARDAH,AS,2016-12-18 12:00:00,9.3,53.7,,,
2016341N08092,2016,VARDAH,AS,2016-12-18 15:00:00,9.3,52.9,,,
2016341N08092,2016,VARDAH,AS,2016-12-18 18:00:00,9.2,52.1,,,
2016341N08092,2016,VARDAH,AS,2016-12-18 21:00:00,9.1,51.5,,,
2016341N08092,2016,VARDAH,AS,2016-12-19 00:00:00,8.9,51.0,,,
2017104N08085,2017,MAARUTHA,BB,2017-04-14 00:00:00,8.2,85.3,,,
2017104N08085,2017,MAARUTHA,BB,2017-04-14 03:00:00,8.8,85.7,,,
2017104N08085,2017,MAARUTHA,BB,2017-04-14 06:00:00,9.4,86.1,,,
2017104N08085,2017,MAARUTHA,BB,2017-04-14 09:00:00,10.0,86.5,,,
2017104N08085,2017,MAARUTHA,BB,2017-04-14 12:00:00,10.5,86.9,,,
2017104N08085,2017,MAARUTHA,BB,2017-04-14 15:00:00,10.9,87.3,,,
2017104N08085,2017,MAARUTHA,BB,2017-04-14 18:00:00,11.3,87.6,,,
2017104N08085,2017,MAARUTHA,BB,2017-04-14 21:00:00,11.8,88.0,,,
2017104N08085,2017,MAARUTHA,BB,2017-04-15 00:00:00,12.2,88.3,46.3,1001.0,Depression
2017104N08085,2017,MAARUTHA,BB,2017-04-15 03:00:00,12.7,88.7,46.3,1001.0,Depression
2017104N08085,2017,MAARUTHA,BB,2017-04-15 06:00:00,13.3,89.2,46.3,1000.0,Depression
2017104N08085,2017,MAARUTHA,BB,2017-04-15 09:00:00,13.8,89.7,55.6,999.0,Deep Depression
2017104N08085,2017,MAARUTHA,BB,2017-04-15 12:00:00,14.3,90.2,55.6,999.0,Deep Depression
2017104N08085,2017,MAARUTHA,BB,2017-04-15 15:00:00,14.7,90.7,61.1,999.0,Deep Depression
2017104N08085,2017,MAARUTHA,BB,2017-04-15 18:00:00,15.1,91.1,64.8,998.0,Cyclonic Storm
2017104N08085,2017,MAARUTHA,BB,2017-04-15 21:00:00,15.4,91.3,74.1,996.0,Cyclonic Storm
2017104N08085,2017,MAARUTHA,BB,2017-04-16 00:00:00,16.0,92.0,74.1,996.0,Cyclonic Storm
2017104N08085,2017,MAARUTHA,BB,2017-04-16 03:00:00,16.6,92.5,74.1,996.0,Cyclonic Storm
2017104N08085,2017,MAARUTHA,BB,2017-04-16 06:00:00,17.2,92.9,74.1,996.0,Cyclonic Storm
2017104N08085,2017,MAARUTHA,BB,2017-04-16 09:00:00,17.7,93.2,74.1,996.0,Cyclonic Storm
2017104N08085,2017,MAARUTHA,BB,2017-04-16 12:00:00,18.1,93.6,74.1,996.0,Cyclonic Storm
2017104N08085,2017,MAARUTHA,BB,2017-04-16 15:00:00,18.5,93.9,74.1,996.0,Cyclonic Storm
2017104N08085,2017,MAARUTHA,BB,2017-04-16 18:00:00,18.8,94.3,74.1,996.0,Cyclonic Storm
2017104N08085,2017,MAARUTHA,BB,2017-04-16 21:00:00,19.3,94.8,55.6,1000.0,Deep Depression
2017104N08085,2017,MAARUTHA,BB,2017-04-17 00:00:00,19.8,95.4,37.0,1002.0,Depression
2017147N14087,2017,MORA,BB,2017-05-27 06:00:00,13.9,87.4,,,
2017147N14087,2017,MORA,BB,2017-05-27 09:00:00,13.8,87.9,,,
2017147N14087,2017,MORA,BB,2017-05-27 12:00:00,13.8,88.4,,,
2017147N14087,2017,MORA,BB,2017-05-27 15:00:00,13.8,88.8,,,
2017147N14087,2017,MORA,BB,2017-05-27 18:00:00,13.9,89.2,,,
2017147N14087,2017,MORA,BB,2017-05-27 21:00:00,14.0,89.6,,,
2017147N14087,2017,MORA,BB,2017-05-28 00:00:00,14.2,89.7,46.3,998.0,Depression
2017147N14087,2017,MORA,BB,2017-05-28 03:00:00,14.7,90.1,46.3,998.0,Depression
2017147N14087,2017,MORA,BB,2017-05-28 06:00:00,15.1,90.5,46.3,997.0,Depression
2017147N14087,2017,MORA,BB,2017-05-28 09:00:00,15.5,90.7,55.6,996.0,Deep Depression
2017147N14087,2017,MORA,BB,2017-05-28 12:00:00,15.8,90.9,55.6,995.0,Deep Depression
2017147N14087,2017,MORA,BB,2017-05-28 15:00:00,16.0,91.0,64.8,994.0,Cyclonic Storm
2017147N14087,2017,MORA,BB,2017-05-28 18:00:00,16.3,91.1,64.8,994.0,Cyclonic Storm
2017147N14087,2017,MORA,BB,2017-05-28 21:00:00,16.6,91.2,74.1,992.0,Cyclonic Storm
2017147N14087,2017,MORA,BB,2017-05-29 00:00:00,17.0,91.3,83.3,990.0,Cyclonic Storm
2017147N14087,2017,MORA,BB,2017-05-29 03:00:00,17.3,91.3,83.3,990.0,Cyclonic Storm
2017147N14087,2017,MORA,BB,2017-05-29 06:00:00,17.8,91.5,83.3,988.0,Cyclonic Storm
2017147N14087,2017,MORA,BB,2017-05-29 09:00:00,18.2,91.6,83.3,986.0,Cyclonic Storm
2017147N14087,2017,MORA,BB,2017-05-29 12:00:00,18.7,91.6,92.6,984.0,Severe Cyclonic Storm
2017147N14087,2017,MORA,BB,2017-05-29 15:00:00,19.0,91.6,101.9,980.0,Severe Cyclonic Storm
2017147N14087,2017,MORA,BB,2017-05-29 18:00:00,19.8,91.7,101.9,980.0,Severe Cyclonic Storm
2017147N14087,2017,MORA,BB,2017-05-29 21:00:00,20.3,91.7,111.1,978.0,Severe Cyclonic Storm
2017147N14087,2017,MORA,BB,2017-05-30 00:00:00,21.0,91.9,111.1,978.0,Severe Cyclonic Storm
2017147N14087,2017,MORA,BB,2017-05-30 03:00:00,21.9,92.0,111.1,978.0,Severe Cyclonic Storm
2017147N14087,2017,MORA,BB,2017-05-30 06:00:00,23.0,92.0,101.9,982.0,Severe Cyclonic Storm
2017147N14087,2017,MORA,BB,2017-05-30 09:00:00,23.9,92.2,74.1,988.0,Cyclonic Storm
2017147N14087,2017,MORA,BB,2017-05-30 12:00:00,24.7,92.4,55.6,990.0,Deep Depression
2017147N14087,2017,MORA,BB,2017-05-30 15:00:00,25.2,92.6,46.3,992.0,Depression
2017147N14087,2017,MORA,BB,2017-05-30 18:00:00,25.7,92.9,37.0,994.0,Depression
2017163N20090,2017,UNNAMED,BB,2017-06-11 12:00:00,20.5,89.5,46.3,990.0,Depression
2017163N20090,2017,UNNAMED,BB,2017-06-11 15:00:00,21.0,89.7,46.3,989.0,Depression
2017163N20090,2017,UNNAMED,BB,2017-06-11 18:00:00,21.5,90.0,46.3,988.0,Depression
2017163N20090,2017,UNNAMED,BB,2017-06-11 21:00:00,22.0,90.3,51.9,988.0,Deep Depression
2017163N20090,2017,UNNAMED,BB,2017-06-12 00:00:00,22.5,90.5,55.6,988.0,Deep Depression
2017163N20090,2017,UNNAMED,BB,2017-06-12 03:00:00,23.0,90.5,55.6,990.0,Deep Depression
2017163N20090,2017,UNNAMED,BB,2017-06-12 06:00:00,23.5,90.7,55.6,990.0,Deep Depression
2017163N20090,2017,UNNAMED,BB,2017-06-12 09:00:00,23.8,90.8,55.6,990.0,Deep Depression
2017163N20090,2017,UNNAMED,BB,2017-06-12 12:00:00,24.0,91.0,55.6,990.0,Deep Depression
2017163N20090,2017,UNNAMED,BB,2017-06-12 15:00:00,24.2,91.2,51.9,993.0,Deep Depression
2017163N20090,2017,UNNAMED,BB,2017-06-12 18:00:00,24.5,91.5,46.3,995.0,Depression
2017199N19086,2017,UNNAMED,BB,2017-07-18 00:00:00,19.0,86.0,46.3,992.0,Depression
2017199N19086,2017,UNNAMED,BB,2017-07-18 03:00:00,19.0,86.0,46.3,992.0,Depression
2017199N19086,2017,UNNAMED,BB,2017-07-18 06:00:00,19.5,85.5,46.3,992.0,Depression
2017199N19086,2017,UNNAMED,BB,2017-07-18 09:00:00,19.8,85.3,46.3,992.0,Depression
2017199N19086,2017,UNNAMED,BB,2017-07-18 12:00:00,19.9,85.3,46.3,992.0,Depression
2017199N19086,2017,UNNAMED,BB,2017-07-18 15:00:00,19.9,85.3,46.3,993.0,Depression
2017199N19086,2017,UNNAMED,BB,2017-07-18 18:00:00,19.9,85.3,46.3,994.0,Depression
2017199N19086,2017,UNNAMED,BB,2017-07-18 21:00:00,20.0,85.3,46.3,994.0,Depression
2017199N19086,2017,UNNAMED,BB,2017-07-19 00:00:00,20.1,85.2,46.3,994.0,Depression
2017207N24085,2017,UNNAMED,BB,2017-07-26 00:00:00,24.0,85.0,46.3,993.0,Depression
2017207N24085,2017,UNNAMED,BB,2017-07-26 03:00:00,24.0,85.0,46.3,994.0,Depression
2017207N24085,2017,UNNAMED,BB,2017-07-26 06:00:00,24.0,85.0,46.3,994.0,Depression
2017207N24085,2017,UNNAMED,BB,2017-07-26 09:00:00,24.0,85.0,42.6,994.0,Depression
2017207N24085,2017,UNNAMED,BB,2017-07-26 12:00:00,24.0,85.0,37.0,994.0,Depression
2017207N24085,2017,UNNAMED,BB,2017-07-26 15:00:00,24.0,85.0,37.0,995.0,Depression
2017207N24085,2017,UNNAMED,BB,2017-07-26 18:00:00,24.0,85.0,37.0,995.0,Depression
2017207N24085,2017,UNNAMED,BB,2017-07-26 21:00:00,24.0,85.0,37.0,995.0,Depression
2017207N24085,2017,UNNAMED,BB,2017-07-27 00:00:00,24.0,85.0,37.0,995.0,Depression
2017232N19130,2017,HATO,MM,2017-08-19 12:00:00,19.1,130.1,,1006.0,
2017232N19130,2017,HATO,MM,2017-08-19 15:00:00,19.3,129.6,,,
2017232N19130,2017,HATO,MM,2017-08-19 18:00:00,19.0,129.6,,1004.0,
2017232N19130,2017,HATO,MM,2017-08-19 21:00:00,19.1,129.2,,,
2017232N19130,2017,HATO,MM,2017-08-20 00:00:00,19.3,128.8,,1004.0,
2017232N19130,2017,HATO,MM,2017-08-20 03:00:00,19.4,128.3,,,
2017232N19130,2017,HATO,MM,2017-08-20 06:00:00,19.5,127.7,,1002.0,
2017232N19130,2017,HATO,MM,2017-08-20 09:00:00,19.6,127.2,,,
2017232N19130,2017,HATO,MM,2017-08-20 12:00:00,19.6,126.7,64.8,998.0,Cyclonic Storm
2017232N19130,2017,HATO,MM,2017-08-20 15:00:00,19.7,126.3,,,
2017232N19130,2017,HATO,MM,2017-08-20 18:00:00,19.8,125.9,64.8,996.0,Cyclonic Storm
2017232N19130,2017,HATO,MM,2017-08-20 21:00:00,19.9,125.6,,,
2017232N19130,2017,HATO,MM,2017-08-21 00:00:00,20.1,125.1,64.8,994.0,Cyclonic Storm
2017232N19130,2017,HATO,MM,2017-08-21 03:00:00,20.2,124.6,,,
2017232N19130,2017,HATO,MM,2017-08-21 06:00:00,20.3,124.1,64.8,994.0,Cyclonic Storm
2017232N19130,2017,HATO,MM,2017-08-21 09:00:00,20.4,123.6,,,
2017232N19130,2017,HATO,MM,2017-08-21 12:00:00,20.3,122.9,74.1,990.0,Cyclonic Storm
2017232N19130,2017,HATO,MM,2017-08-21 15:00:00,20.2,122.1,,,
2017232N19130,2017,HATO,MM,2017-08-21 18:00:00,20.1,121.3,74.1,990.0,Cyclonic Storm
2017232N19130,2017,HATO,MM,2017-08-21 21:00:00,20.2,120.6,,,
2017232N19130,2017,HATO,MM,2017-08-22 00:00:00,20.3,120.0,83.3,985.0,Cyclonic Storm
2017232N19130,2017,HATO,MM,2017-08-22 03:00:00,20.4,119.4,,,
2017232N19130,2017,HATO,MM,2017-08-22 06:00:00,20.4,118.7,111.1,975.0,Severe Cyclonic Storm
2017232N19130,2017,HATO,MM,2017-08-22 09:00:00,20.5,118.0,,,
2017232N19130,2017,HATO,MM,2017-08-22 12:00:00,20.6,117.3,111.1,975.0,Severe Cyclonic Storm
2017232N19130,2017,HATO,MM,2017-08-22 15:00:00,20.8,116.7,,,
2017232N19130,2017,HATO,MM,2017-08-22 18:00:00,21.0,116.0,120.4,970.0,Very Severe Cyclonic Storm
2017232N19130,2017,HATO,MM,2017-08-22 21:00:00,21.2,115.2,,,
2017232N19130,2017,HATO,MM,2017-08-23 00:00:00,21.5,114.5,138.9,965.0,Very Severe Cyclonic Storm
2017232N19130,2017,HATO,MM,2017-08-23 03:00:00,21.9,113.7,,,
2017232N19130,2017,HATO,MM,2017-08-23 06:00:00,22.2,112.9,138.9,965.0,Very Severe Cyclonic Storm
2017232N19130,2017,HATO,MM,2017-08-23 09:00:00,22.5,111.9,,,
2017232N19130,2017,HATO,MM,2017-08-23 12:00:00,22.7,110.9,92.6,985.0,Severe Cyclonic Storm
2017232N19130,2017,HATO,MM,2017-08-23 15:00:00,22.9,110.0,,,
2017232N19130,2017,HATO,MM,2017-08-23 18:00:00,23.1,109.1,74.1,994.0,Cyclonic Storm
2017232N19130,2017,HATO,MM,2017-08-23 21:00:00,23.3,108.3,,,
2017232N19130,2017,HATO,MM,2017-08-24 00:00:00,23.4,107.6,64.8,996.0,Cyclonic Storm
2017232N19130,2017,HATO,MM,2017-08-24 03:00:00,23.6,106.9,,,
2017232N19130,2017,HATO,MM,2017-08-24 06:00:00,23.7,106.2,64.8,996.0,Cyclonic Storm
2017232N19130,2017,HATO,MM,2017-08-24 09:00:00,23.7,105.5,,,
2017232N19130,2017,HATO,MM,2017-08-24 12:00:00,23.8,104.7,,998.0,
2017232N19130,2017,HATO,MM,2017-08-24 15:00:00,23.7,103.6,,,
2017232N19130,2017,HATO,MM,2017-08-24 18:00:00,23.7,102.4,,1000.0,
2017232N19130,2017,HATO,MM,2017-08-24 21:00:00,23.7,101.0,,,
2017232N19130,2017,HATO,BB,2017-08-25 00:00:00,23.7,99.7,,,
2017282N22088,2017,UNNAMED,BB,2017-10-09 00:00:00,22.4,88.4,46.3,996.0,Depression
2017282N22088,2017,UNNAMED,BB,2017-10-09 03:00:00,22.5,88.4,55.6,996.0,Deep Depression
2017282N22088,2017,UNNAMED,BB,2017-10-09 06:00:00,22.6,88.3,55.6,996.0,Deep Depression
2017282N22088,2017,UNNAMED,BB,2017-10-09 09:00:00,22.7,88.2,55.6,997.0,Deep Depression
2017282N22088,2017,UNNAMED,BB,2017-10-09 12:00:00,22.9,88.1,55.6,997.0,Deep Depression
2017282N22088,2017,UNNAMED,BB,2017-10-09 15:00:00,23.0,88.0,55.6,997.0,Deep Depression
2017282N22088,2017,UNNAMED,BB,2017-10-09 18:00:00,23.1,87.8,55.6,997.0,Deep Depression
2017282N22088,2017,UNNAMED,BB,2017-10-09 21:00:00,23.1,87.5,55.6,998.0,Deep Depression
2017282N22088,2017,UNNAMED,BB,2017-10-10 00:00:00,23.2,87.1,55.6,998.0,Deep Depression
2017282N22088,2017,UNNAMED,BB,2017-10-10 03:00:00,23.5,86.7,55.6,1000.0,Deep Depression
2017282N22088,2017,UNNAMED,BB,2017-10-10 06:00:00,23.8,86.6,46.3,1000.0,Depression
2017292N17087,2017,UNNAMED,BB,2017-10-19 00:00:00,16.5,86.5,46.3,999.0,Depression
2017292N17087,2017,UNNAMED,BB,2017-10-19 03:00:00,16.8,86.5,46.3,998.0,Depression
2017292N17087,2017,UNNAMED,BB,2017-10-19 06:00:00,17.3,86.3,46.3,998.0,Depression
2017292N17087,2017,UNNAMED,BB,2017-10-19 09:00:00,18.4,86.3,46.3,998.0,Depression
2017292N17087,2017,UNNAMED,BB,2017-10-19 12:00:00,20.0,86.5,46.3,998.0,Depression
2017307N07102,2017,UNNAMED,MM,2017-11-03 00:00:00,7.2,102.4,,,
2017307N07102,2017,UNNAMED,MM,2017-11-03 03:00:00,7.3,102.0,,,
2017307N07102,2017,UNNAMED,MM,2017-11-03 06:00:00,7.3,101.8,,,
2017307N07102,2017,UNNAMED,MM,2017-11-03 09:00:00,7.2,101.7,,,
2017307N07102,2017,UNNAMED,MM,2017-11-03 12:00:00,7.0,101.7,,,
2017307N07102,2017,UNNAMED,MM,2017-11-03 15:00:00,6.8,101.5,,,
2017307N07102,2017,UNNAMED,MM,2017-11-03 18:00:00,6.6,101.3,,,
2017307N07102,2017,UNNAMED,MM,2017-11-03 21:00:00,6.5,101.0,,,
2017307N07102,2017,UNNAMED,MM,2017-11-04 00:00:00,6.4,100.7,,,
2017307N07102,2017,UNNAMED,MM,2017-11-04 03:00:00,6.2,100.5,,,
2017307N07102,2017,UNNAMED,MM,2017-11-04 06:00:00,6.0,100.4,,,
2017307N07102,2017,UNNAMED,MM,2017-11-04 09:00:00,5.8,100.3,,,
2017307N07102,2017,UNNAMED,MM,2017-11-04 12:00:00,5.6,100.3,,,
2017307N07102,2017,UNNAMED,MM,2017-11-04 15:00:00,5.4,100.3,,,
2017307N07102,2017,UNNAMED,MM,2017-11-04 18:00:00,5.2,100.4,,,
2017307N07102,2017,UNNAMED,MM,2017-11-04 21:00:00,5.1,100.6,,,
2017307N07102,2017,UNNAMED,MM,2017-11-05 00:00:00,5.1,100.9,,,
2017307N07102,2017,UNNAMED,MM,2017-11-05 03:00:00,5.1,101.3,,,
2017307N07102,2017,UNNAMED,MM,2017-11-05 06:00:00,5.2,101.6,,,
2017307N07102,2017,UNNAMED,MM,2017-11-05 09:00:00,5.5,101.8,,,
2017307N07102,2017,UNNAMED,MM,2017-11-05 12:00:00,5.8,102.0,,,
2017307N07102,2017,UNNAMED,MM,2017-11-05 15:00:00,6.1,102.3,,,
2017307N07102,2017,UNNAMED,MM,2017-11-05 18:00:00,6.5,102.6,,,
2017307N07102,2017,UNNAMED,MM,2017-11-05 21:00:00,7.0,102.6,,,
2017307N07102,2017,UNNAMED,MM,2017-11-06 00:00:00,7.5,102.6,,,
2017307N07102,2017,UNNAMED,MM,2017-11-06 03:00:00,7.9,102.6,,,
2017307N07102,2017,UNNAMED,MM,2017-11-06 06:00:00,8.3,102.6,,,
2017307N07102,2017,UNNAMED,MM,2017-11-06 09:00:00,8.6,102.6,,,
2017307N07102,2017,UNNAMED,MM,2017-11-06 12:00:00,8.8,102.5,,,
2017307N07102,2017,UNNAMED,MM,2017-11-06 15:00:00,9.0,102.3,,,
2017307N07102,2017,UNNAMED,MM,2017-11-06 18:00:00,9.3,102.0,,,
2017307N07102,2017,UNNAMED,MM,2017-11-06 21:00:00,9.6,101.7,,,
2017307N07102,2017,UNNAMED,MM,2017-11-07 00:00:00,9.9,101.4,,,
2017307N07102,2017,UNNAMED,MM,2017-11-07 03:00:00,10.2,101.0,,,
2017307N07102,2017,UNNAMED,MM,2017-11-07 06:00:00,10.5,100.7,,,
2017307N07102,2017,UNNAMED,MM,2017-11-07 09:00:00,10.7,100.6,,,
2017307N07102,2017,UNNAMED,MM,2017-11-07 12:00:00,10.9,100.5,,,
2017307N07102,2017,UNNAMED,MM,2017-11-07 15:00:00,11.0,100.3,,,
2017307N07102,2017,UNNAMED,MM,2017-11-07 18:00:00,11.1,100.0,,,
2017307N07102,2017,UNNAMED,BB,2017-11-07 21:00:00,11.2,99.8,,,
2017307N07102,2017,UNNAMED,BB,2017-11-08 00:00:00,11.3,99.6,,,
2017319N15083,2017,UNNAMED,BB,2017-11-15 03:00:00,15.0,83.0,46.3,1004.0,Depression
2017319N15083,2017,UNNAMED,BB,2017-11-15 06:00:00,15.5,83.0,46.3,1004.0,Depression
2017319N15083,2017,UNNAMED,BB,2017-11-15 09:00:00,15.9,83.1,46.3,1003.0,Depression
2017319N15083,2017,UNNAMED,BB,2017-11-15 12:00:00,16.2,83.3,46.3,1001.0,Depression
2017319N15083,2017,UNNAMED,BB,2017-11-15 15:00:00,16.6,83.5,46.3,1002.0,Depression
2017319N15083,2017,UNNAMED,BB,2017-11-15 18:00:00,17.0,83.8,46.3,1002.0,Depression
2017319N15083,2017,UNNAMED,BB,2017-11-15 21:00:00,17.3,84.0,46.3,1003.0,Depression
2017319N15083,2017,UNNAMED,BB,2017-11-16 00:00:00,17.5,84.1,46.3,1004.0,Depression
2017319N15083,2017,UNNAMED,BB,2017-11-16 03:00:00,17.7,84.3,46.3,1004.0,Depression
2017319N15083,2017,UNNAMED,BB,2017-11-16 06:00:00,17.7,84.3,46.3,1004.0,Depression
2017319N15083,2017,UNNAMED,BB,2017-11-16 09:00:00,17.9,84.6,46.3,1004.0,Depression
2017319N15083,2017,UNNAMED,BB,2017-11-16 12:00:00,18.1,85.0,46.3,1004.0,Depression
2017319N15083,2017,UNNAMED,BB,2017-11-16 15:00:00,18.3,85.3,46.3,1004.0,Depression
2017319N15083,2017,UNNAMED,BB,2017-11-16 18:00:00,18.5,85.5,46.3,1004.0,Depression
2017319N15083,2017,UNNAMED,BB,2017-11-16 21:00:00,18.5,85.6,46.3,1004.0,Depression
2017319N15083,2017,UNNAMED,BB,2017-11-17 00:00:00,18.8,85.8,46.3,1004.0,Depression
2017319N15083,2017,UNNAMED,BB,2017-11-17 03:00:00,19.5,86.3,46.3,1006.0,Depression
2017333N06082,2017,OCKHI,BB,2017-11-28 18:00:00,6.0,82.2,,,
2017333N06082,2017,OCKHI,BB,2017-11-28 21:00:00,5.9,82.0,,,
2017333N06082,2017,OCKHI,BB,2017-11-29 00:00:00,5.9,81.7,,,
2017333N06082,2017,OCKHI,BB,2017-11-29 03:00:00,6.0,81.4,46.3,1004.0,Depression
2017333N06082,2017,OCKHI,BB,2017-11-29 06:00:00,6.1,80.7,46.3,1004.0,Depression
2017333N06082,2017,OCKHI,BB,2017-11-29 09:00:00,6.2,80.1,46.3,1003.0,Depression
2017333N06082,2017,OCKHI,BB,2017-11-29 12:00:00,6.2,79.9,46.3,1002.0,Depression
2017333N06082,2017,OCKHI,BB,2017-11-29 15:00:00,6.3,79.5,46.3,1002.0,Depression
2017333N06082,2017,OCKHI,BB,2017-11-29 18:00:00,6.5,79.0,46.3,1002.0,Depression
2017333N06082,2017,OCKHI,BB,2017-11-29 21:00:00,6.7,78.5,55.6,1001.0,Deep Depression
2017333N06082,2017,OCKHI,BB,2017-11-30 00:00:00,7.0,78.1,55.6,1000.0,Deep Depression
2017333N06082,2017,OCKHI,AS,2017-11-30 03:00:00,7.5,77.4,64.8,999.0,Cyclonic Storm
2017333N06082,2017,OCKHI,AS,2017-11-30 06:00:00,7.8,76.8,74.1,998.0,Cyclonic Storm
2017333N06082,2017,OCKHI,AS,2017-11-30 09:00:00,7.9,76.3,83.3,996.0,Cyclonic Storm
2017333N06082,2017,OCKHI,AS,2017-11-30 12:00:00,8.2,75.8,83.3,996.0,Cyclonic Storm
2017333N06082,2017,OCKHI,AS,2017-11-30 15:00:00,8.3,75.4,83.3,996.0,Cyclonic Storm
2017333N06082,2017,OCKHI,AS,2017-11-30 18:00:00,8.5,74.9,83.3,994.0,Cyclonic Storm
2017333N06082,2017,OCKHI,AS,2017-11-30 21:00:00,8.6,74.5,83.3,994.0,Cyclonic Storm
2017333N06082,2017,OCKHI,AS,2017-12-01 00:00:00,8.8,74.1,92.6,992.0,Severe Cyclonic Storm
2017333N06082,2017,OCKHI,AS,2017-12-01 03:00:00,8.8,73.8,101.9,990.0,Severe Cyclonic Storm
2017333N06082,2017,OCKHI,AS,2017-12-01 06:00:00,8.9,73.4,111.1,989.0,Severe Cyclonic Storm
2017333N06082,2017,OCKHI,AS,2017-12-01 09:00:00,8.9,73.0,120.4,988.0,Very Severe Cyclonic Storm
2017333N06082,2017,OCKHI,AS,2017-12-01 12:00:00,9.0,72.8,120.4,986.0,Very Severe Cyclonic Storm
2017333N06082,2017,OCKHI,AS,2017-12-01 15:00:00,9.1,72.5,120.4,984.0,Very Severe Cyclonic Storm
2017333N06082,2017,OCKHI,AS,2017-12-01 18:00:00,9.2,72.1,129.6,982.0,Very Severe Cyclonic Storm
2017333N06082,2017,OCKHI,AS,2017-12-01 21:00:00,9.3,71.8,138.9,980.0,Very Severe Cyclonic Storm
2017333N06082,2017,OCKHI,AS,2017-12-02 00:00:00,9.5,71.5,148.2,978.0,Very Severe Cyclonic Storm
2017333N06082,2017,OCKHI,AS,2017-12-02 03:00:00,9.6,71.2,148.2,978.0,Very Severe Cyclonic Storm
2017333N06082,2017,OCKHI,AS,2017-12-02 06:00:00,9.8,71.0,157.4,976.0,Very Severe Cyclonic Storm
2017333N06082,2017,OCKHI,AS,2017-12-02 09:00:00,10.2,70.6,157.4,976.0,Very Severe Cyclonic Storm
2017333N06082,2017,OCKHI,AS,2017-12-02 12:00:00,10.5,70.3,157.4,976.0,Very Severe Cyclonic Storm
2017333N06082,2017,OCKHI,AS,2017-12-02 15:00:00,10.7,70.0,157.4,976.0,Very Severe Cyclonic Storm
2017333N06082,2017,OCKHI,AS,2017-12-02 18:00:00,11.0,69.7,157.4,976.0,Very Severe Cyclonic Storm
2017333N06082,2017,OCKHI,AS,2017-12-02 21:00:00,11.2,69.5,157.4,976.0,Very Severe Cyclonic Storm
2017333N06082,2017,OCKHI,AS,2017-12-03 00:00:00,11.5,69.3,157.4,976.0,Very Severe Cyclonic Storm
2017333N06082,2017,OCKHI,AS,2017-12-03 03:00:00,11.9,69.0,148.2,977.0,Very Severe Cyclonic Storm
2017333N06082,2017,OCKHI,AS,2017-12-03 06:00:00,12.2,68.9,138.9,978.0,Very Severe Cyclonic Storm
2017333N06082,2017,OCKHI,AS,2017-12-03 09:00:00,12.4,68.8,138.9,980.0,Very Severe Cyclonic Storm
2017333N06082,2017,OCKHI,AS,2017-12-03 12:00:00,12.9,68.7,138.9,982.0,Very Severe Cyclonic Storm
2017333N06082,2017,OCKHI,AS,2017-12-03 15:00:00,13.1,68.6,138.9,982.0,Very Severe Cyclonic Storm
2017333N06082,2017,OCKHI,AS,2017-12-03 18:00:00,13.5,68.5,138.9,982.0,Very Severe Cyclonic Storm
2017333N06082,2017,OCKHI,AS,2017-12-03 21:00:00,13.9,68.5,138.9,982.0,Very Severe Cyclonic Storm
2017333N06082,2017,OCKHI,AS,2017-12-04 00:00:00,14.3,68.5,129.6,984.0,Very Severe Cyclonic Storm
2017333N06082,2017,OCKHI,AS,2017-12-04 03:00:00,14.5,68.5,120.4,986.0,Very Severe Cyclonic Storm
2017333N06082,2017,OCKHI,AS,2017-12-04 06:00:00,14.8,68.7,120.4,986.0,Very Severe Cyclonic Storm
2017333N06082,2017,OCKHI,AS,2017-12-04 09:00:00,15.1,69.0,120.4,986.0,Very Severe Cyclonic Storm
2017333N06082,2017,OCKHI,AS,2017-12-04 12:00:00,15.6,69.2,111.1,988.0,Severe Cyclonic Storm
2017333N06082,2017,OCKHI,AS,2017-12-04 15:00:00,16.1,69.5,111.1,988.0,Severe Cyclonic Storm
2017333N06082,2017,OCKHI,AS,2017-12-04 18:00:00,16.6,69.9,101.9,990.0,Severe Cyclonic Storm
2017333N06082,2017,OCKHI,AS,2017-12-04 21:00:00,17.0,70.3,101.9,992.0,Severe Cyclonic Storm
2017333N06082,2017,OCKHI,AS,2017-12-05 00:00:00,17.5,70.7,92.6,994.0,Severe Cyclonic Storm
2017333N06082,2017,OCKHI,AS,2017-12-05 03:00:00,17.9,71.0,83.3,996.0,Cyclonic Storm
2017333N06082,2017,OCKHI,AS,2017-12-05 06:00:00,18.2,71.2,74.1,998.0,Cyclonic Storm
2017333N06082,2017,OCKHI,AS,2017-12-05 09:00:00,18.3,71.4,55.6,1000.0,Deep Depression
2017333N06082,2017,OCKHI,AS,2017-12-05 12:00:00,18.5,71.5,55.6,1002.0,Deep Depression
2017333N06082,2017,OCKHI,AS,2017-12-05 15:00:00,18.8,71.6,46.3,1003.0,Depression
2017333N06082,2017,OCKHI,AS,2017-12-05 18:00:00,19.2,71.9,37.0,1004.0,Depression
2017340N09089,2017,UNNAMED,BB,2017-12-06 03:00:00,8.5,88.5,46.3,1004.0,Depression
2017340N09089,2017,UNNAMED,BB,2017-12-06 06:00:00,8.8,88.3,46.3,1004.0,Depression
2017340N09089,2017,UNNAMED,BB,2017-12-06 09:00:00,9.3,88.1,46.3,1004.0,Depression
2017340N09089,2017,UNNAMED,BB,2017-12-06 12:00:00,9.8,88.0,46.3,1004.0,Depression
2017340N09089,2017,UNNAMED,BB,2017-12-06 15:00:00,9.9,88.0,46.3,1004.0,Depression
2017340N09089,2017,UNNAMED,BB,2017-12-06 18:00:00,10.0,88.0,46.3,1004.0,Depression
2017340N09089,2017,UNNAMED,BB,2017-12-06 21:00:00,10.4,88.0,46.3,1004.0,Depression
2017340N09089,2017,UNNAMED,BB,2017-12-07 00:00:00,11.1,88.0,46.3,1004.0,Depression
2017340N09089,2017,UNNAMED,BB,2017-12-07 03:00:00,12.0,88.0,46.3,1004.0,Depression
2017340N09089,2017,UNNAMED,BB,2017-12-07 06:00:00,12.2,87.9,46.3,1004.0,Depression
2017340N09089,2017,UNNAMED,BB,2017-12-07 09:00:00,12.5,87.8,46.3,1004.0,Depression
2017340N09089,2017,UNNAMED,BB,2017-12-07 12:00:00,12.8,87.7,46.3,1004.0,Depression
2017340N09089,2017,UNNAMED,BB,2017-12-07 15:00:00,13.1,87.7,46.3,1004.0,Depression
2017340N09089,2017,UNNAMED,BB,2017-12-07 18:00:00,13.4,87.6,46.3,1004.0,Depression
2017340N09089,2017,UNNAMED,BB,2017-12-07 21:00:00,13.8,87.3,51.9,1003.0,Deep Depression
2017340N09089,2017,UNNAMED,BB,2017-12-08 00:00:00,14.3,87.0,55.6,1002.0,Deep Depression
2017340N09089,2017,UNNAMED,BB,2017-12-08 03:00:00,15.0,86.8,55.6,1002.0,Deep Depression
2017340N09089,2017,UNNAMED,BB,2017-12-08 06:00:00,15.8,86.6,55.6,1002.0,Deep Depression
2017340N09089,2017,UNNAMED,BB,2017-12-08 09:00:00,16.5,86.5,55.6,1002.0,Deep Depression
2017340N09089,2017,UNNAMED,BB,2017-12-08 12:00:00,17.0,86.3,55.6,1002.0,Deep Depression
2017340N09089,2017,UNNAMED,BB,2017-12-08 15:00:00,17.6,86.3,51.9,1003.0,Deep Depression
2017340N09089,2017,UNNAMED,BB,2017-12-08 18:00:00,18.1,86.4,46.3,1004.0,Depression
2017340N09089,2017,UNNAMED,BB,2017-12-08 21:00:00,18.4,86.4,46.3,1004.0,Depression
2017340N09089,2017,UNNAMED,BB,2017-12-09 00:00:00,18.7,86.5,46.3,1004.0,Depression
2017340N09089,2017,UNNAMED,BB,2017-12-09 03:00:00,18.8,86.7,46.3,1004.0,Depression
2017340N09089,2017,UNNAMED,BB,2017-12-09 06:00:00,19.0,86.9,46.3,1004.0,Depression
2017340N09089,2017,UNNAMED,BB,2017-12-09 09:00:00,19.1,87.1,,,
2017340N09089,2017,UNNAMED,BB,2017-12-09 12:00:00,19.3,87.3,,,
2017340N09089,2017,UNNAMED,BB,2017-12-09 15:00:00,19.5,87.4,,,
2017340N09089,2017,UNNAMED,BB,2017-12-09 18:00:00,19.8,87.6,,,
2017340N09089,2017,UNNAMED,BB,2017-12-09 21:00:00,20.1,87.8,,,
2017340N09089,2017,UNNAMED,BB,2017-12-10 00:00:00,20.4,88.1,,,
2017340N09089,2017,UNNAMED,BB,2017-12-10 03:00:00,20.7,88.4,,,
2017340N09089,2017,UNNAMED,BB,2017-12-10 06:00:00,21.1,88.7,,,
2018072N05076,2018,UNNAMED,AS,2018-03-13 03:00:00,5.0,76.0,46.3,1006.0,Depression
2018072N05076,2018,UNNAMED,AS,2018-03-13 06:00:00,5.5,75.8,46.3,1006.0,Depression
2018072N05076,2018,UNNAMED,AS,2018-03-13 09:00:00,6.1,75.4,46.3,1006.0,Depression
2018072N05076,2018,UNNAMED,AS,2018-03-13 12:00:00,6.5,75.0,46.3,1006.0,Depression
2018072N05076,2018,UNNAMED,AS,2018-03-13 15:00:00,6.7,74.9,46.3,1006.0,Depression
2018072N05076,2018,UNNAMED,AS,2018-03-13 18:00:00,6.7,74.8,46.3,1006.0,Depression
2018072N05076,2018,UNNAMED,AS,2018-03-13 21:00:00,6.8,74.7,46.3,1006.0,Depression
2018072N05076,2018,UNNAMED,AS,2018-03-14 00:00:00,7.0,74.5,46.3,1006.0,Depression
2018072N05076,2018,UNNAMED,AS,2018-03-14 03:00:00,7.5,74.0,46.3,1006.0,Depression
2018072N05076,2018,UNNAMED,AS,2018-03-14 06:00:00,8.0,73.5,46.3,1006.0,Depression
2018072N05076,2018,UNNAMED,AS,2018-03-14 09:00:00,8.4,73.1,46.3,1006.0,Depression
2018072N05076,2018,UNNAMED,AS,2018-03-14 12:00:00,8.7,72.8,46.3,1006.0,Depression
2018072N05076,2018,UNNAMED,AS,2018-03-14 15:00:00,8.9,72.6,46.3,1006.0,Depression
2018072N05076,2018,UNNAMED,AS,2018-03-14 18:00:00,9.1,72.5,46.3,1006.0,Depression
2018136N11054,2018,SAGAR,AS,2018-05-15 18:00:00,11.3,53.7,,,
2018136N11054,2018,SAGAR,AS,2018-05-15 21:00:00,11.6,53.2,,,
2018136N11054,2018,SAGAR,AS,2018-05-16 00:00:00,12.0,52.7,,,
2018136N11054,2018,SAGAR,AS,2018-05-16 03:00:00,12.4,52.2,,,
2018136N11054,2018,SAGAR,AS,2018-05-16 06:00:00,12.7,51.6,,,
2018136N11054,2018,SAGAR,AS,2018-05-16 09:00:00,12.9,51.1,,,
2018136N11054,2018,SAGAR,AS,2018-05-16 12:00:00,13.1,50.5,46.3,1001.0,Depression
2018136N11054,2018,SAGAR,AS,2018-05-16 15:00:00,13.2,50.0,51.9,1001.0,Deep Depression
2018136N11054,2018,SAGAR,AS,2018-05-16 18:00:00,13.2,49.7,55.6,1001.0,Deep Depression
2018136N11054,2018,SAGAR,AS,2018-05-16 21:00:00,13.2,49.4,55.6,1000.0,Deep Depression
2018136N11054,2018,SAGAR,AS,2018-05-17 00:00:00,13.2,49.2,55.6,999.0,Deep Depression
2018136N11054,2018,SAGAR,AS,2018-05-17 03:00:00,13.2,48.9,64.8,997.0,Cyclonic Storm
2018136N11054,2018,SAGAR,AS,2018-05-17 06:00:00,13.1,48.7,64.8,997.0,Cyclonic Storm
2018136N11054,2018,SAGAR,AS,2018-05-17 09:00:00,13.1,48.4,64.8,997.0,Cyclonic Storm
2018136N11054,2018,SAGAR,AS,2018-05-17 12:00:00,13.0,48.1,74.1,996.0,Cyclonic Storm
2018136N11054,2018,SAGAR,AS,2018-05-17 15:00:00,12.9,47.7,74.1,996.0,Cyclonic Storm
2018136N11054,2018,SAGAR,AS,2018-05-17 18:00:00,12.6,47.3,74.1,996.0,Cyclonic Storm
2018136N11054,2018,SAGAR,AS,2018-05-17 21:00:00,12.4,46.9,74.1,996.0,Cyclonic Storm
2018136N11054,2018,SAGAR,AS,2018-05-18 00:00:00,12.2,46.5,83.3,996.0,Cyclonic Storm
2018136N11054,2018,SAGAR,AS,2018-05-18 03:00:00,12.0,46.2,83.3,994.0,Cyclonic Storm
2018136N11054,2018,SAGAR,AS,2018-05-18 06:00:00,11.9,46.0,83.3,994.0,Cyclonic Storm
2018136N11054,2018,SAGAR,AS,2018-05-18 09:00:00,11.7,45.6,83.3,994.0,Cyclonic Storm
2018136N11054,2018,SAGAR,AS,2018-05-18 12:00:00,11.5,45.5,83.3,994.0,Cyclonic Storm
2018136N11054,2018,SAGAR,AS,2018-05-18 15:00:00,11.4,45.3,83.3,994.0,Cyclonic Storm
2018136N11054,2018,SAGAR,AS,2018-05-18 18:00:00,11.3,45.1,83.3,994.0,Cyclonic Storm
2018136N11054,2018,SAGAR,AS,2018-05-18 21:00:00,11.1,45.0,83.3,994.0,Cyclonic Storm
2018136N11054,2018,SAGAR,AS,2018-05-19 00:00:00,11.0,44.8,83.3,994.0,Cyclonic Storm
2018136N11054,2018,SAGAR,AS,2018-05-19 03:00:00,10.8,44.5,83.3,994.0,Cyclonic Storm
2018136N11054,2018,SAGAR,AS,2018-05-19 06:00:00,10.7,44.2,74.1,996.0,Cyclonic Storm
2018136N11054,2018,SAGAR,AS,2018-05-19 09:00:00,10.5,44.0,74.1,998.0,Cyclonic Storm
2018136N11054,2018,SAGAR,AS,2018-05-19 12:00:00,10.4,43.8,64.8,1000.0,Cyclonic Storm
2018136N11054,2018,SAGAR,AS,2018-05-19 15:00:00,10.2,43.6,61.1,1001.0,Deep Depression
2018136N11054,2018,SAGAR,AS,2018-05-19 18:00:00,10.1,43.4,55.6,1001.0,Deep Depression
2018136N11054,2018,SAGAR,AS,2018-05-19 21:00:00,10.0,43.2,51.9,1002.0,Deep Depression
2018136N11054,2018,SAGAR,AS,2018-05-20 00:00:00,9.9,42.8,46.3,1003.0,Depression
2018136N11054,2018,SAGAR,AS,2018-05-20 03:00:00,9.9,42.3,,,
2018136N11054,2018,SAGAR,AS,2018-05-20 06:00:00,9.8,41.8,,,
2018141N08059,2018,MEKUNU,AS,2018-05-21 06:00:00,7.9,58.6,,,
2018141N08059,2018,MEKUNU,AS,2018-05-21 09:00:00,8.1,58.4,,,
2018141N08059,2018,MEKUNU,AS,2018-05-21 12:00:00,8.4,58.3,46.3,1004.0,Depression
2018141N08059,2018,MEKUNU,AS,2018-05-21 15:00:00,8.5,58.1,46.3,1004.0,Depression
2018141N08059,2018,MEKUNU,AS,2018-05-21 18:00:00,8.7,57.9,46.3,1003.0,Depression
2018141N08059,2018,MEKUNU,AS,2018-05-21 21:00:00,8.9,57.7,46.3,1003.0,Depression
2018141N08059,2018,MEKUNU,AS,2018-05-22 00:00:00,9.1,57.5,46.3,1002.0,Depression
2018141N08059,2018,MEKUNU,AS,2018-05-22 03:00:00,9.3,57.3,55.6,1001.0,Deep Depression
2018141N08059,2018,MEKUNU,AS,2018-05-22 06:00:00,9.6,57.1,55.6,1000.0,Deep Depression
2018141N08059,2018,MEKUNU,AS,2018-05-22 09:00:00,9.9,56.9,61.1,999.0,Deep Depression
2018141N08059,2018,MEKUNU,AS,2018-05-22 12:00:00,10.2,56.8,64.8,998.0,Cyclonic Storm
2018141N08059,2018,MEKUNU,AS,2018-05-22 15:00:00,10.5,56.6,64.8,998.0,Cyclonic Storm
2018141N08059,2018,MEKUNU,AS,2018-05-22 18:00:00,10.7,56.4,74.1,996.0,Cyclonic Storm
2018141N08059,2018,MEKUNU,AS,2018-05-22 21:00:00,10.8,56.2,74.1,996.0,Cyclonic Storm
2018141N08059,2018,MEKUNU,AS,2018-05-23 00:00:00,11.0,56.1,83.3,994.0,Cyclonic Storm
2018141N08059,2018,MEKUNU,AS,2018-05-23 03:00:00,11.2,56.0,101.9,984.0,Severe Cyclonic Storm
2018141N08059,2018,MEKUNU,AS,2018-05-23 06:00:00,11.4,56.1,111.1,980.0,Severe Cyclonic Storm
2018141N08059,2018,MEKUNU,AS,2018-05-23 09:00:00,11.7,56.0,120.4,978.0,Very Severe Cyclonic Storm
2018141N08059,2018,MEKUNU,AS,2018-05-23 12:00:00,12.0,56.0,120.4,978.0,Very Severe Cyclonic Storm
2018141N08059,2018,MEKUNU,AS,2018-05-23 15:00:00,12.3,55.9,129.6,976.0,Very Severe Cyclonic Storm
2018141N08059,2018,MEKUNU,AS,2018-05-23 18:00:00,12.5,55.8,129.6,976.0,Very Severe Cyclonic Storm
2018141N08059,2018,MEKUNU,AS,2018-05-23 21:00:00,12.8,55.7,129.6,976.0,Very Severe Cyclonic Storm
2018141N08059,2018,MEKUNU,AS,2018-05-24 00:00:00,13.0,55.7,129.6,974.0,Very Severe Cyclonic Storm
2018141N08059,2018,MEKUNU,AS,2018-05-24 03:00:00,13.3,55.5,138.9,972.0,Very Severe Cyclonic Storm
2018141N08059,2018,MEKUNU,AS,2018-05-24 06:00:00,13.7,55.5,148.2,970.0,Very Severe Cyclonic Storm
2018141N08059,2018,MEKUNU,AS,2018-05-24 09:00:00,14.0,55.4,148.2,970.0,Very Severe Cyclonic Storm
2018141N08059,2018,MEKUNU,AS,2018-05-24 12:00:00,14.3,55.3,148.2,970.0,Very Severe Cyclonic Storm
2018141N08059,2018,MEKUNU,AS,2018-05-24 15:00:00,14.6,55.2,148.2,970.0,Very Severe Cyclonic Storm
2018141N08059,2018,MEKUNU,AS,2018-05-24 18:00:00,14.9,54.9,148.2,970.0,Very Severe Cyclonic Storm
2018141N08059,2018,MEKUNU,AS,2018-05-24 21:00:00,15.1,54.7,148.2,970.0,Very Severe Cyclonic Storm
2018141N08059,2018,MEKUNU,AS,2018-05-25 00:00:00,15.2,54.6,157.4,968.0,Very Severe Cyclonic Storm
2018141N08059,2018,MEKUNU,AS,2018-05-25 03:00:00,15.4,54.6,166.7,964.0,Extremely Severe Cyclonic Storm
2018141N08059,2018,MEKUNU,AS,2018-05-25 06:00:00,15.8,54.5,166.7,964.0,Extremely Severe Cyclonic Storm
2018141N08059,2018,MEKUNU,AS,2018-05-25 09:00:00,16.1,54.4,166.7,962.0,Extremely Severe Cyclonic Storm
2018141N08059,2018,MEKUNU,AS,2018-05-25 12:00:00,16.3,54.3,175.9,960.0,Extremely Severe Cyclonic Storm
2018141N08059,2018,MEKUNU,AS,2018-05-25 15:00:00,16.5,54.1,175.9,960.0,Extremely Severe Cyclonic Storm
2018141N08059,2018,MEKUNU,AS,2018-05-25 18:00:00,16.7,53.9,175.9,960.0,Extremely Severe Cyclonic Storm
2018141N08059,2018,MEKUNU,AS,2018-05-25 21:00:00,17.0,53.6,166.7,964.0,Extremely Severe Cyclonic Storm
2018141N08059,2018,MEKUNU,AS,2018-05-26 00:00:00,17.2,53.5,138.9,976.0,Very Severe Cyclonic Storm
2018141N08059,2018,MEKUNU,AS,2018-05-26 03:00:00,17.5,53.4,111.1,986.0,Severe Cyclonic Storm
2018141N08059,2018,MEKUNU,AS,2018-05-26 06:00:00,17.8,53.3,92.6,988.0,Severe Cyclonic Storm
2018141N08059,2018,MEKUNU,AS,2018-05-26 09:00:00,18.2,53.2,83.3,990.0,Cyclonic Storm
2018141N08059,2018,MEKUNU,AS,2018-05-26 12:00:00,18.5,53.1,74.1,992.0,Cyclonic Storm
2018141N08059,2018,MEKUNU,AS,2018-05-26 15:00:00,18.6,52.9,64.8,994.0,Cyclonic Storm
2018141N08059,2018,MEKUNU,AS,2018-05-26 18:00:00,18.8,52.7,55.6,996.0,Deep Depression
2018141N08059,2018,MEKUNU,AS,2018-05-26 21:00:00,18.9,52.6,51.9,998.0,Deep Depression
2018141N08059,2018,MEKUNU,AS,2018-05-27 00:00:00,19.0,52.4,46.3,1000.0,Depression
2018141N08059,2018,MEKUNU,AS,2018-05-27 03:00:00,19.0,52.1,,,
2018141N08059,2018,MEKUNU,AS,2018-05-27 06:00:00,19.0,52.0,,,
2018148N17090,2018,UNNAMED,BB,2018-05-28 00:00:00,16.5,90.2,,,
2018148N17090,2018,UNNAMED,BB,2018-05-28 03:00:00,16.7,90.4,,,
2018148N17090,2018,UNNAMED,BB,2018-05-28 06:00:00,16.9,90.6,,,
2018148N17090,2018,UNNAMED,BB,2018-05-28 09:00:00,17.1,90.8,,,
2018148N17090,2018,UNNAMED,BB,2018-05-28 12:00:00,17.3,91.0,,,
2018148N17090,2018,UNNAMED,BB,2018-05-28 15:00:00,17.5,91.2,,,
2018148N17090,2018,UNNAMED,BB,2018-05-28 18:00:00,17.8,91.5,,,
2018148N17090,2018,UNNAMED,BB,2018-05-28 21:00:00,18.0,91.7,,,
2018148N17090,2018,UNNAMED,BB,2018-05-29 00:00:00,18.3,92.0,,,
2018148N17090,2018,UNNAMED,BB,2018-05-29 03:00:00,18.5,92.3,,,
2018148N17090,2018,UNNAMED,BB,2018-05-29 06:00:00,18.7,92.5,46.3,998.0,Depression
2018148N17090,2018,UNNAMED,BB,2018-05-29 09:00:00,19.0,92.9,51.9,995.0,Deep Depression
2018148N17090,2018,UNNAMED,BB,2018-05-29 12:00:00,19.4,93.3,55.6,992.0,Deep Depression
2018148N17090,2018,UNNAMED,BB,2018-05-29 15:00:00,19.7,93.6,55.6,993.0,Deep Depression
2018148N17090,2018,UNNAMED,BB,2018-05-29 18:00:00,20.0,94.0,55.6,994.0,Deep Depression
2018148N17090,2018,UNNAMED,BB,2018-05-29 21:00:00,20.6,94.7,51.9,995.0,Deep Depression
2018148N17090,2018,UNNAMED,BB,2018-05-30 00:00:00,21.3,95.4,46.3,996.0,Depression
2018148N17090,2018,UNNAMED,BB,2018-05-30 03:00:00,21.8,95.8,37.0,998.0,Depression
2018161N22092,2018,UNNAMED,BB,2018-06-10 06:00:00,22.3,91.5,46.3,990.0,Depression
2018161N22092,2018,UNNAMED,BB,2018-06-10 09:00:00,22.5,91.5,46.3,989.0,Depression
2018161N22092,2018,UNNAMED,BB,2018-06-10 12:00:00,22.7,91.4,46.3,988.0,Depression
2018161N22092,2018,UNNAMED,BB,2018-06-10 15:00:00,22.9,91.4,42.6,989.0,Depression
2018161N22092,2018,UNNAMED,BB,2018-06-10 18:00:00,23.0,91.3,37.0,990.0,Depression
2018202N21088,2018,UNNAMED,BB,2018-07-21 03:00:00,21.0,88.0,46.3,989.0,Depression
2018202N21088,2018,UNNAMED,BB,2018-07-21 06:00:00,21.4,87.7,46.3,989.0,Depression
2018202N21088,2018,UNNAMED,BB,2018-07-21 09:00:00,21.5,87.6,55.6,988.0,Deep Depression
2018202N21088,2018,UNNAMED,BB,2018-07-21 12:00:00,21.7,87.4,55.6,988.0,Deep Depression
2018202N21088,2018,UNNAMED,BB,2018-07-21 15:00:00,21.9,87.2,51.9,989.0,Deep Depression
2018202N21088,2018,UNNAMED,BB,2018-07-21 18:00:00,22.0,87.0,46.3,990.0,Depression
2018202N21088,2018,UNNAMED,BB,2018-07-21 21:00:00,22.0,87.0,46.3,991.0,Depression
2018202N21088,2018,UNNAMED,BB,2018-07-22 00:00:00,22.2,86.8,46.3,992.0,Depression
2018202N21088,2018,UNNAMED,BB,2018-07-22 03:00:00,22.6,86.2,46.3,992.0,Depression
2018202N21088,2018,UNNAMED,BB,2018-07-22 06:00:00,22.7,86.1,46.3,992.0,Depression
2018202N21088,2018,UNNAMED,BB,2018-07-22 09:00:00,22.8,85.7,46.3,992.0,Depression
2018202N21088,2018,UNNAMED,BB,2018-07-22 12:00:00,23.0,85.1,46.3,992.0,Depression
2018202N21088,2018,UNNAMED,BB,2018-07-22 15:00:00,23.2,84.8,42.6,993.0,Depression
2018202N21088,2018,UNNAMED,BB,2018-07-22 18:00:00,23.5,84.5,37.0,993.0,Depression
2018202N21088,2018,UNNAMED,BB,2018-07-22 21:00:00,23.7,84.3,37.0,993.0,Depression
2018202N21088,2018,UNNAMED,BB,2018-07-23 00:00:00,23.9,84.0,37.0,993.0,Depression
2018219N21088,2018,UNNAMED,BB,2018-08-07 09:00:00,21.5,87.5,46.3,992.0,Depression
2018219N21088,2018,UNNAMED,BB,2018-08-07 12:00:00,21.5,87.0,46.3,994.0,Depression
2018219N21088,2018,UNNAMED,BB,2018-08-07 15:00:00,21.5,86.5,46.3,995.0,Depression
2018219N21088,2018,UNNAMED,BB,2018-08-07 18:00:00,21.6,86.0,46.3,995.0,Depression
2018219N21088,2018,UNNAMED,BB,2018-08-07 21:00:00,21.7,85.3,42.6,996.0,Depression
2018219N21088,2018,UNNAMED,BB,2018-08-08 00:00:00,21.7,84.5,37.0,996.0,Depression
2018227N20086,2018,UNNAMED,BB,2018-08-15 03:00:00,20.0,86.0,46.3,993.0,Depression
2018227N20086,2018,UNNAMED,BB,2018-08-15 06:00:00,20.1,85.6,46.3,993.0,Depression
2018227N20086,2018,UNNAMED,BB,2018-08-15 09:00:00,20.2,85.3,46.3,993.0,Depression
2018227N20086,2018,UNNAMED,BB,2018-08-15 12:00:00,20.2,85.0,46.3,993.0,Depression
2018227N20086,2018,UNNAMED,BB,2018-08-15 15:00:00,20.2,84.6,46.3,993.0,Depression
2018227N20086,2018,UNNAMED,BB,2018-08-15 18:00:00,20.3,84.0,46.3,993.0,Depression
2018227N20086,2018,UNNAMED,BB,2018-08-15 21:00:00,20.4,83.1,46.3,994.0,Depression
2018227N20086,2018,UNNAMED,BB,2018-08-16 00:00:00,20.5,82.0,46.3,994.0,Depression
2018227N20086,2018,UNNAMED,BB,2018-08-16 03:00:00,20.6,81.0,37.0,994.0,Depression
2018227N20086,2018,UNNAMED,BB,2018-08-16 06:00:00,20.7,80.5,37.0,994.0,Depression
2018227N20086,2018,UNNAMED,BB,2018-08-16 09:00:00,20.9,79.4,37.0,994.0,Depression
2018227N20086,2018,UNNAMED,BB,2018-08-16 12:00:00,21.1,78.3,37.0,994.0,Depression
2018227N20086,2018,UNNAMED,AS,2018-08-16 15:00:00,21.1,77.9,37.0,994.0,Depression
2018227N20086,2018,UNNAMED,AS,2018-08-16 18:00:00,21.2,77.5,37.0,994.0,Depression
2018227N20086,2018,UNNAMED,AS,2018-08-16 21:00:00,21.4,76.8,37.0,994.0,Depression
2018227N20086,2018,UNNAMED,AS,2018-08-17 00:00:00,21.8,75.8,37.0,994.0,Depression
2018249N22088,2018,UNNAMED,BB,2018-09-06 00:00:00,21.8,88.0,46.3,992.0,Depression
2018249N22088,2018,UNNAMED,BB,2018-09-06 03:00:00,21.8,87.9,55.6,990.0,Deep Depression
2018249N22088,2018,UNNAMED,BB,2018-09-06 06:00:00,21.8,87.6,55.6,990.0,Deep Depression
2018249N22088,2018,UNNAMED,BB,2018-09-06 09:00:00,21.7,87.2,55.6,990.0,Deep Depression
2018249N22088,2018,UNNAMED,BB,2018-09-06 12:00:00,21.7,86.8,55.6,990.0,Deep Depression
2018249N22088,2018,UNNAMED,BB,2018-09-06 15:00:00,21.8,86.5,55.6,990.0,Deep Depression
2018249N22088,2018,UNNAMED,BB,2018-09-06 18:00:00,21.9,86.0,55.6,990.0,Deep Depression
2018249N22088,2018,UNNAMED,BB,2018-09-06 21:00:00,21.9,85.0,51.9,991.0,Deep Depression
2018249N22088,2018,UNNAMED,BB,2018-09-07 00:00:00,22.2,84.0,46.3,991.0,Depression
2018249N22088,2018,UNNAMED,BB,2018-09-07 03:00:00,22.9,83.3,37.0,992.0,Depression
2018263N17089,2018,DAYE,BB,2018-09-19 15:00:00,17.2,89.0,46.3,997.0,Depression
2018263N17089,2018,DAYE,BB,2018-09-19 18:00:00,17.2,88.3,46.3,996.0,Depression
2018263N17089,2018,DAYE,BB,2018-09-19 21:00:00,17.2,87.8,46.3,996.0,Depression
2018263N17089,2018,DAYE,BB,2018-09-20 00:00:00,17.2,87.4,46.3,996.0,Depression
2018263N17089,2018,DAYE,BB,2018-09-20 03:00:00,17.3,87.1,55.6,995.0,Deep Depression
2018263N17089,2018,DAYE,BB,2018-09-20 06:00:00,17.6,87.0,55.6,995.0,Deep Depression
2018263N17089,2018,DAYE,BB,2018-09-20 09:00:00,17.9,86.6,55.6,995.0,Deep Depression
2018263N17089,2018,DAYE,BB,2018-09-20 12:00:00,18.3,86.1,55.6,994.0,Deep Depression
2018263N17089,2018,DAYE,BB,2018-09-20 15:00:00,18.6,85.8,64.8,992.0,Cyclonic Storm
2018263N17089,2018,DAYE,BB,2018-09-20 18:00:00,19.1,85.2,64.8,992.0,Cyclonic Storm
2018263N17089,2018,DAYE,BB,2018-09-20 21:00:00,19.4,84.4,64.8,993.0,Cyclonic Storm
2018263N17089,2018,DAYE,BB,2018-09-21 00:00:00,19.8,83.6,55.6,994.0,Deep Depression
2018263N17089,2018,DAYE,BB,2018-09-21 03:00:00,20.1,82.5,55.6,994.0,Deep Depression
2018263N17089,2018,DAYE,BB,2018-09-21 06:00:00,20.5,81.5,55.6,995.0,Deep Depression
2018263N17089,2018,DAYE,BB,2018-09-21 09:00:00,20.9,80.7,51.9,996.0,Deep Depression
2018263N17089,2018,DAYE,BB,2018-09-21 12:00:00,21.2,80.1,46.3,996.0,Depression
2018263N17089,2018,DAYE,BB,2018-09-21 15:00:00,21.4,79.5,46.3,996.0,Depression
2018263N17089,2018,DAYE,BB,2018-09-21 18:00:00,21.4,78.7,46.3,996.0,Depression
2018263N17089,2018,DAYE,AS,2018-09-21 21:00:00,21.8,77.8,46.3,997.0,Depression
2018263N17089,2018,DAYE,AS,2018-09-22 00:00:00,22.3,76.9,46.3,997.0,Depression
2018263N17089,2018,DAYE,AS,2018-09-22 03:00:00,22.9,76.3,37.0,998.0,Depression
2018263N17089,2018,DAYE,AS,2018-09-22 06:00:00,22.9,76.3,37.0,999.0,Depression
2018279N11069,2018,LUBAN,AS,2018-10-05 18:00:00,11.2,68.9,,,
2018279N11069,2018,LUBAN,AS,2018-10-05 21:00:00,11.1,68.4,,,
2018279N11069,2018,LUBAN,AS,2018-10-06 00:00:00,11.0,67.9,,,
2018279N11069,2018,LUBAN,AS,2018-10-06 03:00:00,11.0,67.5,,,
2018279N11069,2018,LUBAN,AS,2018-10-06 06:00:00,11.0,67.1,,,
2018279N11069,2018,LUBAN,AS,2018-10-06 09:00:00,11.0,66.9,46.3,1003.0,Depression
2018279N11069,2018,LUBAN,AS,2018-10-06 12:00:00,11.1,66.8,46.3,1002.0,Depression
2018279N11069,2018,LUBAN,AS,2018-10-06 15:00:00,11.2,66.6,46.3,1002.0,Depression
2018279N11069,2018,LUBAN,AS,2018-10-06 18:00:00,11.4,66.4,46.3,1002.0,Depression
2018279N11069,2018,LUBAN,AS,2018-10-06 21:00:00,11.4,66.2,46.3,1002.0,Depression
2018279N11069,2018,LUBAN,AS,2018-10-07 00:00:00,11.5,66.0,46.3,1002.0,Depression
2018279N11069,2018,LUBAN,AS,2018-10-07 03:00:00,11.7,65.7,46.3,1002.0,Depression
2018279N11069,2018,LUBAN,AS,2018-10-07 06:00:00,11.8,65.3,46.3,1002.0,Depression
2018279N11069,2018,LUBAN,AS,2018-10-07 09:00:00,11.8,64.8,55.6,1001.0,Deep Depression
2018279N11069,2018,LUBAN,AS,2018-10-07 12:00:00,12.0,64.3,55.6,1001.0,Deep Depression
2018279N11069,2018,LUBAN,AS,2018-10-07 15:00:00,12.0,63.9,55.6,1001.0,Deep Depression
2018279N11069,2018,LUBAN,AS,2018-10-07 18:00:00,12.0,63.5,55.6,1000.0,Deep Depression
2018279N11069,2018,LUBAN,AS,2018-10-07 21:00:00,12.0,63.0,61.1,1000.0,Deep Depression
2018279N11069,2018,LUBAN,AS,2018-10-08 00:00:00,12.1,62.5,64.8,999.0,Cyclonic Storm
2018279N11069,2018,LUBAN,AS,2018-10-08 03:00:00,12.1,62.1,74.1,998.0,Cyclonic Storm
2018279N11069,2018,LUBAN,AS,2018-10-08 06:00:00,12.2,61.9,74.1,997.0,Cyclonic Storm
2018279N11069,2018,LUBAN,AS,2018-10-08 09:00:00,12.3,61.6,83.3,996.0,Cyclonic Storm
2018279N11069,2018,LUBAN,AS,2018-10-08 12:00:00,12.4,61.3,83.3,996.0,Cyclonic Storm
2018279N11069,2018,LUBAN,AS,2018-10-08 15:00:00,12.5,61.1,83.3,996.0,Cyclonic Storm
2018279N11069,2018,LUBAN,AS,2018-10-08 18:00:00,12.6,60.9,83.3,994.0,Cyclonic Storm
2018279N11069,2018,LUBAN,AS,2018-10-08 21:00:00,12.7,60.6,83.3,994.0,Cyclonic Storm
2018279N11069,2018,LUBAN,AS,2018-10-09 00:00:00,12.8,60.5,83.3,994.0,Cyclonic Storm
2018279N11069,2018,LUBAN,AS,2018-10-09 03:00:00,12.9,60.4,83.3,994.0,Cyclonic Storm
2018279N11069,2018,LUBAN,AS,2018-10-09 06:00:00,13.0,60.4,83.3,994.0,Cyclonic Storm
2018279N11069,2018,LUBAN,AS,2018-10-09 09:00:00,13.1,60.3,92.6,992.0,Severe Cyclonic Storm
2018279N11069,2018,LUBAN,AS,2018-10-09 12:00:00,13.2,60.1,101.9,990.0,Severe Cyclonic Storm
2018279N11069,2018,LUBAN,AS,2018-10-09 15:00:00,13.4,59.8,101.9,990.0,Severe Cyclonic Storm
2018279N11069,2018,LUBAN,AS,2018-10-09 18:00:00,13.6,59.6,101.9,990.0,Severe Cyclonic Storm
2018279N11069,2018,LUBAN,AS,2018-10-09 21:00:00,13.7,59.3,111.1,988.0,Severe Cyclonic Storm
2018279N11069,2018,LUBAN,AS,2018-10-10 00:00:00,14.0,59.2,120.4,985.0,Very Severe Cyclonic Storm
2018279N11069,2018,LUBAN,AS,2018-10-10 03:00:00,14.1,59.1,120.4,984.0,Very Severe Cyclonic Storm
2018279N11069,2018,LUBAN,AS,2018-10-10 06:00:00,14.2,59.0,138.9,978.0,Very Severe Cyclonic Storm
2018279N11069,2018,LUBAN,AS,2018-10-10 09:00:00,14.4,58.7,138.9,978.0,Very Severe Cyclonic Storm
2018279N11069,2018,LUBAN,AS,2018-10-10 12:00:00,14.4,58.6,138.9,978.0,Very Severe Cyclonic Storm
2018279N11069,2018,LUBAN,AS,2018-10-10 15:00:00,14.5,58.5,138.9,978.0,Very Severe Cyclonic Storm
2018279N11069,2018,LUBAN,AS,2018-10-10 18:00:00,14.5,58.4,138.9,978.0,Very Severe Cyclonic Storm
2018279N11069,2018,LUBAN,AS,2018-10-10 21:00:00,14.5,58.4,138.9,978.0,Very Severe Cyclonic Storm
2018279N11069,2018,LUBAN,AS,2018-10-11 00:00:00,14.6,58.2,138.9,978.0,Very Severe Cyclonic Storm
2018279N11069,2018,LUBAN,AS,2018-10-11 03:00:00,14.4,58.0,129.6,980.0,Very Severe Cyclonic Storm
2018279N11069,2018,LUBAN,AS,2018-10-11 06:00:00,14.5,57.9,129.6,980.0,Very Severe Cyclonic Storm
2018279N11069,2018,LUBAN,AS,2018-10-11 09:00:00,14.5,57.9,129.6,980.0,Very Severe Cyclonic Storm
2018279N11069,2018,LUBAN,AS,2018-10-11 12:00:00,14.5,57.8,129.6,980.0,Very Severe Cyclonic Storm
2018279N11069,2018,LUBAN,AS,2018-10-11 15:00:00,14.5,57.8,129.6,980.0,Very Severe Cyclonic Storm
2018279N11069,2018,LUBAN,AS,2018-10-11 18:00:00,14.6,57.7,129.6,980.0,Very Severe Cyclonic Storm
2018279N11069,2018,LUBAN,AS,2018-10-11 21:00:00,14.7,57.7,120.4,980.0,Very Severe Cyclonic Storm
2018279N11069,2018,LUBAN,AS,2018-10-12 00:00:00,14.7,57.6,111.1,984.0,Severe Cyclonic Storm
2018279N11069,2018,LUBAN,AS,2018-10-12 03:00:00,14.6,57.5,101.9,987.0,Severe Cyclonic Storm
2018279N11069,2018,LUBAN,AS,2018-10-12 06:00:00,14.7,57.4,92.6,990.0,Severe Cyclonic Storm
2018279N11069,2018,LUBAN,AS,2018-10-12 09:00:00,14.6,57.2,92.6,990.0,Severe Cyclonic Storm
2018279N11069,2018,LUBAN,AS,2018-10-12 12:00:00,14.7,57.0,92.6,991.0,Severe Cyclonic Storm
2018279N11069,2018,LUBAN,AS,2018-10-12 15:00:00,14.7,56.8,92.6,992.0,Severe Cyclonic Storm
2018279N11069,2018,LUBAN,AS,2018-10-12 18:00:00,14.8,56.5,83.3,994.0,Cyclonic Storm
2018279N11069,2018,LUBAN,AS,2018-10-12 21:00:00,14.8,56.2,83.3,994.0,Cyclonic Storm
2018279N11069,2018,LUBAN,AS,2018-10-13 00:00:00,14.8,55.9,83.3,994.0,Cyclonic Storm
2018279N11069,2018,LUBAN,AS,2018-10-13 03:00:00,14.8,55.6,74.1,994.0,Cyclonic Storm
2018279N11069,2018,LUBAN,AS,2018-10-13 06:00:00,14.9,55.3,74.1,994.0,Cyclonic Storm
2018279N11069,2018,LUBAN,AS,2018-10-13 09:00:00,14.9,54.9,74.1,994.0,Cyclonic Storm
2018279N11069,2018,LUBAN,AS,2018-10-13 12:00:00,14.9,54.5,74.1,994.0,Cyclonic Storm
2018279N11069,2018,LUBAN,AS,2018-10-13 15:00:00,14.9,54.1,74.1,994.0,Cyclonic Storm
2018279N11069,2018,LUBAN,AS,2018-10-13 18:00:00,15.1,53.7,74.1,996.0,Cyclonic Storm
2018279N11069,2018,LUBAN,AS,2018-10-13 21:00:00,15.2,53.3,74.1,996.0,Cyclonic Storm
2018279N11069,2018,LUBAN,AS,2018-10-14 00:00:00,15.4,52.8,74.1,998.0,Cyclonic Storm
2018279N11069,2018,LUBAN,AS,2018-10-14 03:00:00,15.6,52.5,74.1,998.0,Cyclonic Storm
2018279N11069,2018,LUBAN,AS,2018-10-14 06:00:00,15.9,52.2,64.8,999.0,Cyclonic Storm
2018279N11069,2018,LUBAN,AS,2018-10-14 09:00:00,15.9,51.8,55.6,1000.0,Deep Depression
2018279N11069,2018,LUBAN,AS,2018-10-14 12:00:00,16.0,51.4,55.6,1001.0,Deep Depression
2018279N11069,2018,LUBAN,AS,2018-10-14 15:00:00,16.1,51.1,51.9,1002.0,Deep Depression
2018279N11069,2018,LUBAN,AS,2018-10-14 18:00:00,16.3,50.8,46.3,1002.0,Depression
2018279N11069,2018,LUBAN,AS,2018-10-14 21:00:00,16.2,50.0,46.3,1003.0,Depression
2018279N11069,2018,LUBAN,AS,2018-10-15 00:00:00,16.2,49.0,46.3,1003.0,Depression
2018281N14088,2018,TITLI,BB,2018-10-08 00:00:00,14.2,88.4,,,
2018281N14088,2018,TITLI,BB,2018-10-08 03:00:00,14.1,88.4,46.3,1002.0,Depression
2018281N14088,2018,TITLI,BB,2018-10-08 06:00:00,14.1,88.3,46.3,1002.0,Depression
2018281N14088,2018,TITLI,BB,2018-10-08 09:00:00,14.2,88.1,46.3,1002.0,Depression
2018281N14088,2018,TITLI,BB,2018-10-08 12:00:00,14.3,87.9,46.3,1002.0,Depression
2018281N14088,2018,TITLI,BB,2018-10-08 15:00:00,14.4,87.7,51.9,1001.0,Deep Depression
2018281N14088,2018,TITLI,BB,2018-10-08 18:00:00,14.5,87.5,55.6,1000.0,Deep Depression
2018281N14088,2018,TITLI,BB,2018-10-08 21:00:00,14.6,87.3,55.6,1000.0,Deep Depression
2018281N14088,2018,TITLI,BB,2018-10-09 00:00:00,14.7,87.1,55.6,1000.0,Deep Depression
2018281N14088,2018,TITLI,BB,2018-10-09 03:00:00,14.7,86.9,55.6,999.0,Deep Depression
2018281N14088,2018,TITLI,BB,2018-10-09 06:00:00,14.8,86.8,64.8,998.0,Cyclonic Storm
2018281N14088,2018,TITLI,BB,2018-10-09 09:00:00,14.9,86.7,64.8,997.0,Cyclonic Storm
2018281N14088,2018,TITLI,BB,2018-10-09 12:00:00,15.1,86.6,74.1,996.0,Cyclonic Storm
2018281N14088,2018,TITLI,BB,2018-10-09 15:00:00,15.3,86.5,74.1,995.0,Cyclonic Storm
2018281N14088,2018,TITLI,BB,2018-10-09 18:00:00,15.6,86.3,83.3,996.0,Cyclonic Storm
2018281N14088,2018,TITLI,BB,2018-10-09 21:00:00,15.8,86.1,92.6,994.0,Severe Cyclonic Storm
2018281N14088,2018,TITLI,BB,2018-10-10 00:00:00,16.1,86.0,101.9,990.0,Severe Cyclonic Storm
2018281N14088,2018,TITLI,BB,2018-10-10 03:00:00,16.5,85.9,111.1,988.0,Severe Cyclonic Storm
2018281N14088,2018,TITLI,BB,2018-10-10 06:00:00,17.0,85.6,129.6,982.0,Very Severe Cyclonic Storm
2018281N14088,2018,TITLI,BB,2018-10-10 09:00:00,17.3,85.4,138.9,976.0,Very Severe Cyclonic Storm
2018281N14088,2018,TITLI,BB,2018-10-10 12:00:00,17.6,85.3,148.2,972.0,Very Severe Cyclonic Storm
2018281N14088,2018,TITLI,BB,2018-10-10 15:00:00,17.8,85.1,148.2,972.0,Very Severe Cyclonic Storm
2018281N14088,2018,TITLI,BB,2018-10-10 18:00:00,18.3,85.0,148.2,972.0,Very Severe Cyclonic Storm
2018281N14088,2018,TITLI,BB,2018-10-10 21:00:00,18.6,84.6,148.2,972.0,Very Severe Cyclonic Storm
2018281N14088,2018,TITLI,BB,2018-10-11 00:00:00,18.8,84.4,148.2,972.0,Very Severe Cyclonic Storm
2018281N14088,2018,TITLI,BB,2018-10-11 03:00:00,18.9,84.1,120.4,985.0,Very Severe Cyclonic Storm
2018281N14088,2018,TITLI,BB,2018-10-11 06:00:00,19.2,83.9,111.1,988.0,Severe Cyclonic Storm
2018281N14088,2018,TITLI,BB,2018-10-11 09:00:00,19.4,83.8,92.6,994.0,Severe Cyclonic Storm
2018281N14088,2018,TITLI,BB,2018-10-11 12:00:00,19.7,83.8,83.3,996.0,Cyclonic Storm
2018281N14088,2018,TITLI,BB,2018-10-11 15:00:00,19.9,83.9,74.1,998.0,Cyclonic Storm
2018281N14088,2018,TITLI,BB,2018-10-11 18:00:00,20.1,84.2,55.6,999.0,Deep Depression
2018281N14088,2018,TITLI,BB,2018-10-11 21:00:00,20.3,84.4,55.6,1000.0,Deep Depression
2018281N14088,2018,TITLI,BB,2018-10-12 00:00:00,20.5,84.7,55.6,1000.0,Deep Depression
2018281N14088,2018,TITLI,BB,2018-10-12 03:00:00,20.7,85.0,55.6,1001.0,Deep Depression
2018281N14088,2018,TITLI,BB,2018-10-12 06:00:00,20.9,85.3,55.6,1001.0,Deep Depression
2018281N14088,2018,TITLI,BB,2018-10-12 09:00:00,20.9,85.5,46.3,1002.0,Depression
2018281N14088,2018,TITLI,BB,2018-10-12 12:00:00,21.2,86.1,46.3,1002.0,Depression
2018281N14088,2018,TITLI,BB,2018-10-12 15:00:00,21.6,86.7,46.3,1003.0,Depression
2018281N14088,2018,TITLI,BB,2018-10-12 18:00:00,21.9,87.2,46.3,1003.0,Depression
2018281N14088,2018,TITLI,BB,2018-10-12 21:00:00,22.1,87.5,37.0,1004.0,Depression
2018314N12093,2018,GAJA,BB,2018-11-10 03:00:00,11.7,92.5,46.3,1003.0,Depression
2018314N12093,2018,GAJA,BB,2018-11-10 06:00:00,12.0,92.0,46.3,1002.0,Depression
2018314N12093,2018,GAJA,BB,2018-11-10 09:00:00,12.3,91.4,51.9,1002.0,Deep Depression
2018314N12093,2018,GAJA,BB,2018-11-10 12:00:00,12.7,90.7,55.6,1001.0,Deep Depression
2018314N12093,2018,GAJA,BB,2018-11-10 15:00:00,12.9,90.2,55.6,1001.0,Deep Depression
2018314N12093,2018,GAJA,BB,2018-11-10 18:00:00,13.1,89.8,55.6,1000.0,Deep Depression
2018314N12093,2018,GAJA,BB,2018-11-10 21:00:00,13.2,89.5,61.1,1000.0,Deep Depression
2018314N12093,2018,GAJA,BB,2018-11-11 00:00:00,13.4,89.2,64.8,999.0,Cyclonic Storm
2018314N12093,2018,GAJA,BB,2018-11-11 03:00:00,13.4,88.8,64.8,999.0,Cyclonic Storm
2018314N12093,2018,GAJA,BB,2018-11-11 06:00:00,13.4,88.5,74.1,998.0,Cyclonic Storm
2018314N12093,2018,GAJA,BB,2018-11-11 09:00:00,13.4,88.0,74.1,998.0,Cyclonic Storm
2018314N12093,2018,GAJA,BB,2018-11-11 12:00:00,13.3,87.7,74.1,998.0,Cyclonic Storm
2018314N12093,2018,GAJA,BB,2018-11-11 15:00:00,13.2,87.5,74.1,998.0,Cyclonic Storm
2018314N12093,2018,GAJA,BB,2018-11-11 18:00:00,13.1,87.3,74.1,998.0,Cyclonic Storm
2018314N12093,2018,GAJA,BB,2018-11-11 21:00:00,13.1,87.2,74.1,998.0,Cyclonic Storm
2018314N12093,2018,GAJA,BB,2018-11-12 00:00:00,12.9,87.2,74.1,998.0,Cyclonic Storm
2018314N12093,2018,GAJA,BB,2018-11-12 03:00:00,12.7,87.2,74.1,998.0,Cyclonic Storm
2018314N12093,2018,GAJA,BB,2018-11-12 06:00:00,12.6,87.3,74.1,998.0,Cyclonic Storm
2018314N12093,2018,GAJA,BB,2018-11-12 09:00:00,12.7,87.3,74.1,998.0,Cyclonic Storm
2018314N12093,2018,GAJA,BB,2018-11-12 12:00:00,12.8,87.6,74.1,998.0,Cyclonic Storm
2018314N12093,2018,GAJA,BB,2018-11-12 15:00:00,13.0,87.6,74.1,998.0,Cyclonic Storm
2018314N12093,2018,GAJA,BB,2018-11-12 18:00:00,13.3,87.6,83.3,996.0,Cyclonic Storm
2018314N12093,2018,GAJA,BB,2018-11-12 21:00:00,13.4,87.4,83.3,996.0,Cyclonic Storm
2018314N12093,2018,GAJA,BB,2018-11-13 00:00:00,13.6,87.2,74.1,998.0,Cyclonic Storm
2018314N12093,2018,GAJA,BB,2018-11-13 03:00:00,13.6,87.0,74.1,998.0,Cyclonic Storm
2018314N12093,2018,GAJA,BB,2018-11-13 06:00:00,13.7,86.6,74.1,998.0,Cyclonic Storm
2018314N12093,2018,GAJA,BB,2018-11-13 09:00:00,13.6,86.3,74.1,998.0,Cyclonic Storm
2018314N12093,2018,GAJA,BB,2018-11-13 12:00:00,13.5,86.1,74.1,998.0,Cyclonic Storm
2018314N12093,2018,GAJA,BB,2018-11-13 15:00:00,13.4,85.9,74.1,998.0,Cyclonic Storm
2018314N12093,2018,GAJA,BB,2018-11-13 18:00:00,13.3,85.7,74.1,998.0,Cyclonic Storm
2018314N12093,2018,GAJA,BB,2018-11-13 21:00:00,13.2,85.5,74.1,998.0,Cyclonic Storm
2018314N12093,2018,GAJA,BB,2018-11-14 00:00:00,13.1,85.4,74.1,998.0,Cyclonic Storm
2018314N12093,2018,GAJA,BB,2018-11-14 03:00:00,13.0,85.2,74.1,998.0,Cyclonic Storm
2018314N12093,2018,GAJA,BB,2018-11-14 06:00:00,12.8,85.0,83.3,996.0,Cyclonic Storm
2018314N12093,2018,GAJA,BB,2018-11-14 09:00:00,12.6,84.7,83.3,996.0,Cyclonic Storm
2018314N12093,2018,GAJA,BB,2018-11-14 12:00:00,12.4,84.4,83.3,996.0,Cyclonic Storm
2018314N12093,2018,GAJA,BB,2018-11-14 15:00:00,12.2,84.2,83.3,996.0,Cyclonic Storm
2018314N12093,2018,GAJA,BB,2018-11-14 18:00:00,12.0,83.9,83.3,996.0,Cyclonic Storm
2018314N12093,2018,GAJA,BB,2018-11-14 21:00:00,11.8,83.5,83.3,996.0,Cyclonic Storm
2018314N12093,2018,GAJA,BB,2018-11-15 00:00:00,11.5,83.1,83.3,996.0,Cyclonic Storm
2018314N12093,2018,GAJA,BB,2018-11-15 03:00:00,11.4,82.7,92.6,994.0,Severe Cyclonic Storm
2018314N12093,2018,GAJA,BB,2018-11-15 06:00:00,11.3,82.2,101.9,990.0,Severe Cyclonic Storm
2018314N12093,2018,GAJA,BB,2018-11-15 09:00:00,11.1,81.6,101.9,989.0,Severe Cyclonic Storm
2018314N12093,2018,GAJA,BB,2018-11-15 12:00:00,10.9,81.2,111.1,988.0,Severe Cyclonic Storm
2018314N12093,2018,GAJA,BB,2018-11-15 15:00:00,10.7,80.7,120.4,984.0,Very Severe Cyclonic Storm
2018314N12093,2018,GAJA,BB,2018-11-15 18:00:00,10.6,80.3,129.6,976.0,Very Severe Cyclonic Storm
2018314N12093,2018,GAJA,BB,2018-11-15 21:00:00,10.5,79.7,129.6,976.0,Very Severe Cyclonic Storm
2018314N12093,2018,GAJA,BB,2018-11-16 00:00:00,10.5,79.1,101.9,990.0,Severe Cyclonic Storm
2018314N12093,2018,GAJA,BB,2018-11-16 03:00:00,10.4,78.5,83.3,996.0,Cyclonic Storm
2018314N12093,2018,GAJA,AS,2018-11-16 06:00:00,10.5,77.6,55.6,1000.0,Deep Depression
2018314N12093,2018,GAJA,AS,2018-11-16 09:00:00,10.3,76.9,51.9,1001.0,Deep Depression
2018314N12093,2018,GAJA,AS,2018-11-16 12:00:00,10.0,76.3,46.3,1002.0,Depression
2018314N12093,2018,GAJA,AS,2018-11-16 15:00:00,9.9,75.8,46.3,1002.0,Depression
2018314N12093,2018,GAJA,AS,2018-11-16 18:00:00,9.8,75.3,46.3,1002.0,Depression
2018314N12093,2018,GAJA,AS,2018-11-16 21:00:00,9.7,74.7,51.9,1003.0,Deep Depression
2018314N12093,2018,GAJA,AS,2018-11-17 00:00:00,9.7,74.2,55.6,1003.0,Deep Depression
2018314N12093,2018,GAJA,AS,2018-11-17 03:00:00,9.7,73.5,55.6,1003.0,Deep Depression
2018314N12093,2018,GAJA,AS,2018-11-17 06:00:00,9.8,73.0,55.6,1003.0,Deep Depression
2018314N12093,2018,GAJA,AS,2018-11-17 09:00:00,9.9,72.4,55.6,1003.0,Deep Depression
2018314N12093,2018,GAJA,AS,2018-11-17 12:00:00,10.0,71.8,55.6,1003.0,Deep Depression
2018314N12093,2018,GAJA,AS,2018-11-17 15:00:00,10.1,71.2,55.6,1003.0,Deep Depression
2018314N12093,2018,GAJA,AS,2018-11-17 18:00:00,10.2,70.7,55.6,1003.0,Deep Depression
2018314N12093,2018,GAJA,AS,2018-11-17 21:00:00,10.3,70.2,55.6,1003.0,Deep Depression
2018314N12093,2018,GAJA,AS,2018-11-18 00:00:00,10.4,69.8,55.6,1003.0,Deep Depression
2018314N12093,2018,GAJA,AS,2018-11-18 03:00:00,10.5,69.5,55.6,1003.0,Deep Depression
2018314N12093,2018,GAJA,AS,2018-11-18 06:00:00,10.5,69.1,55.6,1003.0,Deep Depression
2018314N12093,2018,GAJA,AS,2018-11-18 09:00:00,10.6,68.8,55.6,1003.0,Deep Depression
2018314N12093,2018,GAJA,AS,2018-11-18 12:00:00,10.6,68.5,55.6,1003.0,Deep Depression
2018314N12093,2018,GAJA,AS,2018-11-18 15:00:00,10.6,68.0,55.6,1003.0,Deep Depression
2018314N12093,2018,GAJA,AS,2018-11-18 18:00:00,10.7,67.5,55.6,1003.0,Deep Depression
2018314N12093,2018,GAJA,AS,2018-11-18 21:00:00,10.7,67.1,55.6,1003.0,Deep Depression
2018314N12093,2018,GAJA,AS,2018-11-19 00:00:00,10.8,66.6,55.6,1003.0,Deep Depression
2018314N12093,2018,GAJA,AS,2018-11-19 03:00:00,10.9,66.3,55.6,1003.0,Deep Depression
2018314N12093,2018,GAJA,AS,2018-11-19 06:00:00,11.0,65.8,46.3,1004.0,Depression
2018314N12093,2018,GAJA,AS,2018-11-19 09:00:00,11.2,65.4,46.3,1004.0,Depression
2018314N12093,2018,GAJA,AS,2018-11-19 12:00:00,11.2,65.0,46.3,1004.0,Depression
2018347N07089,2018,PHETHAI,BB,2018-12-13 00:00:00,6.5,88.7,46.3,1004.0,Depression
2018347N07089,2018,PHETHAI,BB,2018-12-13 03:00:00,6.7,88.6,46.3,1004.0,Depression
2018347N07089,2018,PHETHAI,BB,2018-12-13 06:00:00,6.8,88.5,46.3,1003.0,Depression
2018347N07089,2018,PHETHAI,BB,2018-12-13 09:00:00,7.0,88.4,46.3,1003.0,Depression
2018347N07089,2018,PHETHAI,BB,2018-12-13 12:00:00,7.2,88.3,46.3,1003.0,Depression
2018347N07089,2018,PHETHAI,BB,2018-12-13 15:00:00,7.4,88.2,51.9,1003.0,Deep Depression
2018347N07089,2018,PHETHAI,BB,2018-12-13 18:00:00,7.5,88.0,55.6,1002.0,Deep Depression
2018347N07089,2018,PHETHAI,BB,2018-12-13 21:00:00,7.7,87.8,55.6,1002.0,Deep Depression
2018347N07089,2018,PHETHAI,BB,2018-12-14 00:00:00,7.9,87.6,55.6,1002.0,Deep Depression
2018347N07089,2018,PHETHAI,BB,2018-12-14 03:00:00,8.1,87.5,55.6,1002.0,Deep Depression
2018347N07089,2018,PHETHAI,BB,2018-12-14 06:00:00,8.2,87.4,55.6,1002.0,Deep Depression
2018347N07089,2018,PHETHAI,BB,2018-12-14 09:00:00,8.2,87.1,55.6,1002.0,Deep Depression
2018347N07089,2018,PHETHAI,BB,2018-12-14 12:00:00,8.3,86.8,55.6,1002.0,Deep Depression
2018347N07089,2018,PHETHAI,BB,2018-12-14 15:00:00,8.5,86.5,55.6,1002.0,Deep Depression
2018347N07089,2018,PHETHAI,BB,2018-12-14 18:00:00,8.7,86.3,55.6,1002.0,Deep Depression
2018347N07089,2018,PHETHAI,BB,2018-12-14 21:00:00,8.8,86.0,55.6,1002.0,Deep Depression
2018347N07089,2018,PHETHAI,BB,2018-12-15 00:00:00,9.0,85.7,55.6,1002.0,Deep Depression
2018347N07089,2018,PHETHAI,BB,2018-12-15 03:00:00,9.3,85.4,55.6,1001.0,Deep Depression
2018347N07089,2018,PHETHAI,BB,2018-12-15 06:00:00,9.5,85.3,55.6,1001.0,Deep Depression
2018347N07089,2018,PHETHAI,BB,2018-12-15 09:00:00,9.9,85.1,61.1,1001.0,Deep Depression
2018347N07089,2018,PHETHAI,BB,2018-12-15 12:00:00,10.2,84.9,64.8,1000.0,Cyclonic Storm
2018347N07089,2018,PHETHAI,BB,2018-12-15 15:00:00,10.5,84.7,64.8,1000.0,Cyclonic Storm
2018347N07089,2018,PHETHAI,BB,2018-12-15 18:00:00,10.8,84.6,64.8,1000.0,Cyclonic Storm
2018347N07089,2018,PHETHAI,BB,2018-12-15 21:00:00,11.0,84.4,64.8,1000.0,Cyclonic Storm
2018347N07089,2018,PHETHAI,BB,2018-12-16 00:00:00,11.3,84.3,74.1,998.0,Cyclonic Storm
2018347N07089,2018,PHETHAI,BB,2018-12-16 03:00:00,11.8,84.1,83.3,996.0,Cyclonic Storm
2018347N07089,2018,PHETHAI,BB,2018-12-16 06:00:00,12.3,83.9,83.3,996.0,Cyclonic Storm
2018347N07089,2018,PHETHAI,BB,2018-12-16 09:00:00,12.4,83.5,92.6,994.0,Severe Cyclonic Storm
2018347N07089,2018,PHETHAI,BB,2018-12-16 12:00:00,13.4,83.1,101.9,992.0,Severe Cyclonic Storm
2018347N07089,2018,PHETHAI,BB,2018-12-16 15:00:00,13.8,82.8,101.9,992.0,Severe Cyclonic Storm
2018347N07089,2018,PHETHAI,BB,2018-12-16 18:00:00,14.1,82.7,101.9,992.0,Severe Cyclonic Storm
2018347N07089,2018,PHETHAI,BB,2018-12-16 21:00:00,14.5,82.4,101.9,992.0,Severe Cyclonic Storm
2018347N07089,2018,PHETHAI,BB,2018-12-17 00:00:00,15.0,82.4,92.6,994.0,Severe Cyclonic Storm
2018347N07089,2018,PHETHAI,BB,2018-12-17 03:00:00,15.5,82.3,83.3,997.0,Cyclonic Storm
2018347N07089,2018,PHETHAI,BB,2018-12-17 06:00:00,16.0,82.3,83.3,997.0,Cyclonic Storm
2018347N07089,2018,PHETHAI,BB,2018-12-17 09:00:00,16.5,82.3,74.1,998.0,Cyclonic Storm
2018347N07089,2018,PHETHAI,BB,2018-12-17 12:00:00,16.8,82.5,55.6,1001.0,Deep Depression
2018347N07089,2018,PHETHAI,BB,2018-12-17 15:00:00,17.4,82.6,55.6,1004.0,Deep Depression
2018347N07089,2018,PHETHAI,BB,2018-12-17 18:00:00,17.8,82.8,46.3,1006.0,Depression
2018365N08115,2018,PABUK,MM,2018-12-30 12:00:00,8.3,115.1,,,
2018365N08115,2018,PABUK,MM,2018-12-30 15:00:00,8.4,114.7,,,
2018365N08115,2018,PABUK,MM,2018-12-30 18:00:00,8.5,114.3,,,
2018365N08115,2018,PABUK,MM,2018-12-30 21:00:00,8.6,113.8,,,
2018365N08115,2018,PABUK,MM,2018-12-31 00:00:00,8.6,113.3,,,
2018365N08115,2018,PABUK,MM,2018-12-31 03:00:00,8.4,112.7,,,
2018365N08115,2018,PABUK,MM,2018-12-31 06:00:00,7.9,112.1,,1004.0,
2018365N08115,2018,PABUK,MM,2018-12-31 09:00:00,7.6,111.7,,,
2018365N08115,2018,PABUK,MM,2018-12-31 12:00:00,7.4,111.5,,1004.0,
2018365N08115,2018,PABUK,MM,2018-12-31 15:00:00,7.2,111.3,,,
2018365N08115,2018,PABUK,MM,2018-12-31 18:00:00,7.1,111.1,,1004.0,
2018365N08115,2018,PABUK,MM,2018-12-31 21:00:00,6.8,111.0,,,
2018365N08115,2018,PABUK,MM,2019-01-01 00:00:00,6.6,110.8,,1004.0,
2018365N08115,2018,PABUK,MM,2019-01-01 03:00:00,6.4,110.5,,,
2018365N08115,2018,PABUK,MM,2019-01-01 06:00:00,6.2,110.2,64.8,1000.0,Cyclonic Storm
2018365N08115,2018,PABUK,MM,2019-01-01 09:00:00,6.0,110.0,,,
2018365N08115,2018,PABUK,MM,2019-01-01 12:00:00,5.9,109.8,64.8,1000.0,Cyclonic Storm
2018365N08115,2018,PABUK,MM,2019-01-01 15:00:00,5.9,109.5,,,
2018365N08115,2018,PABUK,MM,2019-01-01 18:00:00,5.8,109.3,64.8,1000.0,Cyclonic Storm
2018365N08115,2018,PABUK,MM,2019-01-01 21:00:00,5.8,109.0,,,
2018365N08115,2018,PABUK,MM,2019-01-02 00:00:00,5.9,108.6,64.8,1000.0,Cyclonic Storm
2018365N08115,2018,PABUK,MM,2019-01-02 03:00:00,6.0,108.3,,,
2018365N08115,2018,PABUK,MM,2019-01-02 06:00:00,6.1,107.9,64.8,1000.0,Cyclonic Storm
2018365N08115,2018,PABUK,MM,2019-01-02 09:00:00,6.2,107.5,,,
2018365N08115,2018,PABUK,MM,2019-01-02 12:00:00,6.2,107.0,64.8,1000.0,Cyclonic Storm
2018365N08115,2018,PABUK,MM,2019-01-02 15:00:00,6.1,106.5,,,
2018365N08115,2018,PABUK,MM,2019-01-02 18:00:00,6.1,105.9,64.8,1000.0,Cyclonic Storm
2018365N08115,2018,PABUK,MM,2019-01-02 21:00:00,6.1,105.4,,,
2018365N08115,2018,PABUK,MM,2019-01-03 00:00:00,6.1,105.0,64.8,1000.0,Cyclonic Storm
2018365N08115,2018,PABUK,MM,2019-01-03 03:00:00,6.1,104.6,,,
2018365N08115,2018,PABUK,MM,2019-01-03 06:00:00,6.2,104.3,64.8,1000.0,Cyclonic Storm
2018365N08115,2018,PABUK,MM,2019-01-03 09:00:00,6.3,104.0,,,
2018365N08115,2018,PABUK,MM,2019-01-03 12:00:00,6.5,103.6,74.1,998.0,Cyclonic Storm
2018365N08115,2018,PABUK,MM,2019-01-03 15:00:00,6.8,103.2,,,
2018365N08115,2018,PABUK,MM,2019-01-03 18:00:00,7.2,102.7,83.3,996.0,Cyclonic Storm
2018365N08115,2018,PABUK,MM,2019-01-03 21:00:00,7.6,102.2,,,
2018365N08115,2018,PABUK,MM,2019-01-04 00:00:00,7.9,101.6,83.3,996.0,Cyclonic Storm
2018365N08115,2018,PABUK,MM,2019-01-04 03:00:00,8.1,101.1,,,
2018365N08115,2018,PABUK,MM,2019-01-04 06:00:00,8.2,100.6,83.3,996.0,Cyclonic Storm
2018365N08115,2018,PABUK,MM,2019-01-04 09:00:00,8.3,100.2,,,
2018365N08115,2018,PABUK,BB,2019-01-04 12:00:00,8.3,99.8,83.3,998.0,Cyclonic Storm
2018365N08115,2018,PABUK,BB,2019-01-04 15:00:00,8.4,99.3,83.3,998.0,Cyclonic Storm
2018365N08115,2018,PABUK,BB,2019-01-04 18:00:00,8.5,98.9,83.3,998.0,Cyclonic Storm
2018365N08115,2018,PABUK,BB,2019-01-04 21:00:00,8.7,98.7,83.3,998.0,Cyclonic Storm
2018365N08115,2018,PABUK,BB,2019-01-05 00:00:00,8.8,98.5,74.1,1000.0,Cyclonic Storm
2018365N08115,2018,PABUK,BB,2019-01-05 03:00:00,9.1,98.2,74.1,1000.0,Cyclonic Storm
2018365N08115,2018,PABUK,BB,2019-01-05 06:00:00,9.3,98.0,74.1,1000.0,Cyclonic Storm
2018365N08115,2018,PABUK,BB,2019-01-05 09:00:00,9.5,97.7,74.1,1000.0,Cyclonic Storm
2018365N08115,2018,PABUK,BB,2019-01-05 12:00:00,9.8,97.4,74.1,1000.0,Cyclonic Storm
2018365N08115,2018,PABUK,BB,2019-01-05 15:00:00,10.1,96.9,74.1,1000.0,Cyclonic Storm
2018365N08115,2018,PABUK,BB,2019-01-05 18:00:00,10.4,96.4,64.8,1001.0,Cyclonic Storm
2018365N08115,2018,PABUK,BB,2019-01-05 21:00:00,10.5,95.9,64.8,1001.0,Cyclonic Storm
2018365N08115,2018,PABUK,BB,2019-01-06 00:00:00,10.7,95.3,64.8,1001.0,Cyclonic Storm
2018365N08115,2018,PABUK,BB,2019-01-06 03:00:00,10.8,94.4,64.8,1001.0,Cyclonic Storm
2018365N08115,2018,PABUK,BB,2019-01-06 06:00:00,11.0,93.6,55.6,1002.0,Deep Depression
2018365N08115,2018,PABUK,BB,2019-01-06 09:00:00,11.1,92.9,55.6,1003.0,Deep Depression
2018365N08115,2018,PABUK,BB,2019-01-06 12:00:00,11.3,92.4,55.6,1003.0,Deep Depression
2018365N08115,2018,PABUK,BB,2019-01-06 15:00:00,11.5,92.0,55.6,1003.0,Deep Depression
2018365N08115,2018,PABUK,BB,2019-01-06 18:00:00,11.7,91.7,55.6,1003.0,Deep Depression
2018365N08115,2018,PABUK,BB,2019-01-06 21:00:00,12.0,91.2,51.9,1004.0,Deep Depression
2018365N08115,2018,PABUK,BB,2019-01-07 00:00:00,12.3,91.0,46.3,1004.0,Depression
2018365N08115,2018,PABUK,BB,2019-01-07 03:00:00,12.5,91.1,46.3,1004.0,Depression
2018365N08115,2018,PABUK,BB,2019-01-07 06:00:00,12.6,91.4,46.3,1004.0,Depression
2018365N08115,2018,PABUK,BB,2019-01-07 09:00:00,12.9,92.0,46.3,1004.0,Depression
2018365N08115,2018,PABUK,BB,2019-01-07 12:00:00,13.1,92.0,46.3,1004.0,Depression
2018365N08115,2018,PABUK,BB,2019-01-07 15:00:00,13.1,92.0,42.6,1005.0,Depression
2018365N08115,2018,PABUK,BB,2019-01-07 18:00:00,13.1,92.0,37.0,1005.0,Depression
2019116N02090,2019,FANI,BB,2019-04-25 18:00:00,1.9,90.2,,,
2019116N02090,2019,FANI,BB,2019-04-25 21:00:00,2.1,90.1,,,
2019116N02090,2019,FANI,BB,2019-04-26 00:00:00,2.2,90.0,,,
2019116N02090,2019,FANI,BB,2019-04-26 03:00:00,2.3,89.8,,,
2019116N02090,2019,FANI,BB,2019-04-26 06:00:00,2.5,89.7,,,
2019116N02090,2019,FANI,BB,2019-04-26 09:00:00,2.8,89.8,,,
2019116N02090,2019,FANI,BB,2019-04-26 12:00:00,3.2,89.8,46.3,998.0,Depression
2019116N02090,2019,FANI,BB,2019-04-26 15:00:00,3.5,89.7,46.3,998.0,Depression
2019116N02090,2019,FANI,BB,2019-04-26 18:00:00,3.8,89.5,46.3,998.0,Depression
2019116N02090,2019,FANI,BB,2019-04-26 21:00:00,4.2,89.4,51.9,998.0,Deep Depression
2019116N02090,2019,FANI,BB,2019-04-27 00:00:00,4.6,89.4,55.6,997.0,Deep Depression
2019116N02090,2019,FANI,BB,2019-04-27 03:00:00,4.9,89.4,55.6,996.0,Deep Depression
2019116N02090,2019,FANI,BB,2019-04-27 06:00:00,5.1,89.4,64.8,995.0,Cyclonic Storm
2019116N02090,2019,FANI,BB,2019-04-27 09:00:00,5.5,89.3,74.1,994.0,Cyclonic Storm
2019116N02090,2019,FANI,BB,2019-04-27 12:00:00,6.0,89.2,83.3,992.0,Cyclonic Storm
2019116N02090,2019,FANI,BB,2019-04-27 15:00:00,6.4,88.9,83.3,992.0,Cyclonic Storm
2019116N02090,2019,FANI,BB,2019-04-27 18:00:00,6.6,88.5,83.3,992.0,Cyclonic Storm
2019116N02090,2019,FANI,BB,2019-04-27 21:00:00,6.8,88.2,83.3,992.0,Cyclonic Storm
2019116N02090,2019,FANI,BB,2019-04-28 00:00:00,7.1,88.1,83.3,992.0,Cyclonic Storm
2019116N02090,2019,FANI,BB,2019-04-28 03:00:00,7.2,88.1,83.3,992.0,Cyclonic Storm
2019116N02090,2019,FANI,BB,2019-04-28 06:00:00,7.4,88.1,83.3,992.0,Cyclonic Storm
2019116N02090,2019,FANI,BB,2019-04-28 09:00:00,7.6,87.9,83.3,992.0,Cyclonic Storm
2019116N02090,2019,FANI,BB,2019-04-28 12:00:00,8.0,87.6,83.3,992.0,Cyclonic Storm
2019116N02090,2019,FANI,BB,2019-04-28 15:00:00,8.1,87.5,83.3,992.0,Cyclonic Storm
2019116N02090,2019,FANI,BB,2019-04-28 18:00:00,8.2,87.5,83.3,992.0,Cyclonic Storm
2019116N02090,2019,FANI,BB,2019-04-28 21:00:00,8.4,87.4,83.3,992.0,Cyclonic Storm
2019116N02090,2019,FANI,BB,2019-04-29 00:00:00,8.6,87.4,83.3,992.0,Cyclonic Storm
2019116N02090,2019,FANI,BB,2019-04-29 03:00:00,8.8,87.2,83.3,992.0,Cyclonic Storm
2019116N02090,2019,FANI,BB,2019-04-29 06:00:00,9.3,87.2,83.3,992.0,Cyclonic Storm
2019116N02090,2019,FANI,BB,2019-04-29 09:00:00,9.8,87.1,83.3,992.0,Cyclonic Storm
2019116N02090,2019,FANI,BB,2019-04-29 12:00:00,10.2,87.1,101.9,986.0,Severe Cyclonic Storm
2019116N02090,2019,FANI,BB,2019-04-29 15:00:00,10.5,86.9,101.9,986.0,Severe Cyclonic Storm
2019116N02090,2019,FANI,BB,2019-04-29 18:00:00,10.9,86.8,101.9,986.0,Severe Cyclonic Storm
2019116N02090,2019,FANI,BB,2019-04-29 21:00:00,11.3,86.6,120.4,982.0,Very Severe Cyclonic Storm
2019116N02090,2019,FANI,BB,2019-04-30 00:00:00,11.8,86.5,129.6,980.0,Very Severe Cyclonic Storm
2019116N02090,2019,FANI,BB,2019-04-30 03:00:00,12.3,86.2,138.9,974.0,Very Severe Cyclonic Storm
2019116N02090,2019,FANI,BB,2019-04-30 06:00:00,12.7,85.8,148.2,970.0,Very Severe Cyclonic Storm
2019116N02090,2019,FANI,BB,2019-04-30 09:00:00,13.0,85.3,157.4,966.0,Very Severe Cyclonic Storm
2019116N02090,2019,FANI,BB,2019-04-30 12:00:00,13.3,84.8,166.7,962.0,Extremely Severe Cyclonic Storm
2019116N02090,2019,FANI,BB,2019-04-30 15:00:00,13.4,84.6,175.9,957.0,Extremely Severe Cyclonic Storm
2019116N02090,2019,FANI,BB,2019-04-30 18:00:00,13.5,84.4,175.9,957.0,Extremely Severe Cyclonic Storm
2019116N02090,2019,FANI,BB,2019-04-30 21:00:00,13.6,84.2,175.9,957.0,Extremely Severe Cyclonic Storm
2019116N02090,2019,FANI,BB,2019-05-01 00:00:00,13.9,84.1,175.9,957.0,Extremely Severe Cyclonic Storm
2019116N02090,2019,FANI,BB,2019-05-01 03:00:00,14.1,84.0,175.9,957.0,Extremely Severe Cyclonic Storm
2019116N02090,2019,FANI,BB,2019-05-01 06:00:00,14.2,84.0,175.9,957.0,Extremely Severe Cyclonic Storm
2019116N02090,2019,FANI,BB,2019-05-01 09:00:00,14.5,84.1,175.9,955.0,Extremely Severe Cyclonic Storm
2019116N02090,2019,FANI,BB,2019-05-01 12:00:00,14.9,84.1,185.2,950.0,Extremely Severe Cyclonic Storm
2019116N02090,2019,FANI,BB,2019-05-01 15:00:00,15.0,84.2,185.2,950.0,Extremely Severe Cyclonic Storm
2019116N02090,2019,FANI,BB,2019-05-01 18:00:00,15.2,84.2,185.2,950.0,Extremely Severe Cyclonic Storm
2019116N02090,2019,FANI,BB,2019-05-01 21:00:00,15.5,84.3,185.2,950.0,Extremely Severe Cyclonic Storm
2019116N02090,2019,FANI,BB,2019-05-02 00:00:00,15.9,84.6,194.5,945.0,Extremely Severe Cyclonic Storm
2019116N02090,2019,FANI,BB,2019-05-02 03:00:00,16.2,84.7,194.5,945.0,Extremely Severe Cyclonic Storm
2019116N02090,2019,FANI,BB,2019-05-02 06:00:00,16.8,84.8,203.7,940.0,Extremely Severe Cyclonic Storm
2019116N02090,2019,FANI,BB,2019-05-02 09:00:00,17.2,84.8,213.0,932.0,Extremely Severe Cyclonic Storm
2019116N02090,2019,FANI,BB,2019-05-02 12:00:00,17.6,84.8,213.0,932.0,Extremely Severe Cyclonic Storm
2019116N02090,2019,FANI,BB,2019-05-02 15:00:00,17.9,84.9,213.0,934.0,Extremely Severe Cyclonic Storm
2019116N02090,2019,FANI,BB,2019-05-02 18:00:00,18.3,85.0,213.0,934.0,Extremely Severe Cyclonic Storm
2019116N02090,2019,FANI,BB,2019-05-02 21:00:00,18.6,85.2,213.0,934.0,Extremely Severe Cyclonic Storm
2019116N02090,2019,FANI,BB,2019-05-03 00:00:00,19.1,85.5,194.5,945.0,Extremely Severe Cyclonic Storm
2019116N02090,2019,FANI,BB,2019-05-03 03:00:00,19.6,85.7,185.2,952.0,Extremely Severe Cyclonic Storm
2019116N02090,2019,FANI,BB,2019-05-03 06:00:00,20.2,85.9,157.4,966.0,Very Severe Cyclonic Storm
2019116N02090,2019,FANI,BB,2019-05-03 09:00:00,20.7,86.1,138.9,970.0,Very Severe Cyclonic Storm
2019116N02090,2019,FANI,BB,2019-05-03 12:00:00,21.2,86.5,129.6,976.0,Very Severe Cyclonic Storm
2019116N02090,2019,FANI,BB,2019-05-03 15:00:00,21.6,86.9,111.1,980.0,Severe Cyclonic Storm
2019116N02090,2019,FANI,BB,2019-05-03 18:00:00,22.1,87.4,101.9,984.0,Severe Cyclonic Storm
2019116N02090,2019,FANI,BB,2019-05-03 21:00:00,22.6,88.1,92.6,986.0,Severe Cyclonic Storm
2019116N02090,2019,FANI,BB,2019-05-04 00:00:00,23.2,88.5,74.1,994.0,Cyclonic Storm
2019116N02090,2019,FANI,BB,2019-05-04 03:00:00,23.7,89.0,55.6,996.0,Deep Depression
2019116N02090,2019,FANI,BB,2019-05-04 06:00:00,24.4,89.5,46.3,998.0,Depression
2019116N02090,2019,FANI,BB,2019-05-04 09:00:00,24.8,89.9,42.6,999.0,Depression
2019116N02090,2019,FANI,BB,2019-05-04 12:00:00,25.2,90.7,37.0,1000.0,Depression
2019160N11073,2019,VAYU,AS,2019-06-08 18:00:00,10.5,72.7,,,
2019160N11073,2019,VAYU,AS,2019-06-08 21:00:00,10.2,72.3,,,
2019160N11073,2019,VAYU,AS,2019-06-09 00:00:00,10.1,71.9,,,
2019160N11073,2019,VAYU,AS,2019-06-09 03:00:00,10.2,71.6,,,
2019160N11073,2019,VAYU,AS,2019-06-09 06:00:00,10.4,71.4,,,
2019160N11073,2019,VAYU,AS,2019-06-09 09:00:00,10.6,71.2,,,
2019160N11073,2019,VAYU,AS,2019-06-09 12:00:00,10.9,71.1,,,
2019160N11073,2019,VAYU,AS,2019-06-09 15:00:00,11.2,71.1,,,
2019160N11073,2019,VAYU,AS,2019-06-09 18:00:00,11.5,71.2,,,
2019160N11073,2019,VAYU,AS,2019-06-09 21:00:00,11.8,71.1,,,
2019160N11073,2019,VAYU,AS,2019-06-10 00:00:00,12.0,71.0,46.3,998.0,Depression
2019160N11073,2019,VAYU,AS,2019-06-10 03:00:00,12.4,70.9,46.3,998.0,Depression
2019160N11073,2019,VAYU,AS,2019-06-10 06:00:00,12.6,70.8,55.6,997.0,Deep Depression
2019160N11073,2019,VAYU,AS,2019-06-10 09:00:00,12.9,70.8,55.6,997.0,Deep Depression
2019160N11073,2019,VAYU,AS,2019-06-10 12:00:00,13.3,70.7,55.6,996.0,Deep Depression
2019160N11073,2019,VAYU,AS,2019-06-10 15:00:00,13.6,70.6,61.1,996.0,Deep Depression
2019160N11073,2019,VAYU,AS,2019-06-10 18:00:00,13.9,70.6,64.8,995.0,Cyclonic Storm
2019160N11073,2019,VAYU,AS,2019-06-10 21:00:00,14.2,70.6,64.8,994.0,Cyclonic Storm
2019160N11073,2019,VAYU,AS,2019-06-11 00:00:00,14.6,70.7,74.1,993.0,Cyclonic Storm
2019160N11073,2019,VAYU,AS,2019-06-11 03:00:00,14.9,70.7,74.1,992.0,Cyclonic Storm
2019160N11073,2019,VAYU,AS,2019-06-11 06:00:00,15.2,70.8,83.3,990.0,Cyclonic Storm
2019160N11073,2019,VAYU,AS,2019-06-11 09:00:00,15.6,70.8,83.3,988.0,Cyclonic Storm
2019160N11073,2019,VAYU,AS,2019-06-11 12:00:00,16.1,70.8,101.9,986.0,Severe Cyclonic Storm
2019160N11073,2019,VAYU,AS,2019-06-11 15:00:00,16.6,70.7,111.1,983.0,Severe Cyclonic Storm
2019160N11073,2019,VAYU,AS,2019-06-11 18:00:00,17.0,70.6,120.4,980.0,Very Severe Cyclonic Storm
2019160N11073,2019,VAYU,AS,2019-06-11 21:00:00,17.4,70.5,129.6,977.0,Very Severe Cyclonic Storm
2019160N11073,2019,VAYU,AS,2019-06-12 00:00:00,17.7,70.3,138.9,975.0,Very Severe Cyclonic Storm
2019160N11073,2019,VAYU,AS,2019-06-12 03:00:00,18.0,70.2,138.9,973.0,Very Severe Cyclonic Storm
2019160N11073,2019,VAYU,AS,2019-06-12 06:00:00,18.4,70.0,138.9,971.0,Very Severe Cyclonic Storm
2019160N11073,2019,VAYU,AS,2019-06-12 09:00:00,18.8,69.9,148.2,970.0,Very Severe Cyclonic Storm
2019160N11073,2019,VAYU,AS,2019-06-12 12:00:00,19.1,69.9,148.2,970.0,Very Severe Cyclonic Storm
2019160N11073,2019,VAYU,AS,2019-06-12 15:00:00,19.4,69.8,148.2,970.0,Very Severe Cyclonic Storm
2019160N11073,2019,VAYU,AS,2019-06-12 18:00:00,19.7,69.7,148.2,970.0,Very Severe Cyclonic Storm
2019160N11073,2019,VAYU,AS,2019-06-12 21:00:00,19.9,69.6,148.2,970.0,Very Severe Cyclonic Storm
2019160N11073,2019,VAYU,AS,2019-06-13 00:00:00,20.1,69.6,148.2,970.0,Very Severe Cyclonic Storm
2019160N11073,2019,VAYU,AS,2019-06-13 03:00:00,20.3,69.5,148.2,970.0,Very Severe Cyclonic Storm
2019160N11073,2019,VAYU,AS,2019-06-13 06:00:00,20.5,69.4,148.2,970.0,Very Severe Cyclonic Storm
2019160N11073,2019,VAYU,AS,2019-06-13 09:00:00,20.7,69.2,148.2,970.0,Very Severe Cyclonic Storm
2019160N11073,2019,VAYU,AS,2019-06-13 12:00:00,20.8,69.1,148.2,970.0,Very Severe Cyclonic Storm
2019160N11073,2019,VAYU,AS,2019-06-13 15:00:00,20.9,68.9,148.2,970.0,Very Severe Cyclonic Storm
2019160N11073,2019,VAYU,AS,2019-06-13 18:00:00,20.9,68.9,148.2,970.0,Very Severe Cyclonic Storm
2019160N11073,2019,VAYU,AS,2019-06-13 21:00:00,20.9,68.7,148.2,970.0,Very Severe Cyclonic Storm
2019160N11073,2019,VAYU,AS,2019-06-14 00:00:00,21.0,68.6,148.2,970.0,Very Severe Cyclonic Storm
2019160N11073,2019,VAYU,AS,2019-06-14 03:00:00,21.0,68.4,138.9,973.0,Very Severe Cyclonic Storm
2019160N11073,2019,VAYU,AS,2019-06-14 06:00:00,21.0,68.4,138.9,973.0,Very Severe Cyclonic Storm
2019160N11073,2019,VAYU,AS,2019-06-14 09:00:00,20.9,68.3,138.9,973.0,Very Severe Cyclonic Storm
2019160N11073,2019,VAYU,AS,2019-06-14 12:00:00,20.8,68.2,129.6,976.0,Very Severe Cyclonic Storm
2019160N11073,2019,VAYU,AS,2019-06-14 15:00:00,20.8,68.1,129.6,976.0,Very Severe Cyclonic Storm
2019160N11073,2019,VAYU,AS,2019-06-14 18:00:00,20.8,67.9,120.4,978.0,Very Severe Cyclonic Storm
2019160N11073,2019,VAYU,AS,2019-06-14 21:00:00,20.7,67.7,120.4,978.0,Very Severe Cyclonic Storm
2019160N11073,2019,VAYU,AS,2019-06-15 00:00:00,20.7,67.5,120.4,978.0,Very Severe Cyclonic Storm
2019160N11073,2019,VAYU,AS,2019-06-15 03:00:00,20.6,67.3,120.4,979.0,Very Severe Cyclonic Storm
2019160N11073,2019,VAYU,AS,2019-06-15 06:00:00,20.6,66.9,120.4,979.0,Very Severe Cyclonic Storm
2019160N11073,2019,VAYU,AS,2019-06-15 09:00:00,20.6,66.7,120.4,980.0,Very Severe Cyclonic Storm
2019160N11073,2019,VAYU,AS,2019-06-15 12:00:00,20.7,66.4,120.4,980.0,Very Severe Cyclonic Storm
2019160N11073,2019,VAYU,AS,2019-06-15 15:00:00,20.7,66.2,120.4,980.0,Very Severe Cyclonic Storm
2019160N11073,2019,VAYU,AS,2019-06-15 18:00:00,20.7,66.0,120.4,981.0,Very Severe Cyclonic Storm
2019160N11073,2019,VAYU,AS,2019-06-15 21:00:00,20.7,65.8,120.4,981.0,Very Severe Cyclonic Storm
2019160N11073,2019,VAYU,AS,2019-06-16 00:00:00,20.8,65.5,111.1,983.0,Severe Cyclonic Storm
2019160N11073,2019,VAYU,AS,2019-06-16 03:00:00,20.8,65.2,101.9,985.0,Severe Cyclonic Storm
2019160N11073,2019,VAYU,AS,2019-06-16 06:00:00,20.8,65.1,101.9,985.0,Severe Cyclonic Storm
2019160N11073,2019,VAYU,AS,2019-06-16 09:00:00,20.7,65.1,101.9,986.0,Severe Cyclonic Storm
2019160N11073,2019,VAYU,AS,2019-06-16 12:00:00,20.8,65.2,92.6,988.0,Severe Cyclonic Storm
2019160N11073,2019,VAYU,AS,2019-06-16 15:00:00,20.8,65.6,83.3,990.0,Cyclonic Storm
2019160N11073,2019,VAYU,AS,2019-06-16 18:00:00,21.1,66.1,74.1,992.0,Cyclonic Storm
2019160N11073,2019,VAYU,AS,2019-06-16 21:00:00,21.4,66.4,74.1,993.0,Cyclonic Storm
2019160N11073,2019,VAYU,AS,2019-06-17 00:00:00,21.7,66.6,64.8,995.0,Cyclonic Storm
2019160N11073,2019,VAYU,AS,2019-06-17 03:00:00,21.8,66.8,55.6,996.0,Deep Depression
2019160N11073,2019,VAYU,AS,2019-06-17 06:00:00,21.9,67.0,55.6,997.0,Deep Depression
2019160N11073,2019,VAYU,AS,2019-06-17 09:00:00,22.2,67.4,46.3,998.0,Depression
2019160N11073,2019,VAYU,AS,2019-06-17 12:00:00,22.5,67.9,37.0,998.0,Depression
2019160N11073,2019,VAYU,AS,2019-06-17 15:00:00,22.8,68.1,,,
2019160N11073,2019,VAYU,AS,2019-06-17 18:00:00,23.1,68.3,,,
2019160N11073,2019,VAYU,AS,2019-06-17 21:00:00,23.2,68.6,,,
2019160N11073,2019,VAYU,AS,2019-06-18 00:00:00,23.2,69.0,,,
2019160N11073,2019,VAYU,AS,2019-06-18 03:00:00,23.1,69.6,,,
2019160N11073,2019,VAYU,AS,2019-06-18 06:00:00,23.0,70.2,,,
2019218N21088,2019,UNNAMED,BB,2019-08-06 03:00:00,20.5,88.0,46.3,990.0,Depression
2019218N21088,2019,UNNAMED,BB,2019-08-06 06:00:00,20.5,88.0,46.3,990.0,Depression
2019218N21088,2019,UNNAMED,BB,2019-08-06 09:00:00,20.6,87.9,46.3,990.0,Depression
2019218N21088,2019,UNNAMED,BB,2019-08-06 12:00:00,20.7,87.8,46.3,990.0,Depression
2019218N21088,2019,UNNAMED,BB,2019-08-06 15:00:00,20.7,87.7,46.3,990.0,Depression
2019218N21088,2019,UNNAMED,BB,2019-08-06 18:00:00,20.8,87.6,46.3,990.0,Depression
2019218N21088,2019,UNNAMED,BB,2019-08-06 21:00:00,20.9,87.5,51.9,989.0,Deep Depression
2019218N21088,2019,UNNAMED,BB,2019-08-07 00:00:00,21.0,87.4,55.6,988.0,Deep Depression
2019218N21088,2019,UNNAMED,BB,2019-08-07 03:00:00,21.1,87.4,55.6,988.0,Deep Depression
2019218N21088,2019,UNNAMED,BB,2019-08-07 06:00:00,21.2,87.2,55.6,988.0,Deep Depression
2019218N21088,2019,UNNAMED,BB,2019-08-07 09:00:00,21.5,86.9,55.6,988.0,Deep Depression
2019218N21088,2019,UNNAMED,BB,2019-08-07 12:00:00,21.9,86.5,55.6,988.0,Deep Depression
2019218N21088,2019,UNNAMED,BB,2019-08-07 15:00:00,22.2,86.1,55.6,988.0,Deep Depression
2019218N21088,2019,UNNAMED,BB,2019-08-07 18:00:00,22.4,85.6,55.6,988.0,Deep Depression
2019218N21088,2019,UNNAMED,BB,2019-08-07 21:00:00,22.6,84.9,51.9,994.0,Deep Depression
2019218N21088,2019,UNNAMED,BB,2019-08-08 00:00:00,22.8,84.0,46.3,999.0,Depression
2019218N21088,2019,UNNAMED,BB,2019-08-08 03:00:00,23.0,82.9,46.3,999.0,Depression
2019218N21088,2019,UNNAMED,BB,2019-08-08 06:00:00,23.4,81.9,46.3,999.0,Depression
2019218N21088,2019,UNNAMED,BB,2019-08-08 09:00:00,23.6,80.9,46.3,999.0,Depression
2019218N21088,2019,UNNAMED,BB,2019-08-08 12:00:00,23.6,80.2,46.3,999.0,Depression
2019218N21088,2019,UNNAMED,BB,2019-08-08 15:00:00,23.6,80.0,46.3,1000.0,Depression
2019218N21088,2019,UNNAMED,BB,2019-08-08 18:00:00,23.6,79.8,46.3,1000.0,Depression
2019218N21088,2019,UNNAMED,BB,2019-08-08 21:00:00,23.6,79.4,46.3,1000.0,Depression
2019218N21088,2019,UNNAMED,BB,2019-08-09 00:00:00,23.6,78.6,46.3,1000.0,Depression
2019218N21088,2019,UNNAMED,AS,2019-08-09 03:00:00,23.8,77.3,46.3,1000.0,Depression
2019218N21088,2019,UNNAMED,AS,2019-08-09 06:00:00,24.0,76.1,46.3,1000.0,Depression
2019264N19071,2019,HIKAA:HIKKA,AS,2019-09-20 18:00:00,19.3,71.3,,,
2019264N19071,2019,HIKAA:HIKKA,AS,2019-09-20 21:00:00,19.2,71.1,,,
2019264N19071,2019,HIKAA:HIKKA,AS,2019-09-21 00:00:00,19.1,70.9,,,
2019264N19071,2019,HIKAA:HIKKA,AS,2019-09-21 03:00:00,19.1,70.7,,,
2019264N19071,2019,HIKAA:HIKKA,AS,2019-09-21 06:00:00,19.1,70.6,,,
2019264N19071,2019,HIKAA:HIKKA,AS,2019-09-21 09:00:00,19.1,70.5,,,
2019264N19071,2019,HIKAA:HIKKA,AS,2019-09-21 12:00:00,19.2,70.3,,,
2019264N19071,2019,HIKAA:HIKKA,AS,2019-09-21 15:00:00,19.2,70.1,,,
2019264N19071,2019,HIKAA:HIKKA,AS,2019-09-21 18:00:00,19.3,69.9,,,
2019264N19071,2019,HIKAA:HIKKA,AS,2019-09-21 21:00:00,19.4,69.7,,,
2019264N19071,2019,HIKAA:HIKKA,AS,2019-09-22 00:00:00,19.6,69.5,,,
2019264N19071,2019,HIKAA:HIKKA,AS,2019-09-22 03:00:00,19.8,69.2,46.3,1002.0,Depression
2019264N19071,2019,HIKAA:HIKKA,AS,2019-09-22 06:00:00,20.0,68.9,46.3,1000.0,Depression
2019264N19071,2019,HIKAA:HIKKA,AS,2019-09-22 09:00:00,20.2,68.5,51.9,1000.0,Deep Depression
2019264N19071,2019,HIKAA:HIKKA,AS,2019-09-22 12:00:00,20.4,68.1,55.6,999.0,Deep Depression
2019264N19071,2019,HIKAA:HIKKA,AS,2019-09-22 15:00:00,20.5,67.6,55.6,999.0,Deep Depression
2019264N19071,2019,HIKAA:HIKKA,AS,2019-09-22 18:00:00,20.4,67.1,55.6,998.0,Deep Depression
2019264N19071,2019,HIKAA:HIKKA,AS,2019-09-22 21:00:00,20.4,66.6,61.1,998.0,Deep Depression
2019264N19071,2019,HIKAA:HIKKA,AS,2019-09-23 00:00:00,20.4,66.1,64.8,997.0,Cyclonic Storm
2019264N19071,2019,HIKAA:HIKKA,AS,2019-09-23 03:00:00,20.3,65.5,74.1,996.0,Cyclonic Storm
2019264N19071,2019,HIKAA:HIKKA,AS,2019-09-23 06:00:00,20.3,64.9,83.3,994.0,Cyclonic Storm
2019264N19071,2019,HIKAA:HIKKA,AS,2019-09-23 09:00:00,20.2,64.1,101.9,988.0,Severe Cyclonic Storm
2019264N19071,2019,HIKAA:HIKKA,AS,2019-09-23 12:00:00,20.2,63.6,101.9,988.0,Severe Cyclonic Storm
2019264N19071,2019,HIKAA:HIKKA,AS,2019-09-23 15:00:00,20.2,62.9,101.9,988.0,Severe Cyclonic Storm
2019264N19071,2019,HIKAA:HIKKA,AS,2019-09-23 18:00:00,20.2,62.3,111.1,986.0,Severe Cyclonic Storm
2019264N19071,2019,HIKAA:HIKKA,AS,2019-09-23 21:00:00,20.2,61.6,111.1,986.0,Severe Cyclonic Storm
2019264N19071,2019,HIKAA:HIKKA,AS,2019-09-24 00:00:00,20.1,61.0,129.6,980.0,Very Severe Cyclonic Storm
2019264N19071,2019,HIKAA:HIKKA,AS,2019-09-24 03:00:00,20.1,60.3,138.9,978.0,Very Severe Cyclonic Storm
2019264N19071,2019,HIKAA:HIKKA,AS,2019-09-24 06:00:00,20.0,59.6,138.9,978.0,Very Severe Cyclonic Storm
2019264N19071,2019,HIKAA:HIKKA,AS,2019-09-24 09:00:00,19.9,58.9,138.9,978.0,Very Severe Cyclonic Storm
2019264N19071,2019,HIKAA:HIKKA,AS,2019-09-24 12:00:00,19.8,58.3,138.9,978.0,Very Severe Cyclonic Storm
2019264N19071,2019,HIKAA:HIKKA,AS,2019-09-24 15:00:00,19.7,57.6,111.1,986.0,Severe Cyclonic Storm
2019264N19071,2019,HIKAA:HIKKA,AS,2019-09-24 18:00:00,19.7,57.1,101.9,989.0,Severe Cyclonic Storm
2019264N19071,2019,HIKAA:HIKKA,AS,2019-09-24 21:00:00,19.6,56.5,83.3,994.0,Cyclonic Storm
2019264N19071,2019,HIKAA:HIKKA,AS,2019-09-25 00:00:00,19.6,56.0,64.8,997.0,Cyclonic Storm
2019264N19071,2019,HIKAA:HIKKA,AS,2019-09-25 03:00:00,19.4,55.5,55.6,999.0,Deep Depression
2019264N19071,2019,HIKAA:HIKKA,AS,2019-09-25 06:00:00,19.2,55.0,46.3,1002.0,Depression
2019264N19071,2019,HIKAA:HIKKA,AS,2019-09-25 09:00:00,19.2,54.5,,,
2019264N19071,2019,HIKAA:HIKKA,AS,2019-09-25 12:00:00,19.2,54.0,,,
2019264N19071,2019,HIKAA:HIKKA,AS,2019-09-25 15:00:00,19.1,53.4,,,
2019264N19071,2019,HIKAA:HIKKA,AS,2019-09-25 18:00:00,19.0,52.8,,,
2019264N19071,2019,HIKAA:HIKKA,AS,2019-09-25 21:00:00,18.9,52.3,,,
2019264N19071,2019,HIKAA:HIKKA,AS,2019-09-26 00:00:00,18.9,51.7,,,
2019264N19071,2019,HIKAA:HIKKA,AS,2019-09-26 03:00:00,18.9,51.1,,,
2019264N19071,2019,HIKAA:HIKKA,AS,2019-09-26 06:00:00,18.8,50.5,,,
2019273N23070,2019,UNNAMED,AS,2019-09-29 12:00:00,23.1,70.2,46.3,1002.0,Depression
2019273N23070,2019,UNNAMED,AS,2019-09-29 15:00:00,23.1,70.2,46.3,1002.0,Depression
2019273N23070,2019,UNNAMED,AS,2019-09-29 18:00:00,23.1,70.2,46.3,1002.0,Depression
2019273N23070,2019,UNNAMED,AS,2019-09-29 21:00:00,23.1,70.3,46.3,1002.0,Depression
2019273N23070,2019,UNNAMED,AS,2019-09-30 00:00:00,23.2,70.5,46.3,1002.0,Depression
2019273N23070,2019,UNNAMED,AS,2019-09-30 03:00:00,23.4,70.7,46.3,1002.0,Depression
2019273N23070,2019,UNNAMED,AS,2019-09-30 06:00:00,23.5,71.3,46.3,1002.0,Depression
2019273N23070,2019,UNNAMED,AS,2019-09-30 09:00:00,23.5,71.6,46.3,1002.0,Depression
2019273N23070,2019,UNNAMED,AS,2019-09-30 12:00:00,23.5,71.9,46.3,1002.0,Depression
2019273N23070,2019,UNNAMED,AS,2019-09-30 15:00:00,23.6,72.2,46.3,1002.0,Depression
2019273N23070,2019,UNNAMED,AS,2019-09-30 18:00:00,23.7,72.7,46.3,1002.0,Depression
2019273N23070,2019,UNNAMED,AS,2019-09-30 21:00:00,23.8,73.3,46.3,1002.0,Depression
2019273N23070,2019,UNNAMED,AS,2019-10-01 00:00:00,24.0,74.1,46.3,1002.0,Depression
2019296N15066,2019,KYAAR:KYARR,AS,2019-10-22 18:00:00,14.7,66.4,,,
2019296N15066,2019,KYAAR:KYARR,AS,2019-10-22 21:00:00,14.9,66.8,,,
2019296N15066,2019,KYAAR:KYARR,AS,2019-10-23 00:00:00,15.1,67.2,,,
2019296N15066,2019,KYAAR:KYARR,AS,2019-10-23 03:00:00,15.2,67.6,,,
2019296N15066,2019,KYAAR:KYARR,AS,2019-10-23 06:00:00,15.3,68.1,,,
2019296N15066,2019,KYAAR:KYARR,AS,2019-10-23 09:00:00,15.4,68.5,,,
2019296N15066,2019,KYAAR:KYARR,AS,2019-10-23 12:00:00,15.5,69.0,,,
2019296N15066,2019,KYAAR:KYARR,AS,2019-10-23 15:00:00,15.6,69.6,,,
2019296N15066,2019,KYAAR:KYARR,AS,2019-10-23 18:00:00,15.6,70.1,,,
2019296N15066,2019,KYAAR:KYARR,AS,2019-10-23 21:00:00,15.6,70.4,,,
2019296N15066,2019,KYAAR:KYARR,AS,2019-10-24 00:00:00,15.5,70.5,,,
2019296N15066,2019,KYAAR:KYARR,AS,2019-10-24 03:00:00,15.3,70.6,46.3,1000.0,Depression
2019296N15066,2019,KYAAR:KYARR,AS,2019-10-24 06:00:00,15.2,70.7,46.3,1000.0,Depression
2019296N15066,2019,KYAAR:KYARR,AS,2019-10-24 09:00:00,15.3,70.8,51.9,999.0,Deep Depression
2019296N15066,2019,KYAAR:KYARR,AS,2019-10-24 12:00:00,15.5,71.0,55.6,998.0,Deep Depression
2019296N15066,2019,KYAAR:KYARR,AS,2019-10-24 15:00:00,15.5,71.1,55.6,998.0,Deep Depression
2019296N15066,2019,KYAAR:KYARR,AS,2019-10-24 18:00:00,15.6,71.3,55.6,997.0,Deep Depression
2019296N15066,2019,KYAAR:KYARR,AS,2019-10-24 21:00:00,15.6,71.4,64.8,997.0,Cyclonic Storm
2019296N15066,2019,KYAAR:KYARR,AS,2019-10-25 00:00:00,15.8,71.6,74.1,996.0,Cyclonic Storm
2019296N15066,2019,KYAAR:KYARR,AS,2019-10-25 03:00:00,15.9,71.7,74.1,996.0,Cyclonic Storm
2019296N15066,2019,KYAAR:KYARR,AS,2019-10-25 06:00:00,16.0,71.8,83.3,994.0,Cyclonic Storm
2019296N15066,2019,KYAAR:KYARR,AS,2019-10-25 09:00:00,16.1,71.8,83.3,994.0,Cyclonic Storm
2019296N15066,2019,KYAAR:KYARR,AS,2019-10-25 12:00:00,16.3,71.8,92.6,992.0,Severe Cyclonic Storm
2019296N15066,2019,KYAAR:KYARR,AS,2019-10-25 15:00:00,16.3,71.7,101.9,991.0,Severe Cyclonic Storm
2019296N15066,2019,KYAAR:KYARR,AS,2019-10-25 18:00:00,16.5,71.5,101.9,990.0,Severe Cyclonic Storm
2019296N15066,2019,KYAAR:KYARR,AS,2019-10-25 21:00:00,16.5,71.1,111.1,988.0,Severe Cyclonic Storm
2019296N15066,2019,KYAAR:KYARR,AS,2019-10-26 00:00:00,16.6,70.8,120.4,984.0,Very Severe Cyclonic Storm
2019296N15066,2019,KYAAR:KYARR,AS,2019-10-26 03:00:00,16.6,70.4,120.4,984.0,Very Severe Cyclonic Storm
2019296N15066,2019,KYAAR:KYARR,AS,2019-10-26 06:00:00,16.6,70.0,138.9,978.0,Very Severe Cyclonic Storm
2019296N15066,2019,KYAAR:KYARR,AS,2019-10-26 09:00:00,16.6,69.7,148.2,974.0,Very Severe Cyclonic Storm
2019296N15066,2019,KYAAR:KYARR,AS,2019-10-26 12:00:00,16.7,69.4,157.4,970.0,Very Severe Cyclonic Storm
2019296N15066,2019,KYAAR:KYARR,AS,2019-10-26 15:00:00,16.7,69.1,166.7,966.0,Extremely Severe Cyclonic Storm
2019296N15066,2019,KYAAR:KYARR,AS,2019-10-26 18:00:00,16.8,68.9,194.5,950.0,Extremely Severe Cyclonic Storm
2019296N15066,2019,KYAAR:KYARR,AS,2019-10-26 21:00:00,16.9,68.5,203.7,946.0,Extremely Severe Cyclonic Storm
2019296N15066,2019,KYAAR:KYARR,AS,2019-10-27 00:00:00,17.0,68.2,222.2,934.0,Super Cyclonic Storm
2019296N15066,2019,KYAAR:KYARR,AS,2019-10-27 03:00:00,17.1,67.8,231.5,928.0,Super Cyclonic Storm
2019296N15066,2019,KYAAR:KYARR,AS,2019-10-27 06:00:00,17.3,67.4,231.5,928.0,Super Cyclonic Storm
2019296N15066,2019,KYAAR:KYARR,AS,2019-10-27 09:00:00,17.4,67.1,240.8,922.0,Super Cyclonic Storm
2019296N15066,2019,KYAAR:KYARR,AS,2019-10-27 12:00:00,17.5,66.8,240.8,922.0,Super Cyclonic Storm
2019296N15066,2019,KYAAR:KYARR,AS,2019-10-27 15:00:00,17.6,66.5,240.8,922.0,Super Cyclonic Storm
2019296N15066,2019,KYAAR:KYARR,AS,2019-10-27 18:00:00,17.8,66.3,240.8,922.0,Super Cyclonic Storm
2019296N15066,2019,KYAAR:KYARR,AS,2019-10-27 21:00:00,18.0,65.8,231.5,926.0,Super Cyclonic Storm
2019296N15066,2019,KYAAR:KYARR,AS,2019-10-28 00:00:00,18.2,65.5,231.5,928.0,Super Cyclonic Storm
2019296N15066,2019,KYAAR:KYARR,AS,2019-10-28 03:00:00,18.2,65.1,231.5,928.0,Super Cyclonic Storm
2019296N15066,2019,KYAAR:KYARR,AS,2019-10-28 06:00:00,18.3,64.8,231.5,928.0,Super Cyclonic Storm
2019296N15066,2019,KYAAR:KYARR,AS,2019-10-28 09:00:00,18.4,64.5,231.5,928.0,Super Cyclonic Storm
2019296N15066,2019,KYAAR:KYARR,AS,2019-10-28 12:00:00,18.5,64.4,231.5,928.0,Super Cyclonic Storm
2019296N15066,2019,KYAAR:KYARR,AS,2019-10-28 15:00:00,18.7,64.1,231.5,928.0,Super Cyclonic Storm
2019296N15066,2019,KYAAR:KYARR,AS,2019-10-28 18:00:00,18.8,64.0,231.5,930.0,Super Cyclonic Storm
2019296N15066,2019,KYAAR:KYARR,AS,2019-10-28 21:00:00,18.9,63.8,231.5,930.0,Super Cyclonic Storm
2019296N15066,2019,KYAAR:KYARR,AS,2019-10-29 00:00:00,19.1,63.6,222.2,934.0,Super Cyclonic Storm
2019296N15066,2019,KYAAR:KYARR,AS,2019-10-29 03:00:00,19.2,63.4,213.0,940.0,Extremely Severe Cyclonic Storm
2019296N15066,2019,KYAAR:KYARR,AS,2019-10-29 06:00:00,19.4,63.3,203.7,946.0,Extremely Severe Cyclonic Storm
2019296N15066,2019,KYAAR:KYARR,AS,2019-10-29 09:00:00,19.5,63.1,194.5,950.0,Extremely Severe Cyclonic Storm
2019296N15066,2019,KYAAR:KYARR,AS,2019-10-29 12:00:00,19.6,63.1,185.2,956.0,Extremely Severe Cyclonic Storm
2019296N15066,2019,KYAAR:KYARR,AS,2019-10-29 15:00:00,19.6,62.9,185.2,956.0,Extremely Severe Cyclonic Storm
2019296N15066,2019,KYAAR:KYARR,AS,2019-10-29 18:00:00,19.6,62.8,175.9,960.0,Extremely Severe Cyclonic Storm
2019296N15066,2019,KYAAR:KYARR,AS,2019-10-29 21:00:00,19.6,62.5,166.7,966.0,Extremely Severe Cyclonic Storm
2019296N15066,2019,KYAAR:KYARR,AS,2019-10-30 00:00:00,19.6,62.3,157.4,970.0,Very Severe Cyclonic Storm
2019296N15066,2019,KYAAR:KYARR,AS,2019-10-30 03:00:00,19.5,62.1,148.2,974.0,Very Severe Cyclonic Storm
2019296N15066,2019,KYAAR:KYARR,AS,2019-10-30 06:00:00,19.3,61.8,138.9,978.0,Very Severe Cyclonic Storm
2019296N15066,2019,KYAAR:KYARR,AS,2019-10-30 09:00:00,19.2,61.6,129.6,982.0,Very Severe Cyclonic Storm
2019296N15066,2019,KYAAR:KYARR,AS,2019-10-30 12:00:00,18.9,61.4,120.4,984.0,Very Severe Cyclonic Storm
2019296N15066,2019,KYAAR:KYARR,AS,2019-10-30 15:00:00,18.9,61.1,111.1,988.0,Severe Cyclonic Storm
2019296N15066,2019,KYAAR:KYARR,AS,2019-10-30 18:00:00,18.7,60.8,101.9,990.0,Severe Cyclonic Storm
2019296N15066,2019,KYAAR:KYARR,AS,2019-10-30 21:00:00,18.5,60.5,101.9,991.0,Severe Cyclonic Storm
2019296N15066,2019,KYAAR:KYARR,AS,2019-10-31 00:00:00,18.3,60.4,92.6,994.0,Severe Cyclonic Storm
2019296N15066,2019,KYAAR:KYARR,AS,2019-10-31 03:00:00,18.0,60.1,83.3,996.0,Cyclonic Storm
2019296N15066,2019,KYAAR:KYARR,AS,2019-10-31 06:00:00,17.7,60.0,74.1,998.0,Cyclonic Storm
2019296N15066,2019,KYAAR:KYARR,AS,2019-10-31 09:00:00,17.5,59.9,74.1,998.0,Cyclonic Storm
2019296N15066,2019,KYAAR:KYARR,AS,2019-10-31 12:00:00,17.4,59.9,64.8,999.0,Cyclonic Storm
2019296N15066,2019,KYAAR:KYARR,AS,2019-10-31 15:00:00,17.2,59.7,55.6,1001.0,Deep Depression
2019296N15066,2019,KYAAR:KYARR,AS,2019-10-31 18:00:00,16.9,59.6,55.6,1001.0,Deep Depression
2019296N15066,2019,KYAAR:KYARR,AS,2019-10-31 21:00:00,16.7,59.5,55.6,1001.0,Deep Depression
2019296N15066,2019,KYAAR:KYARR,AS,2019-11-01 00:00:00,16.5,59.3,46.3,1002.0,Depression
2019296N15066,2019,KYAAR:KYARR,AS,2019-11-01 03:00:00,16.2,59.0,46.3,1002.0,Depression
2019296N15066,2019,KYAAR:KYARR,AS,2019-11-01 06:00:00,16.0,58.6,46.3,1002.0,Depression
2019296N15066,2019,KYAAR:KYARR,AS,2019-11-01 09:00:00,15.7,58.2,46.3,1002.0,Depression
2019296N15066,2019,KYAAR:KYARR,AS,2019-11-01 12:00:00,15.4,57.6,46.3,1002.0,Depression
2019296N15066,2019,KYAAR:KYARR,AS,2019-11-01 15:00:00,14.9,57.4,46.3,1002.0,Depression
2019296N15066,2019,KYAAR:KYARR,AS,2019-11-01 18:00:00,14.4,57.1,46.3,1002.0,Depression
2019296N15066,2019,KYAAR:KYARR,AS,2019-11-01 21:00:00,14.0,56.6,46.3,1002.0,Depression
2019296N15066,2019,KYAAR:KYARR,AS,2019-11-02 00:00:00,13.8,56.1,46.3,1002.0,Depression
2019296N15066,2019,KYAAR:KYARR,AS,2019-11-02 03:00:00,13.6,55.2,46.3,1003.0,Depression
2019296N15066,2019,KYAAR:KYARR,AS,2019-11-02 06:00:00,13.3,54.3,46.3,1003.0,Depression
2019296N15066,2019,KYAAR:KYARR,AS,2019-11-02 09:00:00,12.9,53.8,46.3,1003.0,Depression
2019296N15066,2019,KYAAR:KYARR,AS,2019-11-02 12:00:00,12.6,53.0,37.0,1003.0,Depression
2019296N15066,2019,KYAAR:KYARR,AS,2019-11-02 15:00:00,12.1,52.3,37.0,1003.0,Depression
2019296N15066,2019,KYAAR:KYARR,AS,2019-11-02 18:00:00,11.1,51.9,,,
2019296N15066,2019,KYAAR:KYARR,AS,2019-11-02 21:00:00,10.3,51.9,,,
2019296N15066,2019,KYAAR:KYARR,AS,2019-11-03 00:00:00,9.8,52.1,,,
2019296N15066,2019,KYAAR:KYARR,AS,2019-11-03 03:00:00,9.5,52.2,,,
2019296N15066,2019,KYAAR:KYARR,AS,2019-11-03 06:00:00,9.2,52.2,,,
2019301N05081,2019,MAHA,BB,2019-10-28 06:00:00,4.9,81.2,,,
2019301N05081,2019,MAHA,BB,2019-10-28 09:00:00,4.9,80.6,,,
2019301N05081,2019,MAHA,BB,2019-10-28 12:00:00,4.8,80.0,,,
2019301N05081,2019,MAHA,BB,2019-10-28 15:00:00,4.7,79.4,,,
2019301N05081,2019,MAHA,BB,2019-10-28 18:00:00,4.6,78.8,,,
2019301N05081,2019,MAHA,BB,2019-10-28 21:00:00,4.5,78.1,,,
2019301N05081,2019,MAHA,AS,2019-10-29 00:00:00,4.5,77.5,,,
2019301N05081,2019,MAHA,AS,2019-10-29 03:00:00,4.7,77.1,,,
2019301N05081,2019,MAHA,AS,2019-10-29 06:00:00,5.1,76.8,,,
2019301N05081,2019,MAHA,AS,2019-10-29 09:00:00,5.5,76.8,,,
2019301N05081,2019,MAHA,AS,2019-10-29 12:00:00,5.9,76.8,,,
2019301N05081,2019,MAHA,AS,2019-10-29 15:00:00,6.3,76.7,,,
2019301N05081,2019,MAHA,AS,2019-10-29 18:00:00,6.7,76.4,,,
2019301N05081,2019,MAHA,AS,2019-10-29 21:00:00,7.1,76.0,,,
2019301N05081,2019,MAHA,AS,2019-10-30 00:00:00,7.4,75.7,46.3,1003.0,Depression
2019301N05081,2019,MAHA,AS,2019-10-30 03:00:00,8.0,75.1,46.3,1003.0,Depression
2019301N05081,2019,MAHA,AS,2019-10-30 06:00:00,8.3,74.9,46.3,1002.0,Depression
2019301N05081,2019,MAHA,AS,2019-10-30 09:00:00,8.7,74.5,55.6,1001.0,Deep Depression
2019301N05081,2019,MAHA,AS,2019-10-30 12:00:00,9.3,74.1,64.8,1000.0,Cyclonic Storm
2019301N05081,2019,MAHA,AS,2019-10-30 15:00:00,9.8,73.8,74.1,998.0,Cyclonic Storm
2019301N05081,2019,MAHA,AS,2019-10-30 18:00:00,10.3,73.4,74.1,998.0,Cyclonic Storm
2019301N05081,2019,MAHA,AS,2019-10-30 21:00:00,10.7,73.3,74.1,998.0,Cyclonic Storm
2019301N05081,2019,MAHA,AS,2019-10-31 00:00:00,11.1,73.3,83.3,996.0,Cyclonic Storm
2019301N05081,2019,MAHA,AS,2019-10-31 03:00:00,11.6,73.1,83.3,996.0,Cyclonic Storm
2019301N05081,2019,MAHA,AS,2019-10-31 06:00:00,12.0,73.1,92.6,994.0,Severe Cyclonic Storm
2019301N05081,2019,MAHA,AS,2019-10-31 09:00:00,12.5,73.1,92.6,994.0,Severe Cyclonic Storm
2019301N05081,2019,MAHA,AS,2019-10-31 12:00:00,13.0,72.9,92.6,992.0,Severe Cyclonic Storm
2019301N05081,2019,MAHA,AS,2019-10-31 15:00:00,13.5,72.6,101.9,990.0,Severe Cyclonic Storm
2019301N05081,2019,MAHA,AS,2019-10-31 18:00:00,13.9,72.3,101.9,990.0,Severe Cyclonic Storm
2019301N05081,2019,MAHA,AS,2019-10-31 21:00:00,14.1,72.0,101.9,990.0,Severe Cyclonic Storm
2019301N05081,2019,MAHA,AS,2019-11-01 00:00:00,14.6,71.6,101.9,990.0,Severe Cyclonic Storm
2019301N05081,2019,MAHA,AS,2019-11-01 03:00:00,14.8,70.9,101.9,990.0,Severe Cyclonic Storm
2019301N05081,2019,MAHA,AS,2019-11-01 06:00:00,15.2,70.4,101.9,990.0,Severe Cyclonic Storm
2019301N05081,2019,MAHA,AS,2019-11-01 09:00:00,15.3,70.0,101.9,990.0,Severe Cyclonic Storm
2019301N05081,2019,MAHA,AS,2019-11-01 12:00:00,15.5,69.7,92.6,992.0,Severe Cyclonic Storm
2019301N05081,2019,MAHA,AS,2019-11-01 15:00:00,15.7,69.4,92.6,992.0,Severe Cyclonic Storm
2019301N05081,2019,MAHA,AS,2019-11-01 18:00:00,15.9,69.1,92.6,992.0,Severe Cyclonic Storm
2019301N05081,2019,MAHA,AS,2019-11-01 21:00:00,16.0,68.9,92.6,992.0,Severe Cyclonic Storm
2019301N05081,2019,MAHA,AS,2019-11-02 00:00:00,16.2,68.6,92.6,992.0,Severe Cyclonic Storm
2019301N05081,2019,MAHA,AS,2019-11-02 03:00:00,16.3,68.4,92.6,992.0,Severe Cyclonic Storm
2019301N05081,2019,MAHA,AS,2019-11-02 06:00:00,16.6,68.2,92.6,992.0,Severe Cyclonic Storm
2019301N05081,2019,MAHA,AS,2019-11-02 09:00:00,16.8,67.9,92.6,992.0,Severe Cyclonic Storm
2019301N05081,2019,MAHA,AS,2019-11-02 12:00:00,17.0,67.6,101.9,990.0,Severe Cyclonic Storm
2019301N05081,2019,MAHA,AS,2019-11-02 15:00:00,17.1,67.3,101.9,990.0,Severe Cyclonic Storm
2019301N05081,2019,MAHA,AS,2019-11-02 18:00:00,17.2,67.1,111.1,988.0,Severe Cyclonic Storm
2019301N05081,2019,MAHA,AS,2019-11-02 21:00:00,17.4,66.8,111.1,988.0,Severe Cyclonic Storm
2019301N05081,2019,MAHA,AS,2019-11-03 00:00:00,17.5,66.6,111.1,988.0,Severe Cyclonic Storm
2019301N05081,2019,MAHA,AS,2019-11-03 03:00:00,17.5,66.4,111.1,988.0,Severe Cyclonic Storm
2019301N05081,2019,MAHA,AS,2019-11-03 06:00:00,17.6,66.2,111.1,988.0,Severe Cyclonic Storm
2019301N05081,2019,MAHA,AS,2019-11-03 09:00:00,17.6,65.9,120.4,984.0,Very Severe Cyclonic Storm
2019301N05081,2019,MAHA,AS,2019-11-03 12:00:00,17.7,65.7,129.6,982.0,Very Severe Cyclonic Storm
2019301N05081,2019,MAHA,AS,2019-11-03 15:00:00,17.8,65.5,138.9,978.0,Very Severe Cyclonic Storm
2019301N05081,2019,MAHA,AS,2019-11-03 18:00:00,17.9,65.4,148.2,974.0,Very Severe Cyclonic Storm
2019301N05081,2019,MAHA,AS,2019-11-03 21:00:00,18.0,65.1,157.4,970.0,Very Severe Cyclonic Storm
2019301N05081,2019,MAHA,AS,2019-11-04 00:00:00,18.1,64.9,166.7,966.0,Extremely Severe Cyclonic Storm
2019301N05081,2019,MAHA,AS,2019-11-04 03:00:00,18.3,64.6,166.7,966.0,Extremely Severe Cyclonic Storm
2019301N05081,2019,MAHA,AS,2019-11-04 06:00:00,18.6,64.4,166.7,966.0,Extremely Severe Cyclonic Storm
2019301N05081,2019,MAHA,AS,2019-11-04 09:00:00,18.7,64.2,175.9,962.0,Extremely Severe Cyclonic Storm
2019301N05081,2019,MAHA,AS,2019-11-04 12:00:00,18.9,64.1,185.2,956.0,Extremely Severe Cyclonic Storm
2019301N05081,2019,MAHA,AS,2019-11-04 15:00:00,19.2,63.9,185.2,956.0,Extremely Severe Cyclonic Storm
2019301N05081,2019,MAHA,AS,2019-11-04 18:00:00,19.3,63.7,185.2,956.0,Extremely Severe Cyclonic Storm
2019301N05081,2019,MAHA,AS,2019-11-04 21:00:00,19.4,63.6,185.2,956.0,Extremely Severe Cyclonic Storm
2019301N05081,2019,MAHA,AS,2019-11-05 00:00:00,19.5,63.5,166.7,966.0,Extremely Severe Cyclonic Storm
2019301N05081,2019,MAHA,AS,2019-11-05 03:00:00,19.6,63.5,157.4,970.0,Very Severe Cyclonic Storm
2019301N05081,2019,MAHA,AS,2019-11-05 06:00:00,19.7,63.6,148.2,974.0,Very Severe Cyclonic Storm
2019301N05081,2019,MAHA,AS,2019-11-05 09:00:00,19.7,63.7,148.2,974.0,Very Severe Cyclonic Storm
2019301N05081,2019,MAHA,AS,2019-11-05 12:00:00,19.8,64.0,129.6,982.0,Very Severe Cyclonic Storm
2019301N05081,2019,MAHA,AS,2019-11-05 15:00:00,19.8,64.3,129.6,982.0,Very Severe Cyclonic Storm
2019301N05081,2019,MAHA,AS,2019-11-05 18:00:00,19.8,64.8,129.6,982.0,Very Severe Cyclonic Storm
2019301N05081,2019,MAHA,AS,2019-11-05 21:00:00,19.8,65.3,129.6,982.0,Very Severe Cyclonic Storm
2019301N05081,2019,MAHA,AS,2019-11-06 00:00:00,19.8,65.6,111.1,988.0,Severe Cyclonic Storm
2019301N05081,2019,MAHA,AS,2019-11-06 03:00:00,19.7,66.0,101.9,990.0,Severe Cyclonic Storm
2019301N05081,2019,MAHA,AS,2019-11-06 06:00:00,19.7,66.4,92.6,994.0,Severe Cyclonic Storm
2019301N05081,2019,MAHA,AS,2019-11-06 09:00:00,19.6,66.9,92.6,994.0,Severe Cyclonic Storm
2019301N05081,2019,MAHA,AS,2019-11-06 12:00:00,19.6,67.5,83.3,996.0,Cyclonic Storm
2019301N05081,2019,MAHA,AS,2019-11-06 15:00:00,19.6,68.1,74.1,998.0,Cyclonic Storm
2019301N05081,2019,MAHA,AS,2019-11-06 18:00:00,19.6,68.5,74.1,998.0,Cyclonic Storm
2019301N05081,2019,MAHA,AS,2019-11-06 21:00:00,19.6,69.0,64.8,1000.0,Cyclonic Storm
2019301N05081,2019,MAHA,AS,2019-11-07 00:00:00,19.7,69.6,55.6,1003.0,Deep Depression
2019301N05081,2019,MAHA,AS,2019-11-07 03:00:00,19.9,70.1,55.6,1003.0,Deep Depression
2019301N05081,2019,MAHA,AS,2019-11-07 06:00:00,20.1,70.4,46.3,1005.0,Depression
2019301N05081,2019,MAHA,AS,2019-11-07 09:00:00,20.2,70.8,37.0,1005.0,Depression
2019301N05081,2019,MAHA,AS,2019-11-07 12:00:00,20.2,71.3,,,
2019301N05081,2019,MAHA,AS,2019-11-07 15:00:00,20.3,71.7,,,
2019301N05081,2019,MAHA,AS,2019-11-07 18:00:00,20.4,72.0,,,
2019301N05081,2019,MAHA,AS,2019-11-07 21:00:00,20.3,72.2,,,
2019301N05081,2019,MAHA,AS,2019-11-08 00:00:00,20.2,72.3,,,
2019301N05081,2019,MAHA,AS,2019-11-08 03:00:00,20.1,72.4,,,
2019301N05081,2019,MAHA,AS,2019-11-08 06:00:00,20.1,72.5,,,
2019301N05081,2019,MAHA,AS,2019-11-08 09:00:00,20.2,72.5,,,
2019301N05081,2019,MAHA,AS,2019-11-08 12:00:00,20.3,72.5,,,
2019301N05081,2019,MAHA,AS,2019-11-08 15:00:00,20.3,72.4,,,
2019301N05081,2019,MAHA,AS,2019-11-08 18:00:00,20.3,72.3,,,
2019301N05081,2019,MAHA,AS,2019-11-08 21:00:00,20.3,72.3,,,
2019301N05081,2019,MAHA,AS,2019-11-09 00:00:00,20.2,72.3,,,
2019301N05081,2019,MAHA,AS,2019-11-09 03:00:00,20.1,72.1,,,
2019301N05081,2019,MAHA,AS,2019-11-09 06:00:00,19.9,71.9,,,
2019301N05081,2019,MAHA,AS,2019-11-09 09:00:00,19.8,71.7,,,
2019301N05081,2019,MAHA,AS,2019-11-09 12:00:00,19.8,71.4,,,
2019301N05081,2019,MAHA,AS,2019-11-09 15:00:00,19.7,71.2,,,
2019301N05081,2019,MAHA,AS,2019-11-09 18:00:00,19.5,70.9,,,
2019301N05081,2019,MAHA,AS,2019-11-09 21:00:00,19.4,70.5,,,
2019301N05081,2019,MAHA,AS,2019-11-10 00:00:00,19.3,70.1,,,
2019301N05081,2019,MAHA,AS,2019-11-10 03:00:00,19.2,69.7,,,
2019301N05081,2019,MAHA,AS,2019-11-10 06:00:00,19.2,69.3,,,
2019301N05081,2019,MAHA,AS,2019-11-10 09:00:00,19.1,68.9,,,
2019301N05081,2019,MAHA,AS,2019-11-10 12:00:00,19.0,68.5,,,
2019301N05081,2019,MAHA,AS,2019-11-10 15:00:00,18.7,68.2,,,
2019301N05081,2019,MAHA,AS,2019-11-10 18:00:00,18.4,67.9,,,
2019301N05081,2019,MAHA,AS,2019-11-10 21:00:00,18.2,67.8,,,
2019301N05081,2019,MAHA,AS,2019-11-11 00:00:00,18.1,67.7,,,
2019302N11118,2019,BULBUL:MATMO,MM,2019-10-28 12:00:00,10.6,118.2,,,
2019302N11118,2019,BULBUL:MATMO,MM,2019-10-28 15:00:00,10.6,117.9,,,
2019302N11118,2019,BULBUL:MATMO,MM,2019-10-28 18:00:00,11.1,117.2,,1004.0,
2019302N11118,2019,BULBUL:MATMO,MM,2019-10-28 21:00:00,11.4,116.7,,,
2019302N11118,2019,BULBUL:MATMO,MM,2019-10-29 00:00:00,11.7,116.1,,1004.0,
2019302N11118,2019,BULBUL:MATMO,MM,2019-10-29 03:00:00,12.0,115.5,,,
2019302N11118,2019,BULBUL:MATMO,MM,2019-10-29 06:00:00,12.2,115.0,,1002.0,
2019302N11118,2019,BULBUL:MATMO,MM,2019-10-29 09:00:00,12.5,114.5,,,
2019302N11118,2019,BULBUL:MATMO,MM,2019-10-29 12:00:00,12.7,114.0,,1002.0,
2019302N11118,2019,BULBUL:MATMO,MM,2019-10-29 15:00:00,12.8,113.4,,,
2019302N11118,2019,BULBUL:MATMO,MM,2019-10-29 18:00:00,12.9,112.8,64.8,1000.0,Cyclonic Storm
2019302N11118,2019,BULBUL:MATMO,MM,2019-10-29 21:00:00,13.1,112.3,,,
2019302N11118,2019,BULBUL:MATMO,MM,2019-10-30 00:00:00,13.1,111.7,83.3,994.0,Cyclonic Storm
2019302N11118,2019,BULBUL:MATMO,MM,2019-10-30 03:00:00,13.2,111.2,,,
2019302N11118,2019,BULBUL:MATMO,MM,2019-10-30 06:00:00,13.2,110.8,92.6,992.0,Severe Cyclonic Storm
2019302N11118,2019,BULBUL:MATMO,MM,2019-10-30 09:00:00,13.2,110.5,,,
2019302N11118,2019,BULBUL:MATMO,MM,2019-10-30 12:00:00,13.3,110.1,92.6,992.0,Severe Cyclonic Storm
2019302N11118,2019,BULBUL:MATMO,MM,2019-10-30 15:00:00,13.4,109.5,,,
2019302N11118,2019,BULBUL:MATMO,MM,2019-10-30 18:00:00,13.5,108.8,92.6,994.0,Severe Cyclonic Storm
2019302N11118,2019,BULBUL:MATMO,MM,2019-10-30 21:00:00,13.5,108.0,,,
2019302N11118,2019,BULBUL:MATMO,MM,2019-10-31 00:00:00,13.6,107.2,64.8,1000.0,Cyclonic Storm
2019302N11118,2019,BULBUL:MATMO,MM,2019-10-31 03:00:00,13.6,106.5,,,
2019302N11118,2019,BULBUL:MATMO,MM,2019-10-31 06:00:00,13.7,105.9,,1002.0,
2019302N11118,2019,BULBUL:MATMO,MM,2019-10-31 09:00:00,13.8,105.4,,,
2019302N11118,2019,BULBUL:MATMO,MM,2019-10-31 12:00:00,13.9,104.9,,1006.0,
2019302N11118,2019,BULBUL:MATMO,MM,2019-10-31 15:00:00,13.9,104.3,,,
2019302N11118,2019,BULBUL:MATMO,MM,2019-10-31 18:00:00,14.0,103.6,,1008.0,
2019302N11118,2019,BULBUL:MATMO,MM,2019-10-31 21:00:00,14.2,102.8,,,
2019302N11118,2019,BULBUL:MATMO,MM,2019-11-01 00:00:00,14.3,102.2,,,
2019302N11118,2019,BULBUL:MATMO,MM,2019-11-01 03:00:00,14.4,101.8,,,
2019302N11118,2019,BULBUL:MATMO,MM,2019-11-01 06:00:00,14.5,101.4,,,
2019302N11118,2019,BULBUL:MATMO,MM,2019-11-01 09:00:00,14.5,101.0,,,
2019302N11118,2019,BULBUL:MATMO,MM,2019-11-01 12:00:00,14.4,100.7,,,
2019302N11118,2019,BULBUL:MATMO,MM,2019-11-01 15:00:00,14.3,100.4,,,
2019302N11118,2019,BULBUL:MATMO,MM,2019-11-01 18:00:00,14.2,100.0,,,
2019302N11118,2019,BULBUL:MATMO,BB,2019-11-01 21:00:00,14.1,99.6,,,
2019302N11118,2019,BULBUL:MATMO,BB,2019-11-02 00:00:00,14.0,99.3,,,
2019302N11118,2019,BULBUL:MATMO,BB,2019-11-02 03:00:00,13.9,99.0,,,
2019302N11118,2019,BULBUL:MATMO,BB,2019-11-02 06:00:00,13.8,98.8,,,
2019302N11118,2019,BULBUL:MATMO,BB,2019-11-02 09:00:00,13.7,98.6,,,
2019302N11118,2019,BULBUL:MATMO,BB,2019-11-02 12:00:00,13.6,98.3,,,
2019302N11118,2019,BULBUL:MATMO,BB,2019-11-02 15:00:00,13.5,98.0,,,
2019302N11118,2019,BULBUL:MATMO,BB,2019-11-02 18:00:00,13.4,97.6,,,
2019302N11118,2019,BULBUL:MATMO,BB,2019-11-02 21:00:00,13.3,97.2,,,
2019302N11118,2019,BULBUL:MATMO,BB,2019-11-03 00:00:00,13.3,96.7,,,
2019302N11118,2019,BULBUL:MATMO,BB,2019-11-03 03:00:00,13.3,96.3,,,
2019302N11118,2019,BULBUL:MATMO,BB,2019-11-03 06:00:00,13.3,96.0,,,
2019302N11118,2019,BULBUL:MATMO,BB,2019-11-03 09:00:00,13.3,95.7,,,
2019302N11118,2019,BULBUL:MATMO,BB,2019-11-03 12:00:00,13.3,95.4,,,
2019302N11118,2019,BULBUL:MATMO,BB,2019-11-03 15:00:00,13.3,95.1,,,
2019302N11118,2019,BULBUL:MATMO,BB,2019-11-03 18:00:00,13.2,94.8,,,
2019302N11118,2019,BULBUL:MATMO,BB,2019-11-03 21:00:00,13.1,94.5,,,
2019302N11118,2019,BULBUL:MATMO,BB,2019-11-04 00:00:00,13.0,94.1,,,
2019302N11118,2019,BULBUL:MATMO,BB,2019-11-04 03:00:00,12.9,93.7,,,
2019302N11118,2019,BULBUL:MATMO,BB,2019-11-04 06:00:00,12.8,93.2,,,
2019302N11118,2019,BULBUL:MATMO,BB,2019-11-04 09:00:00,12.8,92.7,,,
2019302N11118,2019,BULBUL:MATMO,BB,2019-11-04 12:00:00,12.8,92.3,,,
2019302N11118,2019,BULBUL:MATMO,BB,2019-11-04 15:00:00,12.8,91.9,,,
2019302N11118,2019,BULBUL:MATMO,BB,2019-11-04 18:00:00,12.8,91.6,,,
2019302N11118,2019,BULBUL:MATMO,BB,2019-11-04 21:00:00,12.8,91.3,,,
2019302N11118,2019,BULBUL:MATMO,BB,2019-11-05 00:00:00,12.9,91.1,37.0,1004.0,Depression
2019302N11118,2019,BULBUL:MATMO,BB,2019-11-05 03:00:00,12.9,90.9,46.3,1003.0,Depression
2019302N11118,2019,BULBUL:MATMO,BB,2019-11-05 06:00:00,12.9,90.6,46.3,1003.0,Depression
2019302N11118,2019,BULBUL:MATMO,BB,2019-11-05 09:00:00,13.0,90.4,46.3,1003.0,Depression
2019302N11118,2019,BULBUL:MATMO,BB,2019-11-05 12:00:00,13.1,90.1,46.3,1003.0,Depression
2019302N11118,2019,BULBUL:MATMO,BB,2019-11-05 15:00:00,13.1,89.9,46.3,1003.0,Depression
2019302N11118,2019,BULBUL:MATMO,BB,2019-11-05 18:00:00,13.1,89.8,46.3,1002.0,Depression
2019302N11118,2019,BULBUL:MATMO,BB,2019-11-05 21:00:00,13.2,89.8,51.9,1002.0,Deep Depression
2019302N11118,2019,BULBUL:MATMO,BB,2019-11-06 00:00:00,13.3,89.8,55.6,1001.0,Deep Depression
2019302N11118,2019,BULBUL:MATMO,BB,2019-11-06 03:00:00,13.3,89.8,55.6,1001.0,Deep Depression
2019302N11118,2019,BULBUL:MATMO,BB,2019-11-06 06:00:00,13.3,89.7,55.6,1001.0,Deep Depression
2019302N11118,2019,BULBUL:MATMO,BB,2019-11-06 09:00:00,13.3,89.7,55.6,1001.0,Deep Depression
2019302N11118,2019,BULBUL:MATMO,BB,2019-11-06 12:00:00,13.4,89.7,55.6,1000.0,Deep Depression
2019302N11118,2019,BULBUL:MATMO,BB,2019-11-06 15:00:00,13.6,89.6,61.1,999.0,Deep Depression
2019302N11118,2019,BULBUL:MATMO,BB,2019-11-06 18:00:00,13.9,89.6,64.8,998.0,Cyclonic Storm
2019302N11118,2019,BULBUL:MATMO,BB,2019-11-06 21:00:00,14.1,89.4,64.8,998.0,Cyclonic Storm
2019302N11118,2019,BULBUL:MATMO,BB,2019-11-07 00:00:00,14.4,89.3,64.8,998.0,Cyclonic Storm
2019302N11118,2019,BULBUL:MATMO,BB,2019-11-07 03:00:00,14.8,89.1,64.8,998.0,Cyclonic Storm
2019302N11118,2019,BULBUL:MATMO,BB,2019-11-07 06:00:00,15.2,88.7,74.1,996.0,Cyclonic Storm
2019302N11118,2019,BULBUL:MATMO,BB,2019-11-07 09:00:00,15.4,88.4,83.3,995.0,Cyclonic Storm
2019302N11118,2019,BULBUL:MATMO,BB,2019-11-07 12:00:00,15.8,88.2,83.3,994.0,Cyclonic Storm
2019302N11118,2019,BULBUL:MATMO,BB,2019-11-07 15:00:00,16.0,88.0,92.6,992.0,Severe Cyclonic Storm
2019302N11118,2019,BULBUL:MATMO,BB,2019-11-07 18:00:00,16.3,87.8,101.9,989.0,Severe Cyclonic Storm
2019302N11118,2019,BULBUL:MATMO,BB,2019-11-07 21:00:00,16.6,87.7,111.1,986.0,Severe Cyclonic Storm
2019302N11118,2019,BULBUL:MATMO,BB,2019-11-08 00:00:00,17.0,87.7,120.4,983.0,Very Severe Cyclonic Storm
2019302N11118,2019,BULBUL:MATMO,BB,2019-11-08 03:00:00,17.3,87.7,120.4,982.0,Very Severe Cyclonic Storm
2019302N11118,2019,BULBUL:MATMO,BB,2019-11-08 06:00:00,17.7,87.8,129.6,980.0,Very Severe Cyclonic Storm
2019302N11118,2019,BULBUL:MATMO,BB,2019-11-08 09:00:00,18.2,87.8,129.6,980.0,Very Severe Cyclonic Storm
2019302N11118,2019,BULBUL:MATMO,BB,2019-11-08 12:00:00,18.6,87.8,138.9,976.0,Very Severe Cyclonic Storm
2019302N11118,2019,BULBUL:MATMO,BB,2019-11-08 15:00:00,19.1,87.8,138.9,976.0,Very Severe Cyclonic Storm
2019302N11118,2019,BULBUL:MATMO,BB,2019-11-08 18:00:00,19.3,87.7,138.9,976.0,Very Severe Cyclonic Storm
2019302N11118,2019,BULBUL:MATMO,BB,2019-11-08 21:00:00,19.6,87.7,138.9,976.0,Very Severe Cyclonic Storm
2019302N11118,2019,BULBUL:MATMO,BB,2019-11-09 00:00:00,20.0,87.6,138.9,976.0,Very Severe Cyclonic Storm
2019302N11118,2019,BULBUL:MATMO,BB,2019-11-09 03:00:00,20.4,87.6,129.6,980.0,Very Severe Cyclonic Storm
2019302N11118,2019,BULBUL:MATMO,BB,2019-11-09 06:00:00,20.6,87.8,129.6,982.0,Very Severe Cyclonic Storm
2019302N11118,2019,BULBUL:MATMO,BB,2019-11-09 09:00:00,20.9,87.9,129.6,982.0,Very Severe Cyclonic Storm
2019302N11118,2019,BULBUL:MATMO,BB,2019-11-09 12:00:00,21.2,88.1,129.6,982.0,Very Severe Cyclonic Storm
2019302N11118,2019,BULBUL:MATMO,BB,2019-11-09 15:00:00,21.4,88.3,111.1,986.0,Severe Cyclonic Storm
2019302N11118,2019,BULBUL:MATMO,BB,2019-11-09 18:00:00,21.6,88.6,111.1,990.0,Severe Cyclonic Storm
2019302N11118,2019,BULBUL:MATMO,BB,2019-11-09 21:00:00,21.8,89.1,92.6,996.0,Severe Cyclonic Storm
2019302N11118,2019,BULBUL:MATMO,BB,2019-11-10 00:00:00,22.0,89.5,83.3,998.0,Cyclonic Storm
2019302N11118,2019,BULBUL:MATMO,BB,2019-11-10 03:00:00,22.2,89.8,74.1,1000.0,Cyclonic Storm
2019302N11118,2019,BULBUL:MATMO,BB,2019-11-10 06:00:00,22.3,90.1,74.1,1000.0,Cyclonic Storm
2019302N11118,2019,BULBUL:MATMO,BB,2019-11-10 09:00:00,22.4,90.3,55.6,1002.0,Deep Depression
2019302N11118,2019,BULBUL:MATMO,BB,2019-11-10 12:00:00,22.6,90.6,55.6,1002.0,Deep Depression
2019302N11118,2019,BULBUL:MATMO,BB,2019-11-10 15:00:00,22.6,90.8,55.6,1002.0,Deep Depression
2019302N11118,2019,BULBUL:MATMO,BB,2019-11-10 18:00:00,22.8,91.1,55.6,1002.0,Deep Depression
2019302N11118,2019,BULBUL:MATMO,BB,2019-11-10 21:00:00,22.9,91.3,46.3,1003.0,Depression
2019302N11118,2019,BULBUL:MATMO,BB,2019-11-11 00:00:00,23.1,91.5,37.0,1004.0,Depression
2019335N05058,2019,PAWAN,AS,2019-11-30 18:00:00,4.6,58.0,,,
2019335N05058,2019,PAWAN,AS,2019-11-30 21:00:00,4.7,57.8,,,
2019335N05058,2019,PAWAN,AS,2019-12-01 00:00:00,4.8,57.6,,,
2019335N05058,2019,PAWAN,AS,2019-12-01 03:00:00,4.9,57.5,,,
2019335N05058,2019,PAWAN,AS,2019-12-01 06:00:00,4.9,57.4,,,
2019335N05058,2019,PAWAN,AS,2019-12-01 09:00:00,4.9,57.3,,,
2019335N05058,2019,PAWAN,AS,2019-12-01 12:00:00,5.0,57.2,,,
2019335N05058,2019,PAWAN,AS,2019-12-01 15:00:00,5.1,57.1,,,
2019335N05058,2019,PAWAN,AS,2019-12-01 18:00:00,5.2,57.0,,,
2019335N05058,2019,PAWAN,AS,2019-12-01 21:00:00,5.3,56.9,,,
2019335N05058,2019,PAWAN,AS,2019-12-02 00:00:00,5.5,56.9,,,
2019335N05058,2019,PAWAN,AS,2019-12-02 03:00:00,5.7,56.9,,,
2019335N05058,2019,PAWAN,AS,2019-12-02 06:00:00,5.8,56.9,,,
2019335N05058,2019,PAWAN,AS,2019-12-02 09:00:00,5.9,56.9,,,
2019335N05058,2019,PAWAN,AS,2019-12-02 12:00:00,5.9,56.8,46.3,1003.0,Depression
2019335N05058,2019,PAWAN,AS,2019-12-02 15:00:00,6.0,56.8,46.3,1003.0,Depression
2019335N05058,2019,PAWAN,AS,2019-12-02 18:00:00,6.2,56.8,46.3,1002.0,Depression
2019335N05058,2019,PAWAN,AS,2019-12-02 21:00:00,6.3,56.8,51.9,1002.0,Deep Depression
2019335N05058,2019,PAWAN,AS,2019-12-03 00:00:00,6.5,56.9,55.6,1001.0,Deep Depression
2019335N05058,2019,PAWAN,AS,2019-12-03 03:00:00,6.7,56.9,55.6,1000.0,Deep Depression
2019335N05058,2019,PAWAN,AS,2019-12-03 06:00:00,6.9,56.9,55.6,1000.0,Deep Depression
2019335N05058,2019,PAWAN,AS,2019-12-03 09:00:00,7.0,56.9,55.6,1000.0,Deep Depression
2019335N05058,2019,PAWAN,AS,2019-12-03 12:00:00,7.0,57.0,55.6,1000.0,Deep Depression
2019335N05058,2019,PAWAN,AS,2019-12-03 15:00:00,7.0,57.0,55.6,1000.0,Deep Depression
2019335N05058,2019,PAWAN,AS,2019-12-03 18:00:00,7.1,57.1,55.6,1000.0,Deep Depression
2019335N05058,2019,PAWAN,AS,2019-12-03 21:00:00,7.2,57.1,55.6,1000.0,Deep Depression
2019335N05058,2019,PAWAN,AS,2019-12-04 00:00:00,7.3,57.1,55.6,1000.0,Deep Depression
2019335N05058,2019,PAWAN,AS,2019-12-04 03:00:00,7.4,57.1,55.6,1000.0,Deep Depression
2019335N05058,2019,PAWAN,AS,2019-12-04 06:00:00,7.5,57.1,55.6,1000.0,Deep Depression
2019335N05058,2019,PAWAN,AS,2019-12-04 09:00:00,7.6,57.0,55.6,1000.0,Deep Depression
2019335N05058,2019,PAWAN,AS,2019-12-04 12:00:00,7.8,56.9,55.6,1000.0,Deep Depression
2019335N05058,2019,PAWAN,AS,2019-12-04 15:00:00,8.1,56.9,55.6,1000.0,Deep Depression
2019335N05058,2019,PAWAN,AS,2019-12-04 18:00:00,8.6,56.9,55.6,1000.0,Deep Depression
2019335N05058,2019,PAWAN,AS,2019-12-04 21:00:00,9.0,56.7,61.1,1000.0,Deep Depression
2019335N05058,2019,PAWAN,AS,2019-12-05 00:00:00,9.3,56.6,64.8,999.0,Cyclonic Storm
2019335N05058,2019,PAWAN,AS,2019-12-05 03:00:00,9.3,56.4,64.8,999.0,Cyclonic Storm
2019335N05058,2019,PAWAN,AS,2019-12-05 06:00:00,9.4,56.1,64.8,999.0,Cyclonic Storm
2019335N05058,2019,PAWAN,AS,2019-12-05 09:00:00,9.3,55.4,64.8,999.0,Cyclonic Storm
2019335N05058,2019,PAWAN,AS,2019-12-05 12:00:00,9.3,55.0,74.1,998.0,Cyclonic Storm
2019335N05058,2019,PAWAN,AS,2019-12-05 15:00:00,9.1,54.7,64.8,999.0,Cyclonic Storm
2019335N05058,2019,PAWAN,AS,2019-12-05 18:00:00,8.9,54.3,64.8,999.0,Cyclonic Storm
2019335N05058,2019,PAWAN,AS,2019-12-05 21:00:00,8.6,53.9,64.8,999.0,Cyclonic Storm
2019335N05058,2019,PAWAN,AS,2019-12-06 00:00:00,8.3,53.4,64.8,999.0,Cyclonic Storm
2019335N05058,2019,PAWAN,AS,2019-12-06 03:00:00,8.1,53.1,64.8,999.0,Cyclonic Storm
2019335N05058,2019,PAWAN,AS,2019-12-06 06:00:00,8.0,52.8,64.8,999.0,Cyclonic Storm
2019335N05058,2019,PAWAN,AS,2019-12-06 09:00:00,7.9,52.5,64.8,999.0,Cyclonic Storm
2019335N05058,2019,PAWAN,AS,2019-12-06 12:00:00,7.9,52.2,64.8,999.0,Cyclonic Storm
2019335N05058,2019,PAWAN,AS,2019-12-06 15:00:00,7.8,51.6,64.8,999.0,Cyclonic Storm
2019335N05058,2019,PAWAN,AS,2019-12-06 18:00:00,7.8,51.1,64.8,999.0,Cyclonic Storm
2019335N05058,2019,PAWAN,AS,2019-12-06 21:00:00,7.7,50.6,64.8,999.0,Cyclonic Storm
2019335N05058,2019,PAWAN,AS,2019-12-07 00:00:00,7.7,49.8,64.8,999.0,Cyclonic Storm
2019335N05058,2019,PAWAN,AS,2019-12-07 03:00:00,7.6,49.4,55.6,1000.0,Deep Depression
2019335N05058,2019,PAWAN,AS,2019-12-07 06:00:00,7.5,48.9,55.6,1001.0,Deep Depression
2019335N05058,2019,PAWAN,AS,2019-12-07 09:00:00,7.4,48.5,46.3,1003.0,Depression
2019335N05058,2019,PAWAN,AS,2019-12-07 12:00:00,7.2,48.2,,,
2019335N05058,2019,PAWAN,AS,2019-12-07 15:00:00,7.1,47.8,,,
2019335N05058,2019,PAWAN,AS,2019-12-07 18:00:00,7.1,47.4,,,
2019337N11072,2019,UNNAMED,AS,2019-12-02 12:00:00,10.7,72.3,,,
2019337N11072,2019,UNNAMED,AS,2019-12-02 15:00:00,11.2,72.0,,,
2019337N11072,2019,UNNAMED,AS,2019-12-02 18:00:00,11.6,71.7,,,
2019337N11072,2019,UNNAMED,AS,2019-12-02 21:00:00,12.0,71.3,,,
2019337N11072,2019,UNNAMED,AS,2019-12-03 00:00:00,12.4,71.0,,,
2019337N11072,2019,UNNAMED,AS,2019-12-03 03:00:00,12.6,70.8,,,
2019337N11072,2019,UNNAMED,AS,2019-12-03 06:00:00,12.8,70.6,,,
2019337N11072,2019,UNNAMED,AS,2019-12-03 09:00:00,13.1,70.4,,,
2019337N11072,2019,UNNAMED,AS,2019-12-03 12:00:00,13.3,70.2,,,
2019337N11072,2019,UNNAMED,AS,2019-12-03 15:00:00,13.4,69.8,,,
2019337N11072,2019,UNNAMED,AS,2019-12-03 18:00:00,13.4,69.9,46.3,1002.0,Depression
2019337N11072,2019,UNNAMED,AS,2019-12-03 21:00:00,13.8,70.0,51.9,1001.0,Deep Depression
2019337N11072,2019,UNNAMED,AS,2019-12-04 00:00:00,14.2,69.9,55.6,1000.0,Deep Depression
2019337N11072,2019,UNNAMED,AS,2019-12-04 03:00:00,14.7,69.5,55.6,1000.0,Deep Depression
2019337N11072,2019,UNNAMED,AS,2019-12-04 06:00:00,14.8,69.1,55.6,1000.0,Deep Depression
2019337N11072,2019,UNNAMED,AS,2019-12-04 09:00:00,14.8,68.7,55.6,1000.0,Deep Depression
2019337N11072,2019,UNNAMED,AS,2019-12-04 12:00:00,14.9,68.4,55.6,1000.0,Deep Depression
2019337N11072,2019,UNNAMED,AS,2019-12-04 15:00:00,14.9,68.3,55.6,1000.0,Deep Depression
2019337N11072,2019,UNNAMED,AS,2019-12-04 18:00:00,15.0,68.3,55.6,1000.0,Deep Depression
2019337N11072,2019,UNNAMED,AS,2019-12-04 21:00:00,15.1,68.2,51.9,1001.0,Deep Depression
2019337N11072,2019,UNNAMED,AS,2019-12-05 00:00:00,15.2,68.0,46.3,1002.0,Depression
2019337N11072,2019,UNNAMED,AS,2019-12-05 03:00:00,15.4,67.6,46.3,1002.0,Depression
2019337N11072,2019,UNNAMED,AS,2019-12-05 06:00:00,15.6,67.2,37.0,1004.0,Depression
2019337N11072,2019,UNNAMED,AS,2019-12-05 09:00:00,15.9,66.7,,,
2019337N11072,2019,UNNAMED,AS,2019-12-05 12:00:00,16.1,66.2,,,
2019337N11072,2019,UNNAMED,AS,2019-12-05 15:00:00,16.1,65.7,,,
2019337N11072,2019,UNNAMED,AS,2019-12-05 18:00:00,16.1,65.3,,,
2019337N11072,2019,UNNAMED,AS,2019-12-05 21:00:00,16.1,65.0,,,
2019337N11072,2019,UNNAMED,AS,2019-12-06 00:00:00,16.0,64.7,,,
2019337N11072,2019,UNNAMED,AS,2019-12-06 03:00:00,15.9,64.3,,,
2019337N11072,2019,UNNAMED,AS,2019-12-06 06:00:00,15.9,63.8,,,
2019342N09062,2019,UNNAMED,AS,2019-12-08 09:00:00,9.4,62.2,46.3,1002.0,Depression
2019342N09062,2019,UNNAMED,AS,2019-12-08 12:00:00,9.6,61.6,46.3,1002.0,Depression
2019342N09062,2019,UNNAMED,AS,2019-12-08 15:00:00,9.8,61.2,46.3,1002.0,Depression
2019342N09062,2019,UNNAMED,AS,2019-12-08 18:00:00,10.0,61.0,46.3,1002.0,Depression
2019342N09062,2019,UNNAMED,AS,2019-12-08 21:00:00,10.2,60.7,51.9,1001.0,Deep Depression
2019342N09062,2019,UNNAMED,AS,2019-12-09 00:00:00,10.4,60.4,55.6,1000.0,Deep Depression
2019342N09062,2019,UNNAMED,AS,2019-12-09 03:00:00,10.5,60.0,55.6,1000.0,Deep Depression
2019342N09062,2019,UNNAMED,AS,2019-12-09 06:00:00,10.6,59.4,55.6,1000.0,Deep Depression
2019342N09062,2019,UNNAMED,AS,2019-12-09 09:00:00,10.6,59.0,51.9,1001.0,Deep Depression
2019342N09062,2019,UNNAMED,AS,2019-12-09 12:00:00,10.6,58.5,46.3,1002.0,Depression
2019342N09062,2019,UNNAMED,AS,2019-12-09 15:00:00,10.6,57.8,46.3,1002.0,Depression
2019342N09062,2019,UNNAMED,AS,2019-12-09 18:00:00,10.6,57.0,46.3,1002.0,Depression
2019342N09062,2019,UNNAMED,AS,2019-12-09 21:00:00,10.6,56.3,46.3,1002.0,Depression
2019342N09062,2019,UNNAMED,AS,2019-12-10 00:00:00,10.6,55.7,46.3,1002.0,Depression
2019342N09062,2019,UNNAMED,AS,2019-12-10 03:00:00,10.6,55.2,46.3,1002.0,Depression
2020136N10088,2020,AMPHAN,BB,2020-05-15 06:00:00,9.5,87.5,,,
2020136N10088,2020,AMPHAN,BB,2020-05-15 09:00:00,9.5,87.2,,,
2020136N10088,2020,AMPHAN,BB,2020-05-15 12:00:00,9.5,87.0,,,
2020136N10088,2020,AMPHAN,BB,2020-05-15 15:00:00,9.5,86.8,,,
2020136N10088,2020,AMPHAN,BB,2020-05-15 18:00:00,9.5,86.6,,,
2020136N10088,2020,AMPHAN,BB,2020-05-15 21:00:00,9.6,86.5,,,
2020136N10088,2020,AMPHAN,BB,2020-05-16 00:00:00,9.8,86.4,46.3,1000.0,Depression
2020136N10088,2020,AMPHAN,BB,2020-05-16 03:00:00,10.1,86.2,46.3,1000.0,Depression
2020136N10088,2020,AMPHAN,BB,2020-05-16 06:00:00,10.3,86.1,46.3,1000.0,Depression
2020136N10088,2020,AMPHAN,BB,2020-05-16 09:00:00,10.5,86.1,55.6,998.0,Deep Depression
2020136N10088,2020,AMPHAN,BB,2020-05-16 12:00:00,10.6,86.2,64.8,996.0,Cyclonic Storm
2020136N10088,2020,AMPHAN,BB,2020-05-16 15:00:00,10.8,86.1,74.1,995.0,Cyclonic Storm
2020136N10088,2020,AMPHAN,BB,2020-05-16 18:00:00,10.9,86.1,74.1,995.0,Cyclonic Storm
2020136N10088,2020,AMPHAN,BB,2020-05-16 21:00:00,11.1,86.1,83.3,994.0,Cyclonic Storm
2020136N10088,2020,AMPHAN,BB,2020-05-17 00:00:00,11.2,86.1,83.3,993.0,Cyclonic Storm
2020136N10088,2020,AMPHAN,BB,2020-05-17 03:00:00,11.3,86.1,92.6,990.0,Severe Cyclonic Storm
2020136N10088,2020,AMPHAN,BB,2020-05-17 06:00:00,11.5,86.2,101.9,988.0,Severe Cyclonic Storm
2020136N10088,2020,AMPHAN,BB,2020-05-17 09:00:00,11.6,86.2,120.4,980.0,Very Severe Cyclonic Storm
2020136N10088,2020,AMPHAN,BB,2020-05-17 12:00:00,11.9,86.2,129.6,978.0,Very Severe Cyclonic Storm
2020136N10088,2020,AMPHAN,BB,2020-05-17 15:00:00,12.5,86.4,138.9,972.0,Very Severe Cyclonic Storm
2020136N10088,2020,AMPHAN,BB,2020-05-17 18:00:00,12.5,86.4,148.2,970.0,Very Severe Cyclonic Storm
2020136N10088,2020,AMPHAN,BB,2020-05-17 21:00:00,12.9,86.5,166.7,962.0,Extremely Severe Cyclonic Storm
2020136N10088,2020,AMPHAN,BB,2020-05-18 00:00:00,13.2,86.4,185.2,952.0,Extremely Severe Cyclonic Storm
2020136N10088,2020,AMPHAN,BB,2020-05-18 03:00:00,13.3,86.2,213.0,936.0,Extremely Severe Cyclonic Storm
2020136N10088,2020,AMPHAN,BB,2020-05-18 06:00:00,13.4,86.2,222.2,930.0,Super Cyclonic Storm
2020136N10088,2020,AMPHAN,BB,2020-05-18 09:00:00,13.7,86.2,222.2,930.0,Super Cyclonic Storm
2020136N10088,2020,AMPHAN,BB,2020-05-18 12:00:00,14.1,86.4,231.5,926.0,Super Cyclonic Storm
2020136N10088,2020,AMPHAN,BB,2020-05-18 15:00:00,14.5,86.5,231.5,926.0,Super Cyclonic Storm
2020136N10088,2020,AMPHAN,BB,2020-05-18 18:00:00,14.9,86.6,240.8,920.0,Super Cyclonic Storm
2020136N10088,2020,AMPHAN,BB,2020-05-18 21:00:00,15.2,86.7,240.8,920.0,Super Cyclonic Storm
2020136N10088,2020,AMPHAN,BB,2020-05-19 00:00:00,15.6,86.8,231.5,926.0,Super Cyclonic Storm
2020136N10088,2020,AMPHAN,BB,2020-05-19 03:00:00,16.0,86.9,222.2,930.0,Super Cyclonic Storm
2020136N10088,2020,AMPHAN,BB,2020-05-19 06:00:00,16.5,87.0,213.0,936.0,Extremely Severe Cyclonic Storm
2020136N10088,2020,AMPHAN,BB,2020-05-19 09:00:00,16.9,87.0,203.7,942.0,Extremely Severe Cyclonic Storm
2020136N10088,2020,AMPHAN,BB,2020-05-19 12:00:00,17.3,87.1,194.5,946.0,Extremely Severe Cyclonic Storm
2020136N10088,2020,AMPHAN,BB,2020-05-19 15:00:00,17.9,87.1,185.2,948.0,Extremely Severe Cyclonic Storm
2020136N10088,2020,AMPHAN,BB,2020-05-19 18:00:00,18.3,87.2,185.2,948.0,Extremely Severe Cyclonic Storm
2020136N10088,2020,AMPHAN,BB,2020-05-19 21:00:00,18.7,87.3,185.2,948.0,Extremely Severe Cyclonic Storm
2020136N10088,2020,AMPHAN,BB,2020-05-20 00:00:00,19.2,87.5,175.9,952.0,Extremely Severe Cyclonic Storm
2020136N10088,2020,AMPHAN,BB,2020-05-20 03:00:00,19.8,87.7,175.9,954.0,Extremely Severe Cyclonic Storm
2020136N10088,2020,AMPHAN,BB,2020-05-20 06:00:00,20.6,88.0,166.7,956.0,Extremely Severe Cyclonic Storm
2020136N10088,2020,AMPHAN,BB,2020-05-20 09:00:00,21.4,88.1,166.7,960.0,Extremely Severe Cyclonic Storm
2020136N10088,2020,AMPHAN,BB,2020-05-20 12:00:00,22.1,88.4,157.4,957.0,Very Severe Cyclonic Storm
2020136N10088,2020,AMPHAN,BB,2020-05-20 15:00:00,22.8,88.6,120.4,968.0,Very Severe Cyclonic Storm
2020136N10088,2020,AMPHAN,BB,2020-05-20 18:00:00,23.5,89.1,92.6,978.0,Severe Cyclonic Storm
2020136N10088,2020,AMPHAN,BB,2020-05-20 21:00:00,24.3,89.3,83.3,986.0,Cyclonic Storm
2020136N10088,2020,AMPHAN,BB,2020-05-21 00:00:00,24.6,89.6,74.1,988.0,Cyclonic Storm
2020136N10088,2020,AMPHAN,BB,2020-05-21 03:00:00,25.1,89.9,64.8,990.0,Cyclonic Storm
2020136N10088,2020,AMPHAN,BB,2020-05-21 06:00:00,25.4,90.1,55.6,992.0,Deep Depression
2020136N10088,2020,AMPHAN,BB,2020-05-21 09:00:00,25.2,89.6,46.3,994.0,Depression
2020136N10088,2020,AMPHAN,BB,2020-05-21 12:00:00,25.4,89.6,37.0,995.0,Depression
2020150N17054,2020,UNNAMED,AS,2020-05-29 09:00:00,17.3,54.3,46.3,1000.0,Depression
2020150N17054,2020,UNNAMED,AS,2020-05-29 12:00:00,17.3,54.3,46.3,1000.0,Depression
2020150N17054,2020,UNNAMED,AS,2020-05-29 15:00:00,17.3,54.3,46.3,1000.0,Depression
2020150N17054,2020,UNNAMED,AS,2020-05-29 18:00:00,17.3,54.3,46.3,1000.0,Depression
2020150N17054,2020,UNNAMED,AS,2020-05-29 21:00:00,17.3,54.2,46.3,1000.0,Depression
2020150N17054,2020,UNNAMED,AS,2020-05-30 00:00:00,17.3,54.2,46.3,1000.0,Depression
2020150N17054,2020,UNNAMED,AS,2020-05-30 03:00:00,17.3,54.2,46.3,1000.0,Depression
2020150N17054,2020,UNNAMED,AS,2020-05-30 06:00:00,17.2,54.0,46.3,1000.0,Depression
2020150N17054,2020,UNNAMED,AS,2020-05-30 09:00:00,17.2,54.0,46.3,1000.0,Depression
2020150N17054,2020,UNNAMED,AS,2020-05-30 12:00:00,17.2,54.0,46.3,1000.0,Depression
2020150N17054,2020,UNNAMED,AS,2020-05-30 15:00:00,17.2,54.0,46.3,1000.0,Depression
2020150N17054,2020,UNNAMED,AS,2020-05-30 18:00:00,17.2,54.0,46.3,1000.0,Depression
2020150N17054,2020,UNNAMED,AS,2020-05-30 21:00:00,17.1,53.9,46.3,1000.0,Depression
2020150N17054,2020,UNNAMED,AS,2020-05-31 00:00:00,17.1,53.8,46.3,1000.0,Depression
2020150N17054,2020,UNNAMED,AS,2020-05-31 03:00:00,17.1,53.8,46.3,1000.0,Depression
2020150N17054,2020,UNNAMED,AS,2020-05-31 06:00:00,17.0,53.5,46.3,1000.0,Depression
2020150N17054,2020,UNNAMED,AS,2020-05-31 09:00:00,16.9,53.3,46.3,1000.0,Depression
2020150N17054,2020,UNNAMED,AS,2020-05-31 12:00:00,16.9,53.1,46.3,1000.0,Depression
2020150N17054,2020,UNNAMED,AS,2020-05-31 15:00:00,16.9,53.0,46.3,1000.0,Depression
2020150N17054,2020,UNNAMED,AS,2020-05-31 18:00:00,16.8,52.9,46.3,1000.0,Depression
2020153N13072,2020,NISARGA,AS,2020-05-31 18:00:00,12.9,72.2,,,
2020153N13072,2020,NISARGA,AS,2020-05-31 21:00:00,12.9,72.0,,,
2020153N13072,2020,NISARGA,AS,2020-06-01 00:00:00,13.0,71.6,46.3,1004.0,Depression
2020153N13072,2020,NISARGA,AS,2020-06-01 03:00:00,13.1,71.4,46.3,1004.0,Depression
2020153N13072,2020,NISARGA,AS,2020-06-01 06:00:00,13.4,71.2,46.3,1004.0,Depression
2020153N13072,2020,NISARGA,AS,2020-06-01 09:00:00,13.7,71.1,46.3,1004.0,Depression
2020153N13072,2020,NISARGA,AS,2020-06-01 12:00:00,14.0,71.1,46.3,1003.0,Depression
2020153N13072,2020,NISARGA,AS,2020-06-01 15:00:00,14.2,71.2,46.3,1003.0,Depression
2020153N13072,2020,NISARGA,AS,2020-06-01 18:00:00,14.4,71.2,46.3,1003.0,Depression
2020153N13072,2020,NISARGA,AS,2020-06-01 21:00:00,14.7,71.2,51.9,1002.0,Deep Depression
2020153N13072,2020,NISARGA,AS,2020-06-02 00:00:00,15.0,71.3,55.6,1000.0,Deep Depression
2020153N13072,2020,NISARGA,AS,2020-06-02 03:00:00,15.3,71.3,55.6,1000.0,Deep Depression
2020153N13072,2020,NISARGA,AS,2020-06-02 06:00:00,15.7,71.3,64.8,999.0,Cyclonic Storm
2020153N13072,2020,NISARGA,AS,2020-06-02 09:00:00,16.0,71.3,64.8,999.0,Cyclonic Storm
2020153N13072,2020,NISARGA,AS,2020-06-02 12:00:00,16.3,71.4,74.1,996.0,Cyclonic Storm
2020153N13072,2020,NISARGA,AS,2020-06-02 15:00:00,16.2,71.5,74.1,996.0,Cyclonic Storm
2020153N13072,2020,NISARGA,AS,2020-06-02 18:00:00,16.8,71.6,74.1,996.0,Cyclonic Storm
2020153N13072,2020,NISARGA,AS,2020-06-02 21:00:00,17.0,71.9,83.3,994.0,Cyclonic Storm
2020153N13072,2020,NISARGA,AS,2020-06-03 00:00:00,17.3,72.1,92.6,992.0,Severe Cyclonic Storm
2020153N13072,2020,NISARGA,AS,2020-06-03 03:00:00,17.6,72.4,101.9,988.0,Severe Cyclonic Storm
2020153N13072,2020,NISARGA,AS,2020-06-03 06:00:00,18.1,72.9,111.1,984.0,Severe Cyclonic Storm
2020153N13072,2020,NISARGA,AS,2020-06-03 09:00:00,18.5,73.2,101.9,992.0,Severe Cyclonic Storm
2020153N13072,2020,NISARGA,AS,2020-06-03 12:00:00,19.1,73.7,74.1,998.0,Cyclonic Storm
2020153N13072,2020,NISARGA,AS,2020-06-03 15:00:00,19.6,74.0,55.6,1000.0,Deep Depression
2020153N13072,2020,NISARGA,AS,2020-06-03 18:00:00,20.0,74.7,55.6,1001.0,Deep Depression
2020153N13072,2020,NISARGA,AS,2020-06-03 21:00:00,20.3,75.3,51.9,1003.0,Deep Depression
2020153N13072,2020,NISARGA,AS,2020-06-04 00:00:00,20.9,76.0,46.3,1004.0,Depression
2020153N13072,2020,NISARGA,AS,2020-06-04 03:00:00,21.5,76.8,37.0,1005.0,Depression
2020153N13072,2020,NISARGA,AS,2020-06-04 06:00:00,22.2,77.6,37.0,1005.0,Depression
2020285N15087,2020,UNNAMED,BB,2020-10-11 00:00:00,15.3,86.5,37.0,999.0,Depression
2020285N15087,2020,UNNAMED,BB,2020-10-11 03:00:00,15.4,86.2,46.3,998.0,Depression
2020285N15087,2020,UNNAMED,BB,2020-10-11 06:00:00,15.4,85.8,46.3,998.0,Depression
2020285N15087,2020,UNNAMED,BB,2020-10-11 09:00:00,15.4,85.5,46.3,998.0,Depression
2020285N15087,2020,UNNAMED,BB,2020-10-11 12:00:00,15.5,85.4,46.3,998.0,Depression
2020285N15087,2020,UNNAMED,BB,2020-10-11 15:00:00,15.5,85.3,46.3,998.0,Depression
2020285N15087,2020,UNNAMED,BB,2020-10-11 18:00:00,15.6,85.2,46.3,998.0,Depression
2020285N15087,2020,UNNAMED,BB,2020-10-11 21:00:00,15.7,85.1,46.3,998.0,Depression
2020285N15087,2020,UNNAMED,BB,2020-10-12 00:00:00,15.7,85.0,46.3,998.0,Depression
2020285N15087,2020,UNNAMED,BB,2020-10-12 03:00:00,15.7,85.0,55.6,997.0,Deep Depression
2020285N15087,2020,UNNAMED,BB,2020-10-12 06:00:00,15.9,84.8,55.6,997.0,Deep Depression
2020285N15087,2020,UNNAMED,BB,2020-10-12 09:00:00,16.0,84.7,55.6,997.0,Deep Depression
2020285N15087,2020,UNNAMED,BB,2020-10-12 12:00:00,16.1,84.6,55.6,997.0,Deep Depression
2020285N15087,2020,UNNAMED,BB,2020-10-12 15:00:00,16.3,84.1,55.6,997.0,Deep Depression
2020285N15087,2020,UNNAMED,BB,2020-10-12 18:00:00,16.5,83.4,55.6,997.0,Deep Depression
2020285N15087,2020,UNNAMED,BB,2020-10-12 21:00:00,16.7,82.9,55.6,997.0,Deep Depression
2020285N15087,2020,UNNAMED,BB,2020-10-13 00:00:00,16.9,82.5,55.6,997.0,Deep Depression
2020285N15087,2020,UNNAMED,BB,2020-10-13 03:00:00,17.0,82.1,55.6,996.0,Deep Depression
2020285N15087,2020,UNNAMED,BB,2020-10-13 06:00:00,17.3,81.5,46.3,998.0,Depression
2020285N15087,2020,UNNAMED,BB,2020-10-13 09:00:00,17.4,81.0,46.3,998.0,Depression
2020285N15087,2020,UNNAMED,BB,2020-10-13 12:00:00,17.5,80.5,46.3,998.0,Depression
2020285N15087,2020,UNNAMED,BB,2020-10-13 15:00:00,17.6,80.0,46.3,998.0,Depression
2020285N15087,2020,UNNAMED,BB,2020-10-13 18:00:00,17.6,79.5,46.3,998.0,Depression
2020285N15087,2020,UNNAMED,BB,2020-10-13 21:00:00,17.7,78.8,42.6,999.0,Depression
2020285N15087,2020,UNNAMED,BB,2020-10-14 00:00:00,17.7,78.1,37.0,1000.0,Depression
2020285N15087,2020,UNNAMED,AS,2020-10-14 03:00:00,17.7,77.5,37.0,1000.0,Depression
2020285N15087,2020,UNNAMED,AS,2020-10-14 06:00:00,17.7,77.0,37.0,1000.0,Depression
2020291N18069,2020,UNNAMED,AS,2020-10-17 03:00:00,17.8,69.0,37.0,1004.0,Depression
2020291N18069,2020,UNNAMED,AS,2020-10-17 06:00:00,17.8,68.2,37.0,1004.0,Depression
2020291N18069,2020,UNNAMED,AS,2020-10-17 09:00:00,17.8,67.8,42.6,1004.0,Depression
2020291N18069,2020,UNNAMED,AS,2020-10-17 12:00:00,17.8,67.5,46.3,1003.0,Depression
2020291N18069,2020,UNNAMED,AS,2020-10-17 15:00:00,17.8,67.1,46.3,1003.0,Depression
2020291N18069,2020,UNNAMED,AS,2020-10-17 18:00:00,17.8,66.8,46.3,1003.0,Depression
2020291N18069,2020,UNNAMED,AS,2020-10-17 21:00:00,17.8,66.7,46.3,1003.0,Depression
2020291N18069,2020,UNNAMED,AS,2020-10-18 00:00:00,17.8,66.4,46.3,1003.0,Depression
2020291N18069,2020,UNNAMED,AS,2020-10-18 03:00:00,17.8,65.8,37.0,1004.0,Depression
2020291N18069,2020,UNNAMED,AS,2020-10-18 06:00:00,17.8,65.3,37.0,1004.0,Depression
2020291N18069,2020,UNNAMED,AS,2020-10-18 09:00:00,17.8,65.0,37.0,1004.0,Depression
2020291N18069,2020,UNNAMED,AS,2020-10-18 12:00:00,17.8,64.8,37.0,1004.0,Depression
2020291N18069,2020,UNNAMED,AS,2020-10-18 15:00:00,17.8,64.6,37.0,1004.0,Depression
2020291N18069,2020,UNNAMED,AS,2020-10-18 18:00:00,17.8,64.3,37.0,1004.0,Depression
2020296N19087,2020,UNNAMED,BB,2020-10-22 03:00:00,18.7,87.0,37.0,999.0,Depression
2020296N19087,2020,UNNAMED,BB,2020-10-22 06:00:00,19.0,87.0,46.3,998.0,Depression
2020296N19087,2020,UNNAMED,BB,2020-10-22 09:00:00,19.4,87.1,46.3,998.0,Depression
2020296N19087,2020,UNNAMED,BB,2020-10-22 12:00:00,19.7,87.3,46.3,998.0,Depression
2020296N19087,2020,UNNAMED,BB,2020-10-22 15:00:00,19.9,87.4,46.3,998.0,Depression
2020296N19087,2020,UNNAMED,BB,2020-10-22 18:00:00,20.2,87.6,46.3,998.0,Depression
2020296N19087,2020,UNNAMED,BB,2020-10-22 21:00:00,20.7,87.9,46.3,998.0,Depression
2020296N19087,2020,UNNAMED,BB,2020-10-23 00:00:00,21.2,88.2,46.3,998.0,Depression
2020296N19087,2020,UNNAMED,BB,2020-10-23 03:00:00,21.4,88.4,46.3,998.0,Depression
2020296N19087,2020,UNNAMED,BB,2020-10-23 06:00:00,21.7,88.5,46.3,998.0,Depression
2020296N19087,2020,UNNAMED,BB,2020-10-23 09:00:00,22.5,89.1,46.3,998.0,Depression
2020296N19087,2020,UNNAMED,BB,2020-10-23 12:00:00,23.3,89.5,37.0,1000.0,Depression
2020296N19087,2020,UNNAMED,BB,2020-10-23 15:00:00,23.8,89.7,37.0,1000.0,Depression
2020296N19087,2020,UNNAMED,BB,2020-10-23 18:00:00,24.0,89.9,37.0,1000.0,Depression
2020326N11063,2020,GATI,AS,2020-11-20 12:00:00,11.2,62.6,,,
2020326N11063,2020,GATI,AS,2020-11-20 15:00:00,11.0,62.2,,,
2020326N11063,2020,GATI,AS,2020-11-20 18:00:00,10.9,61.7,,,
2020326N11063,2020,GATI,AS,2020-11-20 21:00:00,11.1,61.2,,,
2020326N11063,2020,GATI,AS,2020-11-21 00:00:00,11.3,60.6,,,
2020326N11063,2020,GATI,AS,2020-11-21 03:00:00,11.3,59.7,,,
2020326N11063,2020,GATI,AS,2020-11-21 06:00:00,11.3,58.8,,,
2020326N11063,2020,GATI,AS,2020-11-21 09:00:00,11.3,57.9,,,
2020326N11063,2020,GATI,AS,2020-11-21 12:00:00,11.3,57.1,,,
2020326N11063,2020,GATI,AS,2020-11-21 15:00:00,11.1,56.2,,,
2020326N11063,2020,GATI,AS,2020-11-21 18:00:00,10.9,55.8,46.3,1000.0,Depression
2020326N11063,2020,GATI,AS,2020-11-21 21:00:00,10.9,55.2,51.9,999.0,Deep Depression
2020326N11063,2020,GATI,AS,2020-11-22 00:00:00,10.8,54.5,55.6,998.0,Deep Depression
2020326N11063,2020,GATI,AS,2020-11-22 03:00:00,10.6,53.5,74.1,996.0,Cyclonic Storm
2020326N11063,2020,GATI,AS,2020-11-22 06:00:00,10.4,52.6,92.6,992.0,Severe Cyclonic Storm
2020326N11063,2020,GATI,AS,2020-11-22 09:00:00,10.4,52.0,120.4,982.0,Very Severe Cyclonic Storm
2020326N11063,2020,GATI,AS,2020-11-22 12:00:00,10.4,51.5,138.9,976.0,Very Severe Cyclonic Storm
2020326N11063,2020,GATI,AS,2020-11-22 15:00:00,10.4,51.0,138.9,976.0,Very Severe Cyclonic Storm
2020326N11063,2020,GATI,AS,2020-11-22 18:00:00,10.4,50.6,120.4,982.0,Very Severe Cyclonic Storm
2020326N11063,2020,GATI,AS,2020-11-22 21:00:00,10.5,50.2,111.1,986.0,Severe Cyclonic Storm
2020326N11063,2020,GATI,AS,2020-11-23 00:00:00,10.7,50.0,83.3,994.0,Cyclonic Storm
2020326N11063,2020,GATI,AS,2020-11-23 03:00:00,10.9,49.6,64.8,997.0,Cyclonic Storm
2020326N11063,2020,GATI,AS,2020-11-23 06:00:00,11.1,49.3,55.6,998.0,Deep Depression
2020326N11063,2020,GATI,AS,2020-11-23 09:00:00,11.3,48.9,55.6,999.0,Deep Depression
2020326N11063,2020,GATI,AS,2020-11-23 12:00:00,11.5,48.6,55.6,999.0,Deep Depression
2020326N11063,2020,GATI,AS,2020-11-23 15:00:00,11.7,48.0,55.6,1000.0,Deep Depression
2020326N11063,2020,GATI,AS,2020-11-23 18:00:00,11.8,47.5,55.6,1000.0,Deep Depression
2020326N11063,2020,GATI,AS,2020-11-23 21:00:00,11.7,47.1,51.9,1001.0,Deep Depression
2020326N11063,2020,GATI,AS,2020-11-24 00:00:00,11.5,46.8,46.3,1001.0,Depression
2020326N11063,2020,GATI,AS,2020-11-24 03:00:00,11.2,46.6,37.0,1002.0,Depression
2020326N11063,2020,GATI,AS,2020-11-24 06:00:00,10.9,46.5,,,
2020326N11063,2020,GATI,AS,2020-11-24 09:00:00,10.7,46.4,,,
2020326N11063,2020,GATI,AS,2020-11-24 12:00:00,10.4,46.3,,,
2020327N08086,2020,NIVAR,BB,2020-11-22 06:00:00,7.8,86.1,,,
2020327N08086,2020,NIVAR,BB,2020-11-22 09:00:00,8.2,85.9,,,
2020327N08086,2020,NIVAR,BB,2020-11-22 12:00:00,8.5,85.6,,,
2020327N08086,2020,NIVAR,BB,2020-11-22 15:00:00,8.8,85.3,,,
2020327N08086,2020,NIVAR,BB,2020-11-22 18:00:00,9.0,85.1,,,
2020327N08086,2020,NIVAR,BB,2020-11-22 21:00:00,9.0,85.0,46.3,1002.0,Depression
2020327N08086,2020,NIVAR,BB,2020-11-23 00:00:00,9.3,84.6,46.3,1002.0,Depression
2020327N08086,2020,NIVAR,BB,2020-11-23 03:00:00,9.5,84.2,46.3,1002.0,Depression
2020327N08086,2020,NIVAR,BB,2020-11-23 06:00:00,9.6,84.0,46.3,1001.0,Depression
2020327N08086,2020,NIVAR,BB,2020-11-23 09:00:00,9.7,83.8,51.9,1000.0,Deep Depression
2020327N08086,2020,NIVAR,BB,2020-11-23 12:00:00,9.9,83.6,55.6,999.0,Deep Depression
2020327N08086,2020,NIVAR,BB,2020-11-23 15:00:00,9.9,83.5,55.6,999.0,Deep Depression
2020327N08086,2020,NIVAR,BB,2020-11-23 18:00:00,10.0,83.5,55.6,998.0,Deep Depression
2020327N08086,2020,NIVAR,BB,2020-11-23 21:00:00,9.9,83.3,61.1,998.0,Deep Depression
2020327N08086,2020,NIVAR,BB,2020-11-24 00:00:00,9.8,83.2,64.8,997.0,Cyclonic Storm
2020327N08086,2020,NIVAR,BB,2020-11-24 03:00:00,9.8,83.1,64.8,997.0,Cyclonic Storm
2020327N08086,2020,NIVAR,BB,2020-11-24 06:00:00,9.8,83.0,74.1,994.0,Cyclonic Storm
2020327N08086,2020,NIVAR,BB,2020-11-24 09:00:00,9.9,82.9,83.3,992.0,Cyclonic Storm
2020327N08086,2020,NIVAR,BB,2020-11-24 12:00:00,10.0,82.8,83.3,992.0,Cyclonic Storm
2020327N08086,2020,NIVAR,BB,2020-11-24 15:00:00,10.1,82.7,83.3,992.0,Cyclonic Storm
2020327N08086,2020,NIVAR,BB,2020-11-24 18:00:00,10.2,82.6,92.6,990.0,Severe Cyclonic Storm
2020327N08086,2020,NIVAR,BB,2020-11-24 21:00:00,10.4,82.4,101.9,988.0,Severe Cyclonic Storm
2020327N08086,2020,NIVAR,BB,2020-11-25 00:00:00,10.6,82.2,111.1,986.0,Severe Cyclonic Storm
2020327N08086,2020,NIVAR,BB,2020-11-25 03:00:00,10.8,81.8,111.1,986.0,Severe Cyclonic Storm
2020327N08086,2020,NIVAR,BB,2020-11-25 06:00:00,11.1,81.4,111.1,986.0,Severe Cyclonic Storm
2020327N08086,2020,NIVAR,BB,2020-11-25 09:00:00,11.3,81.1,120.4,982.0,Very Severe Cyclonic Storm
2020327N08086,2020,NIVAR,BB,2020-11-25 12:00:00,11.5,80.9,120.4,982.0,Very Severe Cyclonic Storm
2020327N08086,2020,NIVAR,BB,2020-11-25 15:00:00,11.8,80.6,120.4,982.0,Very Severe Cyclonic Storm
2020327N08086,2020,NIVAR,BB,2020-11-25 18:00:00,12.0,80.4,120.4,982.0,Very Severe Cyclonic Storm
2020327N08086,2020,NIVAR,BB,2020-11-25 21:00:00,12.2,80.1,111.1,986.0,Severe Cyclonic Storm
2020327N08086,2020,NIVAR,BB,2020-11-26 00:00:00,12.5,80.0,92.6,992.0,Severe Cyclonic Storm
2020327N08086,2020,NIVAR,BB,2020-11-26 03:00:00,12.7,79.7,74.1,996.0,Cyclonic Storm
2020327N08086,2020,NIVAR,BB,2020-11-26 06:00:00,13.0,79.6,64.8,998.0,Cyclonic Storm
2020327N08086,2020,NIVAR,BB,2020-11-26 09:00:00,13.3,79.6,55.6,999.0,Deep Depression
2020327N08086,2020,NIVAR,BB,2020-11-26 12:00:00,13.5,79.8,55.6,1000.0,Deep Depression
2020327N08086,2020,NIVAR,BB,2020-11-26 15:00:00,13.6,80.0,46.3,1001.0,Depression
2020327N08086,2020,NIVAR,BB,2020-11-26 18:00:00,13.8,80.3,37.0,1002.0,Depression
2020327N08086,2020,NIVAR,BB,2020-11-26 21:00:00,13.8,80.6,,,
2020327N08086,2020,NIVAR,BB,2020-11-27 00:00:00,14.0,80.7,,,
2020327N08086,2020,NIVAR,BB,2020-11-27 03:00:00,14.2,80.6,,,
2020327N08086,2020,NIVAR,BB,2020-11-27 06:00:00,14.4,80.5,,,
2020327N08086,2020,NIVAR,BB,2020-11-27 09:00:00,14.7,80.3,,,
2020327N08086,2020,NIVAR,BB,2020-11-27 12:00:00,15.0,80.1,,,
2020335N06090,2020,BUREVI,BB,2020-11-29 12:00:00,6.4,90.4,,,
2020335N06090,2020,BUREVI,BB,2020-11-29 15:00:00,6.6,89.8,,,
2020335N06090,2020,BUREVI,BB,2020-11-29 18:00:00,6.9,89.1,,,
2020335N06090,2020,BUREVI,BB,2020-11-29 21:00:00,7.2,88.4,,,
2020335N06090,2020,BUREVI,BB,2020-11-30 00:00:00,7.5,87.8,37.0,1003.0,Depression
2020335N06090,2020,BUREVI,BB,2020-11-30 03:00:00,7.6,87.6,46.3,1002.0,Depression
2020335N06090,2020,BUREVI,BB,2020-11-30 06:00:00,7.6,87.4,46.3,1002.0,Depression
2020335N06090,2020,BUREVI,BB,2020-11-30 09:00:00,7.6,87.2,46.3,1002.0,Depression
2020335N06090,2020,BUREVI,BB,2020-11-30 12:00:00,7.5,87.1,46.3,1002.0,Depression
2020335N06090,2020,BUREVI,BB,2020-11-30 15:00:00,7.5,87.0,46.3,1002.0,Depression
2020335N06090,2020,BUREVI,BB,2020-11-30 18:00:00,7.5,86.8,46.3,1002.0,Depression
2020335N06090,2020,BUREVI,BB,2020-11-30 21:00:00,7.4,86.4,51.9,1001.0,Deep Depression
2020335N06090,2020,BUREVI,BB,2020-12-01 00:00:00,7.4,86.1,55.6,1000.0,Deep Depression
2020335N06090,2020,BUREVI,BB,2020-12-01 03:00:00,7.4,85.8,55.6,1000.0,Deep Depression
2020335N06090,2020,BUREVI,BB,2020-12-01 06:00:00,7.5,85.4,55.6,1000.0,Deep Depression
2020335N06090,2020,BUREVI,BB,2020-12-01 09:00:00,7.6,85.1,61.1,1000.0,Deep Depression
2020335N06090,2020,BUREVI,BB,2020-12-01 12:00:00,7.7,84.9,64.8,999.0,Cyclonic Storm
2020335N06090,2020,BUREVI,BB,2020-12-01 15:00:00,7.8,84.6,64.8,999.0,Cyclonic Storm
2020335N06090,2020,BUREVI,BB,2020-12-01 18:00:00,8.0,84.3,64.8,999.0,Cyclonic Storm
2020335N06090,2020,BUREVI,BB,2020-12-01 21:00:00,8.3,83.7,64.8,999.0,Cyclonic Storm
2020335N06090,2020,BUREVI,BB,2020-12-02 00:00:00,8.5,83.3,74.1,998.0,Cyclonic Storm
2020335N06090,2020,BUREVI,BB,2020-12-02 03:00:00,8.6,82.9,74.1,998.0,Cyclonic Storm
2020335N06090,2020,BUREVI,BB,2020-12-02 06:00:00,8.7,82.6,83.3,996.0,Cyclonic Storm
2020335N06090,2020,BUREVI,BB,2020-12-02 09:00:00,8.8,82.2,83.3,996.0,Cyclonic Storm
2020335N06090,2020,BUREVI,BB,2020-12-02 12:00:00,8.8,81.9,83.3,996.0,Cyclonic Storm
2020335N06090,2020,BUREVI,BB,2020-12-02 15:00:00,8.9,81.6,83.3,996.0,Cyclonic Storm
2020335N06090,2020,BUREVI,BB,2020-12-02 18:00:00,9.0,81.2,83.3,996.0,Cyclonic Storm
2020335N06090,2020,BUREVI,BB,2020-12-02 21:00:00,9.0,80.9,74.1,998.0,Cyclonic Storm
2020335N06090,2020,BUREVI,BB,2020-12-03 00:00:00,9.0,80.5,74.1,998.0,Cyclonic Storm
2020335N06090,2020,BUREVI,BB,2020-12-03 03:00:00,9.1,80.4,74.1,998.0,Cyclonic Storm
2020335N06090,2020,BUREVI,BB,2020-12-03 06:00:00,9.3,80.1,74.1,998.0,Cyclonic Storm
2020335N06090,2020,BUREVI,BB,2020-12-03 09:00:00,9.4,79.8,64.8,999.0,Cyclonic Storm
2020335N06090,2020,BUREVI,BB,2020-12-03 12:00:00,9.4,79.6,55.6,1000.0,Deep Depression
2020335N06090,2020,BUREVI,BB,2020-12-03 15:00:00,9.4,79.4,55.6,1000.0,Deep Depression
2020335N06090,2020,BUREVI,BB,2020-12-03 18:00:00,9.3,79.3,55.6,1000.0,Deep Depression
2020335N06090,2020,BUREVI,BB,2020-12-03 21:00:00,9.3,79.3,55.6,1000.0,Deep Depression
2020335N06090,2020,BUREVI,BB,2020-12-04 00:00:00,9.2,79.3,55.6,1000.0,Deep Depression
2020335N06090,2020,BUREVI,BB,2020-12-04 03:00:00,9.1,79.2,55.6,1001.0,Deep Depression
2020335N06090,2020,BUREVI,BB,2020-12-04 06:00:00,9.2,79.3,55.6,1001.0,Deep Depression
2020335N06090,2020,BUREVI,BB,2020-12-04 09:00:00,9.3,79.4,51.9,1002.0,Deep Depression
2020335N06090,2020,BUREVI,BB,2020-12-04 12:00:00,9.4,79.4,46.3,1002.0,Depression
2020335N06090,2020,BUREVI,BB,2020-12-04 15:00:00,9.3,79.3,46.3,1003.0,Depression
2020335N06090,2020,BUREVI,BB,2020-12-04 18:00:00,9.2,79.2,46.3,1003.0,Depression
2020335N06090,2020,BUREVI,BB,2020-12-04 21:00:00,9.1,79.3,42.6,1004.0,Depression
2020335N06090,2020,BUREVI,BB,2020-12-05 00:00:00,9.1,79.4,37.0,1004.0,Depression
2020335N06090,2020,BUREVI,BB,2020-12-05 03:00:00,9.2,79.5,37.0,1006.0,Depression
2020335N06090,2020,BUREVI,BB,2020-12-05 06:00:00,9.5,80.1,,,
2020353N06129,2020,KROVANH,MM,2020-12-17 12:00:00,5.8,129.0,,,
2020353N06129,2020,KROVANH,MM,2020-12-17 15:00:00,6.2,128.4,,,
2020353N06129,2020,KROVANH,MM,2020-12-17 18:00:00,6.5,127.8,,,
2020353N06129,2020,KROVANH,MM,2020-12-17 21:00:00,6.7,127.4,,,
2020353N06129,2020,KROVANH,MM,2020-12-18 00:00:00,7.1,127.2,,1004.0,
2020353N06129,2020,KROVANH,MM,2020-12-18 03:00:00,7.6,126.7,,,
2020353N06129,2020,KROVANH,MM,2020-12-18 06:00:00,8.1,126.1,,1002.0,
2020353N06129,2020,KROVANH,MM,2020-12-18 09:00:00,8.6,125.2,,,
2020353N06129,2020,KROVANH,MM,2020-12-18 12:00:00,8.9,124.3,,1004.0,
2020353N06129,2020,KROVANH,MM,2020-12-18 15:00:00,8.9,123.3,,,
2020353N06129,2020,KROVANH,MM,2020-12-18 18:00:00,8.8,122.4,,1004.0,
2020353N06129,2020,KROVANH,MM,2020-12-18 21:00:00,8.8,121.6,,,
2020353N06129,2020,KROVANH,MM,2020-12-19 00:00:00,8.9,121.0,,1004.0,
2020353N06129,2020,KROVANH,MM,2020-12-19 03:00:00,9.0,120.4,,,
2020353N06129,2020,KROVANH,MM,2020-12-19 06:00:00,9.2,119.8,,1004.0,
2020353N06129,2020,KROVANH,MM,2020-12-19 09:00:00,9.5,119.1,,,
2020353N06129,2020,KROVANH,MM,2020-12-19 12:00:00,9.7,118.4,,1004.0,
2020353N06129,2020,KROVANH,MM,2020-12-19 15:00:00,9.7,117.6,,,
2020353N06129,2020,KROVANH,MM,2020-12-19 18:00:00,9.8,116.9,,1004.0,
2020353N06129,2020,KROVANH,MM,2020-12-19 21:00:00,9.9,116.2,,,
2020353N06129,2020,KROVANH,MM,2020-12-20 00:00:00,10.0,115.6,64.8,1002.0,Cyclonic Storm
2020353N06129,2020,KROVANH,MM,2020-12-20 03:00:00,10.1,115.3,,,
2020353N06129,2020,KROVANH,MM,2020-12-20 06:00:00,10.1,115.0,64.8,1000.0,Cyclonic Storm
2020353N06129,2020,KROVANH,MM,2020-12-20 09:00:00,10.0,114.7,,,
2020353N06129,2020,KROVANH,MM,2020-12-20 12:00:00,9.9,114.4,64.8,1002.0,Cyclonic Storm
2020353N06129,2020,KROVANH,MM,2020-12-20 15:00:00,9.7,114.1,,,
2020353N06129,2020,KROVANH,MM,2020-12-20 18:00:00,9.5,113.9,64.8,1002.0,Cyclonic Storm
2020353N06129,2020,KROVANH,MM,2020-12-20 21:00:00,9.3,113.7,,,
2020353N06129,2020,KROVANH,MM,2020-12-21 00:00:00,9.2,113.4,64.8,1002.0,Cyclonic Storm
2020353N06129,2020,KROVANH,MM,2020-12-21 03:00:00,9.1,113.2,,,
2020353N06129,2020,KROVANH,MM,2020-12-21 06:00:00,9.0,112.9,64.8,1002.0,Cyclonic Storm
2020353N06129,2020,KROVANH,MM,2020-12-21 09:00:00,8.9,112.6,,,
2020353N06129,2020,KROVANH,MM,2020-12-21 12:00:00,8.8,112.3,64.8,1002.0,Cyclonic Storm
2020353N06129,2020,KROVANH,MM,2020-12-21 15:00:00,8.6,111.9,,,
2020353N06129,2020,KROVANH,MM,2020-12-21 18:00:00,8.5,111.6,64.8,1002.0,Cyclonic Storm
2020353N06129,2020,KROVANH,MM,2020-12-21 21:00:00,8.2,111.3,,,
2020353N06129,2020,KROVANH,MM,2020-12-22 00:00:00,7.9,111.0,64.8,1002.0,Cyclonic Storm
2020353N06129,2020,KROVANH,MM,2020-12-22 03:00:00,7.7,110.7,,,
2020353N06129,2020,KROVANH,MM,2020-12-22 06:00:00,7.8,110.5,,1004.0,
2020353N06129,2020,KROVANH,MM,2020-12-22 09:00:00,7.8,110.3,,,
2020353N06129,2020,KROVANH,MM,2020-12-22 12:00:00,7.9,110.0,,1004.0,
2020353N06129,2020,KROVANH,MM,2020-12-22 15:00:00,7.9,109.6,,,
2020353N06129,2020,KROVANH,MM,2020-12-22 18:00:00,8.0,109.3,,1004.0,
2020353N06129,2020,KROVANH,MM,2020-12-22 21:00:00,8.1,108.9,,,
2020353N06129,2020,KROVANH,MM,2020-12-23 00:00:00,8.1,108.5,,1006.0,
2020353N06129,2020,KROVANH,MM,2020-12-23 03:00:00,8.2,108.0,,,
2020353N06129,2020,KROVANH,MM,2020-12-23 06:00:00,8.3,107.4,,1006.0,
2020353N06129,2020,KROVANH,MM,2020-12-23 09:00:00,8.2,106.9,,,
2020353N06129,2020,KROVANH,MM,2020-12-23 12:00:00,8.0,106.3,,1006.0,
2020353N06129,2020,KROVANH,MM,2020-12-23 15:00:00,8.0,105.8,,,
2020353N06129,2020,KROVANH,MM,2020-12-23 18:00:00,7.9,105.2,,1006.0,
2020353N06129,2020,KROVANH,MM,2020-12-23 21:00:00,7.8,104.6,,,
2020353N06129,2020,KROVANH,MM,2020-12-24 00:00:00,7.8,103.9,,1006.0,
2020353N06129,2020,KROVANH,MM,2020-12-24 03:00:00,7.8,103.3,,,
2020353N06129,2020,KROVANH,MM,2020-12-24 06:00:00,7.8,102.7,,1004.0,
2020353N06129,2020,KROVANH,MM,2020-12-24 09:00:00,8.0,102.2,,,
2020353N06129,2020,KROVANH,MM,2020-12-24 12:00:00,8.2,101.6,,1006.0,
2020353N06129,2020,KROVANH,MM,2020-12-24 15:00:00,8.3,101.1,,,
2020353N06129,2020,KROVANH,MM,2020-12-24 18:00:00,8.6,100.7,,1008.0,
2020353N06129,2020,KROVANH,MM,2020-12-24 21:00:00,8.9,100.2,,,
2020353N06129,2020,KROVANH,BB,2020-12-25 00:00:00,9.4,99.6,,,
2020353N06129,2020,KROVANH,BB,2020-12-25 03:00:00,9.7,98.9,,,
2020353N06129,2020,KROVANH,BB,2020-12-25 06:00:00,10.0,98.1,,,
2020353N06129,2020,KROVANH,BB,2020-12-25 09:00:00,10.6,97.3,,,
2020353N06129,2020,KROVANH,BB,2020-12-25 12:00:00,11.3,97.0,,,
2021092N11096,2021,UNNAMED,BB,2021-04-02 00:00:00,11.0,96.3,46.3,1000.0,Depression
2021092N11096,2021,UNNAMED,BB,2021-04-02 03:00:00,11.0,96.3,46.3,1000.0,Depression
2021092N11096,2021,UNNAMED,BB,2021-04-02 06:00:00,11.2,96.4,46.3,1000.0,Depression
2021092N11096,2021,UNNAMED,BB,2021-04-02 09:00:00,11.5,96.6,46.3,1000.0,Depression
2021092N11096,2021,UNNAMED,BB,2021-04-02 12:00:00,11.8,96.8,46.3,1000.0,Depression
2021092N11096,2021,UNNAMED,BB,2021-04-02 15:00:00,12.0,97.0,46.3,1000.0,Depression
2021092N11096,2021,UNNAMED,BB,2021-04-02 18:00:00,12.3,97.2,46.3,1000.0,Depression
2021092N11096,2021,UNNAMED,BB,2021-04-02 21:00:00,12.7,97.4,46.3,1001.0,Depression
2021092N11096,2021,UNNAMED,BB,2021-04-03 00:00:00,13.0,97.5,46.3,1002.0,Depression
2021092N11096,2021,UNNAMED,BB,2021-04-03 03:00:00,13.2,97.6,37.0,1004.0,Depression
2021133N10071,2021,TAUKTAE,AS,2021-05-13 06:00:00,10.0,70.9,,,
2021133N10071,2021,TAUKTAE,AS,2021-05-13 09:00:00,10.1,71.1,,,
2021133N10071,2021,TAUKTAE,AS,2021-05-13 12:00:00,10.2,71.3,,,
2021133N10071,2021,TAUKTAE,AS,2021-05-13 15:00:00,10.3,71.4,,,
2021133N10071,2021,TAUKTAE,AS,2021-05-13 18:00:00,10.5,71.5,,,
2021133N10071,2021,TAUKTAE,AS,2021-05-13 21:00:00,10.7,71.6,,,
2021133N10071,2021,TAUKTAE,AS,2021-05-14 00:00:00,10.9,71.8,,,
2021133N10071,2021,TAUKTAE,AS,2021-05-14 03:00:00,11.0,72.0,46.3,997.0,Depression
2021133N10071,2021,TAUKTAE,AS,2021-05-14 06:00:00,11.2,72.2,46.3,996.0,Depression
2021133N10071,2021,TAUKTAE,AS,2021-05-14 09:00:00,11.5,72.4,55.6,995.0,Deep Depression
2021133N10071,2021,TAUKTAE,AS,2021-05-14 12:00:00,11.7,72.6,55.6,995.0,Deep Depression
2021133N10071,2021,TAUKTAE,AS,2021-05-14 15:00:00,12.0,72.7,61.1,994.0,Deep Depression
2021133N10071,2021,TAUKTAE,AS,2021-05-14 18:00:00,12.3,72.8,64.8,993.0,Cyclonic Storm
2021133N10071,2021,TAUKTAE,AS,2021-05-14 21:00:00,12.4,72.8,74.1,992.0,Cyclonic Storm
2021133N10071,2021,TAUKTAE,AS,2021-05-15 00:00:00,12.8,72.9,74.1,992.0,Cyclonic Storm
2021133N10071,2021,TAUKTAE,AS,2021-05-15 03:00:00,13.0,72.9,74.1,992.0,Cyclonic Storm
2021133N10071,2021,TAUKTAE,AS,2021-05-15 06:00:00,13.3,73.0,83.3,990.0,Cyclonic Storm
2021133N10071,2021,TAUKTAE,AS,2021-05-15 09:00:00,13.6,73.0,83.3,990.0,Cyclonic Storm
2021133N10071,2021,TAUKTAE,AS,2021-05-15 12:00:00,13.9,73.0,101.9,985.0,Severe Cyclonic Storm
2021133N10071,2021,TAUKTAE,AS,2021-05-15 15:00:00,14.2,72.9,101.9,984.0,Severe Cyclonic Storm
2021133N10071,2021,TAUKTAE,AS,2021-05-15 18:00:00,14.5,72.8,111.1,982.0,Severe Cyclonic Storm
2021133N10071,2021,TAUKTAE,AS,2021-05-15 21:00:00,14.7,72.8,111.1,982.0,Severe Cyclonic Storm
2021133N10071,2021,TAUKTAE,AS,2021-05-16 00:00:00,15.0,72.8,120.4,979.0,Very Severe Cyclonic Storm
2021133N10071,2021,TAUKTAE,AS,2021-05-16 03:00:00,15.4,72.8,129.6,976.0,Very Severe Cyclonic Storm
2021133N10071,2021,TAUKTAE,AS,2021-05-16 06:00:00,15.8,72.8,129.6,976.0,Very Severe Cyclonic Storm
2021133N10071,2021,TAUKTAE,AS,2021-05-16 09:00:00,16.3,72.7,129.6,976.0,Very Severe Cyclonic Storm
2021133N10071,2021,TAUKTAE,AS,2021-05-16 12:00:00,16.8,72.5,138.9,972.0,Very Severe Cyclonic Storm
2021133N10071,2021,TAUKTAE,AS,2021-05-16 15:00:00,17.3,72.3,148.2,968.0,Very Severe Cyclonic Storm
2021133N10071,2021,TAUKTAE,AS,2021-05-16 18:00:00,17.7,72.0,157.4,964.0,Very Severe Cyclonic Storm
2021133N10071,2021,TAUKTAE,AS,2021-05-16 21:00:00,18.0,71.8,166.7,960.0,Extremely Severe Cyclonic Storm
2021133N10071,2021,TAUKTAE,AS,2021-05-17 00:00:00,18.4,71.7,185.2,950.0,Extremely Severe Cyclonic Storm
2021133N10071,2021,TAUKTAE,AS,2021-05-17 03:00:00,18.8,71.6,185.2,950.0,Extremely Severe Cyclonic Storm
2021133N10071,2021,TAUKTAE,AS,2021-05-17 06:00:00,19.3,71.5,185.2,950.0,Extremely Severe Cyclonic Storm
2021133N10071,2021,TAUKTAE,AS,2021-05-17 09:00:00,19.6,71.4,185.2,950.0,Extremely Severe Cyclonic Storm
2021133N10071,2021,TAUKTAE,AS,2021-05-17 12:00:00,20.1,71.4,175.9,955.0,Extremely Severe Cyclonic Storm
2021133N10071,2021,TAUKTAE,AS,2021-05-17 15:00:00,20.5,71.3,166.7,960.0,Extremely Severe Cyclonic Storm
2021133N10071,2021,TAUKTAE,AS,2021-05-17 18:00:00,20.9,71.2,157.4,964.0,Very Severe Cyclonic Storm
2021133N10071,2021,TAUKTAE,AS,2021-05-17 21:00:00,21.2,71.2,138.9,972.0,Very Severe Cyclonic Storm
2021133N10071,2021,TAUKTAE,AS,2021-05-18 00:00:00,21.5,71.2,120.4,978.0,Very Severe Cyclonic Storm
2021133N10071,2021,TAUKTAE,AS,2021-05-18 03:00:00,21.7,71.3,101.9,984.0,Severe Cyclonic Storm
2021133N10071,2021,TAUKTAE,AS,2021-05-18 06:00:00,22.1,71.6,83.3,990.0,Cyclonic Storm
2021133N10071,2021,TAUKTAE,AS,2021-05-18 09:00:00,22.6,71.7,74.1,992.0,Cyclonic Storm
2021133N10071,2021,TAUKTAE,AS,2021-05-18 12:00:00,23.2,72.1,64.8,993.0,Cyclonic Storm
2021133N10071,2021,TAUKTAE,AS,2021-05-18 15:00:00,23.7,72.5,55.6,994.0,Deep Depression
2021133N10071,2021,TAUKTAE,AS,2021-05-18 18:00:00,24.1,73.1,55.6,995.0,Deep Depression
2021133N10071,2021,TAUKTAE,AS,2021-05-18 21:00:00,24.4,73.4,51.9,996.0,Deep Depression
2021133N10071,2021,TAUKTAE,AS,2021-05-19 00:00:00,24.6,73.6,46.3,996.0,Depression
2021133N10071,2021,TAUKTAE,AS,2021-05-19 03:00:00,24.9,73.7,37.0,997.0,Depression
2021133N10071,2021,TAUKTAE,AS,2021-05-19 06:00:00,25.8,74.8,37.0,997.0,Depression
2021143N15090,2021,YAAS,BB,2021-05-23 00:00:00,15.5,90.0,,,
2021143N15090,2021,YAAS,BB,2021-05-23 03:00:00,15.4,89.9,,,
2021143N15090,2021,YAAS,BB,2021-05-23 06:00:00,15.6,89.8,46.3,996.0,Depression
2021143N15090,2021,YAAS,BB,2021-05-23 09:00:00,15.6,89.7,46.3,995.0,Depression
2021143N15090,2021,YAAS,BB,2021-05-23 12:00:00,15.7,89.6,46.3,994.0,Depression
2021143N15090,2021,YAAS,BB,2021-05-23 15:00:00,15.8,89.5,51.9,993.0,Deep Depression
2021143N15090,2021,YAAS,BB,2021-05-23 18:00:00,15.8,89.5,55.6,992.0,Deep Depression
2021143N15090,2021,YAAS,BB,2021-05-23 21:00:00,16.0,89.6,61.1,991.0,Deep Depression
2021143N15090,2021,YAAS,BB,2021-05-24 00:00:00,16.1,89.8,64.8,990.0,Cyclonic Storm
2021143N15090,2021,YAAS,BB,2021-05-24 03:00:00,16.5,89.7,74.1,988.0,Cyclonic Storm
2021143N15090,2021,YAAS,BB,2021-05-24 06:00:00,16.6,89.6,74.1,988.0,Cyclonic Storm
2021143N15090,2021,YAAS,BB,2021-05-24 09:00:00,16.9,89.6,74.1,988.0,Cyclonic Storm
2021143N15090,2021,YAAS,BB,2021-05-24 12:00:00,17.2,89.4,83.3,986.0,Cyclonic Storm
2021143N15090,2021,YAAS,BB,2021-05-24 15:00:00,17.4,89.2,83.3,986.0,Cyclonic Storm
2021143N15090,2021,YAAS,BB,2021-05-24 18:00:00,17.6,89.0,92.6,984.0,Severe Cyclonic Storm
2021143N15090,2021,YAAS,BB,2021-05-24 21:00:00,17.8,88.9,101.9,982.0,Severe Cyclonic Storm
2021143N15090,2021,YAAS,BB,2021-05-25 00:00:00,18.1,88.6,101.9,980.0,Severe Cyclonic Storm
2021143N15090,2021,YAAS,BB,2021-05-25 03:00:00,18.4,88.4,101.9,980.0,Severe Cyclonic Storm
2021143N15090,2021,YAAS,BB,2021-05-25 06:00:00,18.8,88.2,111.1,978.0,Severe Cyclonic Storm
2021143N15090,2021,YAAS,BB,2021-05-25 09:00:00,19.1,88.2,111.1,978.0,Severe Cyclonic Storm
2021143N15090,2021,YAAS,BB,2021-05-25 12:00:00,19.5,88.2,120.4,976.0,Very Severe Cyclonic Storm
2021143N15090,2021,YAAS,BB,2021-05-25 15:00:00,19.9,88.0,120.4,976.0,Very Severe Cyclonic Storm
2021143N15090,2021,YAAS,BB,2021-05-25 18:00:00,20.3,87.8,129.6,974.0,Very Severe Cyclonic Storm
2021143N15090,2021,YAAS,BB,2021-05-25 21:00:00,20.4,87.7,138.9,970.0,Very Severe Cyclonic Storm
2021143N15090,2021,YAAS,BB,2021-05-26 00:00:00,20.6,87.6,138.9,970.0,Very Severe Cyclonic Storm
2021143N15090,2021,YAAS,BB,2021-05-26 03:00:00,21.1,87.2,138.9,970.0,Very Severe Cyclonic Storm
2021143N15090,2021,YAAS,BB,2021-05-26 06:00:00,21.5,86.9,138.9,970.0,Very Severe Cyclonic Storm
2021143N15090,2021,YAAS,BB,2021-05-26 09:00:00,21.7,86.6,101.9,978.0,Severe Cyclonic Storm
2021143N15090,2021,YAAS,BB,2021-05-26 12:00:00,21.9,86.5,83.3,984.0,Cyclonic Storm
2021143N15090,2021,YAAS,BB,2021-05-26 15:00:00,22.2,86.1,74.1,986.0,Cyclonic Storm
2021143N15090,2021,YAAS,BB,2021-05-26 18:00:00,22.5,85.8,55.6,988.0,Deep Depression
2021143N15090,2021,YAAS,BB,2021-05-26 21:00:00,22.8,85.7,55.6,988.0,Deep Depression
2021143N15090,2021,YAAS,BB,2021-05-27 00:00:00,23.1,85.7,55.6,988.0,Deep Depression
2021143N15090,2021,YAAS,BB,2021-05-27 03:00:00,23.3,85.7,55.6,990.0,Deep Depression
2021143N15090,2021,YAAS,BB,2021-05-27 06:00:00,23.6,85.6,46.3,991.0,Depression
2021143N15090,2021,YAAS,BB,2021-05-27 09:00:00,23.9,85.5,46.3,992.0,Depression
2021143N15090,2021,YAAS,BB,2021-05-27 12:00:00,24.3,85.3,46.3,992.0,Depression
2021143N15090,2021,YAAS,BB,2021-05-27 15:00:00,24.5,85.1,46.3,992.0,Depression
2021143N15090,2021,YAAS,BB,2021-05-27 18:00:00,24.7,84.8,46.3,992.0,Depression
2021256N20087,2021,UNNAMED,BB,2021-09-12 12:00:00,20.3,87.4,46.3,992.0,Depression
2021256N20087,2021,UNNAMED,BB,2021-09-12 15:00:00,20.4,87.2,46.3,992.0,Depression
2021256N20087,2021,UNNAMED,BB,2021-09-12 18:00:00,20.4,87.1,46.3,992.0,Depression
2021256N20087,2021,UNNAMED,BB,2021-09-12 21:00:00,20.5,87.1,51.9,991.0,Deep Depression
2021256N20087,2021,UNNAMED,BB,2021-09-13 00:00:00,20.6,87.0,55.6,990.0,Deep Depression
2021256N20087,2021,UNNAMED,BB,2021-09-13 03:00:00,20.9,86.5,55.6,990.0,Deep Depression
2021256N20087,2021,UNNAMED,BB,2021-09-13 06:00:00,21.1,86.2,55.6,990.0,Deep Depression
2021256N20087,2021,UNNAMED,BB,2021-09-13 09:00:00,21.3,85.9,55.6,990.0,Deep Depression
2021256N20087,2021,UNNAMED,BB,2021-09-13 12:00:00,21.4,85.5,55.6,990.0,Deep Depression
2021256N20087,2021,UNNAMED,BB,2021-09-13 15:00:00,21.5,85.2,55.6,990.0,Deep Depression
2021256N20087,2021,UNNAMED,BB,2021-09-13 18:00:00,21.6,84.8,55.6,990.0,Deep Depression
2021256N20087,2021,UNNAMED,BB,2021-09-13 21:00:00,21.8,84.2,55.6,990.0,Deep Depression
2021256N20087,2021,UNNAMED,BB,2021-09-14 00:00:00,22.0,83.6,55.6,990.0,Deep Depression
2021256N20087,2021,UNNAMED,BB,2021-09-14 03:00:00,22.1,83.4,46.3,990.0,Depression
2021256N20087,2021,UNNAMED,BB,2021-09-14 06:00:00,22.4,83.0,46.3,990.0,Depression
2021256N20087,2021,UNNAMED,BB,2021-09-14 09:00:00,22.6,82.7,46.3,993.0,Depression
2021256N20087,2021,UNNAMED,BB,2021-09-14 12:00:00,22.7,82.5,46.3,996.0,Depression
2021256N20087,2021,UNNAMED,BB,2021-09-14 15:00:00,22.8,82.3,46.3,996.0,Depression
2021256N20087,2021,UNNAMED,BB,2021-09-14 18:00:00,23.0,82.0,46.3,996.0,Depression
2021264N13119,2021,DIANMU,MM,2021-09-21 00:00:00,12.9,119.0,,,
2021264N13119,2021,DIANMU,MM,2021-09-21 03:00:00,12.4,118.7,,,
2021264N13119,2021,DIANMU,MM,2021-09-21 06:00:00,12.0,118.4,,,
2021264N13119,2021,DIANMU,MM,2021-09-21 09:00:00,11.8,118.0,,,
2021264N13119,2021,DIANMU,MM,2021-09-21 12:00:00,11.7,117.6,,,
2021264N13119,2021,DIANMU,MM,2021-09-21 15:00:00,11.7,117.0,,,
2021264N13119,2021,DIANMU,MM,2021-09-21 18:00:00,11.7,116.4,,,
2021264N13119,2021,DIANMU,MM,2021-09-21 21:00:00,11.8,115.9,,,
2021264N13119,2021,DIANMU,MM,2021-09-22 00:00:00,11.9,115.3,,1006.0,
2021264N13119,2021,DIANMU,MM,2021-09-22 03:00:00,12.2,114.7,,,
2021264N13119,2021,DIANMU,MM,2021-09-22 06:00:00,12.5,114.1,,1006.0,
2021264N13119,2021,DIANMU,MM,2021-09-22 09:00:00,12.6,113.7,,,
2021264N13119,2021,DIANMU,MM,2021-09-22 12:00:00,12.7,113.5,,1004.0,
2021264N13119,2021,DIANMU,MM,2021-09-22 15:00:00,12.9,113.1,,,
2021264N13119,2021,DIANMU,MM,2021-09-22 18:00:00,13.2,112.7,,1002.0,
2021264N13119,2021,DIANMU,MM,2021-09-22 21:00:00,13.5,112.1,,,
2021264N13119,2021,DIANMU,MM,2021-09-23 00:00:00,13.9,111.6,,1002.0,
2021264N13119,2021,DIANMU,MM,2021-09-23 03:00:00,14.3,111.0,,,
2021264N13119,2021,DIANMU,MM,2021-09-23 06:00:00,14.7,110.5,64.8,1000.0,Cyclonic Storm
2021264N13119,2021,DIANMU,MM,2021-09-23 09:00:00,15.1,109.9,,,
2021264N13119,2021,DIANMU,MM,2021-09-23 12:00:00,15.3,109.3,64.8,1000.0,Cyclonic Storm
2021264N13119,2021,DIANMU,MM,2021-09-23 15:00:00,15.4,108.7,,,
2021264N13119,2021,DIANMU,MM,2021-09-23 18:00:00,15.6,108.1,,1004.0,
2021264N13119,2021,DIANMU,MM,2021-09-23 21:00:00,15.7,107.2,,,
2021264N13119,2021,DIANMU,MM,2021-09-24 00:00:00,15.8,106.5,,1004.0,
2021264N13119,2021,DIANMU,MM,2021-09-24 03:00:00,16.0,105.9,,,
2021264N13119,2021,DIANMU,MM,2021-09-24 06:00:00,16.1,105.4,,1004.0,
2021264N13119,2021,DIANMU,MM,2021-09-24 09:00:00,16.2,105.0,,,
2021264N13119,2021,DIANMU,MM,2021-09-24 12:00:00,16.3,104.7,,1004.0,
2021264N13119,2021,DIANMU,MM,2021-09-24 15:00:00,16.1,104.1,,,
2021264N13119,2021,DIANMU,MM,2021-09-24 18:00:00,16.0,103.5,,1004.0,
2021264N13119,2021,DIANMU,MM,2021-09-24 21:00:00,16.0,103.0,,,
2021264N13119,2021,DIANMU,MM,2021-09-25 00:00:00,16.0,102.6,,1004.0,
2021264N13119,2021,DIANMU,MM,2021-09-25 03:00:00,16.0,102.1,,,
2021264N13119,2021,DIANMU,MM,2021-09-25 06:00:00,16.0,101.6,,1004.0,
2021264N13119,2021,DIANMU,MM,2021-09-25 09:00:00,16.0,101.2,,,
2021264N13119,2021,DIANMU,MM,2021-09-25 12:00:00,16.1,101.0,,1002.0,
2021264N13119,2021,DIANMU,MM,2021-09-25 15:00:00,16.1,100.7,,,
2021264N13119,2021,DIANMU,MM,2021-09-25 18:00:00,16.1,100.4,,1004.0,
2021264N13119,2021,DIANMU,BB,2021-09-25 21:00:00,16.1,99.9,,,
2021264N13119,2021,DIANMU,BB,2021-09-26 00:00:00,16.1,99.5,,,
2021267N18094,2021,GULAB:SHAHEEN-GU,BB,2021-09-23 18:00:00,18.4,94.1,,,
2021267N18094,2021,GULAB:SHAHEEN-GU,BB,2021-09-23 21:00:00,18.2,93.7,,,
2021267N18094,2021,GULAB:SHAHEEN-GU,BB,2021-09-24 00:00:00,18.1,93.3,,,
2021267N18094,2021,GULAB:SHAHEEN-GU,BB,2021-09-24 03:00:00,18.2,92.9,,,
2021267N18094,2021,GULAB:SHAHEEN-GU,BB,2021-09-24 06:00:00,18.3,92.4,,,
2021267N18094,2021,GULAB:SHAHEEN-GU,BB,2021-09-24 09:00:00,18.3,91.9,,,
2021267N18094,2021,GULAB:SHAHEEN-GU,BB,2021-09-24 12:00:00,18.3,91.4,46.3,1000.0,Depression
2021267N18094,2021,GULAB:SHAHEEN-GU,BB,2021-09-24 15:00:00,18.3,90.9,46.3,1000.0,Depression
2021267N18094,2021,GULAB:SHAHEEN-GU,BB,2021-09-24 18:00:00,18.3,90.5,46.3,1000.0,Depression
2021267N18094,2021,GULAB:SHAHEEN-GU,BB,2021-09-24 21:00:00,18.3,90.1,51.9,1000.0,Deep Depression
2021267N18094,2021,GULAB:SHAHEEN-GU,BB,2021-09-25 00:00:00,18.3,89.8,55.6,999.0,Deep Depression
2021267N18094,2021,GULAB:SHAHEEN-GU,BB,2021-09-25 03:00:00,18.3,89.4,55.6,998.0,Deep Depression
2021267N18094,2021,GULAB:SHAHEEN-GU,BB,2021-09-25 06:00:00,18.3,88.9,55.6,998.0,Deep Depression
2021267N18094,2021,GULAB:SHAHEEN-GU,BB,2021-09-25 09:00:00,18.3,88.6,61.1,998.0,Deep Depression
2021267N18094,2021,GULAB:SHAHEEN-GU,BB,2021-09-25 12:00:00,18.3,88.5,64.8,997.0,Cyclonic Storm
2021267N18094,2021,GULAB:SHAHEEN-GU,BB,2021-09-25 15:00:00,18.2,88.4,64.8,997.0,Cyclonic Storm
2021267N18094,2021,GULAB:SHAHEEN-GU,BB,2021-09-25 18:00:00,18.3,88.2,64.8,996.0,Cyclonic Storm
2021267N18094,2021,GULAB:SHAHEEN-GU,BB,2021-09-25 21:00:00,18.3,87.7,64.8,996.0,Cyclonic Storm
2021267N18094,2021,GULAB:SHAHEEN-GU,BB,2021-09-26 00:00:00,18.3,87.3,74.1,994.0,Cyclonic Storm
2021267N18094,2021,GULAB:SHAHEEN-GU,BB,2021-09-26 03:00:00,18.4,86.5,74.1,994.0,Cyclonic Storm
2021267N18094,2021,GULAB:SHAHEEN-GU,BB,2021-09-26 06:00:00,18.5,86.0,83.3,992.0,Cyclonic Storm
2021267N18094,2021,GULAB:SHAHEEN-GU,BB,2021-09-26 09:00:00,18.4,85.3,83.3,992.0,Cyclonic Storm
2021267N18094,2021,GULAB:SHAHEEN-GU,BB,2021-09-26 12:00:00,18.4,84.6,83.3,992.0,Cyclonic Storm
2021267N18094,2021,GULAB:SHAHEEN-GU,BB,2021-09-26 15:00:00,18.3,83.9,83.3,992.0,Cyclonic Storm
2021267N18094,2021,GULAB:SHAHEEN-GU,BB,2021-09-26 18:00:00,18.3,83.4,64.8,994.0,Cyclonic Storm
2021267N18094,2021,GULAB:SHAHEEN-GU,BB,2021-09-26 21:00:00,18.2,82.9,55.6,996.0,Deep Depression
2021267N18094,2021,GULAB:SHAHEEN-GU,BB,2021-09-27 00:00:00,18.2,82.6,55.6,996.0,Deep Depression
2021267N18094,2021,GULAB:SHAHEEN-GU,BB,2021-09-27 03:00:00,18.2,82.2,55.6,996.0,Deep Depression
2021267N18094,2021,GULAB:SHAHEEN-GU,BB,2021-09-27 06:00:00,18.5,81.7,55.6,996.0,Deep Depression
2021267N18094,2021,GULAB:SHAHEEN-GU,BB,2021-09-27 09:00:00,18.6,80.8,51.9,997.0,Deep Depression
2021267N18094,2021,GULAB:SHAHEEN-GU,BB,2021-09-27 12:00:00,18.8,80.0,46.3,998.0,Depression
2021267N18094,2021,GULAB:SHAHEEN-GU,BB,2021-09-27 15:00:00,18.9,79.5,46.3,998.0,Depression
2021267N18094,2021,GULAB:SHAHEEN-GU,BB,2021-09-27 18:00:00,19.1,79.2,46.3,998.0,Depression
2021267N18094,2021,GULAB:SHAHEEN-GU,BB,2021-09-27 21:00:00,19.2,78.8,46.3,998.0,Depression
2021267N18094,2021,GULAB:SHAHEEN-GU,BB,2021-09-28 00:00:00,19.5,78.3,46.3,998.0,Depression
2021267N18094,2021,GULAB:SHAHEEN-GU,AS,2021-09-28 03:00:00,19.8,77.8,37.0,999.0,Depression
2021267N18094,2021,GULAB:SHAHEEN-GU,AS,2021-09-28 06:00:00,20.1,77.5,,,
2021267N18094,2021,GULAB:SHAHEEN-GU,AS,2021-09-28 09:00:00,20.3,77.0,,,
2021267N18094,2021,GULAB:SHAHEEN-GU,AS,2021-09-28 12:00:00,20.5,76.5,,,
2021267N18094,2021,GULAB:SHAHEEN-GU,AS,2021-09-28 15:00:00,20.7,75.9,,,
2021267N18094,2021,GULAB:SHAHEEN-GU,AS,2021-09-28 18:00:00,20.9,75.3,,,
2021267N18094,2021,GULAB:SHAHEEN-GU,AS,2021-09-28 21:00:00,21.2,74.7,,,
2021267N18094,2021,GULAB:SHAHEEN-GU,AS,2021-09-29 00:00:00,21.5,74.1,,,
2021267N18094,2021,GULAB:SHAHEEN-GU,AS,2021-09-29 03:00:00,21.9,73.3,,,
2021267N18094,2021,GULAB:SHAHEEN-GU,AS,2021-09-29 06:00:00,22.2,72.6,,,
2021267N18094,2021,GULAB:SHAHEEN-GU,AS,2021-09-29 09:00:00,22.4,72.0,,,
2021267N18094,2021,GULAB:SHAHEEN-GU,AS,2021-09-29 12:00:00,22.6,71.5,,,
2021267N18094,2021,GULAB:SHAHEEN-GU,AS,2021-09-29 15:00:00,22.7,70.8,,,
2021267N18094,2021,GULAB:SHAHEEN-GU,AS,2021-09-29 18:00:00,22.7,70.1,,,
2021267N18094,2021,GULAB:SHAHEEN-GU,AS,2021-09-29 21:00:00,22.7,69.6,,,
2021267N18094,2021,GULAB:SHAHEEN-GU,AS,2021-09-30 00:00:00,22.6,69.3,46.3,998.0,Depression
2021267N18094,2021,GULAB:SHAHEEN-GU,AS,2021-09-30 03:00:00,22.6,68.7,46.3,998.0,Depression
2021267N18094,2021,GULAB:SHAHEEN-GU,AS,2021-09-30 06:00:00,22.6,68.3,46.3,998.0,Depression
2021267N18094,2021,GULAB:SHAHEEN-GU,AS,2021-09-30 09:00:00,22.8,67.7,46.3,,Depression
2021267N18094,2021,GULAB:SHAHEEN-GU,AS,2021-09-30 12:00:00,22.9,67.2,46.3,998.0,Depression
2021267N18094,2021,GULAB:SHAHEEN-GU,AS,2021-09-30 15:00:00,22.9,66.8,51.9,,Deep Depression
2021267N18094,2021,GULAB:SHAHEEN-GU,AS,2021-09-30 18:00:00,23.0,66.4,55.6,996.0,Deep Depression
2021267N18094,2021,GULAB:SHAHEEN-GU,AS,2021-09-30 21:00:00,23.0,65.9,61.1,,Deep Depression
2021267N18094,2021,GULAB:SHAHEEN-GU,AS,2021-10-01 00:00:00,23.1,65.4,64.8,995.0,Cyclonic Storm
2021267N18094,2021,GULAB:SHAHEEN-GU,AS,2021-10-01 03:00:00,23.1,64.9,74.1,994.0,Cyclonic Storm
2021267N18094,2021,GULAB:SHAHEEN-GU,AS,2021-10-01 06:00:00,23.2,64.6,83.3,992.0,Cyclonic Storm
2021267N18094,2021,GULAB:SHAHEEN-GU,AS,2021-10-01 09:00:00,23.3,64.2,83.3,991.0,Cyclonic Storm
2021267N18094,2021,GULAB:SHAHEEN-GU,AS,2021-10-01 12:00:00,23.5,63.9,101.9,987.0,Severe Cyclonic Storm
2021267N18094,2021,GULAB:SHAHEEN-GU,AS,2021-10-01 15:00:00,23.6,63.5,101.9,986.0,Severe Cyclonic Storm
2021267N18094,2021,GULAB:SHAHEEN-GU,AS,2021-10-01 18:00:00,23.7,63.2,111.1,984.0,Severe Cyclonic Storm
2021267N18094,2021,GULAB:SHAHEEN-GU,AS,2021-10-01 21:00:00,23.8,62.8,111.1,984.0,Severe Cyclonic Storm
2021267N18094,2021,GULAB:SHAHEEN-GU,AS,2021-10-02 00:00:00,23.8,62.5,111.1,984.0,Severe Cyclonic Storm
2021267N18094,2021,GULAB:SHAHEEN-GU,AS,2021-10-02 03:00:00,24.0,62.1,111.1,984.0,Severe Cyclonic Storm
2021267N18094,2021,GULAB:SHAHEEN-GU,AS,2021-10-02 06:00:00,24.1,61.7,111.1,984.0,Severe Cyclonic Storm
2021267N18094,2021,GULAB:SHAHEEN-GU,AS,2021-10-02 09:00:00,24.2,61.3,111.1,984.0,Severe Cyclonic Storm
2021267N18094,2021,GULAB:SHAHEEN-GU,AS,2021-10-02 12:00:00,24.4,60.9,111.1,984.0,Severe Cyclonic Storm
2021267N18094,2021,GULAB:SHAHEEN-GU,AS,2021-10-02 15:00:00,24.4,60.5,111.1,984.0,Severe Cyclonic Storm
2021267N18094,2021,GULAB:SHAHEEN-GU,AS,2021-10-02 18:00:00,24.3,60.1,111.1,984.0,Severe Cyclonic Storm
2021267N18094,2021,GULAB:SHAHEEN-GU,AS,2021-10-02 21:00:00,24.3,59.7,111.1,984.0,Severe Cyclonic Storm
2021267N18094,2021,GULAB:SHAHEEN-GU,AS,2021-10-03 00:00:00,24.2,59.5,111.1,984.0,Severe Cyclonic Storm
2021267N18094,2021,GULAB:SHAHEEN-GU,AS,2021-10-03 03:00:00,24.1,59.1,111.1,984.0,Severe Cyclonic Storm
2021267N18094,2021,GULAB:SHAHEEN-GU,AS,2021-10-03 06:00:00,24.1,58.8,111.1,984.0,Severe Cyclonic Storm
2021267N18094,2021,GULAB:SHAHEEN-GU,AS,2021-10-03 09:00:00,24.1,58.4,111.1,984.0,Severe Cyclonic Storm
2021267N18094,2021,GULAB:SHAHEEN-GU,AS,2021-10-03 12:00:00,24.0,58.1,111.1,984.0,Severe Cyclonic Storm
2021267N18094,2021,GULAB:SHAHEEN-GU,AS,2021-10-03 15:00:00,24.0,57.8,111.1,984.0,Severe Cyclonic Storm
2021267N18094,2021,GULAB:SHAHEEN-GU,AS,2021-10-03 18:00:00,23.9,57.6,101.9,986.0,Severe Cyclonic Storm
2021267N18094,2021,GULAB:SHAHEEN-GU,AS,2021-10-03 21:00:00,23.8,57.3,101.9,988.0,Severe Cyclonic Storm
2021267N18094,2021,GULAB:SHAHEEN-GU,AS,2021-10-04 00:00:00,23.7,56.9,74.1,994.0,Cyclonic Storm
2021267N18094,2021,GULAB:SHAHEEN-GU,AS,2021-10-04 03:00:00,23.5,56.5,55.6,998.0,Deep Depression
2021267N18094,2021,GULAB:SHAHEEN-GU,AS,2021-10-04 06:00:00,23.4,56.1,37.0,1000.0,Depression
2021280N14068,2021,UNNAMED,AS,2021-10-07 03:00:00,14.0,67.5,46.3,1002.0,Depression
2021280N14068,2021,UNNAMED,AS,2021-10-07 06:00:00,14.2,67.2,46.3,1002.0,Depression
2021280N14068,2021,UNNAMED,AS,2021-10-07 09:00:00,14.3,67.1,46.3,1002.0,Depression
2021280N14068,2021,UNNAMED,AS,2021-10-07 12:00:00,14.3,67.0,46.3,1002.0,Depression
2021280N14068,2021,UNNAMED,AS,2021-10-07 15:00:00,14.4,66.9,46.3,1002.0,Depression
2021280N14068,2021,UNNAMED,AS,2021-10-07 18:00:00,14.5,66.8,46.3,1002.0,Depression
2021280N14068,2021,UNNAMED,AS,2021-10-07 21:00:00,14.5,66.7,46.3,1002.0,Depression
2021280N14068,2021,UNNAMED,AS,2021-10-08 00:00:00,14.6,66.6,46.3,1002.0,Depression
2021280N14068,2021,UNNAMED,AS,2021-10-08 03:00:00,14.7,66.4,46.3,1002.0,Depression
2021280N14068,2021,UNNAMED,AS,2021-10-08 06:00:00,14.7,66.2,46.3,1002.0,Depression
2021280N14068,2021,UNNAMED,AS,2021-10-08 09:00:00,14.7,66.0,46.3,1003.0,Depression
2021280N14068,2021,UNNAMED,AS,2021-10-08 12:00:00,14.6,65.9,46.3,1003.0,Depression
2021280N14068,2021,UNNAMED,AS,2021-10-08 15:00:00,14.5,65.8,46.3,1003.0,Depression
2021280N14068,2021,UNNAMED,AS,2021-10-08 18:00:00,14.5,65.8,46.3,1003.0,Depression
2021312N07090,2021,UNNAMED,BB,2021-11-08 06:00:00,7.4,90.1,,,
2021312N07090,2021,UNNAMED,BB,2021-11-08 09:00:00,7.7,89.8,,,
2021312N07090,2021,UNNAMED,BB,2021-11-08 12:00:00,8.0,89.4,,,
2021312N07090,2021,UNNAMED,BB,2021-11-08 15:00:00,8.1,89.0,,,
2021312N07090,2021,UNNAMED,BB,2021-11-08 18:00:00,8.2,88.6,,,
2021312N07090,2021,UNNAMED,BB,2021-11-08 21:00:00,8.4,88.2,,,
2021312N07090,2021,UNNAMED,BB,2021-11-09 00:00:00,8.5,87.9,,,
2021312N07090,2021,UNNAMED,BB,2021-11-09 03:00:00,8.6,87.8,,,
2021312N07090,2021,UNNAMED,BB,2021-11-09 06:00:00,8.7,87.8,,,
2021312N07090,2021,UNNAMED,BB,2021-11-09 09:00:00,8.8,87.7,,,
2021312N07090,2021,UNNAMED,BB,2021-11-09 12:00:00,9.0,87.5,,,
2021312N07090,2021,UNNAMED,BB,2021-11-09 15:00:00,9.3,87.3,,,
2021312N07090,2021,UNNAMED,BB,2021-11-09 18:00:00,9.6,86.9,,,
2021312N07090,2021,UNNAMED,BB,2021-11-09 21:00:00,9.8,86.5,,,
2021312N07090,2021,UNNAMED,BB,2021-11-10 00:00:00,9.9,85.9,,,
2021312N07090,2021,UNNAMED,BB,2021-11-10 03:00:00,10.1,85.1,,,
2021312N07090,2021,UNNAMED,BB,2021-11-10 06:00:00,10.3,84.2,,,
2021312N07090,2021,UNNAMED,BB,2021-11-10 09:00:00,10.5,83.5,,,
2021312N07090,2021,UNNAMED,BB,2021-11-10 12:00:00,10.8,83.1,46.3,1000.0,Depression
2021312N07090,2021,UNNAMED,BB,2021-11-10 15:00:00,11.4,82.6,46.3,1000.0,Depression
2021312N07090,2021,UNNAMED,BB,2021-11-10 18:00:00,11.9,82.1,46.3,1000.0,Depression
2021312N07090,2021,UNNAMED,BB,2021-11-10 21:00:00,12.1,81.8,46.3,1000.0,Depression
2021312N07090,2021,UNNAMED,BB,2021-11-11 00:00:00,12.3,81.6,46.3,1000.0,Depression
2021312N07090,2021,UNNAMED,BB,2021-11-11 03:00:00,12.5,81.2,46.3,1000.0,Depression
2021312N07090,2021,UNNAMED,BB,2021-11-11 06:00:00,12.8,80.8,46.3,1000.0,Depression
2021312N07090,2021,UNNAMED,BB,2021-11-11 09:00:00,12.9,80.4,46.3,1000.0,Depression
2021312N07090,2021,UNNAMED,BB,2021-11-11 12:00:00,13.0,80.1,46.3,1000.0,Depression
2021312N07090,2021,UNNAMED,BB,2021-11-11 15:00:00,12.9,79.4,42.6,1000.0,Depression
2021312N07090,2021,UNNAMED,BB,2021-11-11 18:00:00,12.9,78.5,37.0,1000.0,Depression
2021322N11082,2021,UNNAMED,BB,2021-11-18 03:00:00,11.0,82.3,46.3,1000.0,Depression
2021322N11082,2021,UNNAMED,BB,2021-11-18 06:00:00,11.2,81.7,46.3,1000.0,Depression
2021322N11082,2021,UNNAMED,BB,2021-11-18 09:00:00,11.5,81.2,46.3,1000.0,Depression
2021322N11082,2021,UNNAMED,BB,2021-11-18 12:00:00,11.8,80.9,46.3,1000.0,Depression
2021322N11082,2021,UNNAMED,BB,2021-11-18 15:00:00,12.0,80.7,46.3,1000.0,Depression
2021322N11082,2021,UNNAMED,BB,2021-11-18 18:00:00,12.2,80.5,46.3,1000.0,Depression
2021322N11082,2021,UNNAMED,BB,2021-11-18 21:00:00,12.3,80.3,46.3,1000.0,Depression
2021322N11082,2021,UNNAMED,BB,2021-11-19 00:00:00,12.5,80.0,46.3,1000.0,Depression
2021322N11082,2021,UNNAMED,BB,2021-11-19 03:00:00,12.7,79.7,37.0,1002.0,Depression
2021335N08096,2021,JAWAD,BB,2021-11-30 18:00:00,8.4,96.3,,,
2021335N08096,2021,JAWAD,BB,2021-11-30 21:00:00,8.0,96.1,,,
2021335N08096,2021,JAWAD,BB,2021-12-01 00:00:00,7.8,95.7,,,
2021335N08096,2021,JAWAD,BB,2021-12-01 03:00:00,7.8,94.9,,,
2021335N08096,2021,JAWAD,BB,2021-12-01 06:00:00,8.0,94.0,,,
2021335N08096,2021,JAWAD,BB,2021-12-01 09:00:00,8.1,93.4,,,
2021335N08096,2021,JAWAD,BB,2021-12-01 12:00:00,8.2,92.9,,,
2021335N08096,2021,JAWAD,BB,2021-12-01 15:00:00,8.5,92.3,,,
2021335N08096,2021,JAWAD,BB,2021-12-01 18:00:00,8.9,91.8,,,
2021335N08096,2021,JAWAD,BB,2021-12-01 21:00:00,9.2,91.3,,,
2021335N08096,2021,JAWAD,BB,2021-12-02 00:00:00,9.6,90.8,,,
2021335N08096,2021,JAWAD,BB,2021-12-02 03:00:00,10.0,90.1,,,
2021335N08096,2021,JAWAD,BB,2021-12-02 06:00:00,10.5,89.3,,,
2021335N08096,2021,JAWAD,BB,2021-12-02 09:00:00,11.0,88.7,,,
2021335N08096,2021,JAWAD,BB,2021-12-02 12:00:00,11.4,88.4,46.3,1004.0,Depression
2021335N08096,2021,JAWAD,BB,2021-12-02 15:00:00,11.8,87.9,46.3,1004.0,Depression
2021335N08096,2021,JAWAD,BB,2021-12-02 18:00:00,12.2,87.3,46.3,1004.0,Depression
2021335N08096,2021,JAWAD,BB,2021-12-02 21:00:00,12.9,86.7,51.9,1003.0,Deep Depression
2021335N08096,2021,JAWAD,BB,2021-12-03 00:00:00,13.6,86.2,55.6,1002.0,Deep Depression
2021335N08096,2021,JAWAD,BB,2021-12-03 03:00:00,14.0,85.9,55.6,1002.0,Deep Depression
2021335N08096,2021,JAWAD,BB,2021-12-03 06:00:00,14.4,85.6,64.8,1001.0,Cyclonic Storm
2021335N08096,2021,JAWAD,BB,2021-12-03 09:00:00,14.7,85.3,64.8,1001.0,Cyclonic Storm
2021335N08096,2021,JAWAD,BB,2021-12-03 12:00:00,15.0,85.1,74.1,1000.0,Cyclonic Storm
2021335N08096,2021,JAWAD,BB,2021-12-03 15:00:00,15.2,85.0,74.1,1000.0,Cyclonic Storm
2021335N08096,2021,JAWAD,BB,2021-12-03 18:00:00,15.5,84.9,74.1,1000.0,Cyclonic Storm
2021335N08096,2021,JAWAD,BB,2021-12-03 21:00:00,15.7,84.9,74.1,1000.0,Cyclonic Storm
2021335N08096,2021,JAWAD,BB,2021-12-04 00:00:00,16.0,84.8,74.1,1000.0,Cyclonic Storm
2021335N08096,2021,JAWAD,BB,2021-12-04 03:00:00,16.2,84.8,74.1,1000.0,Cyclonic Storm
2021335N08096,2021,JAWAD,BB,2021-12-04 06:00:00,16.3,84.9,64.8,1001.0,Cyclonic Storm
2021335N08096,2021,JAWAD,BB,2021-12-04 09:00:00,16.5,84.9,64.8,1001.0,Cyclonic Storm
2021335N08096,2021,JAWAD,BB,2021-12-04 12:00:00,16.8,85.1,55.6,1002.0,Deep Depression
2021335N08096,2021,JAWAD,BB,2021-12-04 15:00:00,17.1,85.1,55.6,1002.0,Deep Depression
2021335N08096,2021,JAWAD,BB,2021-12-04 18:00:00,17.3,85.3,55.6,1002.0,Deep Depression
2021335N08096,2021,JAWAD,BB,2021-12-04 21:00:00,17.4,85.4,55.6,1002.0,Deep Depression
2021335N08096,2021,JAWAD,BB,2021-12-05 00:00:00,17.7,85.7,55.6,1002.0,Deep Depression
2021335N08096,2021,JAWAD,BB,2021-12-05 03:00:00,18.3,85.8,55.6,1003.0,Deep Depression
2021335N08096,2021,JAWAD,BB,2021-12-05 06:00:00,18.7,86.1,55.6,1003.0,Deep Depression
2021335N08096,2021,JAWAD,BB,2021-12-05 09:00:00,19.0,86.3,46.3,1004.0,Depression
2021335N08096,2021,JAWAD,BB,2021-12-05 12:00:00,19.5,86.7,46.3,1004.0,Depression
2021335N08096,2021,JAWAD,BB,2021-12-05 15:00:00,20.0,87.0,46.3,1004.0,Depression
2021335N08096,2021,JAWAD,BB,2021-12-05 18:00:00,20.7,87.2,46.3,1004.0,Depression
2021335N08096,2021,JAWAD,BB,2021-12-05 21:00:00,21.2,87.4,,,
2021335N08096,2021,JAWAD,BB,2021-12-06 00:00:00,21.5,87.7,,,
2021335N08096,2021,JAWAD,BB,2021-12-06 03:00:00,21.9,88.1,,,
2021335N08096,2021,JAWAD,BB,2021-12-06 06:00:00,22.3,88.5,,,
2022062N06085,2022,UNNAMED,BB,2022-03-03 00:00:00,6.5,84.9,46.3,1004.0,Depression
2022062N06085,2022,UNNAMED,BB,2022-03-03 03:00:00,6.5,84.4,46.3,1004.0,Depression
2022062N06085,2022,UNNAMED,BB,2022-03-03 06:00:00,6.8,84.0,46.3,1004.0,Depression
2022062N06085,2022,UNNAMED,BB,2022-03-03 09:00:00,7.2,83.8,46.3,1004.0,Depression
2022062N06085,2022,UNNAMED,BB,2022-03-03 12:00:00,7.7,83.7,46.3,1004.0,Depression
2022062N06085,2022,UNNAMED,BB,2022-03-03 15:00:00,8.0,83.5,46.3,1004.0,Depression
2022062N06085,2022,UNNAMED,BB,2022-03-03 18:00:00,8.2,83.4,46.3,1004.0,Depression
2022062N06085,2022,UNNAMED,BB,2022-03-03 21:00:00,8.4,83.2,46.3,1004.0,Depression
2022062N06085,2022,UNNAMED,BB,2022-03-04 00:00:00,8.7,83.2,46.3,1004.0,Depression
2022062N06085,2022,UNNAMED,BB,2022-03-04 03:00:00,9.1,83.1,46.3,1004.0,Depression
2022062N06085,2022,UNNAMED,BB,2022-03-04 06:00:00,9.5,83.1,46.3,1003.0,Depression
2022062N06085,2022,UNNAMED,BB,2022-03-04 09:00:00,9.9,83.1,51.9,1003.0,Deep Depression
2022062N06085,2022,UNNAMED,BB,2022-03-04 12:00:00,10.3,83.2,55.6,1002.0,Deep Depression
2022062N06085,2022,UNNAMED,BB,2022-03-04 15:00:00,10.6,83.3,55.6,1002.0,Deep Depression
2022062N06085,2022,UNNAMED,BB,2022-03-04 18:00:00,10.9,83.4,55.6,1002.0,Deep Depression
2022062N06085,2022,UNNAMED,BB,2022-03-04 21:00:00,11.1,83.3,55.6,1002.0,Deep Depression
2022062N06085,2022,UNNAMED,BB,2022-03-05 00:00:00,11.3,83.3,55.6,1002.0,Deep Depression
2022062N06085,2022,UNNAMED,BB,2022-03-05 03:00:00,11.5,83.2,55.6,1002.0,Deep Depression
2022062N06085,2022,UNNAMED,BB,2022-03-05 06:00:00,11.6,83.1,55.6,1002.0,Deep Depression
2022062N06085,2022,UNNAMED,BB,2022-03-05 09:00:00,11.6,83.1,55.6,1002.0,Deep Depression
2022062N06085,2022,UNNAMED,BB,2022-03-05 12:00:00,11.5,83.0,55.6,1002.0,Deep Depression
2022062N06085,2022,UNNAMED,BB,2022-03-05 15:00:00,11.4,82.8,51.9,1003.0,Deep Depression
2022062N06085,2022,UNNAMED,BB,2022-03-05 18:00:00,11.3,82.7,46.3,1003.0,Depression
2022062N06085,2022,UNNAMED,BB,2022-03-05 21:00:00,11.1,82.6,46.3,1004.0,Depression
2022062N06085,2022,UNNAMED,BB,2022-03-06 00:00:00,11.0,82.4,46.3,1004.0,Depression
2022062N06085,2022,UNNAMED,BB,2022-03-06 03:00:00,10.9,82.1,,,
2022062N06085,2022,UNNAMED,BB,2022-03-06 06:00:00,10.9,81.8,,,
2022062N06085,2022,UNNAMED,BB,2022-03-06 09:00:00,10.9,81.4,,,
2022062N06085,2022,UNNAMED,BB,2022-03-06 12:00:00,10.8,81.0,,,
2022062N06085,2022,UNNAMED,BB,2022-03-06 15:00:00,10.8,80.6,,,
2022062N06085,2022,UNNAMED,BB,2022-03-06 18:00:00,10.7,80.3,,,
2022079N10093,2022,UNNAMED,BB,2022-03-20 00:00:00,9.8,92.5,46.3,1002.0,Depression
2022079N10093,2022,UNNAMED,BB,2022-03-20 03:00:00,10.1,92.6,46.3,1002.0,Depression
2022079N10093,2022,UNNAMED,BB,2022-03-20 06:00:00,10.4,92.9,46.3,1002.0,Depression
2022079N10093,2022,UNNAMED,BB,2022-03-20 09:00:00,10.7,93.1,46.3,1002.0,Depression
2022079N10093,2022,UNNAMED,BB,2022-03-20 12:00:00,10.9,93.2,46.3,1002.0,Depression
2022079N10093,2022,UNNAMED,BB,2022-03-20 15:00:00,11.1,93.3,46.3,1002.0,Depression
2022079N10093,2022,UNNAMED,BB,2022-03-20 18:00:00,11.3,93.4,46.3,1001.0,Depression
2022079N10093,2022,UNNAMED,BB,2022-03-20 21:00:00,11.6,93.6,51.9,1001.0,Deep Depression
2022079N10093,2022,UNNAMED,BB,2022-03-21 00:00:00,11.9,93.7,55.6,1000.0,Deep Depression
2022079N10093,2022,UNNAMED,BB,2022-03-21 03:00:00,12.3,93.8,55.6,1000.0,Deep Depression
2022079N10093,2022,UNNAMED,BB,2022-03-21 06:00:00,12.6,93.9,55.6,1000.0,Deep Depression
2022079N10093,2022,UNNAMED,BB,2022-03-21 09:00:00,12.9,94.0,55.6,1000.0,Deep Depression
2022079N10093,2022,UNNAMED,BB,2022-03-21 12:00:00,13.3,94.0,55.6,1000.0,Deep Depression
2022079N10093,2022,UNNAMED,BB,2022-03-21 15:00:00,13.6,94.0,55.6,1000.0,Deep Depression
2022079N10093,2022,UNNAMED,BB,2022-03-21 18:00:00,14.0,94.0,55.6,1000.0,Deep Depression
2022079N10093,2022,UNNAMED,BB,2022-03-21 21:00:00,14.5,94.1,55.6,1000.0,Deep Depression
2022079N10093,2022,UNNAMED,BB,2022-03-22 00:00:00,14.9,94.2,55.6,1000.0,Deep Depression
2022079N10093,2022,UNNAMED,BB,2022-03-22 03:00:00,15.2,94.2,55.6,1000.0,Deep Depression
2022079N10093,2022,UNNAMED,BB,2022-03-22 06:00:00,15.8,94.2,55.6,1000.0,Deep Depression
2022079N10093,2022,UNNAMED,BB,2022-03-22 09:00:00,16.3,94.3,55.6,1000.0,Deep Depression
2022079N10093,2022,UNNAMED,BB,2022-03-22 12:00:00,16.6,94.4,46.3,1001.0,Depression
2022079N10093,2022,UNNAMED,BB,2022-03-22 15:00:00,17.0,94.5,46.3,1002.0,Depression
2022079N10093,2022,UNNAMED,BB,2022-03-22 18:00:00,17.6,94.5,46.3,1002.0,Depression
2022079N10093,2022,UNNAMED,BB,2022-03-22 21:00:00,18.3,94.5,42.6,1003.0,Depression
2022079N10093,2022,UNNAMED,BB,2022-03-23 00:00:00,19.0,94.6,37.0,1003.0,Depression
2022126N07095,2022,ASANI,BB,2022-05-05 12:00:00,7.1,94.5,,,
2022126N07095,2022,ASANI,BB,2022-05-05 15:00:00,7.2,94.2,,,
2022126N07095,2022,ASANI,BB,2022-05-05 18:00:00,7.4,94.0,,,
2022126N07095,2022,ASANI,BB,2022-05-05 21:00:00,7.6,93.8,,,
2022126N07095,2022,ASANI,BB,2022-05-06 00:00:00,7.7,93.6,,,
2022126N07095,2022,ASANI,BB,2022-05-06 03:00:00,7.8,93.4,,,
2022126N07095,2022,ASANI,BB,2022-05-06 06:00:00,7.9,93.3,,,
2022126N07095,2022,ASANI,BB,2022-05-06 09:00:00,8.0,93.1,,,
2022126N07095,2022,ASANI,BB,2022-05-06 12:00:00,8.2,92.9,,,
2022126N07095,2022,ASANI,BB,2022-05-06 15:00:00,8.3,92.7,,,
2022126N07095,2022,ASANI,BB,2022-05-06 18:00:00,8.5,92.4,,,
2022126N07095,2022,ASANI,BB,2022-05-06 21:00:00,8.9,91.9,,,
2022126N07095,2022,ASANI,BB,2022-05-07 00:00:00,9.2,91.5,,,
2022126N07095,2022,ASANI,BB,2022-05-07 03:00:00,9.3,91.3,,,
2022126N07095,2022,ASANI,BB,2022-05-07 06:00:00,9.4,91.2,46.3,996.0,Depression
2022126N07095,2022,ASANI,BB,2022-05-07 09:00:00,9.7,90.8,51.9,996.0,Deep Depression
2022126N07095,2022,ASANI,BB,2022-05-07 12:00:00,10.1,90.5,55.6,995.0,Deep Depression
2022126N07095,2022,ASANI,BB,2022-05-07 15:00:00,10.4,90.2,55.6,995.0,Deep Depression
2022126N07095,2022,ASANI,BB,2022-05-07 18:00:00,10.7,90.0,55.6,994.0,Deep Depression
2022126N07095,2022,ASANI,BB,2022-05-07 21:00:00,10.9,89.6,61.1,993.0,Deep Depression
2022126N07095,2022,ASANI,BB,2022-05-08 00:00:00,11.2,89.3,64.8,992.0,Cyclonic Storm
2022126N07095,2022,ASANI,BB,2022-05-08 03:00:00,11.5,88.9,74.1,990.0,Cyclonic Storm
2022126N07095,2022,ASANI,BB,2022-05-08 06:00:00,11.9,88.6,83.3,988.0,Cyclonic Storm
2022126N07095,2022,ASANI,BB,2022-05-08 09:00:00,12.1,88.2,83.3,988.0,Cyclonic Storm
2022126N07095,2022,ASANI,BB,2022-05-08 12:00:00,12.5,88.0,92.6,986.0,Severe Cyclonic Storm
2022126N07095,2022,ASANI,BB,2022-05-08 15:00:00,12.8,87.6,92.6,986.0,Severe Cyclonic Storm
2022126N07095,2022,ASANI,BB,2022-05-08 18:00:00,13.1,87.4,101.9,984.0,Severe Cyclonic Storm
2022126N07095,2022,ASANI,BB,2022-05-08 21:00:00,13.5,86.9,101.9,984.0,Severe Cyclonic Storm
2022126N07095,2022,ASANI,BB,2022-05-09 00:00:00,13.8,86.5,101.9,983.0,Severe Cyclonic Storm
2022126N07095,2022,ASANI,BB,2022-05-09 03:00:00,14.0,86.2,101.9,982.0,Severe Cyclonic Storm
2022126N07095,2022,ASANI,BB,2022-05-09 06:00:00,14.3,85.9,101.9,982.0,Severe Cyclonic Storm
2022126N07095,2022,ASANI,BB,2022-05-09 09:00:00,14.4,85.6,101.9,982.0,Severe Cyclonic Storm
2022126N07095,2022,ASANI,BB,2022-05-09 12:00:00,14.6,85.3,101.9,982.0,Severe Cyclonic Storm
2022126N07095,2022,ASANI,BB,2022-05-09 15:00:00,14.7,85.0,101.9,982.0,Severe Cyclonic Storm
2022126N07095,2022,ASANI,BB,2022-05-09 18:00:00,14.8,84.7,101.9,982.0,Severe Cyclonic Storm
2022126N07095,2022,ASANI,BB,2022-05-09 21:00:00,14.9,84.4,101.9,982.0,Severe Cyclonic Storm
2022126N07095,2022,ASANI,BB,2022-05-10 00:00:00,15.0,84.1,101.9,982.0,Severe Cyclonic Storm
2022126N07095,2022,ASANI,BB,2022-05-10 03:00:00,15.1,83.6,101.9,984.0,Severe Cyclonic Storm
2022126N07095,2022,ASANI,BB,2022-05-10 06:00:00,15.2,83.3,101.9,984.0,Severe Cyclonic Storm
2022126N07095,2022,ASANI,BB,2022-05-10 09:00:00,15.2,82.9,101.9,984.0,Severe Cyclonic Storm
2022126N07095,2022,ASANI,BB,2022-05-10 12:00:00,15.4,82.6,92.6,984.0,Severe Cyclonic Storm
2022126N07095,2022,ASANI,BB,2022-05-10 15:00:00,15.4,82.2,92.6,985.0,Severe Cyclonic Storm
2022126N07095,2022,ASANI,BB,2022-05-10 18:00:00,15.6,82.0,92.6,986.0,Severe Cyclonic Storm
2022126N07095,2022,ASANI,BB,2022-05-10 21:00:00,15.7,81.8,83.3,986.0,Cyclonic Storm
2022126N07095,2022,ASANI,BB,2022-05-11 00:00:00,15.8,81.7,83.3,988.0,Cyclonic Storm
2022126N07095,2022,ASANI,BB,2022-05-11 03:00:00,15.9,81.6,83.3,988.0,Cyclonic Storm
2022126N07095,2022,ASANI,BB,2022-05-11 06:00:00,16.0,81.5,74.1,990.0,Cyclonic Storm
2022126N07095,2022,ASANI,BB,2022-05-11 09:00:00,16.0,81.4,74.1,990.0,Cyclonic Storm
2022126N07095,2022,ASANI,BB,2022-05-11 12:00:00,16.1,81.3,55.6,992.0,Deep Depression
2022126N07095,2022,ASANI,BB,2022-05-11 15:00:00,16.0,81.1,55.6,993.0,Deep Depression
2022126N07095,2022,ASANI,BB,2022-05-11 18:00:00,15.9,80.9,55.6,994.0,Deep Depression
2022126N07095,2022,ASANI,BB,2022-05-11 21:00:00,15.8,80.6,51.9,995.0,Deep Depression
2022126N07095,2022,ASANI,BB,2022-05-12 00:00:00,15.6,80.4,46.3,996.0,Depression
2022126N07095,2022,ASANI,BB,2022-05-12 03:00:00,15.2,80.2,,,
2022126N07095,2022,ASANI,BB,2022-05-12 06:00:00,15.1,80.1,,,
2022126N07095,2022,ASANI,BB,2022-05-12 09:00:00,15.0,80.1,,,
2022126N07095,2022,ASANI,BB,2022-05-12 12:00:00,15.0,80.2,,,
2022126N07095,2022,ASANI,BB,2022-05-12 15:00:00,14.8,80.2,,,
2022126N07095,2022,ASANI,BB,2022-05-12 18:00:00,14.7,80.3,,,
2022126N07095,2022,ASANI,BB,2022-05-12 21:00:00,14.7,80.6,,,
2022126N07095,2022,ASANI,BB,2022-05-13 00:00:00,14.7,81.0,,,
2022126N07095,2022,ASANI,BB,2022-05-13 03:00:00,14.7,81.3,,,
2022126N07095,2022,ASANI,BB,2022-05-13 06:00:00,14.8,81.5,,,
2022140N16097,2022,UNNAMED,BB,2022-05-20 03:00:00,16.3,97.3,46.3,1000.0,Depression
2022140N16097,2022,UNNAMED,BB,2022-05-20 06:00:00,16.4,97.4,46.3,1000.0,Depression
2022140N16097,2022,UNNAMED,BB,2022-05-20 09:00:00,16.8,97.6,46.3,998.0,Depression
2022140N16097,2022,UNNAMED,BB,2022-05-20 12:00:00,17.1,97.8,46.3,999.0,Depression
2022140N16097,2022,UNNAMED,BB,2022-05-20 15:00:00,17.3,97.9,46.3,999.0,Depression
2022140N16097,2022,UNNAMED,BB,2022-05-20 18:00:00,17.4,98.0,46.3,999.0,Depression
2022197N22069,2022,UNNAMED,AS,2022-07-16 03:00:00,21.6,69.0,46.3,992.0,Depression
2022197N22069,2022,UNNAMED,AS,2022-07-16 06:00:00,21.9,68.9,46.3,992.0,Depression
2022197N22069,2022,UNNAMED,AS,2022-07-16 09:00:00,22.0,68.8,46.3,992.0,Depression
2022197N22069,2022,UNNAMED,AS,2022-07-16 12:00:00,22.1,68.8,46.3,992.0,Depression
2022197N22069,2022,UNNAMED,AS,2022-07-16 15:00:00,22.3,68.8,46.3,992.0,Depression
2022197N22069,2022,UNNAMED,AS,2022-07-16 18:00:00,22.6,68.7,46.3,992.0,Depression
2022197N22069,2022,UNNAMED,AS,2022-07-16 21:00:00,22.7,68.6,46.3,992.0,Depression
2022197N22069,2022,UNNAMED,AS,2022-07-17 00:00:00,22.8,68.5,46.3,992.0,Depression
2022197N22069,2022,UNNAMED,AS,2022-07-17 03:00:00,23.0,68.2,46.3,992.0,Depression
2022197N22069,2022,UNNAMED,AS,2022-07-17 06:00:00,23.2,67.8,46.3,992.0,Depression
2022197N22069,2022,UNNAMED,AS,2022-07-17 09:00:00,23.3,67.6,46.3,992.0,Depression
2022197N22069,2022,UNNAMED,AS,2022-07-17 12:00:00,23.4,67.4,46.3,992.0,Depression
2022197N22069,2022,UNNAMED,AS,2022-07-17 15:00:00,23.4,66.9,42.6,993.0,Depression
2022197N22069,2022,UNNAMED,AS,2022-07-17 18:00:00,23.4,66.3,37.0,993.0,Depression
2022221N21086,2022,UNNAMED,BB,2022-08-09 03:00:00,20.8,85.6,46.3,990.0,Depression
2022221N21086,2022,UNNAMED,BB,2022-08-09 06:00:00,20.8,85.3,46.3,990.0,Depression
2022221N21086,2022,UNNAMED,BB,2022-08-09 09:00:00,21.0,84.8,46.3,990.0,Depression
2022221N21086,2022,UNNAMED,BB,2022-08-09 12:00:00,21.2,84.2,46.3,990.0,Depression
2022221N21086,2022,UNNAMED,BB,2022-08-09 15:00:00,21.4,83.7,42.6,991.0,Depression
2022221N21086,2022,UNNAMED,BB,2022-08-09 18:00:00,21.5,83.3,37.0,991.0,Depression
2022224N22067,2022,UNNAMED,AS,2022-08-11 18:00:00,22.1,67.2,,,
2022224N22067,2022,UNNAMED,AS,2022-08-11 21:00:00,22.0,66.9,,,
2022224N22067,2022,UNNAMED,AS,2022-08-12 00:00:00,21.8,66.6,,,
2022224N22067,2022,UNNAMED,AS,2022-08-12 03:00:00,21.8,66.4,46.3,990.0,Depression
2022224N22067,2022,UNNAMED,AS,2022-08-12 06:00:00,21.9,66.1,46.3,990.0,Depression
2022224N22067,2022,UNNAMED,AS,2022-08-12 09:00:00,22.0,65.6,46.3,990.0,Depression
2022224N22067,2022,UNNAMED,AS,2022-08-12 12:00:00,22.1,65.2,46.3,990.0,Depression
2022224N22067,2022,UNNAMED,AS,2022-08-12 15:00:00,22.2,64.9,46.3,990.0,Depression
2022224N22067,2022,UNNAMED,AS,2022-08-12 18:00:00,22.3,64.6,46.3,990.0,Depression
2022224N22067,2022,UNNAMED,AS,2022-08-12 21:00:00,22.2,64.2,46.3,990.0,Depression
2022224N22067,2022,UNNAMED,AS,2022-08-13 00:00:00,22.0,63.9,46.3,990.0,Depression
2022224N22067,2022,UNNAMED,AS,2022-08-13 03:00:00,21.8,63.6,46.3,990.0,Depression
2022224N22067,2022,UNNAMED,AS,2022-08-13 06:00:00,21.6,63.6,37.0,990.0,Depression
2022224N22067,2022,UNNAMED,AS,2022-08-13 09:00:00,21.5,64.0,,,
2022224N22067,2022,UNNAMED,AS,2022-08-13 12:00:00,21.6,64.7,,,
2022224N22067,2022,UNNAMED,AS,2022-08-13 15:00:00,21.8,65.4,,,
2022224N22067,2022,UNNAMED,AS,2022-08-13 18:00:00,22.2,66.1,,,
2022224N22067,2022,UNNAMED,AS,2022-08-13 21:00:00,22.6,66.4,,,
2022224N22067,2022,UNNAMED,AS,2022-08-14 00:00:00,23.1,66.6,,,
2022224N22067,2022,UNNAMED,AS,2022-08-14 03:00:00,23.5,66.8,,,
2022226N22088,2022,UNNAMED,BB,2022-08-14 03:00:00,21.7,87.8,46.3,994.0,Depression
2022226N22088,2022,UNNAMED,BB,2022-08-14 06:00:00,21.8,87.5,46.3,994.0,Depression
2022226N22088,2022,UNNAMED,BB,2022-08-14 09:00:00,22.0,86.9,46.3,994.0,Depression
2022226N22088,2022,UNNAMED,BB,2022-08-14 12:00:00,22.1,86.0,46.3,994.0,Depression
2022226N22088,2022,UNNAMED,BB,2022-08-14 15:00:00,22.2,85.0,46.3,994.0,Depression
2022226N22088,2022,UNNAMED,BB,2022-08-14 18:00:00,22.2,84.0,46.3,994.0,Depression
2022226N22088,2022,UNNAMED,BB,2022-08-14 21:00:00,22.3,83.4,46.3,994.0,Depression
2022226N22088,2022,UNNAMED,BB,2022-08-15 00:00:00,22.4,82.8,46.3,994.0,Depression
2022226N22088,2022,UNNAMED,BB,2022-08-15 03:00:00,22.6,82.0,46.3,994.0,Depression
2022226N22088,2022,UNNAMED,BB,2022-08-15 06:00:00,22.8,81.1,46.3,994.0,Depression
2022226N22088,2022,UNNAMED,BB,2022-08-15 09:00:00,23.1,80.4,46.3,994.0,Depression
2022226N22088,2022,UNNAMED,BB,2022-08-15 12:00:00,23.3,79.8,46.3,994.0,Depression
2022226N22088,2022,UNNAMED,BB,2022-08-15 15:00:00,23.4,79.4,46.3,994.0,Depression
2022226N22088,2022,UNNAMED,BB,2022-08-15 18:00:00,23.6,79.0,46.3,994.0,Depression
2022226N22088,2022,UNNAMED,BB,2022-08-15 21:00:00,23.9,78.4,46.3,994.0,Depression
2022226N22088,2022,UNNAMED,AS,2022-08-16 00:00:00,24.3,77.6,46.3,994.0,Depression
2022226N22088,2022,UNNAMED,AS,2022-08-16 03:00:00,24.7,76.5,46.3,994.0,Depression
2022226N22088,2022,UNNAMED,AS,2022-08-16 06:00:00,24.9,76.1,37.0,995.0,Depression
2022230N18095,2022,UNNAMED,BB,2022-08-17 12:00:00,18.0,95.0,,,
2022230N18095,2022,UNNAMED,BB,2022-08-17 15:00:00,18.3,94.5,,,
2022230N18095,2022,UNNAMED,BB,2022-08-17 18:00:00,18.5,94.1,,,
2022230N18095,2022,UNNAMED,BB,2022-08-17 21:00:00,18.7,93.7,,,
2022230N18095,2022,UNNAMED,BB,2022-08-18 00:00:00,18.9,93.2,,,
2022230N18095,2022,UNNAMED,BB,2022-08-18 03:00:00,19.2,92.7,,,
2022230N18095,2022,UNNAMED,BB,2022-08-18 06:00:00,19.5,92.2,,,
2022230N18095,2022,UNNAMED,BB,2022-08-18 09:00:00,19.9,91.4,,,
2022230N18095,2022,UNNAMED,BB,2022-08-18 12:00:00,20.2,90.7,,,
2022230N18095,2022,UNNAMED,BB,2022-08-18 15:00:00,20.3,90.5,,,
2022230N18095,2022,UNNAMED,BB,2022-08-18 18:00:00,20.4,90.3,,,
2022230N18095,2022,UNNAMED,BB,2022-08-18 21:00:00,20.7,89.8,,,
2022230N18095,2022,UNNAMED,BB,2022-08-19 00:00:00,20.9,89.4,46.3,994.0,Depression
2022230N18095,2022,UNNAMED,BB,2022-08-19 03:00:00,21.0,89.2,46.3,994.0,Depression
2022230N18095,2022,UNNAMED,BB,2022-08-19 06:00:00,21.2,88.9,55.6,993.0,Deep Depression
2022230N18095,2022,UNNAMED,BB,2022-08-19 09:00:00,21.4,88.6,55.6,993.0,Deep Depression
2022230N18095,2022,UNNAMED,BB,2022-08-19 12:00:00,21.6,88.1,55.6,992.0,Deep Depression
2022230N18095,2022,UNNAMED,BB,2022-08-19 15:00:00,21.9,87.6,55.6,992.0,Deep Depression
2022230N18095,2022,UNNAMED,BB,2022-08-19 18:00:00,22.2,87.0,55.6,992.0,Deep Depression
2022230N18095,2022,UNNAMED,BB,2022-08-19 21:00:00,22.4,86.4,55.6,992.0,Deep Depression
2022230N18095,2022,UNNAMED,BB,2022-08-20 00:00:00,22.6,85.9,55.6,992.0,Deep Depression
2022230N18095,2022,UNNAMED,BB,2022-08-20 03:00:00,22.7,85.4,55.6,992.0,Deep Depression
2022230N18095,2022,UNNAMED,BB,2022-08-20 06:00:00,22.9,84.7,55.6,993.0,Deep Depression
2022230N18095,2022,UNNAMED,BB,2022-08-20 09:00:00,23.1,84.1,55.6,993.0,Deep Depression
2022230N18095,2022,UNNAMED,BB,2022-08-20 12:00:00,23.3,83.6,55.6,993.0,Deep Depression
2022230N18095,2022,UNNAMED,BB,2022-08-20 15:00:00,23.4,83.2,55.6,993.0,Deep Depression
2022230N18095,2022,UNNAMED,BB,2022-08-20 18:00:00,23.5,82.9,55.6,993.0,Deep Depression
2022230N18095,2022,UNNAMED,BB,2022-08-20 21:00:00,23.6,82.6,51.9,994.0,Deep Depression
2022230N18095,2022,UNNAMED,BB,2022-08-21 00:00:00,23.7,82.2,46.3,994.0,Depression
2022230N18095,2022,UNNAMED,BB,2022-08-21 03:00:00,23.8,81.7,46.3,994.0,Depression
2022230N18095,2022,UNNAMED,BB,2022-08-21 06:00:00,24.0,81.2,46.3,994.0,Depression
2022230N18095,2022,UNNAMED,BB,2022-08-21 09:00:00,24.1,80.8,46.3,994.0,Depression
2022230N18095,2022,UNNAMED,BB,2022-08-21 12:00:00,24.2,80.5,46.3,994.0,Depression
2022230N18095,2022,UNNAMED,BB,2022-08-21 15:00:00,24.3,80.1,46.3,995.0,Depression
2022230N18095,2022,UNNAMED,BB,2022-08-21 18:00:00,24.3,79.8,46.3,995.0,Depression
2022230N18095,2022,UNNAMED,BB,2022-08-21 21:00:00,24.3,79.5,46.3,995.0,Depression
2022230N18095,2022,UNNAMED,BB,2022-08-22 00:00:00,24.3,79.1,46.3,995.0,Depression
2022230N18095,2022,UNNAMED,BB,2022-08-22 03:00:00,24.3,78.4,46.3,995.0,Depression
2022230N18095,2022,UNNAMED,AS,2022-08-22 06:00:00,24.4,77.8,46.3,996.0,Depression
2022230N18095,2022,UNNAMED,AS,2022-08-22 09:00:00,24.4,77.5,46.3,996.0,Depression
2022230N18095,2022,UNNAMED,AS,2022-08-22 12:00:00,24.4,77.4,46.3,996.0,Depression
2022230N18095,2022,UNNAMED,AS,2022-08-22 15:00:00,24.5,77.0,42.6,997.0,Depression
2022230N18095,2022,UNNAMED,AS,2022-08-22 18:00:00,24.6,76.6,37.0,997.0,Depression
2022230N18095,2022,UNNAMED,AS,2022-08-22 21:00:00,24.7,76.3,37.0,997.0,Depression
2022230N18095,2022,UNNAMED,AS,2022-08-23 00:00:00,24.8,76.2,37.0,997.0,Depression
2022254N20085,2022,UNNAMED,BB,2022-09-11 00:00:00,19.5,84.7,46.3,998.0,Depression
2022254N20085,2022,UNNAMED,BB,2022-09-11 03:00:00,19.7,84.0,46.3,998.0,Depression
2022254N20085,2022,UNNAMED,BB,2022-09-11 06:00:00,19.8,83.3,46.3,998.0,Depression
2022254N20085,2022,UNNAMED,BB,2022-09-11 09:00:00,19.9,82.4,46.3,998.0,Depression
2022254N20085,2022,UNNAMED,BB,2022-09-11 12:00:00,19.9,81.7,46.3,998.0,Depression
2022254N20085,2022,UNNAMED,BB,2022-09-11 15:00:00,20.0,81.4,46.3,998.0,Depression
2022254N20085,2022,UNNAMED,BB,2022-09-11 18:00:00,20.1,81.2,46.3,998.0,Depression
2022254N20085,2022,UNNAMED,BB,2022-09-11 21:00:00,20.4,81.0,42.6,999.0,Depression
2022254N20085,2022,UNNAMED,BB,2022-09-12 00:00:00,20.8,80.8,37.0,999.0,Depression
2022295N13093,2022,SITRANG,BB,2022-10-21 18:00:00,12.6,93.3,,,
2022295N13093,2022,SITRANG,BB,2022-10-21 21:00:00,12.9,92.9,,,
2022295N13093,2022,SITRANG,BB,2022-10-22 00:00:00,13.2,92.5,,,
2022295N13093,2022,SITRANG,BB,2022-10-22 03:00:00,13.4,92.1,46.3,1004.0,Depression
2022295N13093,2022,SITRANG,BB,2022-10-22 06:00:00,13.9,91.4,46.3,1003.0,Depression
2022295N13093,2022,SITRANG,BB,2022-10-22 09:00:00,14.2,90.9,46.3,1003.0,Depression
2022295N13093,2022,SITRANG,BB,2022-10-22 12:00:00,14.4,90.5,46.3,1002.0,Depression
2022295N13093,2022,SITRANG,BB,2022-10-22 15:00:00,14.7,90.0,46.3,1002.0,Depression
2022295N13093,2022,SITRANG,BB,2022-10-22 18:00:00,15.0,89.5,46.3,1002.0,Depression
2022295N13093,2022,SITRANG,BB,2022-10-22 21:00:00,15.2,89.1,51.9,1002.0,Deep Depression
2022295N13093,2022,SITRANG,BB,2022-10-23 00:00:00,15.4,88.7,55.6,1001.0,Deep Depression
2022295N13093,2022,SITRANG,BB,2022-10-23 03:00:00,15.5,88.3,55.6,1000.0,Deep Depression
2022295N13093,2022,SITRANG,BB,2022-10-23 06:00:00,15.6,88.1,55.6,1000.0,Deep Depression
2022295N13093,2022,SITRANG,BB,2022-10-23 09:00:00,15.8,88.1,61.1,1000.0,Deep Depression
2022295N13093,2022,SITRANG,BB,2022-10-23 12:00:00,16.2,88.1,64.8,999.0,Cyclonic Storm
2022295N13093,2022,SITRANG,BB,2022-10-23 15:00:00,16.6,88.4,64.8,999.0,Cyclonic Storm
2022295N13093,2022,SITRANG,BB,2022-10-23 18:00:00,17.1,88.6,64.8,998.0,Cyclonic Storm
2022295N13093,2022,SITRANG,BB,2022-10-23 21:00:00,17.5,88.8,74.1,997.0,Cyclonic Storm
2022295N13093,2022,SITRANG,BB,2022-10-24 00:00:00,18.0,89.0,74.1,996.0,Cyclonic Storm
2022295N13093,2022,SITRANG,BB,2022-10-24 03:00:00,18.7,89.3,83.3,996.0,Cyclonic Storm
2022295N13093,2022,SITRANG,BB,2022-10-24 06:00:00,19.4,89.6,83.3,996.0,Cyclonic Storm
2022295N13093,2022,SITRANG,BB,2022-10-24 09:00:00,20.0,89.9,83.3,996.0,Cyclonic Storm
2022295N13093,2022,SITRANG,BB,2022-10-24 12:00:00,20.8,90.1,83.3,996.0,Cyclonic Storm
2022295N13093,2022,SITRANG,BB,2022-10-24 15:00:00,21.8,90.4,83.3,996.0,Cyclonic Storm
2022295N13093,2022,SITRANG,BB,2022-10-24 18:00:00,23.8,90.9,74.1,996.0,Cyclonic Storm
2022295N13093,2022,SITRANG,BB,2022-10-24 21:00:00,24.3,91.0,55.6,998.0,Deep Depression
2022295N13093,2022,SITRANG,BB,2022-10-25 00:00:00,24.5,91.1,46.3,1000.0,Depression
2022324N10086,2022,UNNAMED,BB,2022-11-20 00:00:00,10.0,85.5,46.3,1005.0,Depression
2022324N10086,2022,UNNAMED,BB,2022-11-20 03:00:00,10.0,85.5,46.3,1005.0,Depression
2022324N10086,2022,UNNAMED,BB,2022-11-20 06:00:00,10.3,85.3,46.3,1005.0,Depression
2022324N10086,2022,UNNAMED,BB,2022-11-20 09:00:00,10.6,85.1,46.3,1004.0,Depression
2022324N10086,2022,UNNAMED,BB,2022-11-20 12:00:00,10.9,85.0,46.3,1003.0,Depression
2022324N10086,2022,UNNAMED,BB,2022-11-20 15:00:00,11.2,84.8,46.3,1003.0,Depression
2022324N10086,2022,UNNAMED,BB,2022-11-20 18:00:00,11.4,84.6,46.3,1003.0,Depression
2022324N10086,2022,UNNAMED,BB,2022-11-20 21:00:00,11.7,84.4,46.3,1003.0,Depression
2022324N10086,2022,UNNAMED,BB,2022-11-21 00:00:00,11.9,84.2,46.3,1003.0,Depression
2022324N10086,2022,UNNAMED,BB,2022-11-21 03:00:00,12.1,84.0,46.3,1003.0,Depression
2022324N10086,2022,UNNAMED,BB,2022-11-21 06:00:00,12.6,83.4,46.3,1003.0,Depression
2022324N10086,2022,UNNAMED,BB,2022-11-21 09:00:00,12.8,82.6,46.3,1003.0,Depression
2022324N10086,2022,UNNAMED,BB,2022-11-21 12:00:00,12.9,82.0,46.3,1003.0,Depression
2022324N10086,2022,UNNAMED,BB,2022-11-21 15:00:00,13.0,81.8,46.3,1003.0,Depression
2022324N10086,2022,UNNAMED,BB,2022-11-21 18:00:00,13.0,81.7,46.3,1003.0,Depression
2022324N10086,2022,UNNAMED,BB,2022-11-21 21:00:00,13.0,81.6,46.3,1004.0,Depression
2022324N10086,2022,UNNAMED,BB,2022-11-22 00:00:00,13.1,81.4,46.3,1004.0,Depression
2022338N05100,2022,MANDOUS,BB,2022-12-04 00:00:00,5.3,99.7,,,
2022338N05100,2022,MANDOUS,BB,2022-12-04 03:00:00,5.5,99.4,,,
2022338N05100,2022,MANDOUS,BB,2022-12-04 06:00:00,5.7,99.0,,,
2022338N05100,2022,MANDOUS,BB,2022-12-04 09:00:00,5.9,98.5,,,
2022338N05100,2022,MANDOUS,BB,2022-12-04 12:00:00,6.1,98.1,,,
2022338N05100,2022,MANDOUS,BB,2022-12-04 15:00:00,6.3,97.9,,,
2022338N05100,2022,MANDOUS,BB,2022-12-04 18:00:00,6.6,97.7,,,
2022338N05100,2022,MANDOUS,BB,2022-12-04 21:00:00,6.9,97.5,,,
2022338N05100,2022,MANDOUS,BB,2022-12-05 00:00:00,7.2,97.2,,,
2022338N05100,2022,MANDOUS,BB,2022-12-05 03:00:00,7.3,96.5,,,
2022338N05100,2022,MANDOUS,BB,2022-12-05 06:00:00,7.3,95.7,,,
2022338N05100,2022,MANDOUS,BB,2022-12-05 09:00:00,7.4,95.0,,,
2022338N05100,2022,MANDOUS,BB,2022-12-05 12:00:00,7.5,94.1,,,
2022338N05100,2022,MANDOUS,BB,2022-12-05 15:00:00,7.8,92.8,,,
2022338N05100,2022,MANDOUS,BB,2022-12-05 18:00:00,8.0,91.6,,,
2022338N05100,2022,MANDOUS,BB,2022-12-05 21:00:00,8.0,90.8,,,
2022338N05100,2022,MANDOUS,BB,2022-12-06 00:00:00,8.0,90.2,,,
2022338N05100,2022,MANDOUS,BB,2022-12-06 03:00:00,8.0,89.5,,,
2022338N05100,2022,MANDOUS,BB,2022-12-06 06:00:00,8.1,88.7,,,
2022338N05100,2022,MANDOUS,BB,2022-12-06 09:00:00,8.3,87.8,,,
2022338N05100,2022,MANDOUS,BB,2022-12-06 12:00:00,8.4,87.2,46.3,1000.0,Depression
2022338N05100,2022,MANDOUS,BB,2022-12-06 15:00:00,8.4,86.9,46.3,1000.0,Depression
2022338N05100,2022,MANDOUS,BB,2022-12-06 18:00:00,8.5,86.7,46.3,1000.0,Depression
2022338N05100,2022,MANDOUS,BB,2022-12-06 21:00:00,8.5,86.5,51.9,1000.0,Deep Depression
2022338N05100,2022,MANDOUS,BB,2022-12-07 00:00:00,8.6,86.3,55.6,999.0,Deep Depression
2022338N05100,2022,MANDOUS,BB,2022-12-07 03:00:00,8.7,85.9,55.6,999.0,Deep Depression
2022338N05100,2022,MANDOUS,BB,2022-12-07 06:00:00,8.8,85.7,55.6,998.0,Deep Depression
2022338N05100,2022,MANDOUS,BB,2022-12-07 09:00:00,8.8,85.4,55.6,998.0,Deep Depression
2022338N05100,2022,MANDOUS,BB,2022-12-07 12:00:00,9.0,85.1,55.6,998.0,Deep Depression
2022338N05100,2022,MANDOUS,BB,2022-12-07 15:00:00,9.1,84.9,61.1,998.0,Deep Depression
2022338N05100,2022,MANDOUS,BB,2022-12-07 18:00:00,9.2,84.7,64.8,997.0,Cyclonic Storm
2022338N05100,2022,MANDOUS,BB,2022-12-07 21:00:00,9.3,84.5,64.8,997.0,Cyclonic Storm
2022338N05100,2022,MANDOUS,BB,2022-12-08 00:00:00,9.4,84.3,74.1,995.0,Cyclonic Storm
2022338N05100,2022,MANDOUS,BB,2022-12-08 03:00:00,9.5,84.0,74.1,994.0,Cyclonic Storm
2022338N05100,2022,MANDOUS,BB,2022-12-08 06:00:00,9.8,83.6,83.3,992.0,Cyclonic Storm
2022338N05100,2022,MANDOUS,BB,2022-12-08 09:00:00,9.9,83.2,83.3,992.0,Cyclonic Storm
2022338N05100,2022,MANDOUS,BB,2022-12-08 12:00:00,10.2,82.9,92.6,990.0,Severe Cyclonic Storm
2022338N05100,2022,MANDOUS,BB,2022-12-08 15:00:00,10.4,82.5,92.6,990.0,Severe Cyclonic Storm
2022338N05100,2022,MANDOUS,BB,2022-12-08 18:00:00,10.6,82.2,92.6,990.0,Severe Cyclonic Storm
2022338N05100,2022,MANDOUS,BB,2022-12-08 21:00:00,10.7,82.0,92.6,990.0,Severe Cyclonic Storm
2022338N05100,2022,MANDOUS,BB,2022-12-09 00:00:00,11.0,81.8,92.6,990.0,Severe Cyclonic Storm
2022338N05100,2022,MANDOUS,BB,2022-12-09 03:00:00,11.1,81.6,83.3,991.0,Cyclonic Storm
2022338N05100,2022,MANDOUS,BB,2022-12-09 06:00:00,11.4,81.4,83.3,992.0,Cyclonic Storm
2022338N05100,2022,MANDOUS,BB,2022-12-09 09:00:00,11.7,81.2,83.3,992.0,Cyclonic Storm
2022338N05100,2022,MANDOUS,BB,2022-12-09 12:00:00,12.0,81.0,74.1,993.0,Cyclonic Storm
2022338N05100,2022,MANDOUS,BB,2022-12-09 15:00:00,12.3,80.7,74.1,994.0,Cyclonic Storm
2022338N05100,2022,MANDOUS,BB,2022-12-09 18:00:00,12.6,80.4,64.8,995.0,Cyclonic Storm
2022338N05100,2022,MANDOUS,BB,2022-12-09 21:00:00,12.8,80.1,64.8,996.0,Cyclonic Storm
2022338N05100,2022,MANDOUS,BB,2022-12-10 00:00:00,12.8,79.8,55.6,998.0,Deep Depression
2022338N05100,2022,MANDOUS,BB,2022-12-10 03:00:00,12.8,79.6,55.6,1000.0,Deep Depression
2022338N05100,2022,MANDOUS,BB,2022-12-10 06:00:00,12.9,79.4,46.3,1002.0,Depression
2022338N05100,2022,MANDOUS,BB,2022-12-10 09:00:00,12.9,79.1,,,
2022338N05100,2022,MANDOUS,BB,2022-12-10 12:00:00,12.9,78.8,,,
2022347N12074,2022,UNNAMED,AS,2022-12-12 12:00:00,12.0,74.2,,,
2022347N12074,2022,UNNAMED,AS,2022-12-12 15:00:00,12.1,73.9,,,
2022347N12074,2022,UNNAMED,AS,2022-12-12 18:00:00,12.3,73.6,,,
2022347N12074,2022,UNNAMED,AS,2022-12-12 21:00:00,12.5,73.3,,,
2022347N12074,2022,UNNAMED,AS,2022-12-13 00:00:00,12.6,73.1,,,
2022347N12074,2022,UNNAMED,AS,2022-12-13 03:00:00,12.7,72.8,,,
2022347N12074,2022,UNNAMED,AS,2022-12-13 06:00:00,12.8,72.6,,,
2022347N12074,2022,UNNAMED,AS,2022-12-13 09:00:00,12.9,72.4,,,
2022347N12074,2022,UNNAMED,AS,2022-12-13 12:00:00,13.0,72.1,,,
2022347N12074,2022,UNNAMED,AS,2022-12-13 15:00:00,13.1,71.8,,,
2022347N12074,2022,UNNAMED,AS,2022-12-13 18:00:00,13.2,71.5,,,
2022347N12074,2022,UNNAMED,AS,2022-12-13 21:00:00,13.2,71.2,,,
2022347N12074,2022,UNNAMED,AS,2022-12-14 00:00:00,13.3,70.8,,,
2022347N12074,2022,UNNAMED,AS,2022-12-14 03:00:00,13.4,70.4,,,
2022347N12074,2022,UNNAMED,AS,2022-12-14 06:00:00,13.5,70.0,,,
2022347N12074,2022,UNNAMED,AS,2022-12-14 09:00:00,13.6,69.6,46.3,1002.0,Depression
2022347N12074,2022,UNNAMED,AS,2022-12-14 12:00:00,13.7,69.3,46.3,1002.0,Depression
2022347N12074,2022,UNNAMED,AS,2022-12-14 15:00:00,13.7,68.9,46.3,1002.0,Depression
2022347N12074,2022,UNNAMED,AS,2022-12-14 18:00:00,13.8,68.6,46.3,1002.0,Depression
2022347N12074,2022,UNNAMED,AS,2022-12-14 21:00:00,13.8,68.4,51.9,1001.0,Deep Depression
2022347N12074,2022,UNNAMED,AS,2022-12-15 00:00:00,13.9,68.1,55.6,1000.0,Deep Depression
2022347N12074,2022,UNNAMED,AS,2022-12-15 03:00:00,13.9,67.7,55.6,1000.0,Deep Depression
2022347N12074,2022,UNNAMED,AS,2022-12-15 06:00:00,13.9,67.4,55.6,1000.0,Deep Depression
2022347N12074,2022,UNNAMED,AS,2022-12-15 09:00:00,14.0,67.0,55.6,1000.0,Deep Depression
2022347N12074,2022,UNNAMED,AS,2022-12-15 12:00:00,14.1,66.7,55.6,1000.0,Deep Depression
2022347N12074,2022,UNNAMED,AS,2022-12-15 15:00:00,14.0,66.2,55.6,1000.0,Deep Depression
2022347N12074,2022,UNNAMED,AS,2022-12-15 18:00:00,13.9,65.7,55.6,1000.0,Deep Depression
2022347N12074,2022,UNNAMED,AS,2022-12-15 21:00:00,13.9,65.4,55.6,1000.0,Deep Depression
2022347N12074,2022,UNNAMED,AS,2022-12-16 00:00:00,13.9,65.1,55.6,1000.0,Deep Depression
2022347N12074,2022,UNNAMED,AS,2022-12-16 03:00:00,13.9,64.7,55.6,1000.0,Deep Depression
2022347N12074,2022,UNNAMED,AS,2022-12-16 06:00:00,13.9,64.3,55.6,1000.0,Deep Depression
2022347N12074,2022,UNNAMED,AS,2022-12-16 09:00:00,14.0,63.9,51.9,1001.0,Deep Depression
2022347N12074,2022,UNNAMED,AS,2022-12-16 12:00:00,14.1,63.6,46.3,1002.0,Depression
2022347N12074,2022,UNNAMED,AS,2022-12-16 15:00:00,14.1,63.2,46.3,1002.0,Depression
2022347N12074,2022,UNNAMED,AS,2022-12-16 18:00:00,14.1,62.9,46.3,1002.0,Depression
2022347N12074,2022,UNNAMED,AS,2022-12-16 21:00:00,14.1,62.6,46.3,1002.0,Depression
2022347N12074,2022,UNNAMED,AS,2022-12-17 00:00:00,14.0,62.3,46.3,1002.0,Depression
2022347N12074,2022,UNNAMED,AS,2022-12-17 03:00:00,14.0,62.0,46.3,1002.0,Depression
2022347N12074,2022,UNNAMED,AS,2022-12-17 06:00:00,13.9,61.6,46.3,1002.0,Depression
2022347N12074,2022,UNNAMED,AS,2022-12-17 09:00:00,13.8,61.3,,,
2022347N12074,2022,UNNAMED,AS,2022-12-17 12:00:00,13.7,60.9,,,
2022347N12074,2022,UNNAMED,AS,2022-12-17 15:00:00,13.6,60.3,,,
2022347N12074,2022,UNNAMED,AS,2022-12-17 18:00:00,13.6,59.7,,,
2022347N12074,2022,UNNAMED,AS,2022-12-17 21:00:00,13.5,59.1,,,
2022347N12074,2022,UNNAMED,AS,2022-12-18 00:00:00,13.5,58.6,,,
2022347N12074,2022,UNNAMED,AS,2022-12-18 03:00:00,13.5,58.1,,,
2022347N12074,2022,UNNAMED,AS,2022-12-18 06:00:00,13.4,57.5,,,
2022347N12074,2022,UNNAMED,AS,2022-12-18 09:00:00,13.3,56.9,,,
2022347N12074,2022,UNNAMED,AS,2022-12-18 12:00:00,13.1,56.4,,,
2022347N12074,2022,UNNAMED,AS,2022-12-18 15:00:00,12.6,56.0,,,
2022347N12074,2022,UNNAMED,AS,2022-12-18 18:00:00,12.0,55.8,,,
2022347N12074,2022,UNNAMED,AS,2022-12-18 21:00:00,11.7,55.6,,,
2022347N12074,2022,UNNAMED,AS,2022-12-19 00:00:00,11.6,55.4,,,
2022356N09085,2022,UNNAMED,BB,2022-12-22 03:00:00,9.0,85.0,46.3,1004.0,Depression
2022356N09085,2022,UNNAMED,BB,2022-12-22 06:00:00,9.5,84.8,46.3,1004.0,Depression
2022356N09085,2022,UNNAMED,BB,2022-12-22 09:00:00,9.7,84.6,46.3,1004.0,Depression
2022356N09085,2022,UNNAMED,BB,2022-12-22 12:00:00,9.8,84.5,46.3,1004.0,Depression
2022356N09085,2022,UNNAMED,BB,2022-12-22 15:00:00,10.0,84.3,46.3,1004.0,Depression
2022356N09085,2022,UNNAMED,BB,2022-12-22 18:00:00,10.1,84.2,46.3,1004.0,Depression
2022356N09085,2022,UNNAMED,BB,2022-12-22 21:00:00,10.1,84.2,46.3,1004.0,Depression
2022356N09085,2022,UNNAMED,BB,2022-12-23 00:00:00,10.1,84.2,46.3,1004.0,Depression
2022356N09085,2022,UNNAMED,BB,2022-12-23 03:00:00,10.1,84.2,46.3,1004.0,Depression
2022356N09085,2022,UNNAMED,BB,2022-12-23 06:00:00,10.4,84.8,46.3,1004.0,Depression
2022356N09085,2022,UNNAMED,BB,2022-12-23 09:00:00,10.6,85.2,46.3,1004.0,Depression
2022356N09085,2022,UNNAMED,BB,2022-12-23 12:00:00,10.6,85.4,46.3,1004.0,Depression
2022356N09085,2022,UNNAMED,BB,2022-12-23 15:00:00,10.5,85.5,46.3,1004.0,Depression
2022356N09085,2022,UNNAMED,BB,2022-12-23 18:00:00,10.4,85.3,46.3,1004.0,Depression
2022356N09085,2022,UNNAMED,BB,2022-12-23 21:00:00,10.6,84.9,46.3,1004.0,Depression
2022356N09085,2022,UNNAMED,BB,2022-12-24 00:00:00,10.8,84.5,46.3,1004.0,Depression
2022356N09085,2022,UNNAMED,BB,2022-12-24 03:00:00,10.7,84.2,46.3,1004.0,Depression
2022356N09085,2022,UNNAMED,BB,2022-12-24 06:00:00,10.4,83.7,46.3,1004.0,Depression
2022356N09085,2022,UNNAMED,BB,2022-12-24 09:00:00,10.0,83.3,46.3,1004.0,Depression
2022356N09085,2022,UNNAMED,BB,2022-12-24 12:00:00,9.7,83.0,46.3,1004.0,Depression
2022356N09085,2022,UNNAMED,BB,2022-12-24 15:00:00,9.5,82.7,46.3,1004.0,Depression
2022356N09085,2022,UNNAMED,BB,2022-12-24 18:00:00,9.3,82.5,46.3,1004.0,Depression
2022356N09085,2022,UNNAMED,BB,2022-12-24 21:00:00,9.2,82.3,46.3,1004.0,Depression
2022356N09085,2022,UNNAMED,BB,2022-12-25 00:00:00,9.0,82.2,46.3,1004.0,Depression
2022356N09085,2022,UNNAMED,BB,2022-12-25 03:00:00,8.8,82.0,46.3,1004.0,Depression
2022356N09085,2022,UNNAMED,BB,2022-12-25 06:00:00,8.5,81.6,46.3,1004.0,Depression
2023030N08087,2023,UNNAMED,BB,2023-01-30 03:00:00,7.7,87.2,46.3,1004.0,Depression
2023030N08087,2023,UNNAMED,BB,2023-01-30 06:00:00,7.9,86.6,46.3,1004.0,Depression
2023030N08087,2023,UNNAMED,BB,2023-01-30 09:00:00,8.0,86.2,46.3,1004.0,Depression
2023030N08087,2023,UNNAMED,BB,2023-01-30 12:00:00,8.0,86.0,46.3,1004.0,Depression
2023030N08087,2023,UNNAMED,BB,2023-01-30 15:00:00,8.1,85.6,46.3,1004.0,Depression
2023030N08087,2023,UNNAMED,BB,2023-01-30 18:00:00,8.1,85.3,46.3,1004.0,Depression
2023030N08087,2023,UNNAMED,BB,2023-01-30 21:00:00,8.1,85.1,46.3,1004.0,Depression
2023030N08087,2023,UNNAMED,BB,2023-01-31 00:00:00,8.2,84.8,46.3,1004.0,Depression
2023030N08087,2023,UNNAMED,BB,2023-01-31 03:00:00,8.4,84.3,46.3,1004.0,Depression
2023030N08087,2023,UNNAMED,BB,2023-01-31 06:00:00,8.6,83.9,46.3,1004.0,Depression
2023030N08087,2023,UNNAMED,BB,2023-01-31 09:00:00,8.7,83.7,46.3,1004.0,Depression
2023030N08087,2023,UNNAMED,BB,2023-01-31 12:00:00,8.6,83.5,46.3,1004.0,Depression
2023030N08087,2023,UNNAMED,BB,2023-01-31 15:00:00,8.5,83.2,46.3,1004.0,Depression
2023030N08087,2023,UNNAMED,BB,2023-01-31 18:00:00,8.3,82.9,46.3,1004.0,Depression
2023030N08087,2023,UNNAMED,BB,2023-01-31 21:00:00,8.2,82.8,46.3,1004.0,Depression
2023030N08087,2023,UNNAMED,BB,2023-02-01 00:00:00,8.2,82.7,46.3,1004.0,Depression
2023030N08087,2023,UNNAMED,BB,2023-02-01 03:00:00,8.2,82.5,46.3,1004.0,Depression
2023030N08087,2023,UNNAMED,BB,2023-02-01 06:00:00,8.2,82.5,46.3,1004.0,Depression
2023030N08087,2023,UNNAMED,BB,2023-02-01 09:00:00,8.2,82.4,46.3,1004.0,Depression
2023030N08087,2023,UNNAMED,BB,2023-02-01 12:00:00,8.2,82.3,46.3,1004.0,Depression
2023030N08087,2023,UNNAMED,BB,2023-02-01 15:00:00,8.2,82.2,46.3,1004.0,Depression
2023030N08087,2023,UNNAMED,BB,2023-02-01 18:00:00,8.1,82.1,46.3,1004.0,Depression
2023030N08087,2023,UNNAMED,BB,2023-02-01 21:00:00,7.9,81.8,46.3,1004.0,Depression
2023030N08087,2023,UNNAMED,BB,2023-02-02 00:00:00,7.6,81.4,46.3,1004.0,Depression
2023030N08087,2023,UNNAMED,BB,2023-02-02 03:00:00,7.2,81.1,37.0,1004.0,Depression
2023030N08087,2023,UNNAMED,BB,2023-02-02 06:00:00,6.8,80.8,37.0,1006.0,Depression
2023030N08087,2023,UNNAMED,BB,2023-02-02 09:00:00,6.5,80.5,37.0,1006.0,Depression
2023030N08087,2023,UNNAMED,BB,2023-02-02 12:00:00,6.3,80.3,37.0,1006.0,Depression
2023129N08091,2023,MOCHA,BB,2023-05-08 18:00:00,7.7,91.4,,,
2023129N08091,2023,MOCHA,BB,2023-05-08 21:00:00,7.6,91.1,,,
2023129N08091,2023,MOCHA,BB,2023-05-09 00:00:00,7.6,90.7,,,
2023129N08091,2023,MOCHA,BB,2023-05-09 03:00:00,7.6,90.1,,,
2023129N08091,2023,MOCHA,BB,2023-05-09 06:00:00,7.6,89.6,,,
2023129N08091,2023,MOCHA,BB,2023-05-09 09:00:00,7.7,89.3,,,
2023129N08091,2023,MOCHA,BB,2023-05-09 12:00:00,7.9,89.3,46.3,1002.0,Depression
2023129N08091,2023,MOCHA,BB,2023-05-09 15:00:00,8.1,89.2,46.3,1002.0,Depression
2023129N08091,2023,MOCHA,BB,2023-05-09 18:00:00,8.3,89.1,46.3,1002.0,Depression
2023129N08091,2023,MOCHA,BB,2023-05-09 21:00:00,8.3,89.1,51.9,1001.0,Deep Depression
2023129N08091,2023,MOCHA,BB,2023-05-10 00:00:00,8.5,89.0,55.6,1000.0,Deep Depression
2023129N08091,2023,MOCHA,BB,2023-05-10 03:00:00,8.8,88.7,55.6,1000.0,Deep Depression
2023129N08091,2023,MOCHA,BB,2023-05-10 06:00:00,9.3,88.5,55.6,999.0,Deep Depression
2023129N08091,2023,MOCHA,BB,2023-05-10 09:00:00,9.7,88.4,55.6,999.0,Deep Depression
2023129N08091,2023,MOCHA,BB,2023-05-10 12:00:00,10.1,88.4,55.6,998.0,Deep Depression
2023129N08091,2023,MOCHA,BB,2023-05-10 15:00:00,10.4,88.3,55.6,998.0,Deep Depression
2023129N08091,2023,MOCHA,BB,2023-05-10 18:00:00,10.8,88.3,55.6,998.0,Deep Depression
2023129N08091,2023,MOCHA,BB,2023-05-10 21:00:00,11.0,88.2,61.1,998.0,Deep Depression
2023129N08091,2023,MOCHA,BB,2023-05-11 00:00:00,11.2,88.1,64.8,997.0,Cyclonic Storm
2023129N08091,2023,MOCHA,BB,2023-05-11 03:00:00,11.3,88.1,64.8,996.0,Cyclonic Storm
2023129N08091,2023,MOCHA,BB,2023-05-11 06:00:00,11.6,88.1,83.3,996.0,Cyclonic Storm
2023129N08091,2023,MOCHA,BB,2023-05-11 09:00:00,11.8,88.0,83.3,996.0,Cyclonic Storm
2023129N08091,2023,MOCHA,BB,2023-05-11 12:00:00,12.1,88.1,92.6,994.0,Severe Cyclonic Storm
2023129N08091,2023,MOCHA,BB,2023-05-11 15:00:00,12.4,88.1,92.6,992.0,Severe Cyclonic Storm
2023129N08091,2023,MOCHA,BB,2023-05-11 18:00:00,12.8,88.1,92.6,992.0,Severe Cyclonic Storm
2023129N08091,2023,MOCHA,BB,2023-05-11 21:00:00,13.0,88.1,111.1,986.0,Severe Cyclonic Storm
2023129N08091,2023,MOCHA,BB,2023-05-12 00:00:00,13.3,88.1,120.4,982.0,Very Severe Cyclonic Storm
2023129N08091,2023,MOCHA,BB,2023-05-12 03:00:00,13.7,88.2,120.4,982.0,Very Severe Cyclonic Storm
2023129N08091,2023,MOCHA,BB,2023-05-12 06:00:00,14.0,88.3,138.9,974.0,Very Severe Cyclonic Storm
2023129N08091,2023,MOCHA,BB,2023-05-12 09:00:00,14.3,88.4,157.4,970.0,Very Severe Cyclonic Storm
2023129N08091,2023,MOCHA,BB,2023-05-12 12:00:00,14.6,88.6,157.4,970.0,Very Severe Cyclonic Storm
2023129N08091,2023,MOCHA,BB,2023-05-12 15:00:00,14.8,88.7,166.7,964.0,Extremely Severe Cyclonic Storm
2023129N08091,2023,MOCHA,BB,2023-05-12 18:00:00,15.0,88.9,185.2,954.0,Extremely Severe Cyclonic Storm
2023129N08091,2023,MOCHA,BB,2023-05-12 21:00:00,15.1,89.0,185.2,954.0,Extremely Severe Cyclonic Storm
2023129N08091,2023,MOCHA,BB,2023-05-13 00:00:00,15.4,89.1,185.2,954.0,Extremely Severe Cyclonic Storm
2023129N08091,2023,MOCHA,BB,2023-05-13 03:00:00,15.7,89.5,185.2,954.0,Extremely Severe Cyclonic Storm
2023129N08091,2023,MOCHA,BB,2023-05-13 06:00:00,16.0,90.0,194.5,950.0,Extremely Severe Cyclonic Storm
2023129N08091,2023,MOCHA,BB,2023-05-13 09:00:00,16.4,90.3,194.5,950.0,Extremely Severe Cyclonic Storm
2023129N08091,2023,MOCHA,BB,2023-05-13 12:00:00,16.9,90.8,203.7,944.0,Extremely Severe Cyclonic Storm
2023129N08091,2023,MOCHA,BB,2023-05-13 15:00:00,17.4,91.0,203.7,944.0,Extremely Severe Cyclonic Storm
2023129N08091,2023,MOCHA,BB,2023-05-13 18:00:00,17.9,91.2,213.0,938.0,Extremely Severe Cyclonic Storm
2023129N08091,2023,MOCHA,BB,2023-05-13 21:00:00,18.3,91.4,213.0,938.0,Extremely Severe Cyclonic Storm
2023129N08091,2023,MOCHA,BB,2023-05-14 00:00:00,18.7,91.7,213.0,938.0,Extremely Severe Cyclonic Storm
2023129N08091,2023,MOCHA,BB,2023-05-14 03:00:00,19.3,92.1,203.7,944.0,Extremely Severe Cyclonic Storm
2023129N08091,2023,MOCHA,BB,2023-05-14 06:00:00,19.9,92.6,185.2,952.0,Extremely Severe Cyclonic Storm
2023129N08091,2023,MOCHA,BB,2023-05-14 09:00:00,20.4,92.9,166.7,964.0,Extremely Severe Cyclonic Storm
2023129N08091,2023,MOCHA,BB,2023-05-14 12:00:00,21.1,93.3,138.9,974.0,Very Severe Cyclonic Storm
2023129N08091,2023,MOCHA,BB,2023-05-14 15:00:00,22.1,94.1,111.1,984.0,Severe Cyclonic Storm
2023129N08091,2023,MOCHA,BB,2023-05-14 18:00:00,23.3,95.2,92.6,992.0,Severe Cyclonic Storm
2023129N08091,2023,MOCHA,BB,2023-05-14 21:00:00,24.3,96.1,64.8,996.0,Cyclonic Storm
2023129N08091,2023,MOCHA,BB,2023-05-15 00:00:00,25.1,97.8,46.3,1000.0,Depression
2023156N10067,2023,BIPARJOY,AS,2023-06-05 00:00:00,10.3,66.7,,,
2023156N10067,2023,BIPARJOY,AS,2023-06-05 03:00:00,10.5,66.6,,,
2023156N10067,2023,BIPARJOY,AS,2023-06-05 06:00:00,10.7,66.5,,,
2023156N10067,2023,BIPARJOY,AS,2023-06-05 09:00:00,10.8,66.4,,,
2023156N10067,2023,BIPARJOY,AS,2023-06-05 12:00:00,11.0,66.3,,,
2023156N10067,2023,BIPARJOY,AS,2023-06-05 15:00:00,11.2,66.2,,,
2023156N10067,2023,BIPARJOY,AS,2023-06-05 18:00:00,11.4,66.1,,,
2023156N10067,2023,BIPARJOY,AS,2023-06-05 21:00:00,11.5,66.0,,,
2023156N10067,2023,BIPARJOY,AS,2023-06-06 00:00:00,11.5,66.0,46.3,1000.0,Depression
2023156N10067,2023,BIPARJOY,AS,2023-06-06 03:00:00,11.7,66.0,46.3,1000.0,Depression
2023156N10067,2023,BIPARJOY,AS,2023-06-06 06:00:00,11.9,65.9,55.6,999.0,Deep Depression
2023156N10067,2023,BIPARJOY,AS,2023-06-06 09:00:00,12.0,66.0,61.1,999.0,Deep Depression
2023156N10067,2023,BIPARJOY,AS,2023-06-06 12:00:00,12.2,66.0,64.8,998.0,Cyclonic Storm
2023156N10067,2023,BIPARJOY,AS,2023-06-06 15:00:00,12.3,66.0,64.8,998.0,Cyclonic Storm
2023156N10067,2023,BIPARJOY,AS,2023-06-06 18:00:00,12.5,66.1,74.1,996.0,Cyclonic Storm
2023156N10067,2023,BIPARJOY,AS,2023-06-06 21:00:00,12.5,66.2,83.3,996.0,Cyclonic Storm
2023156N10067,2023,BIPARJOY,AS,2023-06-07 00:00:00,12.6,66.3,101.9,990.0,Severe Cyclonic Storm
2023156N10067,2023,BIPARJOY,AS,2023-06-07 03:00:00,12.8,66.3,111.1,988.0,Severe Cyclonic Storm
2023156N10067,2023,BIPARJOY,AS,2023-06-07 06:00:00,13.0,66.4,120.4,983.0,Very Severe Cyclonic Storm
2023156N10067,2023,BIPARJOY,AS,2023-06-07 09:00:00,13.2,66.3,120.4,983.0,Very Severe Cyclonic Storm
2023156N10067,2023,BIPARJOY,AS,2023-06-07 12:00:00,13.3,66.2,120.4,983.0,Very Severe Cyclonic Storm
2023156N10067,2023,BIPARJOY,AS,2023-06-07 15:00:00,13.4,66.2,120.4,983.0,Very Severe Cyclonic Storm
2023156N10067,2023,BIPARJOY,AS,2023-06-07 18:00:00,13.6,66.1,129.6,980.0,Very Severe Cyclonic Storm
2023156N10067,2023,BIPARJOY,AS,2023-06-07 21:00:00,13.6,66.0,129.6,980.0,Very Severe Cyclonic Storm
2023156N10067,2023,BIPARJOY,AS,2023-06-08 00:00:00,13.8,66.1,138.9,978.0,Very Severe Cyclonic Storm
2023156N10067,2023,BIPARJOY,AS,2023-06-08 03:00:00,13.9,66.0,138.9,978.0,Very Severe Cyclonic Storm
2023156N10067,2023,BIPARJOY,AS,2023-06-08 06:00:00,14.0,66.0,138.9,978.0,Very Severe Cyclonic Storm
2023156N10067,2023,BIPARJOY,AS,2023-06-08 09:00:00,14.2,66.0,138.9,978.0,Very Severe Cyclonic Storm
2023156N10067,2023,BIPARJOY,AS,2023-06-08 12:00:00,14.3,66.0,138.9,978.0,Very Severe Cyclonic Storm
2023156N10067,2023,BIPARJOY,AS,2023-06-08 15:00:00,14.4,66.0,138.9,978.0,Very Severe Cyclonic Storm
2023156N10067,2023,BIPARJOY,AS,2023-06-08 18:00:00,14.6,66.1,138.9,978.0,Very Severe Cyclonic Storm
2023156N10067,2023,BIPARJOY,AS,2023-06-08 21:00:00,14.6,66.1,138.9,978.0,Very Severe Cyclonic Storm
2023156N10067,2023,BIPARJOY,AS,2023-06-09 00:00:00,14.8,66.3,138.9,978.0,Very Severe Cyclonic Storm
2023156N10067,2023,BIPARJOY,AS,2023-06-09 03:00:00,14.8,66.5,129.6,980.0,Very Severe Cyclonic Storm
2023156N10067,2023,BIPARJOY,AS,2023-06-09 06:00:00,15.0,66.8,129.6,980.0,Very Severe Cyclonic Storm
2023156N10067,2023,BIPARJOY,AS,2023-06-09 09:00:00,15.3,67.0,129.6,980.0,Very Severe Cyclonic Storm
2023156N10067,2023,BIPARJOY,AS,2023-06-09 12:00:00,15.6,67.2,120.4,982.0,Very Severe Cyclonic Storm
2023156N10067,2023,BIPARJOY,AS,2023-06-09 15:00:00,15.9,67.3,120.4,982.0,Very Severe Cyclonic Storm
2023156N10067,2023,BIPARJOY,AS,2023-06-09 18:00:00,16.2,67.4,129.6,978.0,Very Severe Cyclonic Storm
2023156N10067,2023,BIPARJOY,AS,2023-06-09 21:00:00,16.3,67.4,129.6,976.0,Very Severe Cyclonic Storm
2023156N10067,2023,BIPARJOY,AS,2023-06-10 00:00:00,16.5,67.4,138.9,974.0,Very Severe Cyclonic Storm
2023156N10067,2023,BIPARJOY,AS,2023-06-10 03:00:00,16.6,67.3,138.9,972.0,Very Severe Cyclonic Storm
2023156N10067,2023,BIPARJOY,AS,2023-06-10 06:00:00,16.7,67.3,138.9,970.0,Very Severe Cyclonic Storm
2023156N10067,2023,BIPARJOY,AS,2023-06-10 09:00:00,16.9,67.4,148.2,966.0,Very Severe Cyclonic Storm
2023156N10067,2023,BIPARJOY,AS,2023-06-10 12:00:00,17.2,67.3,148.2,964.0,Very Severe Cyclonic Storm
2023156N10067,2023,BIPARJOY,AS,2023-06-10 15:00:00,17.4,67.3,148.2,964.0,Very Severe Cyclonic Storm
2023156N10067,2023,BIPARJOY,AS,2023-06-10 18:00:00,17.5,67.4,157.4,962.0,Very Severe Cyclonic Storm
2023156N10067,2023,BIPARJOY,AS,2023-06-10 21:00:00,17.6,67.4,157.4,962.0,Very Severe Cyclonic Storm
2023156N10067,2023,BIPARJOY,AS,2023-06-11 00:00:00,17.8,67.6,166.7,960.0,Extremely Severe Cyclonic Storm
2023156N10067,2023,BIPARJOY,AS,2023-06-11 03:00:00,18.0,67.7,166.7,958.0,Extremely Severe Cyclonic Storm
2023156N10067,2023,BIPARJOY,AS,2023-06-11 06:00:00,18.3,67.8,166.7,958.0,Extremely Severe Cyclonic Storm
2023156N10067,2023,BIPARJOY,AS,2023-06-11 09:00:00,18.5,67.8,166.7,958.0,Extremely Severe Cyclonic Storm
2023156N10067,2023,BIPARJOY,AS,2023-06-11 12:00:00,18.7,67.8,166.7,958.0,Extremely Severe Cyclonic Storm
2023156N10067,2023,BIPARJOY,AS,2023-06-11 15:00:00,18.8,67.8,166.7,958.0,Extremely Severe Cyclonic Storm
2023156N10067,2023,BIPARJOY,AS,2023-06-11 18:00:00,18.9,67.8,166.7,958.0,Extremely Severe Cyclonic Storm
2023156N10067,2023,BIPARJOY,AS,2023-06-11 21:00:00,19.0,67.7,166.7,958.0,Extremely Severe Cyclonic Storm
2023156N10067,2023,BIPARJOY,AS,2023-06-12 00:00:00,19.2,67.7,166.7,958.0,Extremely Severe Cyclonic Storm
2023156N10067,2023,BIPARJOY,AS,2023-06-12 03:00:00,19.4,67.6,166.7,958.0,Extremely Severe Cyclonic Storm
2023156N10067,2023,BIPARJOY,AS,2023-06-12 06:00:00,19.7,67.5,166.7,958.0,Extremely Severe Cyclonic Storm
2023156N10067,2023,BIPARJOY,AS,2023-06-12 09:00:00,19.8,67.4,166.7,958.0,Extremely Severe Cyclonic Storm
2023156N10067,2023,BIPARJOY,AS,2023-06-12 12:00:00,19.9,67.3,166.7,960.0,Extremely Severe Cyclonic Storm
2023156N10067,2023,BIPARJOY,AS,2023-06-12 15:00:00,20.0,67.2,166.7,960.0,Extremely Severe Cyclonic Storm
2023156N10067,2023,BIPARJOY,AS,2023-06-12 18:00:00,20.2,67.2,157.4,962.0,Very Severe Cyclonic Storm
2023156N10067,2023,BIPARJOY,AS,2023-06-12 21:00:00,20.4,67.2,157.4,962.0,Very Severe Cyclonic Storm
2023156N10067,2023,BIPARJOY,AS,2023-06-13 00:00:00,20.7,67.0,157.4,962.0,Very Severe Cyclonic Storm
2023156N10067,2023,BIPARJOY,AS,2023-06-13 03:00:00,20.9,66.9,157.4,962.0,Very Severe Cyclonic Storm
2023156N10067,2023,BIPARJOY,AS,2023-06-13 06:00:00,21.0,66.8,157.4,962.0,Very Severe Cyclonic Storm
2023156N10067,2023,BIPARJOY,AS,2023-06-13 09:00:00,21.1,66.5,157.4,962.0,Very Severe Cyclonic Storm
2023156N10067,2023,BIPARJOY,AS,2023-06-13 12:00:00,21.2,66.5,157.4,962.0,Very Severe Cyclonic Storm
2023156N10067,2023,BIPARJOY,AS,2023-06-13 15:00:00,21.3,66.4,157.4,962.0,Very Severe Cyclonic Storm
2023156N10067,2023,BIPARJOY,AS,2023-06-13 18:00:00,21.5,66.4,157.4,962.0,Very Severe Cyclonic Storm
2023156N10067,2023,BIPARJOY,AS,2023-06-13 21:00:00,21.5,66.3,157.4,964.0,Very Severe Cyclonic Storm
2023156N10067,2023,BIPARJOY,AS,2023-06-14 00:00:00,21.6,66.3,148.2,966.0,Very Severe Cyclonic Storm
2023156N10067,2023,BIPARJOY,AS,2023-06-14 03:00:00,21.6,66.3,148.2,966.0,Very Severe Cyclonic Storm
2023156N10067,2023,BIPARJOY,AS,2023-06-14 06:00:00,21.6,66.4,148.2,966.0,Very Severe Cyclonic Storm
2023156N10067,2023,BIPARJOY,AS,2023-06-14 09:00:00,21.7,66.6,148.2,966.0,Very Severe Cyclonic Storm
2023156N10067,2023,BIPARJOY,AS,2023-06-14 12:00:00,21.9,66.7,138.9,970.0,Very Severe Cyclonic Storm
2023156N10067,2023,BIPARJOY,AS,2023-06-14 15:00:00,22.1,66.8,129.6,974.0,Very Severe Cyclonic Storm
2023156N10067,2023,BIPARJOY,AS,2023-06-14 18:00:00,22.2,66.8,129.6,974.0,Very Severe Cyclonic Storm
2023156N10067,2023,BIPARJOY,AS,2023-06-14 21:00:00,22.3,66.8,129.6,974.0,Very Severe Cyclonic Storm
2023156N10067,2023,BIPARJOY,AS,2023-06-15 00:00:00,22.3,67.0,129.6,974.0,Very Severe Cyclonic Storm
2023156N10067,2023,BIPARJOY,AS,2023-06-15 03:00:00,22.5,67.1,129.6,974.0,Very Severe Cyclonic Storm
2023156N10067,2023,BIPARJOY,AS,2023-06-15 06:00:00,22.6,67.3,120.4,976.0,Very Severe Cyclonic Storm
2023156N10067,2023,BIPARJOY,AS,2023-06-15 09:00:00,22.7,67.7,120.4,976.0,Very Severe Cyclonic Storm
2023156N10067,2023,BIPARJOY,AS,2023-06-15 12:00:00,22.8,68.1,120.4,976.0,Very Severe Cyclonic Storm
2023156N10067,2023,BIPARJOY,AS,2023-06-15 15:00:00,23.1,68.4,120.4,976.0,Very Severe Cyclonic Storm
2023156N10067,2023,BIPARJOY,AS,2023-06-15 18:00:00,23.3,68.6,111.1,980.0,Severe Cyclonic Storm
2023156N10067,2023,BIPARJOY,AS,2023-06-15 21:00:00,23.4,68.8,92.6,982.0,Severe Cyclonic Storm
2023156N10067,2023,BIPARJOY,AS,2023-06-16 00:00:00,23.5,69.1,92.6,978.0,Severe Cyclonic Storm
2023156N10067,2023,BIPARJOY,AS,2023-06-16 03:00:00,23.5,69.4,83.3,978.0,Cyclonic Storm
2023156N10067,2023,BIPARJOY,AS,2023-06-16 06:00:00,23.7,69.7,74.1,980.0,Cyclonic Storm
2023156N10067,2023,BIPARJOY,AS,2023-06-16 09:00:00,23.9,70.0,74.1,984.0,Cyclonic Storm
2023156N10067,2023,BIPARJOY,AS,2023-06-16 12:00:00,24.2,70.4,64.8,986.0,Cyclonic Storm
2023156N10067,2023,BIPARJOY,AS,2023-06-16 15:00:00,24.5,70.7,64.8,987.0,Cyclonic Storm
2023156N10067,2023,BIPARJOY,AS,2023-06-16 18:00:00,24.6,70.9,55.6,988.0,Deep Depression
2023156N10067,2023,BIPARJOY,AS,2023-06-16 21:00:00,24.7,71.0,55.6,988.0,Deep Depression
2023156N10067,2023,BIPARJOY,AS,2023-06-17 00:00:00,24.8,71.2,55.6,988.0,Deep Depression
2023156N10067,2023,BIPARJOY,AS,2023-06-17 03:00:00,25.0,71.5,55.6,988.0,Deep Depression
2023156N10067,2023,BIPARJOY,AS,2023-06-17 06:00:00,25.3,71.9,55.6,989.0,Deep Depression
2023156N10067,2023,BIPARJOY,AS,2023-06-17 09:00:00,25.5,72.2,51.9,990.0,Deep Depression
2023156N10067,2023,BIPARJOY,AS,2023-06-17 12:00:00,25.6,72.5,46.3,990.0,Depression
2023156N10067,2023,BIPARJOY,AS,2023-06-17 15:00:00,25.7,72.7,46.3,991.0,Depression
2023156N10067,2023,BIPARJOY,AS,2023-06-17 18:00:00,25.8,72.8,46.3,991.0,Depression
2023156N10067,2023,BIPARJOY,AS,2023-06-17 21:00:00,25.9,73.0,46.3,991.0,Depression
2023156N10067,2023,BIPARJOY,AS,2023-06-18 00:00:00,26.0,73.3,46.3,991.0,Depression
2023156N10067,2023,BIPARJOY,AS,2023-06-18 03:00:00,26.2,73.8,46.3,992.0,Depression
2023156N10067,2023,BIPARJOY,AS,2023-06-18 06:00:00,26.3,74.0,46.3,994.0,Depression
2023156N10067,2023,BIPARJOY,AS,2023-06-18 09:00:00,26.3,74.3,42.6,995.0,Depression
2023156N10067,2023,BIPARJOY,AS,2023-06-18 12:00:00,26.3,74.7,37.0,995.0,Depression
2023156N10067,2023,BIPARJOY,AS,2023-06-18 15:00:00,26.3,74.9,37.0,995.0,Depression
2023156N10067,2023,BIPARJOY,AS,2023-06-18 18:00:00,26.3,75.2,37.0,995.0,Depression
2023156N10067,2023,BIPARJOY,AS,2023-06-18 21:00:00,26.3,75.6,37.0,995.0,Depression
2023156N10067,2023,BIPARJOY,AS,2023-06-19 00:00:00,26.3,76.0,37.0,995.0,Depression
2023160N20092,2023,UNNAMED,BB,2023-06-08 12:00:00,19.5,92.1,,,
2023160N20092,2023,UNNAMED,BB,2023-06-08 15:00:00,19.5,91.9,,,
2023160N20092,2023,UNNAMED,BB,2023-06-08 18:00:00,19.6,91.7,,,
2023160N20092,2023,UNNAMED,BB,2023-06-08 21:00:00,19.7,91.6,,,
2023160N20092,2023,UNNAMED,BB,2023-06-09 00:00:00,19.8,91.5,,,
2023160N20092,2023,UNNAMED,BB,2023-06-09 03:00:00,19.9,91.5,,,
2023160N20092,2023,UNNAMED,BB,2023-06-09 06:00:00,19.9,91.5,,,
2023160N20092,2023,UNNAMED,BB,2023-06-09 09:00:00,19.9,91.5,,,
2023160N20092,2023,UNNAMED,BB,2023-06-09 12:00:00,20.0,91.5,,,
2023160N20092,2023,UNNAMED,BB,2023-06-09 15:00:00,20.0,91.5,,,
2023160N20092,2023,UNNAMED,BB,2023-06-09 18:00:00,20.2,91.6,,,
2023160N20092,2023,UNNAMED,BB,2023-06-09 21:00:00,20.6,91.7,,,
2023160N20092,2023,UNNAMED,BB,2023-06-10 00:00:00,21.0,91.8,,,
2023160N20092,2023,UNNAMED,BB,2023-06-10 03:00:00,21.4,91.7,,,
2023160N20092,2023,UNNAMED,BB,2023-06-10 06:00:00,21.8,91.4,,,
2023212N19090,2023,UNNAMED,BB,2023-07-30 12:00:00,19.0,90.0,,,
2023212N19090,2023,UNNAMED,BB,2023-07-30 15:00:00,18.8,90.2,,,
2023212N19090,2023,UNNAMED,BB,2023-07-30 18:00:00,18.7,90.5,,,
2023212N19090,2023,UNNAMED,BB,2023-07-30 21:00:00,18.6,90.8,,,
2023212N19090,2023,UNNAMED,BB,2023-07-31 00:00:00,18.6,91.0,,,
2023212N19090,2023,UNNAMED,BB,2023-07-31 03:00:00,18.6,91.2,,,
2023212N19090,2023,UNNAMED,BB,2023-07-31 06:00:00,18.6,91.3,,,
2023212N19090,2023,UNNAMED,BB,2023-07-31 09:00:00,18.7,91.6,,,
2023212N19090,2023,UNNAMED,BB,2023-07-31 12:00:00,19.0,91.8,,,
2023212N19090,2023,UNNAMED,BB,2023-07-31 15:00:00,19.5,91.9,,,
2023212N19090,2023,UNNAMED,BB,2023-07-31 18:00:00,19.9,92.0,,,
2023212N19090,2023,UNNAMED,BB,2023-07-31 21:00:00,19.8,92.1,,,
2023212N19090,2023,UNNAMED,BB,2023-08-01 00:00:00,20.0,91.9,46.3,992.0,Depression
2023212N19090,2023,UNNAMED,BB,2023-08-01 03:00:00,20.9,91.3,55.6,990.0,Deep Depression
2023212N19090,2023,UNNAMED,BB,2023-08-01 06:00:00,21.6,90.7,55.6,990.0,Deep Depression
2023212N19090,2023,UNNAMED,BB,2023-08-01 09:00:00,22.0,90.2,55.6,989.0,Deep Depression
2023212N19090,2023,UNNAMED,BB,2023-08-01 12:00:00,22.3,89.7,55.6,988.0,Deep Depression
2023212N19090,2023,UNNAMED,BB,2023-08-01 15:00:00,22.6,89.3,55.6,988.0,Deep Depression
2023212N19090,2023,UNNAMED,BB,2023-08-01 18:00:00,22.8,88.8,55.6,988.0,Deep Depression
2023212N19090,2023,UNNAMED,BB,2023-08-01 21:00:00,22.9,88.1,55.6,988.0,Deep Depression
2023212N19090,2023,UNNAMED,BB,2023-08-02 00:00:00,23.1,87.4,55.6,988.0,Deep Depression
2023212N19090,2023,UNNAMED,BB,2023-08-02 03:00:00,23.2,86.9,55.6,989.0,Deep Depression
2023212N19090,2023,UNNAMED,BB,2023-08-02 06:00:00,23.3,86.2,55.6,989.0,Deep Depression
2023212N19090,2023,UNNAMED,BB,2023-08-02 09:00:00,23.3,85.6,51.9,990.0,Deep Depression
2023212N19090,2023,UNNAMED,BB,2023-08-02 12:00:00,23.3,85.1,46.3,990.0,Depression
2023212N19090,2023,UNNAMED,BB,2023-08-02 15:00:00,23.3,84.6,46.3,990.0,Depression
2023212N19090,2023,UNNAMED,BB,2023-08-02 18:00:00,23.3,84.1,46.3,990.0,Depression
2023212N19090,2023,UNNAMED,BB,2023-08-02 21:00:00,23.3,83.7,46.3,990.0,Depression
2023212N19090,2023,UNNAMED,BB,2023-08-03 00:00:00,23.4,83.4,46.3,990.0,Depression
2023212N19090,2023,UNNAMED,BB,2023-08-03 03:00:00,23.5,83.1,46.3,992.0,Depression
2023212N19090,2023,UNNAMED,BB,2023-08-03 06:00:00,23.5,83.1,37.0,993.0,Depression
2023273N16073,2023,UNNAMED,AS,2023-09-30 03:00:00,15.9,72.8,46.3,1002.0,Depression
2023273N16073,2023,UNNAMED,AS,2023-09-30 06:00:00,16.4,73.1,46.3,1002.0,Depression
2023273N16073,2023,UNNAMED,AS,2023-09-30 09:00:00,16.6,73.2,46.3,1002.0,Depression
2023273N16073,2023,UNNAMED,AS,2023-09-30 12:00:00,16.6,73.2,46.3,1002.0,Depression
2023273N16073,2023,UNNAMED,AS,2023-09-30 15:00:00,16.7,73.3,46.3,1002.0,Depression
2023273N16073,2023,UNNAMED,AS,2023-09-30 18:00:00,16.8,73.5,46.3,1002.0,Depression
2023273N16073,2023,UNNAMED,AS,2023-09-30 21:00:00,16.9,73.7,46.3,1003.0,Depression
2023273N16073,2023,UNNAMED,AS,2023-10-01 00:00:00,17.0,74.0,46.3,1003.0,Depression
2023292N11063,2023,TEJ,AS,2023-10-19 06:00:00,10.7,62.6,,,
2023292N11063,2023,TEJ,AS,2023-10-19 09:00:00,10.4,62.5,,,
2023292N11063,2023,TEJ,AS,2023-10-19 12:00:00,10.2,62.4,,,
2023292N11063,2023,TEJ,AS,2023-10-19 15:00:00,10.0,62.4,,,
2023292N11063,2023,TEJ,AS,2023-10-19 18:00:00,9.9,62.3,,,
2023292N11063,2023,TEJ,AS,2023-10-19 21:00:00,9.7,62.2,,,
2023292N11063,2023,TEJ,AS,2023-10-20 00:00:00,9.5,62.1,,,
2023292N11063,2023,TEJ,AS,2023-10-20 03:00:00,9.3,61.8,46.3,1004.0,Depression
2023292N11063,2023,TEJ,AS,2023-10-20 06:00:00,9.3,61.6,46.3,1004.0,Depression
2023292N11063,2023,TEJ,AS,2023-10-20 09:00:00,9.3,61.3,51.9,1004.0,Deep Depression
2023292N11063,2023,TEJ,AS,2023-10-20 12:00:00,9.4,61.1,55.6,1003.0,Deep Depression
2023292N11063,2023,TEJ,AS,2023-10-20 15:00:00,9.5,60.7,55.6,1003.0,Deep Depression
2023292N11063,2023,TEJ,AS,2023-10-20 18:00:00,9.6,60.3,55.6,1002.0,Deep Depression
2023292N11063,2023,TEJ,AS,2023-10-20 21:00:00,9.7,59.7,61.1,1002.0,Deep Depression
2023292N11063,2023,TEJ,AS,2023-10-21 00:00:00,9.9,59.2,64.8,1001.0,Cyclonic Storm
2023292N11063,2023,TEJ,AS,2023-10-21 03:00:00,10.1,58.7,83.3,998.0,Cyclonic Storm
2023292N11063,2023,TEJ,AS,2023-10-21 06:00:00,10.3,58.3,92.6,996.0,Severe Cyclonic Storm
2023292N11063,2023,TEJ,AS,2023-10-21 09:00:00,10.3,57.8,92.6,995.0,Severe Cyclonic Storm
2023292N11063,2023,TEJ,AS,2023-10-21 12:00:00,10.7,57.4,101.9,992.0,Severe Cyclonic Storm
2023292N11063,2023,TEJ,AS,2023-10-21 15:00:00,11.1,57.0,120.4,988.0,Very Severe Cyclonic Storm
2023292N11063,2023,TEJ,AS,2023-10-21 18:00:00,11.4,56.6,138.9,980.0,Very Severe Cyclonic Storm
2023292N11063,2023,TEJ,AS,2023-10-21 21:00:00,11.7,56.1,148.2,976.0,Very Severe Cyclonic Storm
2023292N11063,2023,TEJ,AS,2023-10-22 00:00:00,12.1,55.9,157.4,972.0,Very Severe Cyclonic Storm
2023292N11063,2023,TEJ,AS,2023-10-22 03:00:00,12.4,55.4,175.9,964.0,Extremely Severe Cyclonic Storm
2023292N11063,2023,TEJ,AS,2023-10-22 06:00:00,12.7,55.1,175.9,964.0,Extremely Severe Cyclonic Storm
2023292N11063,2023,TEJ,AS,2023-10-22 09:00:00,13.0,54.7,175.9,964.0,Extremely Severe Cyclonic Storm
2023292N11063,2023,TEJ,AS,2023-10-22 12:00:00,13.4,54.4,175.9,964.0,Extremely Severe Cyclonic Storm
2023292N11063,2023,TEJ,AS,2023-10-22 15:00:00,13.6,54.1,175.9,964.0,Extremely Severe Cyclonic Storm
2023292N11063,2023,TEJ,AS,2023-10-22 18:00:00,13.9,53.9,175.9,964.0,Extremely Severe Cyclonic Storm
2023292N11063,2023,TEJ,AS,2023-10-22 21:00:00,14.1,53.5,175.9,966.0,Extremely Severe Cyclonic Storm
2023292N11063,2023,TEJ,AS,2023-10-23 00:00:00,14.3,53.4,166.7,968.0,Extremely Severe Cyclonic Storm
2023292N11063,2023,TEJ,AS,2023-10-23 03:00:00,14.6,53.1,157.4,972.0,Very Severe Cyclonic Storm
2023292N11063,2023,TEJ,AS,2023-10-23 06:00:00,14.9,52.9,148.2,976.0,Very Severe Cyclonic Storm
2023292N11063,2023,TEJ,AS,2023-10-23 09:00:00,15.1,52.7,148.2,978.0,Very Severe Cyclonic Storm
2023292N11063,2023,TEJ,AS,2023-10-23 12:00:00,15.4,52.7,138.9,981.0,Very Severe Cyclonic Storm
2023292N11063,2023,TEJ,AS,2023-10-23 15:00:00,15.6,52.5,129.6,984.0,Very Severe Cyclonic Storm
2023292N11063,2023,TEJ,AS,2023-10-23 18:00:00,15.8,52.3,129.6,986.0,Very Severe Cyclonic Storm
2023292N11063,2023,TEJ,AS,2023-10-23 21:00:00,15.8,52.3,120.4,988.0,Very Severe Cyclonic Storm
2023292N11063,2023,TEJ,AS,2023-10-24 00:00:00,15.9,52.3,111.1,990.0,Severe Cyclonic Storm
2023292N11063,2023,TEJ,AS,2023-10-24 03:00:00,15.8,51.9,92.6,996.0,Severe Cyclonic Storm
2023292N11063,2023,TEJ,AS,2023-10-24 06:00:00,15.9,51.6,74.1,1000.0,Cyclonic Storm
2023292N11063,2023,TEJ,AS,2023-10-24 09:00:00,16.1,51.4,55.6,1002.0,Deep Depression
2023292N11063,2023,TEJ,AS,2023-10-24 12:00:00,16.4,51.3,46.3,1004.0,Depression
2023293N12089,2023,HAMOON,BB,2023-10-20 06:00:00,12.4,88.6,,,
2023293N12089,2023,HAMOON,BB,2023-10-20 09:00:00,12.6,88.5,,,
2023293N12089,2023,HAMOON,BB,2023-10-20 12:00:00,12.7,88.4,,,
2023293N12089,2023,HAMOON,BB,2023-10-20 15:00:00,12.7,88.2,,,
2023293N12089,2023,HAMOON,BB,2023-10-20 18:00:00,12.8,88.0,,,
2023293N12089,2023,HAMOON,BB,2023-10-20 21:00:00,13.0,87.8,,,
2023293N12089,2023,HAMOON,BB,2023-10-21 00:00:00,13.2,87.5,,,
2023293N12089,2023,HAMOON,BB,2023-10-21 03:00:00,13.4,87.3,,,
2023293N12089,2023,HAMOON,BB,2023-10-21 06:00:00,13.6,87.1,,,
2023293N12089,2023,HAMOON,BB,2023-10-21 09:00:00,14.1,86.5,,,
2023293N12089,2023,HAMOON,BB,2023-10-21 12:00:00,14.6,86.0,,,
2023293N12089,2023,HAMOON,BB,2023-10-21 15:00:00,15.0,85.8,,,
2023293N12089,2023,HAMOON,BB,2023-10-21 18:00:00,15.1,86.0,46.3,1003.0,Depression
2023293N12089,2023,HAMOON,BB,2023-10-21 21:00:00,15.2,86.1,46.3,1003.0,Depression
2023293N12089,2023,HAMOON,BB,2023-10-22 00:00:00,15.2,86.2,46.3,1003.0,Depression
2023293N12089,2023,HAMOON,BB,2023-10-22 03:00:00,15.3,86.2,46.3,1003.0,Depression
2023293N12089,2023,HAMOON,BB,2023-10-22 06:00:00,15.5,86.3,46.3,1003.0,Depression
2023293N12089,2023,HAMOON,BB,2023-10-22 09:00:00,15.7,86.4,46.3,1002.0,Depression
2023293N12089,2023,HAMOON,BB,2023-10-22 12:00:00,15.9,86.6,55.6,1001.0,Deep Depression
2023293N12089,2023,HAMOON,BB,2023-10-22 15:00:00,16.2,86.7,55.6,1001.0,Deep Depression
2023293N12089,2023,HAMOON,BB,2023-10-22 18:00:00,16.2,86.8,55.6,1001.0,Deep Depression
2023293N12089,2023,HAMOON,BB,2023-10-22 21:00:00,16.4,86.8,55.6,1001.0,Deep Depression
2023293N12089,2023,HAMOON,BB,2023-10-23 00:00:00,16.8,86.9,55.6,1001.0,Deep Depression
2023293N12089,2023,HAMOON,BB,2023-10-23 03:00:00,17.1,86.9,55.6,1001.0,Deep Depression
2023293N12089,2023,HAMOON,BB,2023-10-23 06:00:00,17.5,87.0,55.6,1000.0,Deep Depression
2023293N12089,2023,HAMOON,BB,2023-10-23 09:00:00,17.9,87.2,55.6,1000.0,Deep Depression
2023293N12089,2023,HAMOON,BB,2023-10-23 12:00:00,18.4,87.4,64.8,999.0,Cyclonic Storm
2023293N12089,2023,HAMOON,BB,2023-10-23 15:00:00,18.8,87.8,74.1,998.0,Cyclonic Storm
2023293N12089,2023,HAMOON,BB,2023-10-23 18:00:00,19.2,88.2,74.1,998.0,Cyclonic Storm
2023293N12089,2023,HAMOON,BB,2023-10-23 21:00:00,19.4,88.6,92.6,994.0,Severe Cyclonic Storm
2023293N12089,2023,HAMOON,BB,2023-10-24 00:00:00,19.7,89.0,101.9,990.0,Severe Cyclonic Storm
2023293N12089,2023,HAMOON,BB,2023-10-24 03:00:00,20.0,89.6,120.4,984.0,Very Severe Cyclonic Storm
2023293N12089,2023,HAMOON,BB,2023-10-24 06:00:00,20.3,90.2,120.4,985.0,Very Severe Cyclonic Storm
2023293N12089,2023,HAMOON,BB,2023-10-24 09:00:00,20.7,90.8,120.4,986.0,Very Severe Cyclonic Storm
2023293N12089,2023,HAMOON,BB,2023-10-24 12:00:00,21.0,91.2,101.9,988.0,Severe Cyclonic Storm
2023293N12089,2023,HAMOON,BB,2023-10-24 15:00:00,20.9,91.0,101.9,990.0,Severe Cyclonic Storm
2023293N12089,2023,HAMOON,BB,2023-10-24 18:00:00,20.9,90.8,92.6,994.0,Severe Cyclonic Storm
2023293N12089,2023,HAMOON,BB,2023-10-24 21:00:00,21.5,91.5,83.3,996.0,Cyclonic Storm
2023293N12089,2023,HAMOON,BB,2023-10-25 00:00:00,22.2,92.2,64.8,999.0,Cyclonic Storm
2023293N12089,2023,HAMOON,BB,2023-10-25 03:00:00,22.5,92.4,55.6,1003.0,Deep Depression
2023293N12089,2023,HAMOON,BB,2023-10-25 06:00:00,22.7,92.5,46.3,1004.0,Depression
2023317N10094,2023,MIDHILI,BB,2023-11-13 06:00:00,9.9,94.1,,,
2023317N10094,2023,MIDHILI,BB,2023-11-13 09:00:00,10.4,93.9,,,
2023317N10094,2023,MIDHILI,BB,2023-11-13 12:00:00,10.9,93.4,,,
2023317N10094,2023,MIDHILI,BB,2023-11-13 15:00:00,11.4,92.6,,,
2023317N10094,2023,MIDHILI,BB,2023-11-13 18:00:00,11.8,91.7,,,
2023317N10094,2023,MIDHILI,BB,2023-11-13 21:00:00,12.1,91.1,,,
2023317N10094,2023,MIDHILI,BB,2023-11-14 00:00:00,12.4,90.6,,,
2023317N10094,2023,MIDHILI,BB,2023-11-14 03:00:00,12.7,90.0,,,
2023317N10094,2023,MIDHILI,BB,2023-11-14 06:00:00,12.9,89.4,,,
2023317N10094,2023,MIDHILI,BB,2023-11-14 09:00:00,13.2,88.6,,,
2023317N10094,2023,MIDHILI,BB,2023-11-14 12:00:00,13.4,87.9,,,
2023317N10094,2023,MIDHILI,BB,2023-11-14 15:00:00,13.5,87.4,,,
2023317N10094,2023,MIDHILI,BB,2023-11-14 18:00:00,13.6,87.1,,,
2023317N10094,2023,MIDHILI,BB,2023-11-14 21:00:00,13.6,86.7,,,
2023317N10094,2023,MIDHILI,BB,2023-11-15 00:00:00,13.8,86.5,,,
2023317N10094,2023,MIDHILI,BB,2023-11-15 03:00:00,14.3,86.6,46.3,1005.0,Depression
2023317N10094,2023,MIDHILI,BB,2023-11-15 06:00:00,14.8,86.7,46.3,1005.0,Depression
2023317N10094,2023,MIDHILI,BB,2023-11-15 09:00:00,15.1,86.7,46.3,1005.0,Depression
2023317N10094,2023,MIDHILI,BB,2023-11-15 12:00:00,15.4,86.7,46.3,1004.0,Depression
2023317N10094,2023,MIDHILI,BB,2023-11-15 15:00:00,15.7,86.6,46.3,1004.0,Depression
2023317N10094,2023,MIDHILI,BB,2023-11-15 18:00:00,16.1,86.7,46.3,1004.0,Depression
2023317N10094,2023,MIDHILI,BB,2023-11-15 21:00:00,16.6,86.8,51.9,1004.0,Deep Depression
2023317N10094,2023,MIDHILI,BB,2023-11-16 00:00:00,17.2,87.0,55.6,1003.0,Deep Depression
2023317N10094,2023,MIDHILI,BB,2023-11-16 03:00:00,17.5,87.1,55.6,1003.0,Deep Depression
2023317N10094,2023,MIDHILI,BB,2023-11-16 06:00:00,17.9,87.3,55.6,1003.0,Deep Depression
2023317N10094,2023,MIDHILI,BB,2023-11-16 09:00:00,18.3,87.5,55.6,1003.0,Deep Depression
2023317N10094,2023,MIDHILI,BB,2023-11-16 12:00:00,18.6,87.6,55.6,1003.0,Deep Depression
2023317N10094,2023,MIDHILI,BB,2023-11-16 15:00:00,18.8,87.9,55.6,1003.0,Deep Depression
2023317N10094,2023,MIDHILI,BB,2023-11-16 18:00:00,19.2,88.1,55.6,1002.0,Deep Depression
2023317N10094,2023,MIDHILI,BB,2023-11-16 21:00:00,19.6,88.3,61.1,1002.0,Deep Depression
2023317N10094,2023,MIDHILI,BB,2023-11-17 00:00:00,20.2,88.7,64.8,1001.0,Cyclonic Storm
2023317N10094,2023,MIDHILI,BB,2023-11-17 03:00:00,20.8,89.2,74.1,1000.0,Cyclonic Storm
2023317N10094,2023,MIDHILI,BB,2023-11-17 06:00:00,21.4,89.7,83.3,998.0,Cyclonic Storm
2023317N10094,2023,MIDHILI,BB,2023-11-17 09:00:00,22.1,90.3,92.6,996.0,Severe Cyclonic Storm
2023317N10094,2023,MIDHILI,BB,2023-11-17 12:00:00,23.0,91.0,74.1,998.0,Cyclonic Storm
2023317N10094,2023,MIDHILI,BB,2023-11-17 15:00:00,23.3,91.2,64.8,1000.0,Cyclonic Storm
2023317N10094,2023,MIDHILI,BB,2023-11-17 18:00:00,23.4,91.4,55.6,1003.0,Deep Depression
2023317N10094,2023,MIDHILI,BB,2023-11-17 21:00:00,23.5,91.5,46.3,1004.0,Depression
2023317N10094,2023,MIDHILI,BB,2023-11-18 00:00:00,23.7,91.7,37.0,1005.0,Depression
2023334N08088,2023,MICHAUNG,BB,2023-11-30 06:00:00,7.5,88.0,,,
2023334N08088,2023,MICHAUNG,BB,2023-11-30 09:00:00,7.9,87.6,,,
2023334N08088,2023,MICHAUNG,BB,2023-11-30 12:00:00,8.2,87.2,,,
2023334N08088,2023,MICHAUNG,BB,2023-11-30 15:00:00,8.3,86.8,,,
2023334N08088,2023,MICHAUNG,BB,2023-11-30 18:00:00,8.4,86.4,,,
2023334N08088,2023,MICHAUNG,BB,2023-11-30 21:00:00,8.5,86.0,,,
2023334N08088,2023,MICHAUNG,BB,2023-12-01 00:00:00,8.8,85.8,37.0,1002.0,Depression
2023334N08088,2023,MICHAUNG,BB,2023-12-01 03:00:00,9.0,85.6,37.0,1002.0,Depression
2023334N08088,2023,MICHAUNG,BB,2023-12-01 06:00:00,9.2,85.4,46.3,1002.0,Depression
2023334N08088,2023,MICHAUNG,BB,2023-12-01 09:00:00,9.5,85.3,46.3,1002.0,Depression
2023334N08088,2023,MICHAUNG,BB,2023-12-01 12:00:00,9.7,85.1,46.3,1001.0,Depression
2023334N08088,2023,MICHAUNG,BB,2023-12-01 15:00:00,9.8,85.0,46.3,1001.0,Depression
2023334N08088,2023,MICHAUNG,BB,2023-12-01 18:00:00,9.9,84.8,46.3,1000.0,Depression
2023334N08088,2023,MICHAUNG,BB,2023-12-01 21:00:00,9.9,84.5,51.9,999.0,Deep Depression
2023334N08088,2023,MICHAUNG,BB,2023-12-02 00:00:00,10.1,84.1,55.6,998.0,Deep Depression
2023334N08088,2023,MICHAUNG,BB,2023-12-02 03:00:00,10.2,83.8,55.6,997.0,Deep Depression
2023334N08088,2023,MICHAUNG,BB,2023-12-02 06:00:00,10.3,83.6,55.6,997.0,Deep Depression
2023334N08088,2023,MICHAUNG,BB,2023-12-02 09:00:00,10.4,83.5,55.6,997.0,Deep Depression
2023334N08088,2023,MICHAUNG,BB,2023-12-02 12:00:00,10.5,83.5,55.6,997.0,Deep Depression
2023334N08088,2023,MICHAUNG,BB,2023-12-02 15:00:00,10.7,83.3,55.6,997.0,Deep Depression
2023334N08088,2023,MICHAUNG,BB,2023-12-02 18:00:00,10.8,83.1,55.6,996.0,Deep Depression
2023334N08088,2023,MICHAUNG,BB,2023-12-02 21:00:00,11.0,83.0,61.1,996.0,Deep Depression
2023334N08088,2023,MICHAUNG,BB,2023-12-03 00:00:00,11.3,82.9,64.8,995.0,Cyclonic Storm
2023334N08088,2023,MICHAUNG,BB,2023-12-03 03:00:00,11.5,82.7,64.8,995.0,Cyclonic Storm
2023334N08088,2023,MICHAUNG,BB,2023-12-03 06:00:00,11.9,82.5,64.8,995.0,Cyclonic Storm
2023334N08088,2023,MICHAUNG,BB,2023-12-03 09:00:00,12.1,82.4,64.8,995.0,Cyclonic Storm
2023334N08088,2023,MICHAUNG,BB,2023-12-03 12:00:00,12.3,82.3,64.8,995.0,Cyclonic Storm
2023334N08088,2023,MICHAUNG,BB,2023-12-03 15:00:00,12.5,82.1,74.1,994.0,Cyclonic Storm
2023334N08088,2023,MICHAUNG,BB,2023-12-03 18:00:00,12.8,81.8,83.3,992.0,Cyclonic Storm
2023334N08088,2023,MICHAUNG,BB,2023-12-03 21:00:00,12.9,81.6,83.3,992.0,Cyclonic Storm
2023334N08088,2023,MICHAUNG,BB,2023-12-04 00:00:00,13.1,81.4,83.3,992.0,Cyclonic Storm
2023334N08088,2023,MICHAUNG,BB,2023-12-04 03:00:00,13.3,81.1,92.6,988.0,Severe Cyclonic Storm
2023334N08088,2023,MICHAUNG,BB,2023-12-04 06:00:00,13.5,80.9,92.6,988.0,Severe Cyclonic Storm
2023334N08088,2023,MICHAUNG,BB,2023-12-04 09:00:00,13.7,80.7,92.6,988.0,Severe Cyclonic Storm
2023334N08088,2023,MICHAUNG,BB,2023-12-04 12:00:00,14.0,80.6,101.9,986.0,Severe Cyclonic Storm
2023334N08088,2023,MICHAUNG,BB,2023-12-04 15:00:00,14.2,80.4,101.9,986.0,Severe Cyclonic Storm
2023334N08088,2023,MICHAUNG,BB,2023-12-04 18:00:00,14.4,80.3,101.9,986.0,Severe Cyclonic Storm
2023334N08088,2023,MICHAUNG,BB,2023-12-04 21:00:00,14.6,80.2,101.9,986.0,Severe Cyclonic Storm
2023334N08088,2023,MICHAUNG,BB,2023-12-05 00:00:00,14.9,80.1,92.6,988.0,Severe Cyclonic Storm
2023334N08088,2023,MICHAUNG,BB,2023-12-05 03:00:00,15.2,80.1,92.6,988.0,Severe Cyclonic Storm
2023334N08088,2023,MICHAUNG,BB,2023-12-05 06:00:00,15.6,80.2,92.6,988.0,Severe Cyclonic Storm
2023334N08088,2023,MICHAUNG,BB,2023-12-05 09:00:00,15.8,80.2,92.6,990.0,Severe Cyclonic Storm
2023334N08088,2023,MICHAUNG,BB,2023-12-05 12:00:00,16.0,80.2,74.1,996.0,Cyclonic Storm
2023334N08088,2023,MICHAUNG,BB,2023-12-05 15:00:00,16.4,80.3,64.8,998.0,Cyclonic Storm
2023334N08088,2023,MICHAUNG,BB,2023-12-05 18:00:00,16.9,80.4,55.6,1000.0,Deep Depression
2023334N08088,2023,MICHAUNG,BB,2023-12-05 21:00:00,17.1,80.5,46.3,1002.0,Depression
2023334N08088,2023,MICHAUNG,BB,2023-12-06 00:00:00,17.3,80.6,37.0,1004.0,Depression
2023334N08088,2023,MICHAUNG,BB,2023-12-06 03:00:00,17.7,80.8,,,
2023334N08088,2023,MICHAUNG,BB,2023-12-06 06:00:00,18.3,81.1,,,
2024145N14087,2024,REMAL,BB,2024-05-23 12:00:00,13.6,86.6,,,
2024145N14087,2024,REMAL,BB,2024-05-23 15:00:00,13.9,87.2,,,
2024145N14087,2024,REMAL,BB,2024-05-23 18:00:00,14.3,87.7,,,
2024145N14087,2024,REMAL,BB,2024-05-23 21:00:00,14.7,88.2,,,
2024145N14087,2024,REMAL,BB,2024-05-24 00:00:00,15.2,88.6,46.3,996.0,Depression
2024145N14087,2024,REMAL,BB,2024-05-24 03:00:00,15.5,89.0,46.3,996.0,Depression
2024145N14087,2024,REMAL,BB,2024-05-24 06:00:00,15.9,89.3,46.3,996.0,Depression
2024145N14087,2024,REMAL,BB,2024-05-24 09:00:00,16.1,89.4,46.3,996.0,Depression
2024145N14087,2024,REMAL,BB,2024-05-24 12:00:00,16.4,89.6,46.3,995.0,Depression
2024145N14087,2024,REMAL,BB,2024-05-24 15:00:00,16.7,89.7,46.3,995.0,Depression
2024145N14087,2024,REMAL,BB,2024-05-24 18:00:00,17.0,89.9,46.3,995.0,Depression
2024145N14087,2024,REMAL,BB,2024-05-24 21:00:00,17.2,89.9,51.9,994.0,Deep Depression
2024145N14087,2024,REMAL,BB,2024-05-25 00:00:00,17.6,90.0,55.6,993.0,Deep Depression
2024145N14087,2024,REMAL,BB,2024-05-25 03:00:00,17.9,89.8,55.6,992.0,Deep Depression
2024145N14087,2024,REMAL,BB,2024-05-25 06:00:00,18.2,89.6,55.6,991.0,Deep Depression
2024145N14087,2024,REMAL,BB,2024-05-25 09:00:00,18.4,89.5,61.1,990.0,Deep Depression
2024145N14087,2024,REMAL,BB,2024-05-25 12:00:00,18.7,89.3,64.8,989.0,Cyclonic Storm
2024145N14087,2024,REMAL,BB,2024-05-25 15:00:00,18.9,89.2,64.8,989.0,Cyclonic Storm
2024145N14087,2024,REMAL,BB,2024-05-25 18:00:00,19.2,89.2,74.1,988.0,Cyclonic Storm
2024145N14087,2024,REMAL,BB,2024-05-25 21:00:00,19.4,89.2,83.3,986.0,Cyclonic Storm
2024145N14087,2024,REMAL,BB,2024-05-26 00:00:00,19.6,89.2,92.6,984.0,Severe Cyclonic Storm
2024145N14087,2024,REMAL,BB,2024-05-26 03:00:00,19.9,89.1,92.6,984.0,Severe Cyclonic Storm
2024145N14087,2024,REMAL,BB,2024-05-26 06:00:00,20.3,89.1,92.6,983.0,Severe Cyclonic Storm
2024145N14087,2024,REMAL,BB,2024-05-26 09:00:00,20.6,89.1,101.9,981.0,Severe Cyclonic Storm
2024145N14087,2024,REMAL,BB,2024-05-26 12:00:00,21.2,89.1,111.1,978.0,Severe Cyclonic Storm
2024145N14087,2024,REMAL,BB,2024-05-26 14:00:00,21.5,89.0,111.1,978.0,Severe Cyclonic Storm
2024145N14087,2024,REMAL,BB,2024-05-26 15:00:00,21.6,89.0,111.1,978.0,Severe Cyclonic Storm
2024145N14087,2024,REMAL,BB,2024-05-26 18:00:00,22.0,88.9,111.1,978.0,Severe Cyclonic Storm
2024145N14087,2024,REMAL,BB,2024-05-26 21:00:00,22.2,88.9,101.9,980.0,Severe Cyclonic Storm
2024145N14087,2024,REMAL,BB,2024-05-27 00:00:00,22.6,89.0,83.3,982.0,Cyclonic Storm
2024145N14087,2024,REMAL,BB,2024-05-27 03:00:00,22.8,89.1,74.1,984.0,Cyclonic Storm
2024145N14087,2024,REMAL,BB,2024-05-27 06:00:00,23.1,89.1,64.8,985.0,Cyclonic Storm
2024145N14087,2024,REMAL,BB,2024-05-27 09:00:00,23.3,89.3,64.8,986.0,Cyclonic Storm
2024145N14087,2024,REMAL,BB,2024-05-27 12:00:00,23.6,89.6,64.8,987.0,Cyclonic Storm
2024145N14087,2024,REMAL,BB,2024-05-27 15:00:00,23.8,90.1,55.6,988.0,Deep Depression
2024145N14087,2024,REMAL,BB,2024-05-27 18:00:00,24.1,90.5,55.6,990.0,Deep Depression
2024145N14087,2024,REMAL,BB,2024-05-27 21:00:00,24.3,90.8,46.3,991.0,Depression
2024145N14087,2024,REMAL,BB,2024-05-28 00:00:00,24.5,91.1,37.0,991.0,Depression
2024145N14087,2024,REMAL,BB,2024-05-28 03:00:00,24.7,91.5,37.0,992.0,Depression
2024145N14087,2024,REMAL,BB,2024-05-28 06:00:00,25.1,91.8,37.0,993.0,Depression
2024201N19086,2024,UNNAMED,BB,2024-07-19 03:00:00,19.1,86.2,46.3,992.0,Depression
2024201N19086,2024,UNNAMED,BB,2024-07-19 06:00:00,19.2,86.0,46.3,992.0,Depression
2024201N19086,2024,UNNAMED,BB,2024-07-19 09:00:00,19.3,85.8,46.3,991.0,Depression
2024201N19086,2024,UNNAMED,BB,2024-07-19 12:00:00,19.4,85.7,46.3,990.0,Depression
2024201N19086,2024,UNNAMED,BB,2024-07-19 15:00:00,19.5,85.6,46.3,990.0,Depression
2024201N19086,2024,UNNAMED,BB,2024-07-19 18:00:00,19.5,85.6,46.3,990.0,Depression
2024201N19086,2024,UNNAMED,BB,2024-07-19 21:00:00,19.6,85.5,46.3,991.0,Depression
2024201N19086,2024,UNNAMED,BB,2024-07-20 00:00:00,19.6,85.5,46.3,991.0,Depression
2024201N19086,2024,UNNAMED,BB,2024-07-20 03:00:00,19.6,85.5,46.3,992.0,Depression
2024201N19086,2024,UNNAMED,BB,2024-07-20 06:00:00,19.7,85.4,46.3,992.0,Depression
2024216N24085,2024,UNNAMED,BB,2024-08-02 12:00:00,24.2,85.2,37.0,992.0,Depression
2024216N24085,2024,UNNAMED,BB,2024-08-02 15:00:00,24.2,85.0,37.0,992.0,Depression
2024216N24085,2024,UNNAMED,BB,2024-08-02 18:00:00,24.2,84.9,37.0,992.0,Depression
2024216N24085,2024,UNNAMED,BB,2024-08-02 21:00:00,24.2,84.8,42.6,992.0,Depression
2024216N24085,2024,UNNAMED,BB,2024-08-03 00:00:00,24.3,84.6,46.3,991.0,Depression
2024216N24085,2024,UNNAMED,BB,2024-08-03 03:00:00,24.4,84.4,55.6,990.0,Deep Depression
2024216N24085,2024,UNNAMED,BB,2024-08-03 06:00:00,24.5,84.2,55.6,988.0,Deep Depression
2024216N24085,2024,UNNAMED,BB,2024-08-03 09:00:00,24.7,83.7,55.6,988.0,Deep Depression
2024216N24085,2024,UNNAMED,BB,2024-08-03 12:00:00,24.8,83.0,55.6,988.0,Deep Depression
2024216N24085,2024,UNNAMED,BB,2024-08-03 15:00:00,24.8,82.2,55.6,989.0,Deep Depression
2024216N24085,2024,UNNAMED,BB,2024-08-03 18:00:00,24.8,81.5,55.6,990.0,Deep Depression
2024216N24085,2024,UNNAMED,BB,2024-08-03 21:00:00,24.8,81.2,55.6,990.0,Deep Depression
2024216N24085,2024,UNNAMED,BB,2024-08-04 00:00:00,24.9,81.0,55.6,990.0,Deep Depression
2024216N24085,2024,UNNAMED,BB,2024-08-04 03:00:00,25.0,80.7,55.6,991.0,Deep Depression
2024216N24085,2024,UNNAMED,BB,2024-08-04 06:00:00,25.3,79.6,55.6,992.0,Deep Depression
2024216N24085,2024,UNNAMED,BB,2024-08-04 09:00:00,25.6,78.9,55.6,992.0,Deep Depression
2024216N24085,2024,UNNAMED,BB,2024-08-04 12:00:00,25.8,78.4,55.6,992.0,Deep Depression
2024216N24085,2024,UNNAMED,BB,2024-08-04 15:00:00,25.9,78.0,55.6,993.0,Deep Depression
2024216N24085,2024,UNNAMED,AS,2024-08-04 18:00:00,26.0,77.6,55.6,993.0,Deep Depression
2024216N24085,2024,UNNAMED,AS,2024-08-04 21:00:00,26.1,76.9,51.9,993.0,Deep Depression
2024216N24085,2024,UNNAMED,AS,2024-08-05 00:00:00,26.3,76.2,46.3,993.0,Depression
2024216N24085,2024,UNNAMED,AS,2024-08-05 03:00:00,26.5,75.6,46.3,993.0,Depression
2024216N24085,2024,UNNAMED,AS,2024-08-05 06:00:00,26.8,75.2,46.3,994.0,Depression
2024216N24085,2024,UNNAMED,AS,2024-08-05 09:00:00,27.2,74.4,42.6,994.0,Depression
2024216N24085,2024,UNNAMED,AS,2024-08-05 12:00:00,27.6,73.5,37.0,994.0,Depression
2024216N24085,2024,UNNAMED,AS,2024-08-05 15:00:00,28.2,72.7,37.0,995.0,Depression
2024216N24085,2024,UNNAMED,AS,2024-08-05 18:00:00,28.8,72.0,37.0,996.0,Depression
2024238N25077,2024,ASNA,AS,2024-08-25 00:00:00,24.5,77.3,37.0,997.0,Depression
2024238N25077,2024,ASNA,AS,2024-08-25 03:00:00,24.6,76.9,37.0,997.0,Depression
2024238N25077,2024,ASNA,AS,2024-08-25 06:00:00,24.6,76.5,37.0,996.0,Depression
2024238N25077,2024,ASNA,AS,2024-08-25 09:00:00,24.5,76.1,42.6,996.0,Depression
2024238N25077,2024,ASNA,AS,2024-08-25 12:00:00,24.4,75.6,46.3,996.0,Depression
2024238N25077,2024,ASNA,AS,2024-08-25 15:00:00,24.3,75.1,51.9,996.0,Deep Depression
2024238N25077,2024,ASNA,AS,2024-08-25 18:00:00,24.3,74.7,55.6,995.0,Deep Depression
2024238N25077,2024,ASNA,AS,2024-08-25 21:00:00,24.3,74.4,55.6,995.0,Deep Depression
2024238N25077,2024,ASNA,AS,2024-08-26 00:00:00,24.2,74.2,55.6,995.0,Deep Depression
2024238N25077,2024,ASNA,AS,2024-08-26 03:00:00,24.1,74.0,55.6,995.0,Deep Depression
2024238N25077,2024,ASNA,AS,2024-08-26 06:00:00,23.8,73.6,55.6,995.0,Deep Depression
2024238N25077,2024,ASNA,AS,2024-08-26 09:00:00,23.7,73.3,55.6,995.0,Deep Depression
2024238N25077,2024,ASNA,AS,2024-08-26 12:00:00,23.8,73.0,55.6,995.0,Deep Depression
2024238N25077,2024,ASNA,AS,2024-08-26 15:00:00,23.8,72.7,55.6,995.0,Deep Depression
2024238N25077,2024,ASNA,AS,2024-08-26 18:00:00,23.8,72.4,55.6,995.0,Deep Depression
2024238N25077,2024,ASNA,AS,2024-08-26 21:00:00,23.8,72.3,55.6,995.0,Deep Depression
2024238N25077,2024,ASNA,AS,2024-08-27 00:00:00,23.8,72.2,55.6,995.0,Deep Depression
2024238N25077,2024,ASNA,AS,2024-08-27 03:00:00,23.8,72.0,55.6,995.0,Deep Depression
2024238N25077,2024,ASNA,AS,2024-08-27 06:00:00,23.7,71.7,55.6,995.0,Deep Depression
2024238N25077,2024,ASNA,AS,2024-08-27 09:00:00,23.7,71.3,55.6,995.0,Deep Depression
2024238N25077,2024,ASNA,AS,2024-08-27 12:00:00,23.8,70.9,55.6,995.0,Deep Depression
2024238N25077,2024,ASNA,AS,2024-08-27 15:00:00,23.9,70.6,55.6,995.0,Deep Depression
2024238N25077,2024,ASNA,AS,2024-08-27 18:00:00,24.0,70.4,55.6,995.0,Deep Depression
2024238N25077,2024,ASNA,AS,2024-08-27 21:00:00,24.0,70.1,55.6,995.0,Deep Depression
2024238N25077,2024,ASNA,AS,2024-08-28 00:00:00,24.0,70.0,55.6,995.0,Deep Depression
2024238N25077,2024,ASNA,AS,2024-08-28 03:00:00,24.0,69.8,55.6,995.0,Deep Depression
2024238N25077,2024,ASNA,AS,2024-08-28 06:00:00,23.9,69.8,55.6,994.0,Deep Depression
2024238N25077,2024,ASNA,AS,2024-08-28 09:00:00,23.8,69.8,55.6,994.0,Deep Depression
2024238N25077,2024,ASNA,AS,2024-08-28 12:00:00,23.8,69.8,55.6,994.0,Deep Depression
2024238N25077,2024,ASNA,AS,2024-08-28 15:00:00,23.8,69.8,55.6,994.0,Deep Depression
2024238N25077,2024,ASNA,AS,2024-08-28 18:00:00,23.8,69.7,55.6,994.0,Deep Depression
2024238N25077,2024,ASNA,AS,2024-08-28 21:00:00,23.8,69.6,55.6,994.0,Deep Depression
2024238N25077,2024,ASNA,AS,2024-08-29 00:00:00,23.8,69.5,55.6,994.0,Deep Depression
2024238N25077,2024,ASNA,AS,2024-08-29 03:00:00,23.7,69.4,55.6,994.0,Deep Depression
2024238N25077,2024,ASNA,AS,2024-08-29 06:00:00,23.7,69.5,55.6,994.0,Deep Depression
2024238N25077,2024,ASNA,AS,2024-08-29 09:00:00,23.6,69.4,55.6,994.0,Deep Depression
2024238N25077,2024,ASNA,AS,2024-08-29 12:00:00,23.6,69.3,55.6,994.0,Deep Depression
2024238N25077,2024,ASNA,AS,2024-08-29 15:00:00,23.5,69.2,55.6,994.0,Deep Depression
2024238N25077,2024,ASNA,AS,2024-08-29 18:00:00,23.5,69.0,55.6,994.0,Deep Depression
2024238N25077,2024,ASNA,AS,2024-08-29 21:00:00,23.4,68.7,55.6,994.0,Deep Depression
2024238N25077,2024,ASNA,AS,2024-08-30 00:00:00,23.3,68.5,55.6,994.0,Deep Depression
2024238N25077,2024,ASNA,AS,2024-08-30 03:00:00,23.3,68.2,55.6,994.0,Deep Depression
2024238N25077,2024,ASNA,AS,2024-08-30 06:00:00,23.4,68.0,64.8,993.0,Cyclonic Storm
2024238N25077,2024,ASNA,AS,2024-08-30 09:00:00,23.4,67.5,64.8,993.0,Cyclonic Storm
2024238N25077,2024,ASNA,AS,2024-08-30 12:00:00,23.4,67.1,64.8,993.0,Cyclonic Storm
2024238N25077,2024,ASNA,AS,2024-08-30 15:00:00,23.5,66.9,64.8,992.0,Cyclonic Storm
2024238N25077,2024,ASNA,AS,2024-08-30 18:00:00,23.6,66.4,64.8,992.0,Cyclonic Storm
2024238N25077,2024,ASNA,AS,2024-08-30 21:00:00,23.5,66.1,64.8,992.0,Cyclonic Storm
2024238N25077,2024,ASNA,AS,2024-08-31 00:00:00,23.5,65.7,74.1,991.0,Cyclonic Storm
2024238N25077,2024,ASNA,AS,2024-08-31 03:00:00,23.5,65.2,74.1,991.0,Cyclonic Storm
2024238N25077,2024,ASNA,AS,2024-08-31 06:00:00,23.5,64.9,74.1,991.0,Cyclonic Storm
2024238N25077,2024,ASNA,AS,2024-08-31 09:00:00,23.4,64.4,74.1,991.0,Cyclonic Storm
2024238N25077,2024,ASNA,AS,2024-08-31 12:00:00,23.5,64.2,74.1,990.0,Cyclonic Storm
2024238N25077,2024,ASNA,AS,2024-08-31 15:00:00,23.4,63.7,74.1,990.0,Cyclonic Storm
2024238N25077,2024,ASNA,AS,2024-08-31 18:00:00,23.4,63.5,74.1,990.0,Cyclonic Storm
2024238N25077,2024,ASNA,AS,2024-08-31 21:00:00,23.3,63.0,74.1,990.0,Cyclonic Storm
2024238N25077,2024,ASNA,AS,2024-09-01 00:00:00,23.1,62.6,74.1,990.0,Cyclonic Storm
2024238N25077,2024,ASNA,AS,2024-09-01 03:00:00,22.9,62.3,64.8,992.0,Cyclonic Storm
2024238N25077,2024,ASNA,AS,2024-09-01 06:00:00,22.7,62.1,64.8,993.0,Cyclonic Storm
2024238N25077,2024,ASNA,AS,2024-09-01 09:00:00,22.5,61.9,64.8,993.0,Cyclonic Storm
2024238N25077,2024,ASNA,AS,2024-09-01 12:00:00,22.2,61.8,55.6,996.0,Deep Depression
2024238N25077,2024,ASNA,AS,2024-09-01 15:00:00,21.9,61.7,55.6,997.0,Deep Depression
2024238N25077,2024,ASNA,AS,2024-09-01 18:00:00,21.7,61.6,55.6,998.0,Deep Depression
2024238N25077,2024,ASNA,AS,2024-09-01 21:00:00,21.4,61.5,46.3,999.0,Depression
2024238N25077,2024,ASNA,AS,2024-09-02 00:00:00,21.2,61.4,37.0,999.0,Depression
2024238N25077,2024,ASNA,AS,2024-09-02 03:00:00,20.9,61.2,37.0,1000.0,Depression
2024238N25077,2024,ASNA,AS,2024-09-02 06:00:00,20.6,61.1,,,
2024238N25077,2024,ASNA,AS,2024-09-02 09:00:00,20.4,61.0,,,
2024238N25077,2024,ASNA,AS,2024-09-02 12:00:00,20.2,61.0,,,
2024238N25077,2024,ASNA,AS,2024-09-02 15:00:00,19.9,60.9,,,
2024238N25077,2024,ASNA,AS,2024-09-02 18:00:00,19.7,60.9,,,
2024238N25077,2024,ASNA,AS,2024-09-02 21:00:00,19.7,60.9,,,
2024238N25077,2024,ASNA,AS,2024-09-03 00:00:00,19.8,60.8,,,
2024238N25077,2024,ASNA,AS,2024-09-03 03:00:00,19.9,60.7,,,
2024238N25077,2024,ASNA,AS,2024-09-03 06:00:00,19.9,60.7,,,
2024244N18085,2024,UNNAMED,BB,2024-08-31 00:00:00,17.5,84.6,46.3,998.0,Depression
2024244N18085,2024,UNNAMED,BB,2024-08-31 03:00:00,17.7,84.5,46.3,997.0,Depression
2024244N18085,2024,UNNAMED,BB,2024-08-31 06:00:00,17.9,84.3,46.3,996.0,Depression
2024244N18085,2024,UNNAMED,BB,2024-08-31 09:00:00,18.0,84.1,46.3,997.0,Depression
2024244N18085,2024,UNNAMED,BB,2024-08-31 12:00:00,18.1,84.0,46.3,997.0,Depression
2024244N18085,2024,UNNAMED,BB,2024-08-31 15:00:00,18.1,83.9,46.3,997.0,Depression
2024244N18085,2024,UNNAMED,BB,2024-08-31 18:00:00,18.2,83.8,46.3,997.0,Depression
2024244N18085,2024,UNNAMED,BB,2024-08-31 21:00:00,18.3,83.5,46.3,997.0,Depression
2024244N18085,2024,UNNAMED,BB,2024-09-01 00:00:00,18.5,83.0,46.3,997.0,Depression
2024244N18085,2024,UNNAMED,BB,2024-09-01 03:00:00,18.7,82.4,46.3,998.0,Depression
2024244N18085,2024,UNNAMED,BB,2024-09-01 06:00:00,18.7,82.1,37.0,999.0,Depression
2024244N18085,2024,UNNAMED,BB,2024-09-01 09:00:00,18.8,81.7,37.0,999.0,Depression
2024244N18085,2024,UNNAMED,BB,2024-09-01 12:00:00,19.0,81.2,37.0,999.0,Depression
2024244N18085,2024,UNNAMED,BB,2024-09-01 15:00:00,19.2,80.8,37.0,999.0,Depression
2024244N18085,2024,UNNAMED,BB,2024-09-01 18:00:00,19.3,80.4,37.0,999.0,Depression
2024244N18085,2024,UNNAMED,BB,2024-09-01 21:00:00,19.5,80.2,37.0,999.0,Depression
2024244N18085,2024,UNNAMED,BB,2024-09-02 00:00:00,19.6,80.0,37.0,999.0,Depression
2024244N18085,2024,UNNAMED,BB,2024-09-02 03:00:00,19.7,79.7,37.0,999.0,Depression
2024244N18085,2024,UNNAMED,BB,2024-09-02 06:00:00,19.8,79.5,37.0,999.0,Depression
2024252N18087,2024,UNNAMED,BB,2024-09-08 00:00:00,17.9,87.0,46.3,998.0,Depression
2024252N18087,2024,UNNAMED,BB,2024-09-08 03:00:00,18.2,86.8,46.3,998.0,Depression
2024252N18087,2024,UNNAMED,BB,2024-09-08 06:00:00,18.4,86.7,46.3,997.0,Depression
2024252N18087,2024,UNNAMED,BB,2024-09-08 09:00:00,18.5,86.5,46.3,996.0,Depression
2024252N18087,2024,UNNAMED,BB,2024-09-08 12:00:00,18.6,86.4,46.3,995.0,Depression
2024252N18087,2024,UNNAMED,BB,2024-09-08 15:00:00,18.7,86.3,51.9,994.0,Deep Depression
2024252N18087,2024,UNNAMED,BB,2024-09-08 18:00:00,18.9,86.3,55.6,993.0,Deep Depression
2024252N18087,2024,UNNAMED,BB,2024-09-08 21:00:00,19.1,86.2,55.6,992.0,Deep Depression
2024252N18087,2024,UNNAMED,BB,2024-09-09 00:00:00,19.3,86.2,55.6,991.0,Deep Depression
2024252N18087,2024,UNNAMED,BB,2024-09-09 03:00:00,19.6,86.2,55.6,991.0,Deep Depression
2024252N18087,2024,UNNAMED,BB,2024-09-09 06:00:00,20.0,86.0,55.6,992.0,Deep Depression
2024252N18087,2024,UNNAMED,BB,2024-09-09 09:00:00,20.4,85.6,55.6,993.0,Deep Depression
2024252N18087,2024,UNNAMED,BB,2024-09-09 12:00:00,20.8,85.1,55.6,994.0,Deep Depression
2024252N18087,2024,UNNAMED,BB,2024-09-09 15:00:00,21.1,84.8,51.9,995.0,Deep Depression
2024252N18087,2024,UNNAMED,BB,2024-09-09 18:00:00,21.3,84.4,46.3,995.0,Depression
2024252N18087,2024,UNNAMED,BB,2024-09-09 21:00:00,21.5,83.9,46.3,995.0,Depression
2024252N18087,2024,UNNAMED,BB,2024-09-10 00:00:00,21.7,83.3,46.3,995.0,Depression
2024252N18087,2024,UNNAMED,BB,2024-09-10 03:00:00,21.8,82.8,46.3,996.0,Depression
2024252N18087,2024,UNNAMED,BB,2024-09-10 06:00:00,21.9,82.1,46.3,996.0,Depression
2024255N24080,2024,UNNAMED,BB,2024-09-11 03:00:00,24.0,80.0,37.0,995.0,Depression
2024255N24080,2024,UNNAMED,BB,2024-09-11 06:00:00,24.2,79.9,37.0,995.0,Depression
2024255N24080,2024,UNNAMED,BB,2024-09-11 09:00:00,24.5,79.8,42.6,995.0,Depression
2024255N24080,2024,UNNAMED,BB,2024-09-11 12:00:00,25.0,79.6,46.3,994.0,Depression
2024255N24080,2024,UNNAMED,BB,2024-09-11 15:00:00,25.6,78.9,46.3,994.0,Depression
2024255N24080,2024,UNNAMED,BB,2024-09-11 18:00:00,26.2,78.2,46.3,994.0,Depression
2024255N24080,2024,UNNAMED,BB,2024-09-11 21:00:00,26.5,78.1,46.3,994.0,Depression
2024255N24080,2024,UNNAMED,BB,2024-09-12 00:00:00,26.7,78.3,46.3,994.0,Depression
2024255N24080,2024,UNNAMED,BB,2024-09-12 03:00:00,27.0,78.5,46.3,994.0,Depression
2024255N24080,2024,UNNAMED,BB,2024-09-12 06:00:00,27.3,78.7,46.3,994.0,Depression
2024255N24080,2024,UNNAMED,BB,2024-09-12 09:00:00,27.4,78.9,42.6,995.0,Depression
2024255N24080,2024,UNNAMED,BB,2024-09-12 12:00:00,27.5,79.1,37.0,995.0,Depression
2024255N24080,2024,UNNAMED,BB,2024-09-12 15:00:00,27.6,79.3,37.0,995.0,Depression
2024255N24080,2024,UNNAMED,BB,2024-09-12 18:00:00,27.7,79.5,37.0,995.0,Depression
2024255N24080,2024,UNNAMED,BB,2024-09-12 21:00:00,27.9,79.5,37.0,995.0,Depression
2024255N24080,2024,UNNAMED,BB,2024-09-13 00:00:00,28.2,79.3,37.0,995.0,Depression
2024258N22091,2024,UNNAMED,BB,2024-09-13 12:00:00,22.0,90.8,37.0,993.0,Depression
2024258N22091,2024,UNNAMED,BB,2024-09-13 15:00:00,22.2,90.6,42.6,993.0,Depression
2024258N22091,2024,UNNAMED,BB,2024-09-13 18:00:00,22.3,90.4,46.3,992.0,Depression
2024258N22091,2024,UNNAMED,BB,2024-09-13 21:00:00,22.4,90.1,51.9,991.0,Deep Depression
2024258N22091,2024,UNNAMED,BB,2024-09-14 00:00:00,22.5,89.6,55.6,990.0,Deep Depression
2024258N22091,2024,UNNAMED,BB,2024-09-14 03:00:00,22.7,88.8,55.6,990.0,Deep Depression
2024258N22091,2024,UNNAMED,BB,2024-09-14 06:00:00,22.4,88.3,55.6,990.0,Deep Depression
2024258N22091,2024,UNNAMED,BB,2024-09-14 09:00:00,22.3,88.3,55.6,990.0,Deep Depression
2024258N22091,2024,UNNAMED,BB,2024-09-14 12:00:00,22.4,88.5,55.6,989.0,Deep Depression
2024258N22091,2024,UNNAMED,BB,2024-09-14 15:00:00,22.5,88.6,55.6,989.0,Deep Depression
2024258N22091,2024,UNNAMED,BB,2024-09-14 18:00:00,22.6,88.5,55.6,989.0,Deep Depression
2024258N22091,2024,UNNAMED,BB,2024-09-14 21:00:00,22.6,88.3,55.6,989.0,Deep Depression
2024258N22091,2024,UNNAMED,BB,2024-09-15 00:00:00,22.6,88.0,55.6,989.0,Deep Depression
2024258N22091,2024,UNNAMED,BB,2024-09-15 03:00:00,22.6,87.8,55.6,990.0,Deep Depression
2024258N22091,2024,UNNAMED,BB,2024-09-15 06:00:00,22.7,87.6,55.6,990.0,Deep Depression
2024258N22091,2024,UNNAMED,BB,2024-09-15 09:00:00,22.8,87.5,55.6,990.0,Deep Depression
2024258N22091,2024,UNNAMED,BB,2024-09-15 12:00:00,22.8,87.4,55.6,990.0,Deep Depression
2024258N22091,2024,UNNAMED,BB,2024-09-15 15:00:00,22.8,87.3,55.6,990.0,Deep Depression
2024258N22091,2024,UNNAMED,BB,2024-09-15 18:00:00,22.9,87.2,55.6,990.0,Deep Depression
2024258N22091,2024,UNNAMED,BB,2024-09-15 21:00:00,22.9,87.1,55.6,990.0,Deep Depression
2024258N22091,2024,UNNAMED,BB,2024-09-16 00:00:00,23.0,87.0,55.6,990.0,Deep Depression
2024258N22091,2024,UNNAMED,BB,2024-09-16 03:00:00,23.1,86.7,55.6,990.0,Deep Depression
2024258N22091,2024,UNNAMED,BB,2024-09-16 06:00:00,23.2,86.4,55.6,990.0,Deep Depression
2024258N22091,2024,UNNAMED,BB,2024-09-16 09:00:00,23.3,85.8,55.6,990.0,Deep Depression
2024258N22091,2024,UNNAMED,BB,2024-09-16 12:00:00,23.3,85.2,55.6,990.0,Deep Depression
2024258N22091,2024,UNNAMED,BB,2024-09-16 15:00:00,23.3,84.8,55.6,991.0,Deep Depression
2024258N22091,2024,UNNAMED,BB,2024-09-16 18:00:00,23.4,84.6,55.6,991.0,Deep Depression
2024258N22091,2024,UNNAMED,BB,2024-09-16 21:00:00,23.5,84.4,51.9,992.0,Deep Depression
2024258N22091,2024,UNNAMED,BB,2024-09-17 00:00:00,23.6,84.2,46.3,992.0,Depression
2024258N22091,2024,UNNAMED,BB,2024-09-17 03:00:00,23.7,83.7,46.3,993.0,Depression
2024258N22091,2024,UNNAMED,BB,2024-09-17 06:00:00,23.7,82.7,37.0,995.0,Depression
2024258N22091,2024,UNNAMED,BB,2024-09-17 09:00:00,23.8,81.9,37.0,995.0,Depression
2024258N22091,2024,UNNAMED,BB,2024-09-17 12:00:00,24.0,81.3,37.0,995.0,Depression
2024258N22091,2024,UNNAMED,BB,2024-09-17 15:00:00,24.1,80.8,37.0,995.0,Depression
2024258N22091,2024,UNNAMED,BB,2024-09-17 18:00:00,24.2,80.3,37.0,995.0,Depression
2024288N16065,2024,UNNAMED,AS,2024-10-13 12:00:00,15.6,65.0,37.0,1002.0,Depression
2024288N16065,2024,UNNAMED,AS,2024-10-13 15:00:00,15.6,64.8,37.0,1002.0,Depression
2024288N16065,2024,UNNAMED,AS,2024-10-13 18:00:00,15.7,64.7,37.0,1002.0,Depression
2024288N16065,2024,UNNAMED,AS,2024-10-13 21:00:00,15.8,64.6,37.0,1002.0,Depression
2024288N16065,2024,UNNAMED,AS,2024-10-14 00:00:00,15.8,64.5,37.0,1002.0,Depression
2024288N16065,2024,UNNAMED,AS,2024-10-14 03:00:00,15.8,64.3,46.3,1001.0,Depression
2024288N16065,2024,UNNAMED,AS,2024-10-14 06:00:00,16.0,64.0,46.3,1001.0,Depression
2024288N16065,2024,UNNAMED,AS,2024-10-14 09:00:00,16.1,63.0,46.3,1001.0,Depression
2024288N16065,2024,UNNAMED,AS,2024-10-14 12:00:00,16.1,62.0,46.3,1001.0,Depression
2024288N16065,2024,UNNAMED,AS,2024-10-14 15:00:00,16.1,61.6,46.3,1001.0,Depression
2024288N16065,2024,UNNAMED,AS,2024-10-14 18:00:00,16.1,61.5,46.3,1001.0,Depression
2024288N16065,2024,UNNAMED,AS,2024-10-14 21:00:00,16.0,61.3,42.6,1002.0,Depression
2024288N16065,2024,UNNAMED,AS,2024-10-15 00:00:00,16.1,61.0,37.0,1002.0,Depression
2024288N16065,2024,UNNAMED,AS,2024-10-15 03:00:00,16.8,60.5,37.0,1002.0,Depression
2024288N16065,2024,UNNAMED,AS,2024-10-15 06:00:00,17.5,59.8,37.0,1002.0,Depression
2024288N16065,2024,UNNAMED,AS,2024-10-15 09:00:00,18.0,59.2,37.0,1002.0,Depression
2024288N16065,2024,UNNAMED,AS,2024-10-15 12:00:00,18.3,58.8,37.0,1002.0,Depression
2024290N11084,2024,UNNAMED,BB,2024-10-15 12:00:00,11.4,84.4,37.0,1002.0,Depression
2024290N11084,2024,UNNAMED,BB,2024-10-15 15:00:00,11.6,84.2,37.0,1002.0,Depression
2024290N11084,2024,UNNAMED,BB,2024-10-15 18:00:00,11.8,84.0,37.0,1002.0,Depression
2024290N11084,2024,UNNAMED,BB,2024-10-15 21:00:00,11.9,83.7,37.0,1002.0,Depression
2024290N11084,2024,UNNAMED,BB,2024-10-16 00:00:00,12.1,83.4,37.0,1002.0,Depression
2024290N11084,2024,UNNAMED,BB,2024-10-16 03:00:00,12.3,83.0,46.3,1000.0,Depression
2024290N11084,2024,UNNAMED,BB,2024-10-16 06:00:00,12.5,82.7,46.3,1000.0,Depression
2024290N11084,2024,UNNAMED,BB,2024-10-16 09:00:00,12.7,82.3,46.3,1000.0,Depression
2024290N11084,2024,UNNAMED,BB,2024-10-16 12:00:00,12.9,81.9,46.3,1000.0,Depression
2024290N11084,2024,UNNAMED,BB,2024-10-16 15:00:00,13.1,81.4,46.3,1000.0,Depression
2024290N11084,2024,UNNAMED,BB,2024-10-16 18:00:00,13.4,80.8,46.3,1000.0,Depression
2024295N15092,2024,DANA,BB,2024-10-21 06:00:00,15.3,92.1,,,
2024295N15092,2024,DANA,BB,2024-10-21 09:00:00,15.2,92.1,,,
2024295N15092,2024,DANA,BB,2024-10-21 12:00:00,15.2,92.1,,,
2024295N15092,2024,DANA,BB,2024-10-21 15:00:00,15.2,92.1,,,
2024295N15092,2024,DANA,BB,2024-10-21 18:00:00,15.2,92.0,,,
2024295N15092,2024,DANA,BB,2024-10-21 21:00:00,15.1,92.0,,,
2024295N15092,2024,DANA,BB,2024-10-22 00:00:00,15.2,91.9,37.0,1003.0,Depression
2024295N15092,2024,DANA,BB,2024-10-22 03:00:00,15.2,91.8,37.0,1002.0,Depression
2024295N15092,2024,DANA,BB,2024-10-22 06:00:00,15.3,91.6,46.3,1000.0,Depression
2024295N15092,2024,DANA,BB,2024-10-22 09:00:00,15.3,91.5,51.9,1000.0,Deep Depression
2024295N15092,2024,DANA,BB,2024-10-22 12:00:00,15.4,91.4,55.6,999.0,Deep Depression
2024295N15092,2024,DANA,BB,2024-10-22 15:00:00,15.5,91.1,55.6,999.0,Deep Depression
2024295N15092,2024,DANA,BB,2024-10-22 18:00:00,15.6,90.7,55.6,998.0,Deep Depression
2024295N15092,2024,DANA,BB,2024-10-22 21:00:00,15.8,90.3,61.1,998.0,Deep Depression
2024295N15092,2024,DANA,BB,2024-10-23 00:00:00,16.1,89.9,64.8,997.0,Cyclonic Storm
2024295N15092,2024,DANA,BB,2024-10-23 03:00:00,16.4,89.6,64.8,996.0,Cyclonic Storm
2024295N15092,2024,DANA,BB,2024-10-23 06:00:00,16.7,89.3,74.1,995.0,Cyclonic Storm
2024295N15092,2024,DANA,BB,2024-10-23 09:00:00,16.9,89.1,83.3,994.0,Cyclonic Storm
2024295N15092,2024,DANA,BB,2024-10-23 12:00:00,17.3,89.0,83.3,992.0,Cyclonic Storm
2024295N15092,2024,DANA,BB,2024-10-23 15:00:00,17.6,88.8,83.3,992.0,Cyclonic Storm
2024295N15092,2024,DANA,BB,2024-10-23 18:00:00,18.0,88.7,92.6,990.0,Severe Cyclonic Storm
2024295N15092,2024,DANA,BB,2024-10-23 21:00:00,18.3,88.4,92.6,990.0,Severe Cyclonic Storm
2024295N15092,2024,DANA,BB,2024-10-24 00:00:00,18.7,88.2,101.9,988.0,Severe Cyclonic Storm
2024295N15092,2024,DANA,BB,2024-10-24 03:00:00,19.0,88.0,101.9,988.0,Severe Cyclonic Storm
2024295N15092,2024,DANA,BB,2024-10-24 06:00:00,19.3,87.8,101.9,988.0,Severe Cyclonic Storm
2024295N15092,2024,DANA,BB,2024-10-24 09:00:00,19.5,87.6,111.1,986.0,Severe Cyclonic Storm
2024295N15092,2024,DANA,BB,2024-10-24 12:00:00,19.8,87.5,111.1,986.0,Severe Cyclonic Storm
2024295N15092,2024,DANA,BB,2024-10-24 15:00:00,20.1,87.3,111.1,986.0,Severe Cyclonic Storm
2024295N15092,2024,DANA,BB,2024-10-24 18:00:00,20.5,87.1,101.9,988.0,Severe Cyclonic Storm
2024295N15092,2024,DANA,BB,2024-10-24 21:00:00,20.7,87.0,101.9,988.0,Severe Cyclonic Storm
2024295N15092,2024,DANA,BB,2024-10-25 00:00:00,20.9,86.9,92.6,990.0,Severe Cyclonic Storm
2024295N15092,2024,DANA,BB,2024-10-25 03:00:00,21.1,86.8,83.3,994.0,Cyclonic Storm
2024295N15092,2024,DANA,BB,2024-10-25 06:00:00,21.2,86.7,64.8,997.0,Cyclonic Storm
2024295N15092,2024,DANA,BB,2024-10-25 09:00:00,21.3,86.6,55.6,998.0,Deep Depression
2024295N15092,2024,DANA,BB,2024-10-25 12:00:00,21.3,86.5,55.6,999.0,Deep Depression
2024295N15092,2024,DANA,BB,2024-10-25 15:00:00,21.3,86.4,51.9,1000.0,Deep Depression
2024295N15092,2024,DANA,BB,2024-10-25 18:00:00,21.3,86.4,46.3,1000.0,Depression
2024295N15092,2024,DANA,BB,2024-10-25 21:00:00,21.2,86.5,,,
2024295N15092,2024,DANA,BB,2024-10-26 00:00:00,21.2,86.4,,,
2024329N04089,2024,FENGAL,BB,2024-11-23 18:00:00,3.6,88.9,,,
2024329N04089,2024,FENGAL,BB,2024-11-23 21:00:00,3.7,88.3,,,
2024329N04089,2024,FENGAL,BB,2024-11-24 00:00:00,3.7,87.8,,,
2024329N04089,2024,FENGAL,BB,2024-11-24 03:00:00,3.7,87.3,,,
2024329N04089,2024,FENGAL,BB,2024-11-24 06:00:00,3.8,86.8,,,
2024329N04089,2024,FENGAL,BB,2024-11-24 09:00:00,3.9,86.2,,,
2024329N04089,2024,FENGAL,BB,2024-11-24 12:00:00,4.0,85.6,,,
2024329N04089,2024,FENGAL,BB,2024-11-24 15:00:00,4.1,85.1,,,
2024329N04089,2024,FENGAL,BB,2024-11-24 18:00:00,4.2,84.7,,,
2024329N04089,2024,FENGAL,BB,2024-11-24 21:00:00,4.3,84.3,,,
2024329N04089,2024,FENGAL,BB,2024-11-25 00:00:00,4.3,83.9,,,
2024329N04089,2024,FENGAL,BB,2024-11-25 03:00:00,4.4,83.9,37.0,1003.0,Depression
2024329N04089,2024,FENGAL,BB,2024-11-25 06:00:00,4.6,83.6,37.0,1003.0,Depression
2024329N04089,2024,FENGAL,BB,2024-11-25 09:00:00,4.9,83.4,42.6,1003.0,Depression
2024329N04089,2024,FENGAL,BB,2024-11-25 12:00:00,5.2,83.3,46.3,1002.0,Depression
2024329N04089,2024,FENGAL,BB,2024-11-25 15:00:00,5.4,83.1,46.3,1002.0,Depression
2024329N04089,2024,FENGAL,BB,2024-11-25 18:00:00,5.6,83.1,46.3,1002.0,Depression
2024329N04089,2024,FENGAL,BB,2024-11-25 21:00:00,5.8,83.1,46.3,1002.0,Depression
2024329N04089,2024,FENGAL,BB,2024-11-26 00:00:00,6.1,83.1,46.3,1002.0,Depression
2024329N04089,2024,FENGAL,BB,2024-11-26 03:00:00,6.4,82.9,55.6,1001.0,Deep Depression
2024329N04089,2024,FENGAL,BB,2024-11-26 06:00:00,6.8,82.9,55.6,1001.0,Deep Depression
2024329N04089,2024,FENGAL,BB,2024-11-26 09:00:00,7.1,82.8,55.6,1001.0,Deep Depression
2024329N04089,2024,FENGAL,BB,2024-11-26 12:00:00,7.3,82.8,55.6,1001.0,Deep Depression
2024329N04089,2024,FENGAL,BB,2024-11-26 15:00:00,7.5,82.7,55.6,1001.0,Deep Depression
2024329N04089,2024,FENGAL,BB,2024-11-26 18:00:00,7.8,82.6,55.6,1001.0,Deep Depression
2024329N04089,2024,FENGAL,BB,2024-11-26 21:00:00,8.1,82.5,55.6,1001.0,Deep Depression
2024329N04089,2024,FENGAL,BB,2024-11-27 00:00:00,8.3,82.4,55.6,1001.0,Deep Depression
2024329N04089,2024,FENGAL,BB,2024-11-27 03:00:00,8.5,82.3,55.6,1001.0,Deep Depression
2024329N04089,2024,FENGAL,BB,2024-11-27 06:00:00,8.7,82.3,55.6,1001.0,Deep Depression
2024329N04089,2024,FENGAL,BB,2024-11-27 09:00:00,8.8,82.2,55.6,1001.0,Deep Depression
2024329N04089,2024,FENGAL,BB,2024-11-27 12:00:00,8.8,82.3,55.6,1000.0,Deep Depression
2024329N04089,2024,FENGAL,BB,2024-11-27 15:00:00,8.9,82.5,55.6,1000.0,Deep Depression
2024329N04089,2024,FENGAL,BB,2024-11-27 18:00:00,9.0,82.7,55.6,1000.0,Deep Depression
2024329N04089,2024,FENGAL,BB,2024-11-27 21:00:00,9.1,82.7,55.6,1000.0,Deep Depression
2024329N04089,2024,FENGAL,BB,2024-11-28 00:00:00,9.2,82.8,55.6,1000.0,Deep Depression
2024329N04089,2024,FENGAL,BB,2024-11-28 03:00:00,9.2,83.0,55.6,1000.0,Deep Depression
2024329N04089,2024,FENGAL,BB,2024-11-28 06:00:00,9.3,83.2,55.6,1000.0,Deep Depression
2024329N04089,2024,FENGAL,BB,2024-11-28 09:00:00,9.4,83.3,55.6,1000.0,Deep Depression
2024329N04089,2024,FENGAL,BB,2024-11-28 12:00:00,9.6,83.4,55.6,1000.0,Deep Depression
2024329N04089,2024,FENGAL,BB,2024-11-28 15:00:00,9.9,83.5,55.6,1000.0,Deep Depression
2024329N04089,2024,FENGAL,BB,2024-11-28 18:00:00,10.2,83.5,55.6,1000.0,Deep Depression
2024329N04089,2024,FENGAL,BB,2024-11-28 21:00:00,10.5,83.2,55.6,1000.0,Deep Depression
2024329N04089,2024,FENGAL,BB,2024-11-29 00:00:00,10.7,82.9,55.6,1000.0,Deep Depression
2024329N04089,2024,FENGAL,BB,2024-11-29 03:00:00,10.9,82.7,55.6,1000.0,Deep Depression
2024329N04089,2024,FENGAL,BB,2024-11-29 06:00:00,11.2,82.6,55.6,1000.0,Deep Depression
2024329N04089,2024,FENGAL,BB,2024-11-29 09:00:00,11.4,82.3,64.8,999.0,Cyclonic Storm
2024329N04089,2024,FENGAL,BB,2024-11-29 12:00:00,11.7,82.1,64.8,999.0,Cyclonic Storm
2024329N04089,2024,FENGAL,BB,2024-11-29 15:00:00,11.9,81.8,64.8,999.0,Cyclonic Storm
2024329N04089,2024,FENGAL,BB,2024-11-29 18:00:00,12.1,81.8,64.8,999.0,Cyclonic Storm
2024329N04089,2024,FENGAL,BB,2024-11-29 21:00:00,12.2,81.6,74.1,996.0,Cyclonic Storm
2024329N04089,2024,FENGAL,BB,2024-11-30 00:00:00,12.4,81.3,83.3,996.0,Cyclonic Storm
2024329N04089,2024,FENGAL,BB,2024-11-30 03:00:00,12.4,81.0,83.3,996.0,Cyclonic Storm
2024329N04089,2024,FENGAL,BB,2024-11-30 06:00:00,12.3,80.9,83.3,996.0,Cyclonic Storm
2024329N04089,2024,FENGAL,BB,2024-11-30 09:00:00,12.3,80.7,83.3,996.0,Cyclonic Storm
2024329N04089,2024,FENGAL,BB,2024-11-30 12:00:00,12.3,80.5,74.1,998.0,Cyclonic Storm
2024329N04089,2024,FENGAL,BB,2024-11-30 15:00:00,12.2,80.3,74.1,998.0,Cyclonic Storm
2024329N04089,2024,FENGAL,BB,2024-11-30 18:00:00,12.1,80.1,74.1,998.0,Cyclonic Storm
2024329N04089,2024,FENGAL,BB,2024-11-30 21:00:00,12.1,80.0,64.8,999.0,Cyclonic Storm
2024329N04089,2024,FENGAL,BB,2024-12-01 00:00:00,12.1,79.9,64.8,999.0,Cyclonic Storm
2024329N04089,2024,FENGAL,BB,2024-12-01 03:00:00,12.0,79.8,64.8,999.0,Cyclonic Storm
2024329N04089,2024,FENGAL,BB,2024-12-01 06:00:00,12.1,79.8,55.6,1000.0,Deep Depression
2024329N04089,2024,FENGAL,BB,2024-12-01 09:00:00,12.1,79.7,51.9,1001.0,Deep Depression
2024329N04089,2024,FENGAL,BB,2024-12-01 12:00:00,12.1,79.5,46.3,1001.0,Depression
2024329N04089,2024,FENGAL,BB,2024-12-01 15:00:00,12.1,79.4,46.3,1002.0,Depression
2024329N04089,2024,FENGAL,BB,2024-12-01 18:00:00,12.2,79.3,46.3,1002.0,Depression
2024329N04089,2024,FENGAL,BB,2024-12-01 21:00:00,12.1,79.2,,,
2024329N04089,2024,FENGAL,BB,2024-12-02 00:00:00,12.1,79.1,,,
2024329N04089,2024,FENGAL,BB,2024-12-02 03:00:00,12.1,78.9,,,
2024329N04089,2024,FENGAL,BB,2024-12-02 06:00:00,12.2,78.6,,,
2024329N04089,2024,FENGAL,BB,2024-12-02 09:00:00,12.3,78.3,,,
2024329N04089,2024,FENGAL,AS,2024-12-02 12:00:00,12.5,77.9,,,
2024329N04089,2024,FENGAL,AS,2024-12-02 15:00:00,12.7,77.5,,,
2024329N04089,2024,FENGAL,AS,2024-12-02 18:00:00,12.9,76.9,,,
2024329N04089,2024,FENGAL,AS,2024-12-02 21:00:00,13.0,76.3,,,
2024329N04089,2024,FENGAL,AS,2024-12-03 00:00:00,13.1,75.5,,,
2024329N04089,2024,FENGAL,AS,2024-12-03 03:00:00,13.2,74.6,,,
2024329N04089,2024,FENGAL,AS,2024-12-03 06:00:00,13.3,73.7,,,
2024329N04089,2024,FENGAL,AS,2024-12-03 09:00:00,13.5,72.7,,,
2024329N04089,2024,FENGAL,AS,2024-12-03 12:00:00,13.5,71.8,,,
2024329N04089,2024,FENGAL,AS,2024-12-03 15:00:00,13.2,71.4,,,
2024329N04089,2024,FENGAL,AS,2024-12-03 18:00:00,12.8,71.2,,,
2024329N04089,2024,FENGAL,AS,2024-12-03 21:00:00,12.5,71.0,,,
2024329N04089,2024,FENGAL,AS,2024-12-04 00:00:00,12.3,70.9,,,
2024329N04089,2024,FENGAL,AS,2024-12-04 03:00:00,12.2,70.7,,,
2024329N04089,2024,FENGAL,AS,2024-12-04 06:00:00,12.0,70.4,,,
2024329N04089,2024,FENGAL,AS,2024-12-04 09:00:00,11.7,70.1,,,
2024329N04089,2024,FENGAL,AS,2024-12-04 12:00:00,11.2,69.9,,,
2024356N14084,2024,UNNAMED,BB,2024-12-20 12:00:00,13.7,83.5,37.0,1003.0,Depression
2024356N14084,2024,UNNAMED,BB,2024-12-20 15:00:00,13.8,83.6,42.6,1003.0,Depression
2024356N14084,2024,UNNAMED,BB,2024-12-20 18:00:00,13.9,83.7,46.3,1003.0,Depression
2024356N14084,2024,UNNAMED,BB,2024-12-20 21:00:00,13.9,83.9,46.3,1003.0,Depression
2024356N14084,2024,UNNAMED,BB,2024-12-21 00:00:00,13.9,84.2,46.3,1002.0,Depression
2024356N14084,2024,UNNAMED,BB,2024-12-21 03:00:00,14.0,84.5,46.3,1002.0,Depression
2024356N14084,2024,UNNAMED,BB,2024-12-21 06:00:00,14.1,84.6,37.0,1003.0,Depression
2025144N17073,2025,UNNAMED,AS,2025-05-24 00:00:00,17.0,73.0,46.3,998.0,Depression
2025144N17073,2025,UNNAMED,AS,2025-05-24 03:00:00,17.0,73.2,46.3,998.0,Depression
2025144N17073,2025,UNNAMED,AS,2025-05-24 06:00:00,17.0,73.3,46.3,998.0,Depression
2025144N17073,2025,UNNAMED,AS,2025-05-24 09:00:00,17.1,73.7,46.3,998.0,Depression
2025144N17073,2025,UNNAMED,AS,2025-05-24 12:00:00,17.2,74.3,46.3,998.0,Depression
2025144N17073,2025,UNNAMED,AS,2025-05-24 15:00:00,17.3,74.8,46.3,998.0,Depression
2025144N17073,2025,UNNAMED,AS,2025-05-24 18:00:00,17.4,75.3,46.3,998.0,Depression
2025149N21088,2025,UNNAMED,BB,2025-05-29 00:00:00,20.8,88.3,46.3,988.0,Depression
2025149N21088,2025,UNNAMED,BB,2025-05-29 03:00:00,21.3,88.3,55.6,986.0,Deep Depression
2025149N21088,2025,UNNAMED,BB,2025-05-29 06:00:00,22.0,88.4,55.6,986.0,Deep Depression
2025149N21088,2025,UNNAMED,BB,2025-05-29 09:00:00,22.2,88.5,55.6,987.0,Deep Depression
2025149N21088,2025,UNNAMED,BB,2025-05-29 12:00:00,22.2,88.6,55.6,987.0,Deep Depression
2025149N21088,2025,UNNAMED,BB,2025-05-29 15:00:00,22.5,88.9,55.6,988.0,Deep Depression
2025149N21088,2025,UNNAMED,BB,2025-05-29 18:00:00,23.0,89.2,55.6,988.0,Deep Depression
2025149N21088,2025,UNNAMED,BB,2025-05-29 21:00:00,23.6,89.3,51.9,989.0,Deep Depression
2025149N21088,2025,UNNAMED,BB,2025-05-30 00:00:00,24.1,89.4,46.3,990.0,Depression
2025149N21088,2025,UNNAMED,BB,2025-05-30 03:00:00,24.3,89.6,37.0,992.0,Depression
2025149N21088,2025,UNNAMED,BB,2025-05-30 06:00:00,25.1,90.2,37.0,992.0,Depression
2025195N23089,2025,UNNAMED,BB,2025-07-14 06:00:00,23.0,88.8,37.0,996.0,Depression
2025195N23089,2025,UNNAMED,BB,2025-07-14 09:00:00,23.2,88.6,37.0,996.0,Depression
2025195N23089,2025,UNNAMED,BB,2025-07-14 12:00:00,23.3,88.4,37.0,996.0,Depression
2025195N23089,2025,UNNAMED,BB,2025-07-14 15:00:00,23.4,88.3,37.0,996.0,Depression
2025195N23089,2025,UNNAMED,BB,2025-07-14 18:00:00,23.5,88.0,37.0,996.0,Depression
2025195N23089,2025,UNNAMED,BB,2025-07-14 21:00:00,23.7,87.4,37.0,996.0,Depression
2025195N23089,2025,UNNAMED,BB,2025-07-15 00:00:00,24.0,86.7,37.0,996.0,Depression
2025196N27075,2025,UNNAMED,AS,2025-07-15 03:00:00,27.4,75.4,37.0,993.0,Depression
2025196N27075,2025,UNNAMED,AS,2025-07-15 06:00:00,27.7,75.0,37.0,993.0,Depression
2025196N27075,2025,UNNAMED,AS,2025-07-15 09:00:00,28.4,74.3,37.0,994.0,Depression
2025196N27075,2025,UNNAMED,AS,2025-07-15 12:00:00,29.0,73.7,37.0,994.0,Depression
2025196N27075,2025,UNNAMED,AS,2025-07-15 15:00:00,29.2,73.5,37.0,995.0,Depression
2025196N27075,2025,UNNAMED,AS,2025-07-15 18:00:00,29.2,73.5,37.0,995.0,Depression
2025198N25082,2025,UNNAMED,BB,2025-07-17 00:00:00,25.2,81.8,46.3,993.0,Depression
2025198N25082,2025,UNNAMED,BB,2025-07-17 03:00:00,25.2,81.5,46.3,993.0,Depression
2025198N25082,2025,UNNAMED,BB,2025-07-17 06:00:00,25.3,81.2,46.3,993.0,Depression
2025198N25082,2025,UNNAMED,BB,2025-07-17 09:00:00,25.4,80.8,46.3,993.0,Depression
2025198N25082,2025,UNNAMED,BB,2025-07-17 12:00:00,25.6,80.3,46.3,993.0,Depression
2025198N25082,2025,UNNAMED,BB,2025-07-17 15:00:00,25.7,80.0,46.3,993.0,Depression
2025198N25082,2025,UNNAMED,BB,2025-07-17 18:00:00,25.8,79.8,46.3,993.0,Depression
2025198N25082,2025,UNNAMED,BB,2025-07-17 21:00:00,26.1,79.4,46.3,993.0,Depression
2025198N25082,2025,UNNAMED,BB,2025-07-18 00:00:00,26.3,79.0,46.3,993.0,Depression
2025198N25082,2025,UNNAMED,BB,2025-07-18 03:00:00,26.4,78.5,46.3,993.0,Depression
2025198N25082,2025,UNNAMED,AS,2025-07-18 06:00:00,26.4,78.0,46.3,993.0,Depression
2025198N25082,2025,UNNAMED,AS,2025-07-18 09:00:00,26.7,77.6,46.3,993.0,Depression
2025198N25082,2025,UNNAMED,AS,2025-07-18 12:00:00,27.0,77.2,46.3,993.0,Depression
2025198N25082,2025,UNNAMED,AS,2025-07-18 15:00:00,27.1,76.9,46.3,993.0,Depression
2025198N25082,2025,UNNAMED,AS,2025-07-18 18:00:00,27.2,76.5,46.3,993.0,Depression
2025198N25082,2025,UNNAMED,AS,2025-07-18 21:00:00,27.3,75.8,46.3,993.0,Depression
2025198N25082,2025,UNNAMED,AS,2025-07-19 00:00:00,27.4,75.1,46.3,993.0,Depression
2025198N25082,2025,UNNAMED,AS,2025-07-19 03:00:00,27.5,74.6,37.0,993.0,Depression
2025198N25082,2025,UNNAMED,AS,2025-07-19 06:00:00,27.5,74.2,37.0,993.0,Depression
2025198N25082,2025,UNNAMED,AS,2025-07-19 09:00:00,27.5,73.9,37.0,993.0,Depression
2025198N25082,2025,UNNAMED,AS,2025-07-19 12:00:00,27.5,73.7,37.0,993.0,Depression
2025198N25082,2025,UNNAMED,AS,2025-07-19 15:00:00,27.5,73.4,37.0,993.0,Depression
2025198N25082,2025,UNNAMED,AS,2025-07-19 18:00:00,27.5,73.0,37.0,993.0,Depression
2025206N21090,2025,UNNAMED,BB,2025-07-25 00:00:00,21.4,89.5,46.3,988.0,Depression
2025206N21090,2025,UNNAMED,BB,2025-07-25 03:00:00,21.7,88.8,46.3,988.0,Depression
2025206N21090,2025,UNNAMED,BB,2025-07-25 06:00:00,22.0,88.4,46.3,988.0,Depression
2025206N21090,2025,UNNAMED,BB,2025-07-25 09:00:00,22.3,87.9,46.3,988.0,Depression
2025206N21090,2025,UNNAMED,BB,2025-07-25 12:00:00,22.6,87.4,46.3,988.0,Depression
2025206N21090,2025,UNNAMED,BB,2025-07-25 15:00:00,22.8,87.0,46.3,988.0,Depression
2025206N21090,2025,UNNAMED,BB,2025-07-25 18:00:00,23.0,86.6,46.3,988.0,Depression
2025206N21090,2025,UNNAMED,BB,2025-07-25 21:00:00,23.2,85.9,46.3,988.0,Depression
2025206N21090,2025,UNNAMED,BB,2025-07-26 00:00:00,23.3,85.0,46.3,988.0,Depression
2025206N21090,2025,UNNAMED,BB,2025-07-26 03:00:00,23.3,84.0,37.0,990.0,Depression
2025206N21090,2025,UNNAMED,BB,2025-07-26 06:00:00,23.3,82.3,37.0,990.0,Depression
2025206N21090,2025,UNNAMED,BB,2025-07-26 09:00:00,23.3,81.7,37.0,990.0,Depression
2025206N21090,2025,UNNAMED,BB,2025-07-26 12:00:00,23.3,81.7,37.0,990.0,Depression
2025206N21090,2025,UNNAMED,BB,2025-07-26 15:00:00,23.3,81.5,37.0,991.0,Depression
2025206N21090,2025,UNNAMED,BB,2025-07-26 18:00:00,23.3,81.0,37.0,992.0,Depression
2025231N19085,2025,UNNAMED,BB,2025-08-18 12:00:00,18.9,85.0,37.0,996.0,Depression
2025231N19085,2025,UNNAMED,BB,2025-08-18 15:00:00,19.0,84.9,37.0,996.0,Depression
2025231N19085,2025,UNNAMED,BB,2025-08-18 18:00:00,19.0,84.9,37.0,996.0,Depression
2025231N19085,2025,UNNAMED,BB,2025-08-18 21:00:00,19.1,85.0,37.0,996.0,Depression
2025231N19085,2025,UNNAMED,BB,2025-08-19 00:00:00,19.3,84.8,37.0,996.0,Depression
2025231N19085,2025,UNNAMED,BB,2025-08-19 03:00:00,19.8,84.0,37.0,996.0,Depression
2025231N19085,2025,UNNAMED,BB,2025-08-19 06:00:00,20.0,83.3,37.0,996.0,Depression
2025233N15126,2025,KAJIKI,MM,2025-08-21 06:00:00,15.4,126.4,,1006.0,
2025233N15126,2025,KAJIKI,MM,2025-08-21 09:00:00,15.3,125.5,,,
2025233N15126,2025,KAJIKI,MM,2025-08-21 12:00:00,15.4,124.6,,1008.0,
2025233N15126,2025,KAJIKI,MM,2025-08-21 15:00:00,15.5,123.9,,,
2025233N15126,2025,KAJIKI,MM,2025-08-21 18:00:00,15.7,123.3,,1006.0,
2025233N15126,2025,KAJIKI,MM,2025-08-21 21:00:00,15.9,122.9,,,
2025233N15126,2025,KAJIKI,MM,2025-08-22 00:00:00,16.1,122.5,,1006.0,
2025233N15126,2025,KAJIKI,MM,2025-08-22 03:00:00,16.4,122.2,,,
2025233N15126,2025,KAJIKI,MM,2025-08-22 06:00:00,16.7,121.7,,1004.0,
2025233N15126,2025,KAJIKI,MM,2025-08-22 09:00:00,17.0,120.7,,,
2025233N15126,2025,KAJIKI,MM,2025-08-22 12:00:00,17.2,119.6,,1002.0,
2025233N15126,2025,KAJIKI,MM,2025-08-22 15:00:00,17.2,118.8,,,
2025233N15126,2025,KAJIKI,MM,2025-08-22 18:00:00,17.2,117.9,64.8,998.0,Cyclonic Storm
2025233N15126,2025,KAJIKI,MM,2025-08-22 21:00:00,17.3,117.2,,,
2025233N15126,2025,KAJIKI,MM,2025-08-23 00:00:00,17.4,116.6,74.1,994.0,Cyclonic Storm
2025233N15126,2025,KAJIKI,MM,2025-08-23 03:00:00,17.5,115.7,,,
2025233N15126,2025,KAJIKI,MM,2025-08-23 06:00:00,17.6,114.9,83.3,990.0,Cyclonic Storm
2025233N15126,2025,KAJIKI,MM,2025-08-23 09:00:00,17.7,114.1,,,
2025233N15126,2025,KAJIKI,MM,2025-08-23 12:00:00,17.7,113.5,101.9,980.0,Severe Cyclonic Storm
2025233N15126,2025,KAJIKI,MM,2025-08-23 15:00:00,17.5,112.8,,,
2025233N15126,2025,KAJIKI,MM,2025-08-23 18:00:00,17.3,112.2,120.4,970.0,Very Severe Cyclonic Storm
2025233N15126,2025,KAJIKI,MM,2025-08-23 21:00:00,17.2,111.7,,,
2025233N15126,2025,KAJIKI,MM,2025-08-24 00:00:00,17.2,111.2,129.6,965.0,Very Severe Cyclonic Storm
2025233N15126,2025,KAJIKI,MM,2025-08-24 03:00:00,17.3,110.7,,,
2025233N15126,2025,KAJIKI,MM,2025-08-24 06:00:00,17.4,110.3,148.2,950.0,Very Severe Cyclonic Storm
2025233N15126,2025,KAJIKI,MM,2025-08-24 09:00:00,17.7,109.8,,,
2025233N15126,2025,KAJIKI,MM,2025-08-24 12:00:00,17.9,109.3,148.2,950.0,Very Severe Cyclonic Storm
2025233N15126,2025,KAJIKI,MM,2025-08-24 15:00:00,18.0,108.8,,,
2025233N15126,2025,KAJIKI,MM,2025-08-24 18:00:00,18.1,108.3,148.2,950.0,Very Severe Cyclonic Storm
2025233N15126,2025,KAJIKI,MM,2025-08-24 21:00:00,18.2,107.8,,,
2025233N15126,2025,KAJIKI,MM,2025-08-25 00:00:00,18.3,107.2,148.2,950.0,Very Severe Cyclonic Storm
2025233N15126,2025,KAJIKI,MM,2025-08-25 03:00:00,18.4,106.7,,,
2025233N15126,2025,KAJIKI,MM,2025-08-25 06:00:00,18.5,106.2,129.6,970.0,Very Severe Cyclonic Storm
2025233N15126,2025,KAJIKI,MM,2025-08-25 09:00:00,18.5,106.0,,,
2025233N15126,2025,KAJIKI,MM,2025-08-25 12:00:00,18.5,105.7,111.1,980.0,Severe Cyclonic Storm
2025233N15126,2025,KAJIKI,MM,2025-08-25 15:00:00,18.6,105.4,,,
2025233N15126,2025,KAJIKI,MM,2025-08-25 18:00:00,18.7,104.9,83.3,992.0,Cyclonic Storm
2025233N15126,2025,KAJIKI,MM,2025-08-25 21:00:00,18.8,104.1,,,
2025233N15126,2025,KAJIKI,MM,2025-08-26 00:00:00,18.9,103.3,64.8,998.0,Cyclonic Storm
2025233N15126,2025,KAJIKI,MM,2025-08-26 03:00:00,18.9,102.7,,,
2025233N15126,2025,KAJIKI,MM,2025-08-26 06:00:00,19.1,102.2,,1000.0,
2025233N15126,2025,KAJIKI,MM,2025-08-26 09:00:00,19.4,101.7,,,
2025233N15126,2025,KAJIKI,MM,2025-08-26 12:00:00,19.6,101.2,,1000.0,
2025233N15126,2025,KAJIKI,MM,2025-08-26 15:00:00,19.7,100.6,,,
2025233N15126,2025,KAJIKI,MM,2025-08-26 18:00:00,19.7,100.2,,1004.0,
2025233N15126,2025,KAJIKI,BB,2025-08-26 21:00:00,19.8,99.8,,,
2025233N15126,2025,KAJIKI,BB,2025-08-27 00:00:00,20.1,99.6,,,
2025250N25073,2025,UNNAMED,AS,2025-09-06 18:00:00,25.0,72.5,46.3,998.0,Depression
2025250N25073,2025,UNNAMED,AS,2025-09-06 21:00:00,24.6,72.4,46.3,998.0,Depression
2025250N25073,2025,UNNAMED,AS,2025-09-07 00:00:00,24.3,72.2,46.3,998.0,Depression
2025250N25073,2025,UNNAMED,AS,2025-09-07 03:00:00,24.2,71.8,46.3,998.0,Depression
2025250N25073,2025,UNNAMED,AS,2025-09-07 06:00:00,24.3,71.4,55.6,996.0,Deep Depression
2025250N25073,2025,UNNAMED,AS,2025-09-07 09:00:00,24.4,71.2,55.6,996.0,Deep Depression
2025250N25073,2025,UNNAMED,AS,2025-09-07 12:00:00,24.5,71.2,55.6,995.0,Deep Depression
2025250N25073,2025,UNNAMED,AS,2025-09-07 15:00:00,24.5,71.1,55.6,995.0,Deep Depression
2025250N25073,2025,UNNAMED,AS,2025-09-07 18:00:00,24.6,71.0,55.6,995.0,Deep Depression
2025250N25073,2025,UNNAMED,AS,2025-09-07 21:00:00,24.7,70.9,55.6,995.0,Deep Depression
2025250N25073,2025,UNNAMED,AS,2025-09-08 00:00:00,24.8,70.7,55.6,995.0,Deep Depression
2025250N25073,2025,UNNAMED,AS,2025-09-08 03:00:00,25.0,70.5,55.6,995.0,Deep Depression
2025250N25073,2025,UNNAMED,AS,2025-09-08 06:00:00,25.3,70.2,55.6,995.0,Deep Depression
2025250N25073,2025,UNNAMED,AS,2025-09-08 09:00:00,25.6,69.8,55.6,995.0,Deep Depression
2025250N25073,2025,UNNAMED,AS,2025-09-08 12:00:00,25.8,69.5,55.6,995.0,Deep Depression
2025250N25073,2025,UNNAMED,AS,2025-09-08 15:00:00,25.9,69.2,51.9,996.0,Deep Depression
2025250N25073,2025,UNNAMED,AS,2025-09-08 18:00:00,25.9,69.0,46.3,997.0,Depression
2025250N25073,2025,UNNAMED,AS,2025-09-08 21:00:00,25.9,68.9,46.3,998.0,Depression
2025250N25073,2025,UNNAMED,AS,2025-09-09 00:00:00,25.8,68.7,46.3,998.0,Depression
2025250N25073,2025,UNNAMED,AS,2025-09-09 03:00:00,25.4,68.4,46.3,998.0,Depression
2025250N25073,2025,UNNAMED,AS,2025-09-09 06:00:00,25.2,68.2,46.3,999.0,Depression
2025250N25073,2025,UNNAMED,AS,2025-09-09 09:00:00,25.1,68.0,46.3,999.0,Depression
2025250N25073,2025,UNNAMED,AS,2025-09-09 12:00:00,25.0,67.7,46.3,999.0,Depression
2025250N25073,2025,UNNAMED,AS,2025-09-09 15:00:00,24.9,67.4,46.3,999.0,Depression
2025250N25073,2025,UNNAMED,AS,2025-09-09 18:00:00,24.9,67.1,46.3,999.0,Depression
2025250N25073,2025,UNNAMED,AS,2025-09-09 21:00:00,24.8,66.7,46.3,1000.0,Depression
2025250N25073,2025,UNNAMED,AS,2025-09-10 00:00:00,24.8,66.3,46.3,1000.0,Depression
2025250N25073,2025,UNNAMED,AS,2025-09-10 03:00:00,24.8,65.8,46.3,1000.0,Depression
2025250N25073,2025,UNNAMED,AS,2025-09-10 06:00:00,24.8,65.3,46.3,1000.0,Depression
2025250N25073,2025,UNNAMED,AS,2025-09-10 09:00:00,24.8,64.8,46.3,1000.0,Depression
2025250N25073,2025,UNNAMED,AS,2025-09-10 12:00:00,24.8,64.4,46.3,1000.0,Depression
2025250N25073,2025,UNNAMED,AS,2025-09-10 15:00:00,24.8,64.0,42.6,1001.0,Depression
2025250N25073,2025,UNNAMED,AS,2025-09-10 18:00:00,24.8,63.5,37.0,1001.0,Depression
2025266N11137,2025,BUALOI,MM,2025-09-22 18:00:00,11.3,137.3,,1004.0,
2025266N11137,2025,BUALOI,MM,2025-09-22 21:00:00,11.0,136.8,,,
2025266N11137,2025,BUALOI,MM,2025-09-23 00:00:00,10.8,136.3,,1004.0,
2025266N11137,2025,BUALOI,MM,2025-09-23 03:00:00,10.5,135.8,,,
2025266N11137,2025,BUALOI,MM,2025-09-23 06:00:00,10.2,135.4,,1002.0,
2025266N11137,2025,BUALOI,MM,2025-09-23 09:00:00,10.1,135.0,,,
2025266N11137,2025,BUALOI,MM,2025-09-23 12:00:00,10.0,134.5,64.8,1000.0,Cyclonic Storm
2025266N11137,2025,BUALOI,MM,2025-09-23 15:00:00,9.8,134.1,,,
2025266N11137,2025,BUALOI,MM,2025-09-23 18:00:00,9.7,133.6,64.8,1000.0,Cyclonic Storm
2025266N11137,2025,BUALOI,MM,2025-09-23 21:00:00,9.6,133.2,,,
2025266N11137,2025,BUALOI,MM,2025-09-24 00:00:00,9.7,132.8,74.1,998.0,Cyclonic Storm
2025266N11137,2025,BUALOI,MM,2025-09-24 03:00:00,9.9,132.4,,,
2025266N11137,2025,BUALOI,MM,2025-09-24 06:00:00,10.0,131.9,92.6,992.0,Severe Cyclonic Storm
2025266N11137,2025,BUALOI,MM,2025-09-24 09:00:00,10.2,131.5,,,
2025266N11137,2025,BUALOI,MM,2025-09-24 12:00:00,10.3,131.1,101.9,985.0,Severe Cyclonic Storm
2025266N11137,2025,BUALOI,MM,2025-09-24 15:00:00,10.5,130.6,,,
2025266N11137,2025,BUALOI,MM,2025-09-24 18:00:00,10.6,130.1,111.1,980.0,Severe Cyclonic Storm
2025266N11137,2025,BUALOI,MM,2025-09-24 21:00:00,10.9,129.6,,,
2025266N11137,2025,BUALOI,MM,2025-09-25 00:00:00,11.1,129.2,120.4,975.0,Very Severe Cyclonic Storm
2025266N11137,2025,BUALOI,MM,2025-09-25 03:00:00,11.2,128.7,,,
2025266N11137,2025,BUALOI,MM,2025-09-25 06:00:00,11.3,128.1,120.4,975.0,Very Severe Cyclonic Storm
2025266N11137,2025,BUALOI,MM,2025-09-25 09:00:00,11.6,127.5,,,
2025266N11137,2025,BUALOI,MM,2025-09-25 12:00:00,11.8,126.8,111.1,980.0,Severe Cyclonic Storm
2025266N11137,2025,BUALOI,MM,2025-09-25 15:00:00,12.0,126.0,,,
2025266N11137,2025,BUALOI,MM,2025-09-25 18:00:00,12.2,125.0,101.9,985.0,Severe Cyclonic Storm
2025266N11137,2025,BUALOI,MM,2025-09-25 21:00:00,12.2,124.0,,,
2025266N11137,2025,BUALOI,MM,2025-09-26 00:00:00,12.3,122.9,101.9,985.0,Severe Cyclonic Storm
2025266N11137,2025,BUALOI,MM,2025-09-26 03:00:00,12.5,121.8,,,
2025266N11137,2025,BUALOI,MM,2025-09-26 06:00:00,12.7,120.8,92.6,990.0,Severe Cyclonic Storm
2025266N11137,2025,BUALOI,MM,2025-09-26 09:00:00,12.9,119.9,,,
2025266N11137,2025,BUALOI,MM,2025-09-26 12:00:00,13.1,119.1,101.9,985.0,Severe Cyclonic Storm
2025266N11137,2025,BUALOI,MM,2025-09-26 15:00:00,13.4,118.3,,,
2025266N11137,2025,BUALOI,MM,2025-09-26 18:00:00,13.7,117.3,111.1,980.0,Severe Cyclonic Storm
2025266N11137,2025,BUALOI,MM,2025-09-26 21:00:00,14.1,116.4,,,
2025266N11137,2025,BUALOI,MM,2025-09-27 00:00:00,14.5,115.4,111.1,980.0,Severe Cyclonic Storm
2025266N11137,2025,BUALOI,MM,2025-09-27 03:00:00,14.8,114.6,,,
2025266N11137,2025,BUALOI,MM,2025-09-27 06:00:00,15.1,113.8,120.4,975.0,Very Severe Cyclonic Storm
2025266N11137,2025,BUALOI,MM,2025-09-27 09:00:00,15.5,113.0,,,
2025266N11137,2025,BUALOI,MM,2025-09-27 12:00:00,15.7,112.2,120.4,975.0,Very Severe Cyclonic Storm
2025266N11137,2025,BUALOI,MM,2025-09-27 15:00:00,15.8,111.4,,,
2025266N11137,2025,BUALOI,MM,2025-09-27 18:00:00,15.9,110.7,120.4,975.0,Very Severe Cyclonic Storm
2025266N11137,2025,BUALOI,MM,2025-09-27 21:00:00,16.1,110.0,,,
2025266N11137,2025,BUALOI,MM,2025-09-28 00:00:00,16.4,109.4,120.4,975.0,Very Severe Cyclonic Storm
2025266N11137,2025,BUALOI,MM,2025-09-28 03:00:00,16.8,108.8,,,
2025266N11137,2025,BUALOI,MM,2025-09-28 06:00:00,17.1,108.1,120.4,975.0,Very Severe Cyclonic Storm
2025266N11137,2025,BUALOI,MM,2025-09-28 09:00:00,17.4,107.6,,,
2025266N11137,2025,BUALOI,MM,2025-09-28 12:00:00,17.7,107.1,111.1,980.0,Severe Cyclonic Storm
2025266N11137,2025,BUALOI,MM,2025-09-28 15:00:00,17.9,106.6,,,
2025266N11137,2025,BUALOI,MM,2025-09-28 18:00:00,18.1,106.1,101.9,980.0,Severe Cyclonic Storm
2025266N11137,2025,BUALOI,MM,2025-09-28 21:00:00,18.4,105.6,,,
2025266N11137,2025,BUALOI,MM,2025-09-29 00:00:00,18.7,105.1,92.6,985.0,Severe Cyclonic Storm
2025266N11137,2025,BUALOI,MM,2025-09-29 03:00:00,19.2,104.3,,,
2025266N11137,2025,BUALOI,MM,2025-09-29 06:00:00,19.7,103.5,64.8,994.0,Cyclonic Storm
2025266N11137,2025,BUALOI,MM,2025-09-29 09:00:00,20.1,102.7,,,
2025266N11137,2025,BUALOI,MM,2025-09-29 12:00:00,20.5,101.9,,998.0,
2025266N11137,2025,BUALOI,MM,2025-09-29 15:00:00,20.8,101.1,,,
2025266N11137,2025,BUALOI,MM,2025-09-29 18:00:00,21.1,100.5,,1002.0,
2025266N11137,2025,BUALOI,BB,2025-09-29 21:00:00,21.5,99.9,,,
2025266N11137,2025,BUALOI,BB,2025-09-30 00:00:00,22.0,99.3,,,
2025266N11137,2025,BUALOI,BB,2025-09-30 03:00:00,22.5,98.7,,,
2025266N11137,2025,BUALOI,BB,2025-09-30 06:00:00,23.1,98.3,,,
2025266N11137,2025,BUALOI,BB,2025-09-30 09:00:00,23.7,98.0,,,
2025266N11137,2025,BUALOI,BB,2025-09-30 12:00:00,24.3,97.8,,,
2025270N19086,2025,UNNAMED,BB,2025-09-26 12:00:00,19.3,86.1,46.3,998.0,Depression
2025270N19086,2025,UNNAMED,BB,2025-09-26 15:00:00,19.3,85.8,46.3,998.0,Depression
2025270N19086,2025,UNNAMED,BB,2025-09-26 18:00:00,19.3,85.5,46.3,998.0,Depression
2025270N19086,2025,UNNAMED,BB,2025-09-26 21:00:00,19.3,85.2,46.3,998.0,Depression
2025270N19086,2025,UNNAMED,BB,2025-09-27 00:00:00,19.3,84.8,46.3,998.0,Depression
2025270N19086,2025,UNNAMED,BB,2025-09-27 03:00:00,19.3,84.2,46.3,998.0,Depression
2025270N19086,2025,UNNAMED,BB,2025-09-27 06:00:00,19.3,83.4,46.3,998.0,Depression
2025270N19086,2025,UNNAMED,BB,2025-09-27 09:00:00,19.4,82.5,42.6,999.0,Depression
2025270N19086,2025,UNNAMED,BB,2025-09-27 12:00:00,19.7,81.5,37.0,999.0,Depression
2025270N19086,2025,UNNAMED,BB,2025-09-27 15:00:00,20.0,80.5,37.0,999.0,Depression
2025270N19086,2025,UNNAMED,BB,2025-09-27 18:00:00,20.3,79.5,37.0,999.0,Depression
2025270N19086,2025,UNNAMED,BB,2025-09-27 21:00:00,20.4,78.3,37.0,999.0,Depression
2025270N19086,2025,UNNAMED,AS,2025-09-28 00:00:00,20.3,77.0,37.0,999.0,Depression
2025274N16087,2025,UNNAMED,BB,2025-10-01 06:00:00,15.9,86.5,46.3,998.0,Depression
2025274N16087,2025,UNNAMED,BB,2025-10-01 09:00:00,16.3,86.4,46.3,998.0,Depression
2025274N16087,2025,UNNAMED,BB,2025-10-01 12:00:00,16.6,86.3,46.3,997.0,Depression
2025274N16087,2025,UNNAMED,BB,2025-10-01 15:00:00,16.7,86.1,51.9,997.0,Deep Depression
2025274N16087,2025,UNNAMED,BB,2025-10-01 18:00:00,16.8,85.8,55.6,996.0,Deep Depression
2025274N16087,2025,UNNAMED,BB,2025-10-01 21:00:00,17.0,85.6,55.6,996.0,Deep Depression
2025274N16087,2025,UNNAMED,BB,2025-10-02 00:00:00,17.4,85.4,55.6,996.0,Deep Depression
2025274N16087,2025,UNNAMED,BB,2025-10-02 03:00:00,17.9,85.2,55.6,995.0,Deep Depression
2025274N16087,2025,UNNAMED,BB,2025-10-02 06:00:00,18.6,85.1,55.6,995.0,Deep Depression
2025274N16087,2025,UNNAMED,BB,2025-10-02 09:00:00,19.1,84.9,55.6,996.0,Deep Depression
2025274N16087,2025,UNNAMED,BB,2025-10-02 12:00:00,19.4,84.8,55.6,996.0,Deep Depression
2025274N16087,2025,UNNAMED,BB,2025-10-02 15:00:00,19.6,84.6,55.6,997.0,Deep Depression
2025274N16087,2025,UNNAMED,BB,2025-10-02 18:00:00,19.8,84.4,55.6,997.0,Deep Depression
2025274N16087,2025,UNNAMED,BB,2025-10-02 21:00:00,19.9,84.3,51.9,998.0,Deep Depression
2025274N16087,2025,UNNAMED,BB,2025-10-03 00:00:00,20.2,84.1,46.3,999.0,Depression
2025274N16087,2025,UNNAMED,BB,2025-10-03 03:00:00,20.7,83.7,46.3,1000.0,Depression
2025274N16087,2025,UNNAMED,BB,2025-10-03 06:00:00,21.2,83.6,46.3,1001.0,Depression
2025275N22068,2025,SHAKHTI,AS,2025-10-01 12:00:00,22.0,68.3,46.3,1001.0,Depression
2025275N22068,2025,SHAKHTI,AS,2025-10-01 15:00:00,21.8,68.3,46.3,1001.0,Depression
2025275N22068,2025,SHAKHTI,AS,2025-10-01 18:00:00,21.5,68.2,46.3,1001.0,Depression
2025275N22068,2025,SHAKHTI,AS,2025-10-01 21:00:00,21.2,68.1,46.3,1001.0,Depression
2025275N22068,2025,SHAKHTI,AS,2025-10-02 00:00:00,21.0,68.0,46.3,1001.0,Depression
2025275N22068,2025,SHAKHTI,AS,2025-10-02 03:00:00,20.8,67.9,46.3,1001.0,Depression
2025275N22068,2025,SHAKHTI,AS,2025-10-02 06:00:00,20.8,67.9,46.3,1001.0,Depression
2025275N22068,2025,SHAKHTI,AS,2025-10-02 09:00:00,20.8,67.9,46.3,1001.0,Depression
2025275N22068,2025,SHAKHTI,AS,2025-10-02 12:00:00,20.8,67.9,46.3,1001.0,Depression
2025275N22068,2025,SHAKHTI,AS,2025-10-02 15:00:00,20.8,67.8,51.9,1001.0,Deep Depression
2025275N22068,2025,SHAKHTI,AS,2025-10-02 18:00:00,20.8,67.7,55.6,1000.0,Deep Depression
2025275N22068,2025,SHAKHTI,AS,2025-10-02 21:00:00,21.0,67.5,55.6,1000.0,Deep Depression
2025275N22068,2025,SHAKHTI,AS,2025-10-03 00:00:00,21.4,67.2,55.6,1000.0,Deep Depression
2025275N22068,2025,SHAKHTI,AS,2025-10-03 03:00:00,21.6,67.0,55.6,999.0,Deep Depression
2025275N22068,2025,SHAKHTI,AS,2025-10-03 06:00:00,21.8,66.8,64.8,997.0,Cyclonic Storm
2025275N22068,2025,SHAKHTI,AS,2025-10-03 09:00:00,21.9,66.6,64.8,997.0,Cyclonic Storm
2025275N22068,2025,SHAKHTI,AS,2025-10-03 12:00:00,22.0,66.4,74.1,996.0,Cyclonic Storm
2025275N22068,2025,SHAKHTI,AS,2025-10-03 15:00:00,22.1,66.2,74.1,996.0,Cyclonic Storm
2025275N22068,2025,SHAKHTI,AS,2025-10-03 18:00:00,22.1,65.8,83.3,994.0,Cyclonic Storm
2025275N22068,2025,SHAKHTI,AS,2025-10-03 21:00:00,22.1,65.4,83.3,994.0,Cyclonic Storm
2025275N22068,2025,SHAKHTI,AS,2025-10-04 00:00:00,22.1,64.8,92.6,992.0,Severe Cyclonic Storm
2025275N22068,2025,SHAKHTI,AS,2025-10-04 03:00:00,22.1,64.4,101.9,990.0,Severe Cyclonic Storm
2025275N22068,2025,SHAKHTI,AS,2025-10-04 06:00:00,21.9,64.1,101.9,990.0,Severe Cyclonic Storm
2025275N22068,2025,SHAKHTI,AS,2025-10-04 09:00:00,21.7,63.8,101.9,990.0,Severe Cyclonic Storm
2025275N22068,2025,SHAKHTI,AS,2025-10-04 12:00:00,21.4,63.5,101.9,990.0,Severe Cyclonic Storm
2025275N22068,2025,SHAKHTI,AS,2025-10-04 15:00:00,21.3,63.0,101.9,990.0,Severe Cyclonic Storm
2025275N22068,2025,SHAKHTI,AS,2025-10-04 18:00:00,21.2,62.6,101.9,989.0,Severe Cyclonic Storm
2025275N22068,2025,SHAKHTI,AS,2025-10-04 21:00:00,21.1,62.0,101.9,989.0,Severe Cyclonic Storm
2025275N22068,2025,SHAKHTI,AS,2025-10-05 00:00:00,21.0,61.5,111.1,987.0,Severe Cyclonic Storm
2025275N22068,2025,SHAKHTI,AS,2025-10-05 03:00:00,20.8,61.3,111.1,986.0,Severe Cyclonic Storm
2025275N22068,2025,SHAKHTI,AS,2025-10-05 06:00:00,20.6,61.3,111.1,987.0,Severe Cyclonic Storm
2025275N22068,2025,SHAKHTI,AS,2025-10-05 09:00:00,20.3,61.0,111.1,988.0,Severe Cyclonic Storm
2025275N22068,2025,SHAKHTI,AS,2025-10-05 12:00:00,20.1,60.6,101.9,990.0,Severe Cyclonic Storm
2025275N22068,2025,SHAKHTI,AS,2025-10-05 15:00:00,19.8,60.4,101.9,991.0,Severe Cyclonic Storm
2025275N22068,2025,SHAKHTI,AS,2025-10-05 18:00:00,19.7,60.4,92.6,992.0,Severe Cyclonic Storm
2025275N22068,2025,SHAKHTI,AS,2025-10-05 21:00:00,19.7,60.5,92.6,993.0,Severe Cyclonic Storm
2025275N22068,2025,SHAKHTI,AS,2025-10-06 00:00:00,19.8,60.6,83.3,994.0,Cyclonic Storm
2025275N22068,2025,SHAKHTI,AS,2025-10-06 03:00:00,19.8,60.5,83.3,994.0,Cyclonic Storm
2025275N22068,2025,SHAKHTI,AS,2025-10-06 06:00:00,19.8,60.4,74.1,995.0,Cyclonic Storm
2025275N22068,2025,SHAKHTI,AS,2025-10-06 09:00:00,19.7,60.3,74.1,996.0,Cyclonic Storm
2025275N22068,2025,SHAKHTI,AS,2025-10-06 12:00:00,19.6,60.2,64.8,997.0,Cyclonic Storm
2025275N22068,2025,SHAKHTI,AS,2025-10-06 15:00:00,19.6,60.1,64.8,998.0,Cyclonic Storm
2025275N22068,2025,SHAKHTI,AS,2025-10-06 18:00:00,19.5,60.1,55.6,999.0,Deep Depression
2025275N22068,2025,SHAKHTI,AS,2025-10-06 21:00:00,19.4,60.2,55.6,999.0,Deep Depression
2025275N22068,2025,SHAKHTI,AS,2025-10-07 00:00:00,19.2,60.3,55.6,999.0,Deep Depression
2025275N22068,2025,SHAKHTI,AS,2025-10-07 03:00:00,19.0,60.5,46.3,1001.0,Depression
2025275N22068,2025,SHAKHTI,AS,2025-10-07 06:00:00,18.9,60.7,37.0,1002.0,Depression
2025295N09068,2025,UNNAMED,AS,2025-10-22 00:00:00,8.6,67.6,37.0,1002.0,Depression
2025295N09068,2025,UNNAMED,AS,2025-10-22 03:00:00,8.9,67.4,37.0,1002.0,Depression
2025295N09068,2025,UNNAMED,AS,2025-10-22 06:00:00,9.0,67.0,37.0,1002.0,Depression
2025295N09068,2025,UNNAMED,AS,2025-10-22 09:00:00,9.1,67.1,37.0,1002.0,Depression
2025295N09068,2025,UNNAMED,AS,2025-10-22 12:00:00,9.3,67.4,37.0,1002.0,Depression
2025295N09068,2025,UNNAMED,AS,2025-10-22 15:00:00,9.4,67.5,37.0,1002.0,Depression
2025295N09068,2025,UNNAMED,AS,2025-10-22 18:00:00,9.5,67.6,37.0,1002.0,Depression
2025295N09068,2025,UNNAMED,AS,2025-10-22 21:00:00,9.5,67.6,37.0,1002.0,Depression
2025295N09068,2025,UNNAMED,AS,2025-10-23 00:00:00,9.6,67.7,37.0,1001.0,Depression
2025295N09068,2025,UNNAMED,AS,2025-10-23 03:00:00,9.8,67.8,37.0,1001.0,Depression
2025295N09068,2025,UNNAMED,AS,2025-10-23 06:00:00,10.1,68.0,37.0,1001.0,Depression
2025295N09068,2025,UNNAMED,AS,2025-10-23 09:00:00,10.5,68.7,37.0,1001.0,Depression
2025295N09068,2025,UNNAMED,AS,2025-10-23 12:00:00,11.0,69.4,37.0,1001.0,Depression
2025295N09068,2025,UNNAMED,AS,2025-10-23 15:00:00,11.5,69.8,37.0,1001.0,Depression
2025295N09068,2025,UNNAMED,AS,2025-10-23 18:00:00,12.0,70.0,37.0,1001.0,Depression
2025295N09068,2025,UNNAMED,AS,2025-10-23 21:00:00,12.6,70.3,37.0,1001.0,Depression
2025295N09068,2025,UNNAMED,AS,2025-10-24 00:00:00,13.3,70.5,37.0,1001.0,Depression
2025295N09068,2025,UNNAMED,AS,2025-10-24 03:00:00,14.0,70.6,37.0,1001.0,Depression
2025295N09068,2025,UNNAMED,AS,2025-10-24 06:00:00,14.4,70.7,37.0,1001.0,Depression
2025295N09068,2025,UNNAMED,AS,2025-10-24 09:00:00,14.8,70.7,37.0,1001.0,Depression
2025295N09068,2025,UNNAMED,AS,2025-10-24 12:00:00,15.2,70.7,37.0,1001.0,Depression
2025295N09068,2025,UNNAMED,AS,2025-10-24 15:00:00,15.7,70.7,37.0,1001.0,Depression
2025295N09068,2025,UNNAMED,AS,2025-10-24 18:00:00,16.1,70.7,37.0,1001.0,Depression
2025295N09068,2025,UNNAMED,AS,2025-10-24 21:00:00,16.3,70.5,37.0,1001.0,Depression
2025295N09068,2025,UNNAMED,AS,2025-10-25 00:00:00,16.4,70.4,37.0,1001.0,Depression
2025295N09068,2025,UNNAMED,AS,2025-10-25 03:00:00,16.5,70.4,37.0,1001.0,Depression
2025295N09068,2025,UNNAMED,AS,2025-10-25 06:00:00,16.6,69.2,37.0,1001.0,Depression
2025295N09068,2025,UNNAMED,AS,2025-10-25 09:00:00,16.6,68.4,37.0,1001.0,Depression
2025295N09068,2025,UNNAMED,AS,2025-10-25 12:00:00,16.6,68.0,37.0,1001.0,Depression
2025295N09068,2025,UNNAMED,AS,2025-10-25 15:00:00,16.6,67.5,37.0,1001.0,Depression
2025295N09068,2025,UNNAMED,AS,2025-10-25 18:00:00,16.6,67.2,37.0,1001.0,Depression
2025295N09068,2025,UNNAMED,AS,2025-10-25 21:00:00,16.6,67.0,37.0,1001.0,Depression
2025295N09068,2025,UNNAMED,AS,2025-10-26 00:00:00,16.5,66.8,37.0,1001.0,Depression
2025295N09068,2025,UNNAMED,AS,2025-10-26 03:00:00,16.0,66.5,37.0,1001.0,Depression
2025295N09068,2025,UNNAMED,AS,2025-10-26 06:00:00,15.5,66.4,37.0,1001.0,Depression
2025295N09068,2025,UNNAMED,AS,2025-10-26 09:00:00,15.2,66.4,37.0,1001.0,Depression
2025295N09068,2025,UNNAMED,AS,2025-10-26 12:00:00,15.1,66.4,37.0,1001.0,Depression
2025295N09068,2025,UNNAMED,AS,2025-10-26 15:00:00,15.0,66.4,37.0,1001.0,Depression
2025295N09068,2025,UNNAMED,AS,2025-10-26 18:00:00,15.1,66.5,37.0,1001.0,Depression
2025295N09068,2025,UNNAMED,AS,2025-10-26 21:00:00,15.6,66.6,42.6,1001.0,Depression
2025295N09068,2025,UNNAMED,AS,2025-10-27 00:00:00,16.1,66.8,46.3,1000.0,Depression
2025295N09068,2025,UNNAMED,AS,2025-10-27 03:00:00,16.4,66.9,46.3,1000.0,Depression
2025295N09068,2025,UNNAMED,AS,2025-10-27 06:00:00,16.6,67.2,46.3,1000.0,Depression
2025295N09068,2025,UNNAMED,AS,2025-10-27 09:00:00,16.7,67.3,46.3,1000.0,Depression
2025295N09068,2025,UNNAMED,AS,2025-10-27 12:00:00,16.7,67.3,46.3,1000.0,Depression
2025295N09068,2025,UNNAMED,AS,2025-10-27 15:00:00,16.7,67.3,46.3,1000.0,Depression
2025295N09068,2025,UNNAMED,AS,2025-10-27 18:00:00,16.7,67.3,46.3,1000.0,Depression
2025295N09068,2025,UNNAMED,AS,2025-10-27 21:00:00,16.8,67.6,46.3,1000.0,Depression
2025295N09068,2025,UNNAMED,AS,2025-10-28 00:00:00,17.0,67.8,46.3,1000.0,Depression
2025295N09068,2025,UNNAMED,AS,2025-10-28 03:00:00,17.1,67.8,46.3,1000.0,Depression
2025295N09068,2025,UNNAMED,AS,2025-10-28 06:00:00,17.2,68.0,46.3,1000.0,Depression
2025295N09068,2025,UNNAMED,AS,2025-10-28 09:00:00,17.3,68.2,46.3,1000.0,Depression
2025295N09068,2025,UNNAMED,AS,2025-10-28 12:00:00,17.4,68.5,46.3,1000.0,Depression
2025295N09068,2025,UNNAMED,AS,2025-10-28 15:00:00,17.6,68.8,46.3,1000.0,Depression
2025295N09068,2025,UNNAMED,AS,2025-10-28 18:00:00,17.7,69.0,46.3,1000.0,Depression
2025295N09068,2025,UNNAMED,AS,2025-10-28 21:00:00,17.8,69.1,46.3,1000.0,Depression
2025295N09068,2025,UNNAMED,AS,2025-10-29 00:00:00,17.9,69.2,46.3,1000.0,Depression
2025295N09068,2025,UNNAMED,AS,2025-10-29 03:00:00,17.9,69.2,46.3,1000.0,Depression
2025295N09068,2025,UNNAMED,AS,2025-10-29 06:00:00,18.0,69.1,46.3,1000.0,Depression
2025295N09068,2025,UNNAMED,AS,2025-10-29 09:00:00,18.0,69.0,46.3,1000.0,Depression
2025295N09068,2025,UNNAMED,AS,2025-10-29 12:00:00,17.9,69.0,46.3,1000.0,Depression
2025295N09068,2025,UNNAMED,AS,2025-10-29 15:00:00,17.9,68.9,46.3,1000.0,Depression
2025295N09068,2025,UNNAMED,AS,2025-10-29 18:00:00,17.9,68.8,46.3,1000.0,Depression
2025295N09068,2025,UNNAMED,AS,2025-10-29 21:00:00,17.9,68.5,46.3,1000.0,Depression
2025295N09068,2025,UNNAMED,AS,2025-10-30 00:00:00,17.9,68.2,46.3,1000.0,Depression
2025295N09068,2025,UNNAMED,AS,2025-10-30 03:00:00,17.9,68.2,46.3,1000.0,Depression
2025295N09068,2025,UNNAMED,AS,2025-10-30 06:00:00,17.9,68.2,46.3,1000.0,Depression
2025295N09068,2025,UNNAMED,AS,2025-10-30 09:00:00,18.0,68.2,46.3,1000.0,Depression
2025295N09068,2025,UNNAMED,AS,2025-10-30 12:00:00,18.1,68.2,46.3,1000.0,Depression
2025295N09068,2025,UNNAMED,AS,2025-10-30 15:00:00,18.2,68.2,46.3,1000.0,Depression
2025295N09068,2025,UNNAMED,AS,2025-10-30 18:00:00,18.3,68.2,46.3,1000.0,Depression
2025295N09068,2025,UNNAMED,AS,2025-10-30 21:00:00,18.4,68.3,46.3,1000.0,Depression
2025295N09068,2025,UNNAMED,AS,2025-10-31 00:00:00,18.6,68.4,46.3,1000.0,Depression
2025295N09068,2025,UNNAMED,AS,2025-10-31 03:00:00,18.9,68.5,46.3,1000.0,Depression
2025295N09068,2025,UNNAMED,AS,2025-10-31 06:00:00,18.9,68.5,46.3,1000.0,Depression
2025295N09068,2025,UNNAMED,AS,2025-10-31 09:00:00,19.0,68.7,46.3,1000.0,Depression
2025295N09068,2025,UNNAMED,AS,2025-10-31 12:00:00,19.2,69.0,46.3,1000.0,Depression
2025295N09068,2025,UNNAMED,AS,2025-10-31 15:00:00,19.3,69.3,42.6,1001.0,Depression
2025295N09068,2025,UNNAMED,AS,2025-10-31 18:00:00,19.4,69.6,37.0,1001.0,Depression
2025298N11089,2025,MONTHA,BB,2025-10-25 00:00:00,10.8,89.0,37.0,1003.0,Depression
2025298N11089,2025,MONTHA,BB,2025-10-25 03:00:00,10.8,88.8,46.3,1002.0,Depression
2025298N11089,2025,MONTHA,BB,2025-10-25 06:00:00,10.8,88.6,46.3,1002.0,Depression
2025298N11089,2025,MONTHA,BB,2025-10-25 09:00:00,10.8,88.4,46.3,1002.0,Depression
2025298N11089,2025,MONTHA,BB,2025-10-25 12:00:00,10.9,88.1,46.3,1002.0,Depression
2025298N11089,2025,MONTHA,BB,2025-10-25 15:00:00,10.9,87.9,46.3,1002.0,Depression
2025298N11089,2025,MONTHA,BB,2025-10-25 18:00:00,11.0,87.7,46.3,1002.0,Depression
2025298N11089,2025,MONTHA,BB,2025-10-25 21:00:00,11.0,87.5,51.9,1001.0,Deep Depression
2025298N11089,2025,MONTHA,BB,2025-10-26 00:00:00,11.1,87.3,55.6,1000.0,Deep Depression
2025298N11089,2025,MONTHA,BB,2025-10-26 03:00:00,11.2,87.1,55.6,998.0,Deep Depression
2025298N11089,2025,MONTHA,BB,2025-10-26 06:00:00,11.3,86.9,55.6,998.0,Deep Depression
2025298N11089,2025,MONTHA,BB,2025-10-26 09:00:00,11.4,86.8,55.6,998.0,Deep Depression
2025298N11089,2025,MONTHA,BB,2025-10-26 12:00:00,11.4,86.4,55.6,998.0,Deep Depression
2025298N11089,2025,MONTHA,BB,2025-10-26 15:00:00,11.3,86.0,61.1,998.0,Deep Depression
2025298N11089,2025,MONTHA,BB,2025-10-26 18:00:00,11.4,85.6,64.8,997.0,Cyclonic Storm
2025298N11089,2025,MONTHA,BB,2025-10-26 21:00:00,11.9,85.4,64.8,997.0,Cyclonic Storm
2025298N11089,2025,MONTHA,BB,2025-10-27 00:00:00,12.4,85.3,64.8,997.0,Cyclonic Storm
2025298N11089,2025,MONTHA,BB,2025-10-27 03:00:00,12.6,84.8,74.1,996.0,Cyclonic Storm
2025298N11089,2025,MONTHA,BB,2025-10-27 06:00:00,12.7,84.4,74.1,996.0,Cyclonic Storm
2025298N11089,2025,MONTHA,BB,2025-10-27 09:00:00,13.0,84.1,74.1,995.0,Cyclonic Storm
2025298N11089,2025,MONTHA,BB,2025-10-27 12:00:00,13.3,84.0,83.3,994.0,Cyclonic Storm
2025298N11089,2025,MONTHA,BB,2025-10-27 15:00:00,13.7,83.8,83.3,994.0,Cyclonic Storm
2025298N11089,2025,MONTHA,BB,2025-10-27 18:00:00,14.1,83.5,83.3,993.0,Cyclonic Storm
2025298N11089,2025,MONTHA,BB,2025-10-27 21:00:00,14.4,83.3,83.3,992.0,Cyclonic Storm
2025298N11089,2025,MONTHA,BB,2025-10-28 00:00:00,14.6,83.1,92.6,991.0,Severe Cyclonic Storm
2025298N11089,2025,MONTHA,BB,2025-10-28 03:00:00,14.8,82.9,92.6,991.0,Severe Cyclonic Storm
2025298N11089,2025,MONTHA,BB,2025-10-28 06:00:00,15.2,82.6,92.6,991.0,Severe Cyclonic Storm
2025298N11089,2025,MONTHA,BB,2025-10-28 09:00:00,15.6,82.4,92.6,990.0,Severe Cyclonic Storm
2025298N11089,2025,MONTHA,BB,2025-10-28 12:00:00,15.9,82.1,92.6,990.0,Severe Cyclonic Storm
2025298N11089,2025,MONTHA,BB,2025-10-28 15:00:00,16.0,81.8,92.6,990.0,Severe Cyclonic Storm
2025298N11089,2025,MONTHA,BB,2025-10-28 18:00:00,16.1,81.5,92.6,990.0,Severe Cyclonic Storm
2025298N11089,2025,MONTHA,BB,2025-10-28 21:00:00,16.4,81.4,74.1,992.0,Cyclonic Storm
2025298N11089,2025,MONTHA,BB,2025-10-29 00:00:00,17.0,81.3,64.8,997.0,Cyclonic Storm
2025298N11089,2025,MONTHA,BB,2025-10-29 03:00:00,17.3,81.2,55.6,999.0,Deep Depression
2025298N11089,2025,MONTHA,BB,2025-10-29 06:00:00,17.7,81.1,55.6,999.0,Deep Depression
2025298N11089,2025,MONTHA,BB,2025-10-29 09:00:00,18.2,81.0,51.9,1000.0,Deep Depression
2025298N11089,2025,MONTHA,BB,2025-10-29 12:00:00,18.7,80.9,46.3,1000.0,Depression
2025298N11089,2025,MONTHA,BB,2025-10-29 15:00:00,19.2,80.8,42.6,1000.0,Depression
2025298N11089,2025,MONTHA,BB,2025-10-29 18:00:00,19.6,80.7,37.0,1000.0,Depression
2025329N05100,2025,SENYAR,BB,2025-11-25 03:00:00,5.4,99.7,37.0,1004.0,Depression
2025329N05100,2025,SENYAR,BB,2025-11-25 06:00:00,5.3,99.5,37.0,1004.0,Depression
2025329N05100,2025,SENYAR,BB,2025-11-25 09:00:00,5.2,99.3,42.6,1004.0,Depression
2025329N05100,2025,SENYAR,BB,2025-11-25 12:00:00,5.0,99.0,46.3,1003.0,Depression
2025329N05100,2025,SENYAR,BB,2025-11-25 15:00:00,4.9,98.7,51.9,1003.0,Deep Depression
2025329N05100,2025,SENYAR,BB,2025-11-25 18:00:00,4.9,98.4,55.6,1002.0,Deep Depression
2025329N05100,2025,SENYAR,BB,2025-11-25 21:00:00,4.9,98.1,64.8,1001.0,Cyclonic Storm
2025329N05100,2025,SENYAR,BB,2025-11-26 00:00:00,4.8,98.0,74.1,999.0,Cyclonic Storm
2025329N05100,2025,SENYAR,BB,2025-11-26 03:00:00,4.5,97.9,74.1,999.0,Cyclonic Storm
2025329N05100,2025,SENYAR,BB,2025-11-26 06:00:00,4.3,98.0,74.1,999.0,Cyclonic Storm
2025329N05100,2025,SENYAR,BB,2025-11-26 09:00:00,4.1,98.1,74.1,999.0,Cyclonic Storm
2025329N05100,2025,SENYAR,BB,2025-11-26 12:00:00,4.0,98.4,64.8,1000.0,Cyclonic Storm
2025329N05100,2025,SENYAR,BB,2025-11-26 15:00:00,3.8,98.9,64.8,1000.0,Cyclonic Storm
2025329N05100,2025,SENYAR,BB,2025-11-26 18:00:00,3.7,99.4,64.8,1000.0,Cyclonic Storm
2025329N05100,2025,SENYAR,BB,2025-11-26 21:00:00,3.7,99.7,64.8,1001.0,Cyclonic Storm
2025329N05100,2025,SENYAR,BB,2025-11-27 00:00:00,3.6,100.0,55.6,1002.0,Deep Depression
2025329N05100,2025,SENYAR,MM,2025-11-27 03:00:00,3.6,100.1,55.6,1002.0,Deep Depression
2025329N05100,2025,SENYAR,MM,2025-11-27 06:00:00,3.6,100.3,46.3,1003.0,Depression
2025329N05100,2025,SENYAR,MM,2025-11-27 09:00:00,3.6,100.6,42.6,1004.0,Depression
2025329N05100,2025,SENYAR,MM,2025-11-27 12:00:00,3.6,100.9,37.0,1004.0,Depression
2025329N05100,2025,SENYAR,MM,2025-11-27 15:00:00,3.6,101.2,37.0,1004.0,Depression
2025329N05100,2025,SENYAR,MM,2025-11-27 18:00:00,3.6,101.4,,,
2025329N05100,2025,SENYAR,MM,2025-11-27 21:00:00,3.6,101.7,,,
2025329N05100,2025,SENYAR,MM,2025-11-28 00:00:00,3.7,102.0,,,
2025329N05100,2025,SENYAR,MM,2025-11-28 03:00:00,3.7,102.1,,,
2025329N05100,2025,SENYAR,MM,2025-11-28 06:00:00,3.8,102.6,,,
2025329N05100,2025,SENYAR,MM,2025-11-28 09:00:00,4.0,103.4,,,
2025329N05100,2025,SENYAR,MM,2025-11-28 12:00:00,4.2,104.3,,,
2025329N05100,2025,SENYAR,MM,2025-11-28 15:00:00,4.3,104.7,,,
2025329N05100,2025,SENYAR,MM,2025-11-28 18:00:00,4.4,105.1,,,
2025329N05100,2025,SENYAR,MM,2025-11-28 21:00:00,4.7,105.5,,,
2025329N05100,2025,SENYAR,MM,2025-11-29 00:00:00,4.8,106.0,,,
2025329N05100,2025,SENYAR,MM,2025-11-29 03:00:00,4.8,106.4,,,
2025329N05100,2025,SENYAR,MM,2025-11-29 06:00:00,4.8,106.8,,,
2025329N05100,2025,SENYAR,MM,2025-11-29 09:00:00,5.0,107.2,,,
2025329N05100,2025,SENYAR,MM,2025-11-29 12:00:00,5.2,107.5,,,
2025329N05100,2025,SENYAR,MM,2025-11-29 15:00:00,5.4,108.0,,,
2025329N05100,2025,SENYAR,MM,2025-11-29 18:00:00,5.7,108.5,,,
2025329N05100,2025,SENYAR,MM,2025-11-29 21:00:00,6.0,108.8,,,
2025329N05100,2025,SENYAR,MM,2025-11-30 00:00:00,6.4,109.0,,,
2025329N05100,2025,SENYAR,MM,2025-11-30 03:00:00,6.9,109.2,,,
2025329N05100,2025,SENYAR,MM,2025-11-30 06:00:00,7.4,109.2,,,
2025331N06083,2025,DITWAH,BB,2025-11-26 18:00:00,5.9,82.6,46.3,1004.0,Depression
2025331N06083,2025,DITWAH,BB,2025-11-26 21:00:00,6.0,82.6,51.9,1004.0,Deep Depression
2025331N06083,2025,DITWAH,BB,2025-11-27 00:00:00,6.4,81.9,55.6,1003.0,Deep Depression
2025331N06083,2025,DITWAH,BB,2025-11-27 03:00:00,6.7,81.9,55.6,1003.0,Deep Depression
2025331N06083,2025,DITWAH,BB,2025-11-27 06:00:00,7.0,82.0,64.8,1002.0,Cyclonic Storm
2025331N06083,2025,DITWAH,BB,2025-11-27 09:00:00,7.3,81.9,64.8,1002.0,Cyclonic Storm
2025331N06083,2025,DITWAH,BB,2025-11-27 12:00:00,7.6,81.7,64.8,1002.0,Cyclonic Storm
2025331N06083,2025,DITWAH,BB,2025-11-27 15:00:00,7.8,81.5,64.8,1002.0,Cyclonic Storm
2025331N06083,2025,DITWAH,BB,2025-11-27 18:00:00,7.9,81.3,64.8,1002.0,Cyclonic Storm
2025331N06083,2025,DITWAH,BB,2025-11-27 21:00:00,8.0,81.2,64.8,1002.0,Cyclonic Storm
2025331N06083,2025,DITWAH,BB,2025-11-28 00:00:00,8.1,81.1,64.8,1002.0,Cyclonic Storm
2025331N06083,2025,DITWAH,BB,2025-11-28 03:00:00,8.2,81.0,64.8,1002.0,Cyclonic Storm
2025331N06083,2025,DITWAH,BB,2025-11-28 06:00:00,8.3,81.0,64.8,1002.0,Cyclonic Storm
2025331N06083,2025,DITWAH,BB,2025-11-28 09:00:00,8.5,81.0,64.8,1002.0,Cyclonic Storm
2025331N06083,2025,DITWAH,BB,2025-11-28 12:00:00,8.6,80.9,64.8,1002.0,Cyclonic Storm
2025331N06083,2025,DITWAH,BB,2025-11-28 15:00:00,8.8,80.8,64.8,1002.0,Cyclonic Storm
2025331N06083,2025,DITWAH,BB,2025-11-28 18:00:00,9.0,80.8,64.8,1002.0,Cyclonic Storm
2025331N06083,2025,DITWAH,BB,2025-11-28 21:00:00,9.2,80.8,64.8,1001.0,Cyclonic Storm
2025331N06083,2025,DITWAH,BB,2025-11-29 00:00:00,9.4,80.8,64.8,1001.0,Cyclonic Storm
2025331N06083,2025,DITWAH,BB,2025-11-29 03:00:00,9.6,80.8,74.1,1000.0,Cyclonic Storm
2025331N06083,2025,DITWAH,BB,2025-11-29 06:00:00,9.9,80.8,74.1,1000.0,Cyclonic Storm
2025331N06083,2025,DITWAH,BB,2025-11-29 09:00:00,10.1,80.7,74.1,1000.0,Cyclonic Storm
2025331N06083,2025,DITWAH,BB,2025-11-29 12:00:00,10.3,80.7,74.1,1000.0,Cyclonic Storm
2025331N06083,2025,DITWAH,BB,2025-11-29 15:00:00,10.4,80.7,74.1,1000.0,Cyclonic Storm
2025331N06083,2025,DITWAH,BB,2025-11-29 18:00:00,10.6,80.7,74.1,1000.0,Cyclonic Storm
2025331N06083,2025,DITWAH,BB,2025-11-29 21:00:00,10.8,80.7,74.1,1000.0,Cyclonic Storm
2025331N06083,2025,DITWAH,BB,2025-11-30 00:00:00,11.0,80.7,74.1,1000.0,Cyclonic Storm
2025331N06083,2025,DITWAH,BB,2025-11-30 03:00:00,11.2,80.7,74.1,1000.0,Cyclonic Storm
2025331N06083,2025,DITWAH,BB,2025-11-30 06:00:00,11.4,80.7,64.8,1001.0,Cyclonic Storm
2025331N06083,2025,DITWAH,BB,2025-11-30 09:00:00,11.6,80.7,64.8,1002.0,Cyclonic Storm
2025331N06083,2025,DITWAH,BB,2025-11-30 12:00:00,11.7,80.8,55.6,1003.0,Deep Depression
2025331N06083,2025,DITWAH,BB,2025-11-30 15:00:00,11.9,81.0,55.6,1003.0,Deep Depression
2025331N06083,2025,DITWAH,BB,2025-11-30 18:00:00,12.0,81.2,55.6,1003.0,Deep Depression
2025331N06083,2025,DITWAH,BB,2025-11-30 21:00:00,12.3,81.2,55.6,1003.0,Deep Depression
2025331N06083,2025,DITWAH,BB,2025-12-01 00:00:00,12.6,81.2,55.6,1003.0,Deep Depression
2025331N06083,2025,DITWAH,BB,2025-12-01 03:00:00,12.7,81.0,55.6,1003.0,Deep Depression
2025331N06083,2025,DITWAH,BB,2025-12-01 06:00:00,12.9,80.9,55.6,1003.0,Deep Depression
2025331N06083,2025,DITWAH,BB,2025-12-01 09:00:00,13.0,80.9,55.6,1003.0,Deep Depression
2025331N06083,2025,DITWAH,BB,2025-12-01 12:00:00,12.9,80.9,55.6,1003.0,Deep Depression
2025331N06083,2025,DITWAH,BB,2025-12-01 15:00:00,12.8,80.8,55.6,1003.0,Deep Depression
2025331N06083,2025,DITWAH,BB,2025-12-01 18:00:00,12.7,80.7,55.6,1003.0,Deep Depression
2025331N06083,2025,DITWAH,BB,2025-12-01 21:00:00,12.7,80.6,51.9,1004.0,Deep Depression
2025331N06083,2025,DITWAH,BB,2025-12-02 00:00:00,12.6,80.6,46.3,1004.0,Depression
2025331N06083,2025,DITWAH,BB,2025-12-02 03:00:00,12.5,80.7,46.3,1004.0,Depression
2025331N06083,2025,DITWAH,BB,2025-12-02 06:00:00,12.4,80.7,46.3,1004.0,Depression
2025331N06083,2025,DITWAH,BB,2025-12-02 09:00:00,12.3,80.6,46.3,1004.0,Depression
2025331N06083,2025,DITWAH,BB,2025-12-02 12:00:00,12.3,80.4,46.3,1004.0,Depression
2025331N06083,2025,DITWAH,BB,2025-12-02 15:00:00,12.2,80.3,42.6,1005.0,Depression
2025331N06083,2025,DITWAH,BB,2025-12-02 18:00:00,12.1,80.2,37.0,1005.0,Depression
