cyclone_id,season,name,subbasin,timestamp,lat,lon,sst,pressure_msl,wind_u,wind_v,wind_speed,pressure,category,pre_genesis_favorable
2013130N04093,2013,MAHASEN:VIYARU,BB,2013-05-10 09:00:00,5.1,92.6,29.35,1004.3,11.9666748046875,-1.6301116943359375,46.3,1004.0,Depression,True
2013130N04093,2013,MAHASEN:VIYARU,BB,2013-05-10 12:00:00,5.4,92.3,29.38,1003.8,12.055816650390623,1.92645263671875,55.6,1002.0,Deep Depression,True
2013130N04093,2013,MAHASEN:VIYARU,BB,2013-05-10 15:00:00,5.8,92.0,29.56,1005.5,8.815444946289062,-0.06329345703125,55.6,1001.0,Deep Depression,True
2013130N04093,2013,MAHASEN:VIYARU,BB,2013-05-10 18:00:00,6.1,91.7,29.76,1004.5,13.341064453125,1.14398193359375,55.6,1000.0,Deep Depression,True
2013130N04093,2013,MAHASEN:VIYARU,BB,2013-05-10 21:00:00,6.4,91.3,29.98,1001.4,12.879852294921877,-4.213104248046875,55.6,999.0,Deep Depression,True
2013130N04093,2013,MAHASEN:VIYARU,BB,2013-05-11 00:00:00,6.8,91.0,29.89,1002.8,11.286300659179688,3.385162353515625,55.6,998.0,Deep Depression,True
2013130N04093,2013,MAHASEN:VIYARU,BB,2013-05-11 03:00:00,7.3,90.4,29.94,1004.4,11.895889282226562,-2.9470672607421875,64.8,996.0,Cyclonic Storm,False
2013130N04093,2013,MAHASEN:VIYARU,BB,2013-05-11 06:00:00,7.8,90.2,30.02,1003.7,11.131500244140623,-4.125152587890625,64.8,996.0,Cyclonic Storm,False
2013130N04093,2013,MAHASEN:VIYARU,BB,2013-05-11 09:00:00,7.9,89.7,30.2,1001.6,9.282333374023438,-7.139190673828125,64.8,996.0,Cyclonic Storm,False
2013130N04093,2013,MAHASEN:VIYARU,BB,2013-05-11 12:00:00,8.3,89.2,30.45,1001.5,8.911605834960938,-1.6399993896484375,74.1,994.0,Cyclonic Storm,False
2013130N04093,2013,MAHASEN:VIYARU,BB,2013-05-11 15:00:00,8.7,88.8,30.69,1003.3,8.466018676757812,-3.496810913085937,74.1,994.0,Cyclonic Storm,False
2013130N04093,2013,MAHASEN:VIYARU,BB,2013-05-11 18:00:00,9.1,88.7,30.68,1000.5,8.261810302734375,-2.0396881103515625,74.1,994.0,Cyclonic Storm,False
2013130N04093,2013,MAHASEN:VIYARU,BB,2013-05-11 21:00:00,9.4,88.3,30.84,997.5,-0.0185699462890625,-8.011398315429688,74.1,994.0,Cyclonic Storm,False
2013130N04093,2013,MAHASEN:VIYARU,BB,2013-05-12 00:00:00,9.8,87.9,30.53,998.9,-6.6409759521484375,0.961700439453125,74.1,994.0,Cyclonic Storm,False
2013130N04093,2013,MAHASEN:VIYARU,BB,2013-05-12 03:00:00,9.8,87.5,30.53,1002.1,14.770370483398438,0.82696533203125,74.1,994.0,Cyclonic Storm,False
2013130N04093,2013,MAHASEN:VIYARU,BB,2013-05-12 06:00:00,10.0,87.5,30.58,999.8,16.385391235351562,3.920822143554688,74.1,994.0,Cyclonic Storm,False
2013130N04093,2013,MAHASEN:VIYARU,BB,2013-05-12 09:00:00,10.3,87.1,30.76,997.7,19.73915100097656,3.609222412109375,74.1,994.0,Cyclonic Storm,False
2013130N04093,2013,MAHASEN:VIYARU,BB,2013-05-12 12:00:00,10.4,87.0,30.78,994.0,16.834609985351562,-2.6822967529296875,74.1,994.0,Cyclonic Storm,False
2013130N04093,2013,MAHASEN:VIYARU,BB,2013-05-12 15:00:00,10.5,86.7,30.82,998.8,19.741973876953125,0.0263519287109375,74.1,994.0,Cyclonic Storm,False
2013130N04093,2013,MAHASEN:VIYARU,BB,2013-05-12 18:00:00,10.9,86.6,30.9,997.0,12.7784423828125,-10.863418579101562,74.1,994.0,Cyclonic Storm,False
2013130N04093,2013,MAHASEN:VIYARU,BB,2013-05-12 21:00:00,11.0,86.5,30.9,996.8,19.6490478515625,-5.878189086914063,74.1,994.0,Cyclonic Storm,False
2013130N04093,2013,MAHASEN:VIYARU,BB,2013-05-13 00:00:00,11.5,86.5,30.97,992.4,11.449630737304688,-3.589599609375,74.1,994.0,Cyclonic Storm,False
2013130N04093,2013,MAHASEN:VIYARU,BB,2013-05-13 03:00:00,11.8,86.4,30.94,995.4,3.0124053955078125,6.730377197265625,74.1,994.0,Cyclonic Storm,False
2013130N04093,2013,MAHASEN:VIYARU,BB,2013-05-13 06:00:00,12.0,86.4,30.9,995.5,2.670257568359375,10.164306640625,74.1,994.0,Cyclonic Storm,False
2013130N04093,2013,MAHASEN:VIYARU,BB,2013-05-13 09:00:00,12.0,85.9,30.89,990.4,8.218551635742188,2.0980987548828125,74.1,994.0,Cyclonic Storm,False
2013130N04093,2013,MAHASEN:VIYARU,BB,2013-05-13 12:00:00,12.2,85.8,30.88,992.5,18.015838623046875,3.558807373046875,74.1,994.0,Cyclonic Storm,False
2013130N04093,2013,MAHASEN:VIYARU,BB,2013-05-13 15:00:00,12.6,85.7,30.89,994.0,17.2059326171875,10.744400024414062,74.1,994.0,Cyclonic Storm,False
2013130N04093,2013,MAHASEN:VIYARU,BB,2013-05-13 18:00:00,12.8,85.5,30.89,994.3,14.303558349609377,-5.032562255859375,74.1,994.0,Cyclonic Storm,False
2013130N04093,2013,MAHASEN:VIYARU,BB,2013-05-13 21:00:00,13.2,85.4,30.91,992.2,8.274932861328125,-3.510650634765625,74.1,994.0,Cyclonic Storm,False
2013130N04093,2013,MAHASEN:VIYARU,BB,2013-05-14 00:00:00,13.6,85.5,30.28,993.2,10.906341552734377,-0.777252197265625,74.1,994.0,Cyclonic Storm,False
2013130N04093,2013,MAHASEN:VIYARU,BB,2013-05-14 03:00:00,13.7,85.5,30.22,993.5,8.156768798828125,1.9864959716796875,74.1,994.0,Cyclonic Storm,False
2013130N04093,2013,MAHASEN:VIYARU,BB,2013-05-14 06:00:00,14.1,85.7,30.19,992.5,1.7725372314453125,-0.5990447998046875,74.1,994.0,Cyclonic Storm,False
2013130N04093,2013,MAHASEN:VIYARU,BB,2013-05-14 09:00:00,14.2,85.7,30.18,992.8,6.0132598876953125,-12.804489135742188,74.1,994.0,Cyclonic Storm,False
2013130N04093,2013,MAHASEN:VIYARU,BB,2013-05-14 12:00:00,14.6,86.1,30.09,993.2,10.067108154296877,-6.424850463867188,74.1,994.0,Cyclonic Storm,False
2013130N04093,2013,MAHASEN:VIYARU,BB,2013-05-14 15:00:00,14.8,86.2,29.89,994.4,8.049362182617188,-5.540863037109375,74.1,994.0,Cyclonic Storm,False
2013130N04093,2013,MAHASEN:VIYARU,BB,2013-05-14 18:00:00,15.3,86.6,29.71,994.0,8.039657592773438,-3.429595947265625,74.1,994.0,Cyclonic Storm,False
2013130N04093,2013,MAHASEN:VIYARU,BB,2013-05-14 21:00:00,15.8,86.7,29.76,990.6,8.97442626953125,1.023284912109375,74.1,994.0,Cyclonic Storm,False
2013130N04093,2013,MAHASEN:VIYARU,BB,2013-05-15 00:00:00,16.3,87.1,29.47,992.5,4.249176025390625,4.97015380859375,74.1,994.0,Cyclonic Storm,False
2013130N04093,2013,MAHASEN:VIYARU,BB,2013-05-15 03:00:00,16.7,87.2,29.42,994.1,5.3946533203125,-6.1829986572265625,74.1,992.0,Cyclonic Storm,False
2013130N04093,2013,MAHASEN:VIYARU,BB,2013-05-15 06:00:00,17.3,87.6,29.3,994.2,1.79052734375,-5.984664916992188,83.3,990.0,Cyclonic Storm,False
2013130N04093,2013,MAHASEN:VIYARU,BB,2013-05-15 09:00:00,17.7,87.7,29.39,993.6,3.478240966796875,-5.982711791992188,83.3,990.0,Cyclonic Storm,False
2013130N04093,2013,MAHASEN:VIYARU,BB,2013-05-15 12:00:00,18.3,88.2,29.58,992.5,7.2080078125,-1.5854644775390625,83.3,990.0,Cyclonic Storm,False
2013130N04093,2013,MAHASEN:VIYARU,BB,2013-05-15 15:00:00,18.8,88.6,29.58,993.9,4.506317138671875,-9.256423950195312,83.3,990.0,Cyclonic Storm,False
2013130N04093,2013,MAHASEN:VIYARU,BB,2013-05-15 18:00:00,19.3,88.8,29.45,994.9,4.3159942626953125,-8.703231811523438,83.3,990.0,Cyclonic Storm,False
2013130N04093,2013,MAHASEN:VIYARU,BB,2013-05-15 21:00:00,19.8,89.2,29.18,993.3,5.9073333740234375,-5.7068634033203125,83.3,990.0,Cyclonic Storm,False
2013130N04093,2013,MAHASEN:VIYARU,BB,2013-05-16 00:00:00,20.4,89.7,29.01,996.3,12.268356323242188,-11.44830322265625,83.3,990.0,Cyclonic Storm,False
2013130N04093,2013,MAHASEN:VIYARU,BB,2013-05-16 03:00:00,21.2,90.2,28.47,997.1,14.2071533203125,-5.189178466796875,83.3,990.0,Cyclonic Storm,False
2013130N04093,2013,MAHASEN:VIYARU,BB,2013-05-16 06:00:00,22.5,91.0,27.67,995.1,-5.7186126708984375,3.684524536132813,83.3,990.0,Cyclonic Storm,False
2013130N04093,2013,MAHASEN:VIYARU,BB,2013-05-16 09:00:00,23.4,91.9,,997.3,-1.230926513671875,-2.3342742919921875,74.1,994.0,Cyclonic Storm,False
2013130N04093,2013,MAHASEN:VIYARU,BB,2013-05-16 12:00:00,24.1,92.5,,998.6,-1.0299530029296875,0.3188018798828125,55.6,996.0,Deep Depression,False
2013130N04093,2013,MAHASEN:VIYARU,BB,2013-05-16 15:00:00,24.5,93.0,,1000.4,-0.823577880859375,0.7085418701171875,51.9,997.0,Deep Depression,False
2013130N04093,2013,MAHASEN:VIYARU,BB,2013-05-16 18:00:00,25.0,93.5,,1003.6,-0.3022003173828125,1.124237060546875,46.3,998.0,Depression,False
2013232N22088,2013,UNNAMED,BB,2013-08-20 00:00:00,22.0,87.5,,994.0,-0.2651214599609375,1.46697998046875,46.3,990.0,Depression,False
2013232N22088,2013,UNNAMED,BB,2013-08-20 03:00:00,22.0,87.5,,995.3,0.7327880859375,2.760101318359375,46.3,990.0,Depression,False
2013232N22088,2013,UNNAMED,BB,2013-08-20 06:00:00,22.0,87.5,,994.7,0.5422515869140625,3.85394287109375,46.3,990.0,Depression,False
2013232N22088,2013,UNNAMED,BB,2013-08-20 09:00:00,22.1,87.5,,992.0,1.175567626953125,4.197784423828125,46.3,990.0,Depression,False
2013232N22088,2013,UNNAMED,BB,2013-08-20 12:00:00,22.3,87.5,,991.9,-1.0638580322265625,2.3846435546875,46.3,990.0,Depression,False
2013232N22088,2013,UNNAMED,BB,2013-08-20 15:00:00,22.4,87.5,,993.6,1.19537353515625,1.362548828125,46.3,990.0,Depression,False
2013232N22088,2013,UNNAMED,BB,2013-08-20 18:00:00,22.5,87.5,,994.5,3.0266265869140625,3.44781494140625,46.3,990.0,Depression,False
2013232N22088,2013,UNNAMED,BB,2013-08-20 21:00:00,22.9,87.4,,992.8,1.3240203857421875,2.8789825439453125,42.6,990.0,Depression,False
2013232N22088,2013,UNNAMED,BB,2013-08-21 00:00:00,23.3,87.0,,992.8,-0.43194580078125,2.4166717529296875,37.0,990.0,Depression,False
2013232N22088,2013,UNNAMED,BB,2013-08-21 03:00:00,23.3,86.0,,995.1,0.71435546875,0.4933013916015625,37.0,992.0,Depression,False
2013232N22088,2013,UNNAMED,BB,2013-08-21 06:00:00,23.2,85.7,,995.5,-1.925689697265625,2.063705444335937,37.0,992.0,Depression,False
2013232N22088,2013,UNNAMED,BB,2013-08-21 09:00:00,23.2,85.0,,995.6,-1.101226806640625,2.920394897460937,37.0,992.0,Depression,False
2013232N22088,2013,UNNAMED,BB,2013-08-21 12:00:00,23.2,84.0,,995.1,-0.276885986328125,0.99664306640625,37.0,991.0,Depression,False
2013232N22088,2013,UNNAMED,BB,2013-08-21 15:00:00,23.2,83.0,,996.5,0.8837738037109375,0.68072509765625,37.0,993.0,Depression,False
2013232N22088,2013,UNNAMED,BB,2013-08-21 18:00:00,23.2,82.2,,997.5,1.7315521240234375,-0.4139556884765625,37.0,994.0,Depression,False
2013232N22088,2013,UNNAMED,BB,2013-08-21 21:00:00,23.2,82.2,,996.0,0.549041748046875,0.618865966796875,37.0,994.0,Depression,False
2013232N22088,2013,UNNAMED,BB,2013-08-22 00:00:00,23.2,82.0,,996.3,-0.6725006103515625,0.8658599853515625,37.0,994.0,Depression,False
2013232N22088,2013,UNNAMED,BB,2013-08-22 03:00:00,23.2,80.7,,997.9,0.9783935546875,-3.654953002929688,37.0,994.0,Depression,False
2013232N22088,2013,UNNAMED,BB,2013-08-22 06:00:00,23.2,80.3,,998.2,0.6391143798828125,-4.757476806640625,37.0,996.0,Depression,False
2013232N22088,2013,UNNAMED,BB,2013-08-22 09:00:00,23.1,80.1,,997.0,-0.5470733642578125,-4.9701080322265625,37.0,997.0,Depression,False
2013232N22088,2013,UNNAMED,BB,2013-08-22 12:00:00,23.0,80.1,,996.8,-1.631256103515625,-3.033447265625,37.0,998.0,Depression,False
2013232N22088,2013,UNNAMED,BB,2013-08-22 15:00:00,22.9,80.1,,999.0,-2.11358642578125,-1.7407989501953125,37.0,998.0,Depression,False
2013232N22088,2013,UNNAMED,BB,2013-08-22 18:00:00,22.9,80.0,,999.8,-2.5238800048828125,-1.172576904296875,37.0,998.0,Depression,False
2013232N22088,2013,UNNAMED,BB,2013-08-22 21:00:00,22.8,79.9,,998.7,-2.332260131835937,-1.0789794921875,37.0,998.0,Depression,False
2013232N22088,2013,UNNAMED,BB,2013-08-23 00:00:00,22.8,79.8,,999.0,-2.9539337158203125,-1.941497802734375,37.0,998.0,Depression,False
2013281N12098,2013,PHAILIN,BB,2013-10-08 03:00:00,12.4,95.5,28.14,1005.1,11.401687622070312,1.1020355224609375,46.3,1004.0,Depression,True
2013281N12098,2013,PHAILIN,BB,2013-10-08 06:00:00,12.4,95.2,28.25,1003.8,7.5293426513671875,10.893035888671877,46.3,1004.0,Depression,True
2013281N12098,2013,PHAILIN,BB,2013-10-08 09:00:00,12.4,94.9,28.35,1000.2,10.669036865234377,10.795074462890623,46.3,1004.0,Depression,True
2013281N12098,2013,PHAILIN,BB,2013-10-08 12:00:00,12.4,94.5,28.51,1001.7,14.571929931640623,10.658432006835938,46.3,1003.0,Depression,True
2013281N12098,2013,PHAILIN,BB,2013-10-08 15:00:00,12.5,94.2,28.55,1003.3,12.618911743164062,2.2891998291015625,46.3,1003.0,Depression,True
2013281N12098,2013,PHAILIN,BB,2013-10-08 18:00:00,12.7,94.0,28.64,1002.4,11.534286499023438,4.700973510742188,46.3,1003.0,Depression,True
2013281N12098,2013,PHAILIN,BB,2013-10-08 21:00:00,12.9,93.7,28.61,999.8,6.704345703125,7.717742919921875,51.9,1003.0,Deep Depression,True
2013281N12098,2013,PHAILIN,BB,2013-10-09 00:00:00,13.1,93.5,28.25,1001.3,0.948394775390625,10.756683349609377,55.6,1002.0,Deep Depression,True
2013281N12098,2013,PHAILIN,BB,2013-10-09 03:00:00,13.2,93.3,28.2,1002.4,-4.3000030517578125,8.823287963867188,55.6,1001.0,Deep Depression,True
2013281N12098,2013,PHAILIN,BB,2013-10-09 06:00:00,13.2,92.9,28.13,1000.6,0.433013916015625,7.967254638671875,55.6,1000.0,Deep Depression,True
2013281N12098,2013,PHAILIN,BB,2013-10-09 09:00:00,13.5,92.5,28.35,998.1,-3.3556060791015625,-0.5624847412109375,55.6,1000.0,Deep Depression,True
2013281N12098,2013,PHAILIN,BB,2013-10-09 12:00:00,13.6,92.4,28.35,998.0,5.9880218505859375,0.653076171875,64.8,999.0,Cyclonic Storm,False
2013281N12098,2013,PHAILIN,BB,2013-10-09 15:00:00,13.7,92.3,28.46,1000.1,6.365249633789063,5.064498901367188,64.8,999.0,Cyclonic Storm,False
2013281N12098,2013,PHAILIN,BB,2013-10-09 18:00:00,14.0,91.9,28.54,998.8,6.997238159179688,6.3297271728515625,74.1,998.0,Cyclonic Storm,False
2013281N12098,2013,PHAILIN,BB,2013-10-09 21:00:00,14.1,91.8,28.55,998.5,13.148635864257812,7.1395416259765625,83.3,996.0,Cyclonic Storm,False
2013281N12098,2013,PHAILIN,BB,2013-10-10 00:00:00,14.5,91.4,28.46,997.8,6.8385772705078125,5.190841674804688,83.3,996.0,Cyclonic Storm,False
2013281N12098,2013,PHAILIN,BB,2013-10-10 03:00:00,14.6,91.0,28.51,999.8,11.182052612304688,5.3807373046875,101.9,990.0,Severe Cyclonic Storm,False
2013281N12098,2013,PHAILIN,BB,2013-10-10 06:00:00,15.0,90.7,28.56,996.6,6.294891357421875,6.04058837890625,120.4,984.0,Very Severe Cyclonic Storm,False
2013281N12098,2013,PHAILIN,BB,2013-10-10 09:00:00,15.1,90.5,28.6,995.3,10.577682495117188,5.775146484375,129.6,982.0,Very Severe Cyclonic Storm,False
2013281N12098,2013,PHAILIN,BB,2013-10-10 12:00:00,15.4,90.1,28.81,993.5,-0.42840576171875,1.101593017578125,138.9,976.0,Very Severe Cyclonic Storm,False
2013281N12098,2013,PHAILIN,BB,2013-10-10 15:00:00,15.5,89.9,28.81,995.7,2.943878173828125,11.883041381835938,166.7,966.0,Extremely Severe Cyclonic Storm,False
2013281N12098,2013,PHAILIN,BB,2013-10-10 18:00:00,15.6,89.5,28.98,994.0,7.518234252929687,9.161514282226562,175.9,960.0,Extremely Severe Cyclonic Storm,False
2013281N12098,2013,PHAILIN,BB,2013-10-10 21:00:00,15.6,89.0,29.16,992.0,11.233444213867188,4.00091552734375,185.2,954.0,Extremely Severe Cyclonic Storm,False
2013281N12098,2013,PHAILIN,BB,2013-10-11 00:00:00,15.9,88.6,29.07,990.6,-1.7181396484375,-2.727157592773437,203.7,946.0,Extremely Severe Cyclonic Storm,False
2013281N12098,2013,PHAILIN,BB,2013-10-11 03:00:00,15.9,88.5,29.07,991.6,4.1934661865234375,6.541061401367188,213.0,940.0,Extremely Severe Cyclonic Storm,False
2013281N12098,2013,PHAILIN,BB,2013-10-11 06:00:00,16.2,88.3,29.11,989.9,4.1347503662109375,9.804306030273438,213.0,940.0,Extremely Severe Cyclonic Storm,False
2013281N12098,2013,PHAILIN,BB,2013-10-11 09:00:00,16.5,88.0,29.21,987.4,4.937530517578125,11.33258056640625,213.0,940.0,Extremely Severe Cyclonic Storm,False
2013281N12098,2013,PHAILIN,BB,2013-10-11 12:00:00,16.8,87.7,29.31,985.9,-3.11639404296875,12.280303955078123,213.0,940.0,Extremely Severe Cyclonic Storm,False
2013281N12098,2013,PHAILIN,BB,2013-10-11 15:00:00,16.8,87.3,29.58,985.5,2.00048828125,10.330322265625,213.0,940.0,Extremely Severe Cyclonic Storm,False
2013281N12098,2013,PHAILIN,BB,2013-10-11 18:00:00,16.9,87.0,29.66,983.3,1.8033905029296875,9.86651611328125,213.0,940.0,Extremely Severe Cyclonic Storm,False
2013281N12098,2013,PHAILIN,BB,2013-10-11 21:00:00,17.1,86.7,29.72,981.3,7.475616455078125,13.88299560546875,213.0,940.0,Extremely Severe Cyclonic Storm,False
2013281N12098,2013,PHAILIN,BB,2013-10-12 00:00:00,17.5,86.5,28.58,976.5,-3.2117462158203125,10.79888916015625,213.0,940.0,Extremely Severe Cyclonic Storm,False
2013281N12098,2013,PHAILIN,BB,2013-10-12 03:00:00,17.7,86.0,28.55,975.3,-2.6741180419921875,5.879058837890625,213.0,940.0,Extremely Severe Cyclonic Storm,False
2013281N12098,2013,PHAILIN,BB,2013-10-12 06:00:00,18.1,85.8,28.63,973.6,6.59686279296875,9.324661254882812,213.0,940.0,Extremely Severe Cyclonic Storm,False
2013281N12098,2013,PHAILIN,BB,2013-10-12 09:00:00,18.5,85.4,28.75,970.0,0.9850311279296876,13.43499755859375,213.0,940.0,Extremely Severe Cyclonic Storm,False
2013281N12098,2013,PHAILIN,BB,2013-10-12 12:00:00,18.7,85.2,28.77,971.6,6.395721435546875,10.06036376953125,213.0,940.0,Extremely Severe Cyclonic Storm,False
2013281N12098,2013,PHAILIN,BB,2013-10-12 15:00:00,19.1,85.1,28.81,976.6,9.323455810546877,11.552520751953123,213.0,940.0,Extremely Severe Cyclonic Storm,False
2013281N12098,2013,PHAILIN,BB,2013-10-12 18:00:00,19.5,84.9,,980.9,0.989166259765625,15.958740234375,185.2,956.0,Extremely Severe Cyclonic Storm,False
2013281N12098,2013,PHAILIN,BB,2013-10-12 21:00:00,19.9,84.6,,982.7,-4.050506591796875,3.5629425048828125,166.7,966.0,Extremely Severe Cyclonic Storm,False
2013281N12098,2013,PHAILIN,BB,2013-10-13 00:00:00,20.4,84.5,,986.5,-5.831314086914063,4.835906982421875,138.9,976.0,Very Severe Cyclonic Storm,False
2013281N12098,2013,PHAILIN,BB,2013-10-13 03:00:00,20.9,84.1,,989.0,-4.4598541259765625,0.7193145751953125,101.9,990.0,Severe Cyclonic Storm,False
2013281N12098,2013,PHAILIN,BB,2013-10-13 06:00:00,21.5,84.0,,991.2,-5.013717651367188,4.49835205078125,74.1,992.0,Cyclonic Storm,False
2013281N12098,2013,PHAILIN,BB,2013-10-13 09:00:00,22.0,83.9,,991.1,-2.882080078125,6.4502716064453125,64.8,993.0,Cyclonic Storm,False
2013281N12098,2013,PHAILIN,BB,2013-10-13 12:00:00,22.6,83.9,,994.9,-3.624954223632813,5.4727935791015625,64.8,994.0,Cyclonic Storm,False
2013281N12098,2013,PHAILIN,BB,2013-10-13 15:00:00,22.8,83.6,,998.1,-0.701385498046875,1.94390869140625,61.1,995.0,Deep Depression,False
2013281N12098,2013,PHAILIN,BB,2013-10-13 18:00:00,23.0,83.5,,998.8,0.99957275390625,2.4290771484375,55.6,996.0,Deep Depression,False
2013281N12098,2013,PHAILIN,BB,2013-10-13 21:00:00,23.2,83.7,,998.9,2.056854248046875,4.238296508789063,55.6,998.0,Deep Depression,False
2013281N12098,2013,PHAILIN,BB,2013-10-14 00:00:00,23.5,84.0,,1000.8,1.6500244140625,3.878463745117188,55.6,1000.0,Deep Depression,False
2013281N12098,2013,PHAILIN,BB,2013-10-14 03:00:00,23.9,84.2,,1002.8,1.25390625,4.01416015625,51.9,1002.0,Deep Depression,False
2013281N12098,2013,PHAILIN,BB,2013-10-14 06:00:00,24.5,84.2,,1002.7,2.041656494140625,5.536651611328125,46.3,1004.0,Depression,False
2013305N07141,2013,UNNAMED,BB,2013-11-13 00:00:00,10.9,86.5,28.51,1006.0,-5.111846923828125,-2.2863311767578125,46.3,1004.0,Depression,True
2013305N07141,2013,UNNAMED,BB,2013-11-13 03:00:00,11.1,86.2,28.55,1008.7,-6.530731201171875,-1.8370513916015625,46.3,1004.0,Depression,True
2013305N07141,2013,UNNAMED,BB,2013-11-13 06:00:00,11.2,86.1,28.54,1008.2,-7.4846649169921875,0.1499176025390625,46.3,1004.0,Depression,True
2013305N07141,2013,UNNAMED,BB,2013-11-13 09:00:00,11.2,86.0,28.54,1005.8,-7.4610595703125,0.0174407958984375,46.3,1004.0,Depression,True
2013305N07141,2013,UNNAMED,BB,2013-11-13 12:00:00,11.2,86.0,28.54,1006.2,-5.6472930908203125,0.6729736328125,46.3,1003.0,Depression,True
2013305N07141,2013,UNNAMED,BB,2013-11-13 15:00:00,11.2,85.8,28.58,1008.7,-5.1085968017578125,0.3138885498046875,46.3,1003.0,Depression,True
2013305N07141,2013,UNNAMED,BB,2013-11-13 18:00:00,11.2,85.6,28.67,1007.6,-6.8209228515625,0.2479705810546875,46.3,1003.0,Depression,True
2013305N07141,2013,UNNAMED,BB,2013-11-13 21:00:00,11.1,85.4,28.67,1006.1,-4.6847686767578125,1.980712890625,46.3,1003.0,Depression,True
2013305N07141,2013,UNNAMED,BB,2013-11-14 00:00:00,11.1,85.3,28.8,1006.9,-3.30609130859375,-2.317901611328125,46.3,1003.0,Depression,True
2013305N07141,2013,UNNAMED,BB,2013-11-14 03:00:00,11.1,85.2,28.8,1009.5,-6.073013305664063,-1.5917510986328125,46.3,1003.0,Depression,True
2013305N07141,2013,UNNAMED,BB,2013-11-14 06:00:00,11.0,85.2,28.8,1008.5,-5.959136962890625,-0.8932037353515625,46.3,1003.0,Depression,True
2013305N07141,2013,UNNAMED,BB,2013-11-14 09:00:00,10.7,85.0,28.86,1005.7,-5.4140472412109375,-2.681991577148437,46.3,1003.0,Depression,True
2013305N07141,2013,UNNAMED,BB,2013-11-14 12:00:00,10.4,84.9,28.85,1006.4,-5.9643402099609375,-1.7273712158203125,46.3,1003.0,Depression,True
2013305N07141,2013,UNNAMED,BB,2013-11-14 15:00:00,10.2,84.7,28.88,1009.1,-5.304489135742188,-4.554367065429688,46.3,1003.0,Depression,True
2013305N07141,2013,UNNAMED,BB,2013-11-14 18:00:00,10.1,84.6,28.96,1008.4,-6.300994873046875,-5.1024322509765625,46.3,1003.0,Depression,True
2013305N07141,2013,UNNAMED,BB,2013-11-14 21:00:00,9.9,84.4,28.96,1006.7,-6.836471557617188,-3.1822662353515625,46.3,1003.0,Depression,True
2013305N07141,2013,UNNAMED,BB,2013-11-15 00:00:00,9.7,84.1,28.62,1005.9,-7.324630737304687,-3.086898803710937,46.3,1003.0,Depression,True
2013305N07141,2013,UNNAMED,BB,2013-11-15 03:00:00,9.4,83.7,28.55,1008.0,-3.8759613037109375,0.60406494140625,46.3,1003.0,Depression,True
2013305N07141,2013,UNNAMED,BB,2013-11-15 06:00:00,9.4,83.5,28.37,1006.8,-0.594085693359375,-0.129669189453125,46.3,1003.0,Depression,True
2013305N07141,2013,UNNAMED,BB,2013-11-15 09:00:00,9.5,83.2,28.23,1004.7,2.052230834960937,1.03863525390625,46.3,1003.0,Depression,True
2013305N07141,2013,UNNAMED,BB,2013-11-15 12:00:00,9.6,82.9,28.13,1005.0,3.823440551757813,0.9664306640625,46.3,1003.0,Depression,True
2013305N07141,2013,UNNAMED,BB,2013-11-15 15:00:00,9.9,82.4,27.94,1007.0,-5.37811279296875,-1.2066650390625,46.3,1003.0,Depression,True
2013305N07141,2013,UNNAMED,BB,2013-11-15 18:00:00,10.2,82.0,27.88,1006.9,-8.479995727539062,-2.056793212890625,46.3,1003.0,Depression,True
2013305N07141,2013,UNNAMED,BB,2013-11-15 21:00:00,10.4,81.7,27.92,1005.6,-8.489059448242188,-3.18206787109375,46.3,1003.0,Depression,True
2013305N07141,2013,UNNAMED,BB,2013-11-16 00:00:00,10.6,81.3,28.17,1005.4,-8.295867919921875,-0.829925537109375,46.3,1003.0,Depression,True
2013305N07141,2013,UNNAMED,BB,2013-11-16 03:00:00,10.9,80.5,27.91,1008.6,-9.941497802734377,-6.861236572265625,46.3,1003.0,Depression,True
2013305N07141,2013,UNNAMED,BB,2013-11-16 06:00:00,11.0,80.0,27.77,1008.4,-8.306884765625,-10.306869506835938,46.3,1003.0,Depression,True
2013305N07141,2013,UNNAMED,BB,2013-11-16 09:00:00,11.1,79.5,,1006.5,-1.209197998046875,-7.459136962890625,46.3,1004.0,Depression,False
2013305N07141,2013,UNNAMED,BB,2013-11-16 12:00:00,11.1,78.9,,1006.8,-1.0033721923828125,-6.4650421142578125,46.3,,Depression,False
2013305N07141,2013,UNNAMED,BB,2013-11-16 15:00:00,11.2,78.3,,1009.9,-0.6125030517578125,-3.015365600585937,46.3,,Depression,False
2013305N07141,2013,UNNAMED,AS,2013-11-16 18:00:00,11.3,77.6,,1010.7,-0.6650543212890625,-3.30706787109375,46.3,,Depression,False
2013322N13090,2013,HELEN,BB,2013-11-19 00:00:00,14.7,86.2,28.03,1005.8,-1.326324462890625,4.34490966796875,46.3,1004.0,Depression,True
2013322N13090,2013,HELEN,BB,2013-11-19 03:00:00,14.8,85.9,28.07,1007.7,-1.6171417236328125,7.459091186523437,46.3,1004.0,Depression,True
2013322N13090,2013,HELEN,BB,2013-11-19 06:00:00,14.8,85.6,28.1,1006.7,-4.126434326171875,4.1132659912109375,46.3,1004.0,Depression,True
2013322N13090,2013,HELEN,BB,2013-11-19 09:00:00,14.9,85.3,28.06,1004.2,-6.9605865478515625,2.415008544921875,46.3,1004.0,Depression,True
2013322N13090,2013,HELEN,BB,2013-11-19 12:00:00,15.0,85.1,28.04,1005.0,-4.7088165283203125,3.0649566650390625,46.3,1004.0,Depression,True
2013322N13090,2013,HELEN,BB,2013-11-19 15:00:00,15.0,84.9,28.04,1006.4,-2.5138397216796875,5.64630126953125,55.6,1002.0,Deep Depression,True
2013322N13090,2013,HELEN,BB,2013-11-19 18:00:00,15.0,84.5,27.92,1005.6,-4.7006378173828125,1.716583251953125,55.6,1002.0,Deep Depression,True
2013322N13090,2013,HELEN,BB,2013-11-19 21:00:00,15.0,84.2,27.86,1003.9,-4.342819213867188,-0.5065460205078125,55.6,1002.0,Deep Depression,True
2013322N13090,2013,HELEN,BB,2013-11-20 00:00:00,15.1,84.1,27.93,1003.2,-0.3751373291015625,-4.973419189453125,55.6,1002.0,Deep Depression,True
2013322N13090,2013,HELEN,BB,2013-11-20 03:00:00,15.1,84.1,27.93,1003.7,3.1521148681640625,0.54241943359375,64.8,1000.0,Cyclonic Storm,False
2013322N13090,2013,HELEN,BB,2013-11-20 06:00:00,15.3,84.1,27.74,1002.8,-5.3245391845703125,3.8067779541015625,74.1,1000.0,Cyclonic Storm,False
2013322N13090,2013,HELEN,BB,2013-11-20 09:00:00,15.3,84.0,27.74,999.4,-2.3941650390625,2.504302978515625,74.1,1000.0,Cyclonic Storm,False
2013322N13090,2013,HELEN,BB,2013-11-20 12:00:00,15.4,84.0,27.49,998.2,-5.8408050537109375,1.7305908203125,83.3,998.0,Cyclonic Storm,False
2013322N13090,2013,HELEN,BB,2013-11-20 15:00:00,15.4,83.9,27.49,1000.1,-7.866409301757812,5.30279541015625,83.3,998.0,Cyclonic Storm,False
2013322N13090,2013,HELEN,BB,2013-11-20 18:00:00,15.5,83.8,27.5,998.8,-6.111541748046875,0.364105224609375,83.3,996.0,Cyclonic Storm,False
2013322N13090,2013,HELEN,BB,2013-11-20 21:00:00,15.6,83.7,27.5,997.5,-3.683181762695313,6.3549652099609375,83.3,996.0,Cyclonic Storm,False
2013322N13090,2013,HELEN,BB,2013-11-21 00:00:00,15.7,83.6,27.36,997.4,-6.554595947265625,5.9655609130859375,92.6,994.0,Severe Cyclonic Storm,False
2013322N13090,2013,HELEN,BB,2013-11-21 03:00:00,15.8,83.4,27.36,1000.5,-7.463455200195312,8.014205932617188,92.6,992.0,Severe Cyclonic Storm,False
2013322N13090,2013,HELEN,BB,2013-11-21 06:00:00,15.9,83.3,27.42,1000.2,-9.738021850585938,6.66748046875,101.9,990.0,Severe Cyclonic Storm,False
2013322N13090,2013,HELEN,BB,2013-11-21 09:00:00,16.0,83.1,27.4,998.1,-4.5599365234375,4.757232666015625,101.9,990.0,Severe Cyclonic Storm,False
2013322N13090,2013,HELEN,BB,2013-11-21 12:00:00,16.1,83.0,27.4,1000.0,-3.5937652587890625,10.36041259765625,101.9,990.0,Severe Cyclonic Storm,False
2013322N13090,2013,HELEN,BB,2013-11-21 15:00:00,16.1,82.7,27.45,1002.4,-2.5726776123046875,9.951980590820312,101.9,990.0,Severe Cyclonic Storm,False
2013322N13090,2013,HELEN,BB,2013-11-21 18:00:00,16.2,82.6,27.43,1002.8,-5.918502807617188,11.130630493164062,101.9,990.0,Severe Cyclonic Storm,False
2013322N13090,2013,HELEN,BB,2013-11-21 21:00:00,16.1,82.3,27.6,1003.2,3.9761962890625,10.511947631835938,101.9,990.0,Severe Cyclonic Storm,False
2013322N13090,2013,HELEN,BB,2013-11-22 00:00:00,16.2,82.0,27.18,1004.2,-0.1165771484375,9.719406127929688,101.9,990.0,Severe Cyclonic Storm,False
2013322N13090,2013,HELEN,BB,2013-11-22 03:00:00,16.2,81.7,27.22,1007.4,-0.8088226318359375,8.504714965820312,101.9,990.0,Severe Cyclonic Storm,False
2013322N13090,2013,HELEN,BB,2013-11-22 06:00:00,16.2,81.4,27.17,1008.9,-0.04937744140625,8.024322509765625,101.9,990.0,Severe Cyclonic Storm,False
2013322N13090,2013,HELEN,BB,2013-11-22 09:00:00,16.0,81.2,27.19,1007.8,0.8152618408203125,6.244644165039063,74.1,1000.0,Cyclonic Storm,False
2013322N13090,2013,HELEN,BB,2013-11-22 12:00:00,15.8,80.8,27.38,1008.6,0.611602783203125,2.74517822265625,55.6,1002.0,Deep Depression,True
2013322N13090,2013,HELEN,BB,2013-11-22 15:00:00,15.9,80.5,,1009.8,-2.314697265625,2.6233367919921875,51.9,1003.0,Deep Depression,False
2013322N13090,2013,HELEN,BB,2013-11-22 18:00:00,16.1,80.2,,1010.8,-1.8963470458984373,2.849090576171875,46.3,1004.0,Depression,False
2013324N07103,2013,LEHAR,BB,2013-11-23 12:00:00,8.7,96.6,28.68,1002.7,-6.519546508789063,-4.920578002929688,46.3,1004.0,Depression,True
2013324N07103,2013,LEHAR,BB,2013-11-23 15:00:00,8.9,96.3,28.67,1003.8,-5.08746337890625,-0.9810333251953124,51.9,1003.0,Deep Depression,True
2013324N07103,2013,LEHAR,BB,2013-11-23 18:00:00,9.2,96.1,28.68,1003.1,-2.087631225585937,3.1096649169921875,55.6,1002.0,Deep Depression,True
2013324N07103,2013,LEHAR,BB,2013-11-23 21:00:00,9.6,95.6,28.7,1002.3,1.10345458984375,-0.4895172119140625,61.1,1001.0,Deep Depression,True
2013324N07103,2013,LEHAR,BB,2013-11-24 00:00:00,10.0,95.2,28.93,1001.9,-6.303955078125,5.7877349853515625,64.8,999.0,Cyclonic Storm,False
2013324N07103,2013,LEHAR,BB,2013-11-24 03:00:00,10.2,95.0,28.88,1003.2,-8.57818603515625,6.00128173828125,74.1,998.0,Cyclonic Storm,False
2013324N07103,2013,LEHAR,BB,2013-11-24 06:00:00,10.6,94.6,28.81,1001.6,-10.174270629882812,-5.433990478515625,74.1,998.0,Cyclonic Storm,False
2013324N07103,2013,LEHAR,BB,2013-11-24 09:00:00,10.8,94.1,28.92,1001.2,-2.6062774658203125,-12.739761352539062,83.3,996.0,Cyclonic Storm,False
2013324N07103,2013,LEHAR,BB,2013-11-24 12:00:00,11.0,93.7,28.92,1003.3,-0.396484375,-10.185348510742188,83.3,996.0,Cyclonic Storm,False
2013324N07103,2013,LEHAR,BB,2013-11-24 15:00:00,11.1,93.5,28.9,1003.2,-1.5903778076171875,-11.78662109375,83.3,996.0,Cyclonic Storm,False
2013324N07103,2013,LEHAR,BB,2013-11-24 18:00:00,11.5,93.2,28.74,1002.0,-3.438201904296875,-11.349044799804688,83.3,996.0,Cyclonic Storm,False
2013324N07103,2013,LEHAR,BB,2013-11-24 21:00:00,11.5,92.7,28.7,1000.7,2.137603759765625,-12.222335815429688,83.3,996.0,Cyclonic Storm,False
2013324N07103,2013,LEHAR,BB,2013-11-25 00:00:00,11.8,92.6,28.44,1001.0,0.200897216796875,-11.830856323242188,101.9,992.0,Severe Cyclonic Storm,False
2013324N07103,2013,LEHAR,BB,2013-11-25 03:00:00,11.9,92.2,28.66,1002.2,-3.329833984375,-11.096633911132812,101.9,990.0,Severe Cyclonic Storm,False
2013324N07103,2013,LEHAR,BB,2013-11-25 06:00:00,12.0,91.9,28.77,1001.1,-0.114959716796875,-10.576187133789062,101.9,988.0,Severe Cyclonic Storm,False
2013324N07103,2013,LEHAR,BB,2013-11-25 09:00:00,12.0,91.7,28.77,998.3,4.7650299072265625,-7.575714111328125,111.1,988.0,Severe Cyclonic Storm,False
2013324N07103,2013,LEHAR,BB,2013-11-25 12:00:00,12.3,91.6,28.77,998.6,0.0668487548828125,-14.520477294921877,111.1,988.0,Severe Cyclonic Storm,False
2013324N07103,2013,LEHAR,BB,2013-11-25 15:00:00,12.3,91.2,28.77,1001.2,-3.334625244140625,-12.18841552734375,111.1,988.0,Severe Cyclonic Storm,False
2013324N07103,2013,LEHAR,BB,2013-11-25 18:00:00,12.4,91.1,28.81,1001.0,-5.84405517578125,-11.792709350585938,101.9,988.0,Severe Cyclonic Storm,False
2013324N07103,2013,LEHAR,BB,2013-11-25 21:00:00,12.4,90.9,28.81,997.9,-1.6318359375,-2.7920684814453125,120.4,984.0,Very Severe Cyclonic Storm,False
2013324N07103,2013,LEHAR,BB,2013-11-26 00:00:00,12.5,90.5,28.52,999.3,3.3647003173828125,-7.189498901367188,129.6,982.0,Very Severe Cyclonic Storm,False
2013324N07103,2013,LEHAR,BB,2013-11-26 03:00:00,12.5,90.1,28.61,1001.4,9.95989990234375,-8.06756591796875,129.6,982.0,Very Severe Cyclonic Storm,False
2013324N07103,2013,LEHAR,BB,2013-11-26 06:00:00,12.6,89.6,28.6,999.2,14.67120361328125,-6.7613525390625,129.6,982.0,Very Severe Cyclonic Storm,False
2013324N07103,2013,LEHAR,BB,2013-11-26 09:00:00,12.9,89.1,28.47,998.7,0.7294769287109375,-16.29718017578125,129.6,982.0,Very Severe Cyclonic Storm,False
2013324N07103,2013,LEHAR,BB,2013-11-26 12:00:00,13.0,88.7,28.4,999.0,5.22320556640625,-9.212493896484377,129.6,982.0,Very Severe Cyclonic Storm,False
2013324N07103,2013,LEHAR,BB,2013-11-26 15:00:00,13.0,88.5,28.39,999.8,0.1118316650390625,-2.2958984375,129.6,982.0,Very Severe Cyclonic Storm,False
2013324N07103,2013,LEHAR,BB,2013-11-26 18:00:00,13.2,88.1,28.4,998.9,-1.912353515625,-5.62432861328125,138.9,980.0,Very Severe Cyclonic Storm,False
2013324N07103,2013,LEHAR,BB,2013-11-26 21:00:00,13.3,87.5,28.33,998.1,5.958587646484375,-4.990875244140625,138.9,980.0,Very Severe Cyclonic Storm,False
2013324N07103,2013,LEHAR,BB,2013-11-27 00:00:00,13.6,87.0,27.97,1001.9,9.109237670898438,1.1405487060546875,138.9,980.0,Very Severe Cyclonic Storm,False
2013324N07103,2013,LEHAR,BB,2013-11-27 03:00:00,13.6,86.5,27.61,1004.3,10.005538940429688,1.386810302734375,138.9,980.0,Very Severe Cyclonic Storm,False
2013324N07103,2013,LEHAR,BB,2013-11-27 06:00:00,13.9,86.0,27.23,1003.1,-1.8295135498046875,-8.5546875,129.6,982.0,Very Severe Cyclonic Storm,False
2013324N07103,2013,LEHAR,BB,2013-11-27 09:00:00,14.0,85.5,27.35,1002.0,5.094253540039063,-10.037643432617188,120.4,984.0,Very Severe Cyclonic Storm,False
2013324N07103,2013,LEHAR,BB,2013-11-27 12:00:00,14.2,85.1,27.55,1001.0,2.2057342529296875,-4.8057708740234375,101.9,988.0,Severe Cyclonic Storm,False
2013324N07103,2013,LEHAR,BB,2013-11-27 15:00:00,14.2,84.6,27.82,1004.1,-2.6046905517578125,-2.176132202148437,101.9,988.0,Severe Cyclonic Storm,False
2013324N07103,2013,LEHAR,BB,2013-11-27 18:00:00,14.6,84.1,27.85,1004.4,-7.012542724609375,1.666229248046875,83.3,996.0,Cyclonic Storm,False
2013324N07103,2013,LEHAR,BB,2013-11-27 21:00:00,14.7,83.6,27.55,1003.7,-7.226654052734375,2.811614990234375,74.1,998.0,Cyclonic Storm,False
2013324N07103,2013,LEHAR,BB,2013-11-28 00:00:00,15.1,82.5,27.09,1005.0,-8.203155517578125,-6.2267913818359375,55.6,1000.0,Deep Depression,True
2013324N07103,2013,LEHAR,BB,2013-11-28 03:00:00,15.3,82.1,27.09,1007.7,-8.303680419921875,-5.0441741943359375,55.6,1000.0,Deep Depression,True
2013324N07103,2013,LEHAR,BB,2013-11-28 06:00:00,15.3,81.7,27.15,1007.4,-9.256088256835938,-3.564849853515625,55.6,1000.0,Deep Depression,True
2013324N07103,2013,LEHAR,BB,2013-11-28 09:00:00,15.5,81.4,27.13,1005.6,-9.02685546875,1.7031097412109375,46.3,1002.0,Depression,True
2013324N07103,2013,LEHAR,BB,2013-11-28 12:00:00,15.5,81.0,27.0,1006.7,-7.328277587890625,1.0233917236328125,37.0,1004.0,Depression,True
2013339N09084,2013,MADI,BB,2013-12-06 03:00:00,9.7,83.7,27.97,1000.9,0.391815185546875,-3.55255126953125,46.3,1004.0,Depression,True
2013339N09084,2013,MADI,BB,2013-12-06 06:00:00,9.8,83.8,27.97,1000.2,-0.29888916015625,-0.357025146484375,46.3,1004.0,Depression,True
2013339N09084,2013,MADI,BB,2013-12-06 09:00:00,9.9,83.9,27.89,997.8,-5.226318359375,4.352447509765625,46.3,1004.0,Depression,True
2013339N09084,2013,MADI,BB,2013-12-06 12:00:00,10.0,83.9,27.89,998.0,-4.9530181884765625,2.5831451416015625,46.3,1004.0,Depression,True
2013339N09084,2013,MADI,BB,2013-12-06 15:00:00,10.1,83.9,27.89,998.4,-2.2843475341796875,4.0522308349609375,51.9,1003.0,Deep Depression,True
2013339N09084,2013,MADI,BB,2013-12-06 18:00:00,10.2,84.0,27.81,996.6,-5.709747314453125,2.732421875,55.6,1002.0,Deep Depression,True
2013339N09084,2013,MADI,BB,2013-12-06 21:00:00,10.3,84.0,27.81,994.0,-5.540817260742188,-1.736114501953125,61.1,1000.0,Deep Depression,True
2013339N09084,2013,MADI,BB,2013-12-07 00:00:00,10.4,84.1,27.74,993.9,-8.667266845703125,-4.367279052734375,64.8,998.0,Cyclonic Storm,False
2013339N09084,2013,MADI,BB,2013-12-07 03:00:00,10.4,84.2,27.8,994.2,-8.934097290039062,0.9393157958984376,64.8,998.0,Cyclonic Storm,False
2013339N09084,2013,MADI,BB,2013-12-07 06:00:00,10.5,84.3,27.8,992.0,-0.559356689453125,3.25750732421875,83.3,996.0,Cyclonic Storm,False
2013339N09084,2013,MADI,BB,2013-12-07 09:00:00,10.7,84.3,27.76,988.5,-2.4056396484375,6.2908935546875,101.9,992.0,Severe Cyclonic Storm,False
2013339N09084,2013,MADI,BB,2013-12-07 12:00:00,10.9,84.4,27.8,989.0,-5.4139251708984375,7.62237548828125,101.9,992.0,Severe Cyclonic Storm,False
2013339N09084,2013,MADI,BB,2013-12-07 15:00:00,11.0,84.5,27.8,988.8,3.29302978515625,4.978851318359375,101.9,992.0,Severe Cyclonic Storm,False
2013339N09084,2013,MADI,BB,2013-12-07 18:00:00,11.3,84.5,27.76,986.7,3.1245574951171875,4.278228759765625,101.9,990.0,Severe Cyclonic Storm,False
2013339N09084,2013,MADI,BB,2013-12-07 21:00:00,11.5,84.5,27.69,985.9,3.620895385742188,-1.049072265625,101.9,990.0,Severe Cyclonic Storm,False
2013339N09084,2013,MADI,BB,2013-12-08 00:00:00,11.9,84.6,27.07,984.9,-6.988327026367188,5.5336456298828125,111.1,988.0,Severe Cyclonic Storm,False
2013339N09084,2013,MADI,BB,2013-12-08 03:00:00,12.1,84.6,27.07,988.1,-1.5989227294921875,7.7844085693359375,111.1,988.0,Severe Cyclonic Storm,False
2013339N09084,2013,MADI,BB,2013-12-08 06:00:00,12.4,84.7,26.95,990.6,-12.977783203125,11.502044677734377,120.4,986.0,Very Severe Cyclonic Storm,False
2013339N09084,2013,MADI,BB,2013-12-08 09:00:00,12.6,84.7,26.95,988.0,-0.5727691650390625,15.002151489257812,120.4,986.0,Very Severe Cyclonic Storm,False
2013339N09084,2013,MADI,BB,2013-12-08 12:00:00,13.0,84.7,26.91,993.6,-16.315780639648438,7.8307952880859375,120.4,986.0,Very Severe Cyclonic Storm,False
2013339N09084,2013,MADI,BB,2013-12-08 15:00:00,13.2,84.7,26.92,994.8,-18.983551025390625,5.1265869140625,120.4,986.0,Very Severe Cyclonic Storm,False
2013339N09084,2013,MADI,BB,2013-12-08 18:00:00,13.4,84.6,26.92,993.9,-18.116470336914062,-4.3315277099609375,120.4,986.0,Very Severe Cyclonic Storm,False
2013339N09084,2013,MADI,BB,2013-12-08 21:00:00,13.6,84.6,26.92,991.4,-14.680633544921877,-3.061676025390625,120.4,986.0,Very Severe Cyclonic Storm,False
2013339N09084,2013,MADI,BB,2013-12-09 00:00:00,13.9,84.6,26.59,994.4,-12.820632934570312,-11.26617431640625,120.4,986.0,Very Severe Cyclonic Storm,False
2013339N09084,2013,MADI,BB,2013-12-09 03:00:00,14.1,84.7,26.67,992.1,-15.27227783203125,0.3478851318359375,120.4,986.0,Very Severe Cyclonic Storm,False
2013339N09084,2013,MADI,BB,2013-12-09 06:00:00,14.3,84.7,26.74,993.0,-15.716461181640623,1.5905303955078125,120.4,986.0,Very Severe Cyclonic Storm,False
2013339N09084,2013,MADI,BB,2013-12-09 09:00:00,14.4,84.7,26.8,992.8,-16.710479736328125,-0.2648468017578125,120.4,986.0,Very Severe Cyclonic Storm,False
2013339N09084,2013,MADI,BB,2013-12-09 12:00:00,14.6,84.8,26.8,988.2,-6.4281158447265625,1.2816009521484375,111.1,988.0,Severe Cyclonic Storm,False
2013339N09084,2013,MADI,BB,2013-12-09 15:00:00,14.7,84.8,26.87,990.0,-11.206878662109377,4.169357299804688,111.1,988.0,Severe Cyclonic Storm,False
2013339N09084,2013,MADI,BB,2013-12-09 18:00:00,14.8,84.9,26.93,994.3,-6.5699615478515625,15.279464721679688,111.1,988.0,Severe Cyclonic Storm,False
2013339N09084,2013,MADI,BB,2013-12-09 21:00:00,14.8,84.9,26.93,994.4,-4.0331878662109375,15.48297119140625,111.1,988.0,Severe Cyclonic Storm,False
2013339N09084,2013,MADI,BB,2013-12-10 00:00:00,15.0,85.1,26.97,993.0,-4.516128540039063,14.847579956054688,111.1,988.0,Severe Cyclonic Storm,False
2013339N09084,2013,MADI,BB,2013-12-10 03:00:00,15.3,85.3,26.96,998.2,-13.86065673828125,13.907302856445312,120.4,988.0,Very Severe Cyclonic Storm,False
2013339N09084,2013,MADI,BB,2013-12-10 06:00:00,15.4,85.3,26.96,1000.7,-15.843154907226562,7.6264801025390625,120.4,988.0,Very Severe Cyclonic Storm,False
2013339N09084,2013,MADI,BB,2013-12-10 09:00:00,15.5,85.2,26.96,998.9,-13.009246826171877,7.8643798828125,120.4,988.0,Very Severe Cyclonic Storm,False
2013339N09084,2013,MADI,BB,2013-12-10 12:00:00,15.3,85.0,26.92,998.1,-13.035633087158203,4.96710205078125,101.9,990.0,Severe Cyclonic Storm,False
2013339N09084,2013,MADI,BB,2013-12-10 15:00:00,15.1,84.7,26.93,999.1,-13.756118774414062,3.439453125,101.9,990.0,Severe Cyclonic Storm,False
2013339N09084,2013,MADI,BB,2013-12-10 18:00:00,14.9,84.6,26.87,999.6,-12.944625854492188,-0.9084320068359376,92.6,992.0,Severe Cyclonic Storm,False
2013339N09084,2013,MADI,BB,2013-12-10 21:00:00,14.7,84.4,26.87,998.0,-7.11993408203125,5.9583587646484375,83.3,994.0,Cyclonic Storm,False
2013339N09084,2013,MADI,BB,2013-12-11 00:00:00,14.4,84.1,26.71,997.4,-4.5720977783203125,-1.86895751953125,74.1,996.0,Cyclonic Storm,False
2013339N09084,2013,MADI,BB,2013-12-11 03:00:00,14.1,83.8,26.57,1001.1,5.220550537109375,-2.0339813232421875,55.6,998.0,Deep Depression,True
2013339N09084,2013,MADI,BB,2013-12-11 06:00:00,13.8,83.6,26.57,1001.7,8.909332275390625,-1.6961669921875,55.6,998.0,Deep Depression,True
2013339N09084,2013,MADI,BB,2013-12-11 09:00:00,13.6,83.4,26.55,1000.9,9.309783935546877,2.1680908203125,55.6,1000.0,Deep Depression,True
2013339N09084,2013,MADI,BB,2013-12-11 12:00:00,13.4,83.3,26.64,999.4,-7.056182861328125,2.710205078125,55.6,1000.0,Deep Depression,True
2013339N09084,2013,MADI,BB,2013-12-11 15:00:00,13.1,83.0,26.77,1002.0,-2.9309539794921875,4.3167877197265625,51.9,1000.0,Deep Depression,True
2013339N09084,2013,MADI,BB,2013-12-11 18:00:00,12.9,82.7,27.0,1002.8,-8.054977416992188,4.0377960205078125,46.3,1000.0,Depression,True
2013339N09084,2013,MADI,BB,2013-12-11 21:00:00,12.6,82.4,26.84,1001.2,-5.47833251953125,6.6360931396484375,46.3,1000.0,Depression,True
2013339N09084,2013,MADI,BB,2013-12-12 00:00:00,12.3,82.0,26.87,1001.1,-9.930206298828123,1.933837890625,46.3,1000.0,Depression,True
2013339N09084,2013,MADI,BB,2013-12-12 03:00:00,11.9,81.5,26.88,1003.9,-11.879043579101562,-0.970428466796875,46.3,1000.0,Depression,True
2013339N09084,2013,MADI,BB,2013-12-12 06:00:00,11.4,81.2,26.98,1003.5,-5.485260009765625,3.8946533203125,46.3,1000.0,Depression,True
2013339N09084,2013,MADI,BB,2013-12-12 09:00:00,10.9,80.8,26.76,1002.2,0.5342254638671875,6.822052001953125,46.3,1000.0,Depression,True
2013339N09084,2013,MADI,BB,2013-12-12 12:00:00,10.4,80.3,26.66,1004.0,-0.7411346435546875,8.89422607421875,46.3,1000.0,Depression,True
2013339N09084,2013,MADI,BB,2013-12-12 15:00:00,10.2,79.6,26.65,1006.6,-4.110153198242188,3.517684936523437,42.6,1002.0,Depression,True
2013339N09084,2013,MADI,BB,2013-12-12 18:00:00,10.0,78.8,,1007.3,-3.9012451171875,-0.895599365234375,37.0,1004.0,Depression,False
2014003N08086,2014,UNNAMED,BB,2014-01-04 03:00:00,8.8,83.5,27.53,1005.4,-1.80291748046875,3.487655639648437,46.3,1006.0,Depression,True
2014003N08086,2014,UNNAMED,BB,2014-01-04 06:00:00,9.0,83.2,27.41,1004.9,-9.33306884765625,0.3945465087890625,46.3,1006.0,Depression,True
2014003N08086,2014,UNNAMED,BB,2014-01-04 09:00:00,9.1,83.0,27.32,1002.7,-8.445709228515625,-2.1963348388671875,46.3,1006.0,Depression,True
2014003N08086,2014,UNNAMED,BB,2014-01-04 12:00:00,9.1,82.9,27.32,1003.8,-5.479736328125,3.4351043701171875,46.3,1006.0,Depression,True
2014003N08086,2014,UNNAMED,BB,2014-01-04 15:00:00,9.1,82.7,27.16,1005.3,-2.87744140625,2.55963134765625,46.3,1006.0,Depression,True
2014003N08086,2014,UNNAMED,BB,2014-01-04 18:00:00,9.2,82.5,26.96,1005.7,-10.701583862304688,1.29766845703125,46.3,1006.0,Depression,True
2014003N08086,2014,UNNAMED,BB,2014-01-04 21:00:00,9.3,82.2,26.8,1004.8,-9.750411987304688,-0.4491424560546875,46.3,1006.0,Depression,True
2014003N08086,2014,UNNAMED,BB,2014-01-05 00:00:00,9.3,82.1,26.8,1005.4,-5.2407073974609375,-2.2489013671875,46.3,1006.0,Depression,True
2014003N08086,2014,UNNAMED,BB,2014-01-05 03:00:00,9.3,82.0,26.8,1007.5,-0.271636962890625,2.03131103515625,46.3,1006.0,Depression,True
2014003N08086,2014,UNNAMED,BB,2014-01-05 06:00:00,9.3,81.9,26.8,1008.7,-0.3859405517578125,9.317703247070312,46.3,1006.0,Depression,True
2014003N08086,2014,UNNAMED,BB,2014-01-05 09:00:00,9.3,81.7,26.65,1007.0,-3.3625640869140625,7.720550537109375,46.3,1005.0,Depression,True
2014003N08086,2014,UNNAMED,BB,2014-01-05 12:00:00,9.3,81.6,26.53,1007.6,-7.642730712890625,4.527984619140625,46.3,1004.0,Depression,True
2014003N08086,2014,UNNAMED,BB,2014-01-05 15:00:00,9.3,81.5,26.53,1010.0,-6.111358642578125,4.749786376953125,46.3,1004.0,Depression,True
2014003N08086,2014,UNNAMED,BB,2014-01-05 18:00:00,9.3,81.4,26.53,1010.0,-5.436859130859375,3.658294677734375,46.3,1004.0,Depression,True
2014003N08086,2014,UNNAMED,BB,2014-01-05 21:00:00,9.3,81.4,26.53,1008.5,-4.1240234375,0.84320068359375,46.3,1004.0,Depression,True
2014003N08086,2014,UNNAMED,BB,2014-01-06 00:00:00,9.3,81.3,26.37,1008.8,-2.948577880859375,-1.2657928466796875,46.3,1004.0,Depression,False
2014003N08086,2014,UNNAMED,BB,2014-01-06 03:00:00,9.3,81.1,26.21,1011.2,-2.8756256103515625,-1.210357666015625,46.3,1006.0,Depression,False
2014003N08086,2014,UNNAMED,BB,2014-01-06 06:00:00,9.1,80.9,26.24,1010.7,-0.579132080078125,1.9945831298828125,46.3,1006.0,Depression,False
2014003N08086,2014,UNNAMED,BB,2014-01-06 09:00:00,8.9,80.7,,1008.2,-0.855499267578125,-0.0713653564453125,46.3,1006.0,Depression,False
2014003N08086,2014,UNNAMED,BB,2014-01-06 12:00:00,8.8,80.6,,1008.3,-1.339385986328125,-0.7042999267578125,46.3,1006.0,Depression,False
2014003N08086,2014,UNNAMED,BB,2014-01-06 15:00:00,8.7,80.5,,1010.6,-2.1526641845703125,-0.527496337890625,46.3,1006.0,Depression,False
2014003N08086,2014,UNNAMED,BB,2014-01-06 18:00:00,8.4,80.3,,1010.0,-2.3188934326171875,-0.6295623779296875,46.3,1006.0,Depression,False
2014003N08086,2014,UNNAMED,BB,2014-01-06 21:00:00,8.2,80.1,,1008.1,-2.490447998046875,-0.456085205078125,46.3,1006.0,Depression,False
2014003N08086,2014,UNNAMED,BB,2014-01-07 00:00:00,7.9,79.9,,1008.1,-1.185333251953125,-1.6042633056640625,46.3,1006.0,Depression,False
2014141N16091,2014,UNNAMED,BB,2014-05-21 03:00:00,15.5,90.5,30.19,1004.1,11.381820678710938,-5.520660400390625,46.3,1004.0,Depression,True
2014141N16091,2014,UNNAMED,BB,2014-05-21 06:00:00,16.0,90.5,30.32,1003.3,8.205673217773438,-9.630752563476562,46.3,1004.0,Depression,True
2014141N16091,2014,UNNAMED,BB,2014-05-21 09:00:00,16.3,90.7,30.36,1001.7,6.348663330078125,-11.20458984375,46.3,1003.0,Depression,True
2014141N16091,2014,UNNAMED,BB,2014-05-21 12:00:00,16.5,91.0,30.38,1000.3,1.9453125,-11.009521484375,46.3,1002.0,Depression,True
2014141N16091,2014,UNNAMED,BB,2014-05-21 15:00:00,16.5,91.0,30.38,1001.6,4.5787506103515625,-9.164398193359377,46.3,1002.0,Depression,True
2014141N16091,2014,UNNAMED,BB,2014-05-21 18:00:00,16.5,91.0,30.38,1001.4,5.177749633789063,-9.156097412109377,46.3,1002.0,Depression,True
2014141N16091,2014,UNNAMED,BB,2014-05-21 21:00:00,16.5,91.5,30.32,999.6,5.879669189453125,-6.691925048828125,46.3,1001.0,Depression,True
2014141N16091,2014,UNNAMED,BB,2014-05-22 00:00:00,16.5,92.0,30.11,999.7,6.825714111328125,0.806671142578125,46.3,1000.0,Depression,True
2014141N16091,2014,UNNAMED,BB,2014-05-22 03:00:00,16.5,92.0,30.11,1001.8,8.734268188476562,4.364913940429688,46.3,1000.0,Depression,True
2014141N16091,2014,UNNAMED,BB,2014-05-22 06:00:00,17.0,92.5,30.31,1001.1,4.091552734375,8.84124755859375,46.3,1000.0,Depression,True
2014141N16091,2014,UNNAMED,BB,2014-05-22 09:00:00,17.3,92.4,30.34,999.2,1.348236083984375,9.238662719726562,46.3,1000.0,Depression,True
2014141N16091,2014,UNNAMED,BB,2014-05-22 12:00:00,17.5,92.0,30.33,1000.1,-6.8152923583984375,3.346923828125,46.3,1000.0,Depression,True
2014141N16091,2014,UNNAMED,BB,2014-05-22 15:00:00,17.6,92.0,30.33,1002.0,-4.654266357421875,7.801132202148437,46.3,1000.0,Depression,True
2014141N16091,2014,UNNAMED,BB,2014-05-22 18:00:00,17.5,92.0,30.33,1002.1,-3.429595947265625,8.896591186523438,46.3,1000.0,Depression,True
2014141N16091,2014,UNNAMED,BB,2014-05-22 21:00:00,17.3,91.6,30.08,999.8,-0.5767059326171875,3.069580078125,46.3,1000.0,Depression,True
2014141N16091,2014,UNNAMED,BB,2014-05-23 00:00:00,17.0,91.0,29.98,1001.1,3.1083526611328125,-0.534332275390625,46.3,1000.0,Depression,True
2014159N12068,2014,NANAUK,AS,2014-06-10 09:00:00,15.8,68.4,29.92,993.9,15.532821655273438,5.064010620117188,46.3,998.0,Depression,True
2014159N12068,2014,NANAUK,AS,2014-06-10 12:00:00,16.1,68.1,30.03,990.1,7.113327026367188,6.83917236328125,46.3,996.0,Depression,True
2014159N12068,2014,NANAUK,AS,2014-06-10 15:00:00,16.3,67.8,30.13,989.7,5.3811798095703125,0.050994873046875,51.9,995.0,Deep Depression,True
2014159N12068,2014,NANAUK,AS,2014-06-10 18:00:00,16.5,67.6,30.13,988.0,-7.230117797851562,3.283477783203125,55.6,994.0,Deep Depression,True
2014159N12068,2014,NANAUK,AS,2014-06-10 21:00:00,16.5,67.4,30.13,984.0,-4.648361206054688,-2.0609283447265625,61.1,993.0,Deep Depression,True
2014159N12068,2014,NANAUK,AS,2014-06-11 00:00:00,16.6,67.2,29.44,986.0,8.830429077148438,-9.224960327148438,64.8,992.0,Cyclonic Storm,False
2014159N12068,2014,NANAUK,AS,2014-06-11 03:00:00,16.7,67.0,29.47,986.1,5.9052276611328125,-6.944381713867188,64.8,992.0,Cyclonic Storm,False
2014159N12068,2014,NANAUK,AS,2014-06-11 06:00:00,17.0,66.7,29.49,988.1,11.029144287109377,-10.249282836914062,83.3,990.0,Cyclonic Storm,False
2014159N12068,2014,NANAUK,AS,2014-06-11 09:00:00,17.1,66.5,29.49,989.7,20.186019897460938,-0.7919464111328125,83.3,990.0,Cyclonic Storm,False
2014159N12068,2014,NANAUK,AS,2014-06-11 12:00:00,17.4,66.2,29.5,986.0,15.601821899414062,2.5376129150390625,83.3,988.0,Cyclonic Storm,False
2014159N12068,2014,NANAUK,AS,2014-06-11 15:00:00,17.6,66.0,29.58,983.7,11.883804321289062,8.786712646484375,83.3,988.0,Cyclonic Storm,False
2014159N12068,2014,NANAUK,AS,2014-06-11 18:00:00,17.6,65.8,29.74,983.8,15.844253540039062,10.187698364257812,83.3,988.0,Cyclonic Storm,False
2014159N12068,2014,NANAUK,AS,2014-06-11 21:00:00,17.7,65.6,29.93,980.6,7.245040893554687,-4.2373046875,83.3,988.0,Cyclonic Storm,False
2014159N12068,2014,NANAUK,AS,2014-06-12 00:00:00,17.9,65.3,29.84,985.7,11.727508544921877,-4.21240234375,83.3,986.0,Cyclonic Storm,False
2014159N12068,2014,NANAUK,AS,2014-06-12 03:00:00,18.0,64.9,29.86,989.6,17.063720703125,4.674224853515625,83.3,986.0,Cyclonic Storm,False
2014159N12068,2014,NANAUK,AS,2014-06-12 06:00:00,18.2,64.6,29.84,991.1,14.798171997070312,-4.650299072265625,83.3,986.0,Cyclonic Storm,False
2014159N12068,2014,NANAUK,AS,2014-06-12 09:00:00,18.3,64.3,29.83,990.7,13.998977661132812,-3.635711669921875,83.3,988.0,Cyclonic Storm,False
2014159N12068,2014,NANAUK,AS,2014-06-12 12:00:00,18.5,64.1,29.91,993.2,12.708709716796877,-2.8592681884765625,83.3,988.0,Cyclonic Storm,False
2014159N12068,2014,NANAUK,AS,2014-06-12 15:00:00,18.8,64.0,29.98,992.5,8.405410766601562,-6.864501953125,83.3,988.0,Cyclonic Storm,False
2014159N12068,2014,NANAUK,AS,2014-06-12 18:00:00,19.3,64.1,30.07,992.9,8.93060302734375,-7.574859619140625,83.3,988.0,Cyclonic Storm,False
2014159N12068,2014,NANAUK,AS,2014-06-12 21:00:00,19.9,64.4,30.17,991.0,1.0627899169921875,-2.1814727783203125,83.3,988.0,Cyclonic Storm,False
2014159N12068,2014,NANAUK,AS,2014-06-13 00:00:00,20.4,64.6,30.05,991.7,-1.2817535400390625,3.3564910888671875,83.3,988.0,Cyclonic Storm,False
2014159N12068,2014,NANAUK,AS,2014-06-13 03:00:00,20.7,64.4,30.07,993.8,1.1514892578125,7.1495208740234375,83.3,990.0,Cyclonic Storm,False
2014159N12068,2014,NANAUK,AS,2014-06-13 06:00:00,21.2,64.0,30.2,994.2,-4.538619995117188,1.797393798828125,74.1,992.0,Cyclonic Storm,False
2014159N12068,2014,NANAUK,AS,2014-06-13 09:00:00,21.4,63.9,30.27,994.8,-4.2691192626953125,6.201263427734375,55.6,994.0,Deep Depression,True
2014159N12068,2014,NANAUK,AS,2014-06-13 12:00:00,21.4,64.0,30.27,994.4,-2.2261962890625,4.2709808349609375,46.3,996.0,Depression,True
2014159N12068,2014,NANAUK,AS,2014-06-13 15:00:00,21.5,64.1,30.27,995.3,-3.211654663085937,2.915740966796875,46.3,996.0,Depression,True
2014159N12068,2014,NANAUK,AS,2014-06-13 18:00:00,21.5,64.2,30.24,996.7,2.4026641845703125,6.96331787109375,46.3,996.0,Depression,True
2014159N12068,2014,NANAUK,AS,2014-06-13 21:00:00,21.6,64.3,30.24,996.7,5.320083618164063,7.50347900390625,46.3,996.0,Depression,True
2014159N12068,2014,NANAUK,AS,2014-06-14 00:00:00,21.6,64.5,30.22,996.3,4.3653717041015625,4.1841888427734375,46.3,996.0,Depression,True
2014202N22087,2014,UNNAMED,BB,2014-07-21 03:00:00,22.0,87.0,,992.7,-0.4558258056640625,3.6902008056640634,46.3,988.0,Depression,False
2014202N22087,2014,UNNAMED,BB,2014-07-21 06:00:00,22.2,86.4,,992.7,-2.155670166015625,2.468109130859375,37.0,988.0,Depression,False
2014202N22087,2014,UNNAMED,BB,2014-07-21 09:00:00,22.4,85.7,,991.0,-2.8649139404296875,1.894927978515625,37.0,988.0,Depression,False
2014202N22087,2014,UNNAMED,BB,2014-07-21 12:00:00,22.5,85.0,,990.3,-2.101669311523437,0.3943939208984375,37.0,988.0,Depression,False
2014202N22087,2014,UNNAMED,BB,2014-07-21 15:00:00,22.5,84.5,,992.8,-2.765594482421875,-0.4443817138671875,37.0,989.0,Depression,False
2014202N22087,2014,UNNAMED,BB,2014-07-21 18:00:00,22.5,84.0,,993.2,-3.158782958984375,-0.7838592529296875,37.0,990.0,Depression,False
2014202N22087,2014,UNNAMED,BB,2014-07-21 21:00:00,22.5,83.5,,991.9,-3.368637084960937,-1.4905548095703125,37.0,990.0,Depression,False
2014202N22087,2014,UNNAMED,BB,2014-07-22 00:00:00,22.5,83.0,,991.9,-3.5666961669921875,-0.7255096435546875,37.0,990.0,Depression,False
2014202N22087,2014,UNNAMED,BB,2014-07-22 03:00:00,22.5,82.5,,993.2,-1.8348541259765625,-2.286224365234375,37.0,990.0,Depression,False
2014202N22087,2014,UNNAMED,BB,2014-07-22 06:00:00,22.5,82.0,,993.0,-2.2537078857421875,-3.081939697265625,37.0,990.0,Depression,False
2014202N22087,2014,UNNAMED,BB,2014-07-22 09:00:00,22.5,81.5,,992.5,-3.274642944335937,-1.8884429931640625,37.0,990.0,Depression,False
2014202N22087,2014,UNNAMED,BB,2014-07-22 12:00:00,22.5,81.0,,992.4,-0.2919464111328125,0.5673675537109375,37.0,990.0,Depression,False
2014202N22087,2014,UNNAMED,BB,2014-07-22 15:00:00,22.5,80.3,,994.1,0.7562103271484375,1.3131256103515625,37.0,991.0,Depression,False
2014202N22087,2014,UNNAMED,BB,2014-07-22 18:00:00,22.5,79.6,,994.6,0.8434600830078125,-2.300628662109375,37.0,992.0,Depression,False
2014202N22087,2014,UNNAMED,BB,2014-07-22 21:00:00,22.5,78.9,,993.2,-0.320037841796875,-2.073516845703125,37.0,992.0,Depression,False
2014202N22087,2014,UNNAMED,BB,2014-07-23 00:00:00,22.5,78.2,,993.7,-1.07879638671875,-1.6445159912109375,37.0,992.0,Depression,False
2014202N22087,2014,UNNAMED,AS,2014-07-23 03:00:00,22.5,77.5,,995.4,0.0659942626953125,-2.1088409423828125,37.0,992.0,Depression,False
2014202N22087,2014,UNNAMED,AS,2014-07-23 06:00:00,22.5,77.0,,995.7,0.3021392822265625,0.7801513671875,37.0,992.0,Depression,False
2014279N11096,2014,HUDHUD,BB,2014-10-07 03:00:00,11.2,95.0,28.34,1006.2,-2.615631103515625,3.03021240234375,46.3,1004.0,Depression,True
2014279N11096,2014,HUDHUD,BB,2014-10-07 06:00:00,11.4,94.7,28.49,1003.4,-6.224853515625,5.29571533203125,46.3,1004.0,Depression,True
2014279N11096,2014,HUDHUD,BB,2014-10-07 09:00:00,11.5,94.4,28.59,1000.7,-1.94488525390625,5.459487915039063,51.9,1002.0,Deep Depression,True
2014279N11096,2014,HUDHUD,BB,2014-10-07 12:00:00,11.7,94.1,28.71,1001.1,-4.281097412109375,-0.6805267333984375,55.6,1000.0,Deep Depression,True
2014279N11096,2014,HUDHUD,BB,2014-10-07 15:00:00,11.8,93.8,28.71,1002.9,-0.77587890625,2.890655517578125,55.6,1000.0,Deep Depression,True
2014279N11096,2014,HUDHUD,BB,2014-10-07 18:00:00,11.9,93.5,28.69,1001.3,-0.717864990234375,5.1170806884765625,55.6,1000.0,Deep Depression,True
2014279N11096,2014,HUDHUD,BB,2014-10-07 21:00:00,12.0,93.2,28.66,998.8,3.1734161376953125,3.5894317626953125,55.6,1000.0,Deep Depression,True
2014279N11096,2014,HUDHUD,BB,2014-10-08 00:00:00,12.2,92.9,28.14,999.4,1.212432861328125,5.532012939453125,55.6,1000.0,Deep Depression,True
2014279N11096,2014,HUDHUD,BB,2014-10-08 03:00:00,12.3,92.6,28.15,1001.1,5.4055023193359375,11.430252075195312,64.8,998.0,Cyclonic Storm,False
2014279N11096,2014,HUDHUD,BB,2014-10-08 06:00:00,12.6,92.1,28.28,997.7,4.4156036376953125,7.78546142578125,74.1,996.0,Cyclonic Storm,False
2014279N11096,2014,HUDHUD,BB,2014-10-08 09:00:00,12.8,91.4,28.43,995.2,5.8201446533203125,-1.0594940185546875,74.1,996.0,Cyclonic Storm,False
2014279N11096,2014,HUDHUD,BB,2014-10-08 12:00:00,12.9,90.9,28.51,995.6,0.27264404296875,-1.156951904296875,74.1,996.0,Cyclonic Storm,False
2014279N11096,2014,HUDHUD,BB,2014-10-08 15:00:00,13.1,90.4,28.58,997.8,5.8599853515625,-6.004180908203125,74.1,996.0,Cyclonic Storm,False
2014279N11096,2014,HUDHUD,BB,2014-10-08 18:00:00,13.3,90.1,28.69,996.8,8.267822265625,-3.7861328125,83.3,994.0,Cyclonic Storm,False
2014279N11096,2014,HUDHUD,BB,2014-10-08 21:00:00,13.5,89.6,28.87,994.8,4.77099609375,-9.181533813476562,83.3,992.0,Cyclonic Storm,False
2014279N11096,2014,HUDHUD,BB,2014-10-09 00:00:00,13.6,89.3,28.82,993.1,5.221893310546875,-4.066497802734375,83.3,990.0,Cyclonic Storm,False
2014279N11096,2014,HUDHUD,BB,2014-10-09 03:00:00,13.7,89.1,28.89,993.3,1.068359375,-6.411590576171875,101.9,988.0,Severe Cyclonic Storm,False
2014279N11096,2014,HUDHUD,BB,2014-10-09 06:00:00,13.8,88.9,28.89,992.7,8.442352294921875,4.8438873291015625,101.9,988.0,Severe Cyclonic Storm,False
2014279N11096,2014,HUDHUD,BB,2014-10-09 09:00:00,13.9,88.6,29.12,989.5,8.71600341796875,-6.951141357421875,101.9,988.0,Severe Cyclonic Storm,False
2014279N11096,2014,HUDHUD,BB,2014-10-09 12:00:00,14.1,88.5,29.12,990.0,7.746246337890625,1.5501556396484375,101.9,988.0,Severe Cyclonic Storm,False
2014279N11096,2014,HUDHUD,BB,2014-10-09 15:00:00,14.1,88.2,29.21,991.6,14.861068725585938,3.742584228515625,101.9,988.0,Severe Cyclonic Storm,False
2014279N11096,2014,HUDHUD,BB,2014-10-09 18:00:00,14.2,88.0,29.3,990.0,9.95697021484375,-2.845428466796875,101.9,988.0,Severe Cyclonic Storm,False
2014279N11096,2014,HUDHUD,BB,2014-10-09 21:00:00,14.4,87.8,29.35,989.4,10.90966796875,-3.4608154296875,111.1,988.0,Severe Cyclonic Storm,False
2014279N11096,2014,HUDHUD,BB,2014-10-10 00:00:00,14.6,87.6,29.26,987.2,9.703414916992188,2.273666381835937,111.1,988.0,Severe Cyclonic Storm,False
2014279N11096,2014,HUDHUD,BB,2014-10-10 03:00:00,14.8,87.3,29.34,988.3,3.25982666015625,-4.029556274414063,111.1,988.0,Severe Cyclonic Storm,False
2014279N11096,2014,HUDHUD,BB,2014-10-10 06:00:00,14.9,87.2,29.29,988.3,3.731033325195313,6.9326019287109375,111.1,986.0,Severe Cyclonic Storm,False
2014279N11096,2014,HUDHUD,BB,2014-10-10 09:00:00,15.1,87.0,29.39,987.2,10.486312866210938,3.32781982421875,120.4,984.0,Very Severe Cyclonic Storm,False
2014279N11096,2014,HUDHUD,BB,2014-10-10 12:00:00,15.3,86.8,29.41,987.0,5.85894775390625,-2.458114624023437,129.6,982.0,Very Severe Cyclonic Storm,False
2014279N11096,2014,HUDHUD,BB,2014-10-10 15:00:00,15.5,86.5,29.49,987.5,-3.2562408447265625,-1.481536865234375,138.9,980.0,Very Severe Cyclonic Storm,False
2014279N11096,2014,HUDHUD,BB,2014-10-10 18:00:00,15.6,86.3,29.57,985.6,0.87109375,-0.610107421875,138.9,978.0,Very Severe Cyclonic Storm,False
2014279N11096,2014,HUDHUD,BB,2014-10-10 21:00:00,15.7,86.0,29.59,982.9,-5.465423583984375,2.72637939453125,138.9,974.0,Very Severe Cyclonic Storm,False
2014279N11096,2014,HUDHUD,BB,2014-10-11 00:00:00,15.9,85.7,29.4,982.0,-9.494705200195312,-1.3914794921875,138.9,970.0,Very Severe Cyclonic Storm,False
2014279N11096,2014,HUDHUD,BB,2014-10-11 03:00:00,16.0,85.4,29.49,982.2,-8.538803100585938,-1.6905059814453125,148.2,968.0,Very Severe Cyclonic Storm,False
2014279N11096,2014,HUDHUD,BB,2014-10-11 06:00:00,16.1,85.1,29.61,983.0,0.2583160400390625,-14.655624389648438,166.7,966.0,Extremely Severe Cyclonic Storm,False
2014279N11096,2014,HUDHUD,BB,2014-10-11 09:00:00,16.1,85.0,29.61,977.2,1.2983551025390625,-7.4956512451171875,166.7,964.0,Extremely Severe Cyclonic Storm,False
2014279N11096,2014,HUDHUD,BB,2014-10-11 12:00:00,16.2,84.9,29.6,975.9,5.69915771484375,-2.310272216796875,175.9,962.0,Extremely Severe Cyclonic Storm,False
2014279N11096,2014,HUDHUD,BB,2014-10-11 15:00:00,16.3,84.8,29.57,978.4,12.380661010742188,-1.30609130859375,175.9,960.0,Extremely Severe Cyclonic Storm,False
2014279N11096,2014,HUDHUD,BB,2014-10-11 18:00:00,16.6,84.6,29.57,976.0,12.960968017578123,-2.8726806640625,185.2,954.0,Extremely Severe Cyclonic Storm,False
2014279N11096,2014,HUDHUD,BB,2014-10-11 21:00:00,16.8,84.4,29.62,974.1,20.108474731445312,13.6724853515625,185.2,952.0,Extremely Severe Cyclonic Storm,False
2014279N11096,2014,HUDHUD,BB,2014-10-12 00:00:00,17.2,84.1,29.18,969.5,3.3191375732421875,-4.0999603271484375,185.2,950.0,Extremely Severe Cyclonic Storm,False
2014279N11096,2014,HUDHUD,BB,2014-10-12 03:00:00,17.4,83.8,29.18,972.2,3.682449340820313,13.959243774414062,185.2,950.0,Extremely Severe Cyclonic Storm,False
2014279N11096,2014,HUDHUD,BB,2014-10-12 06:00:00,17.6,83.4,29.07,981.6,4.69769287109375,23.160476684570312,185.2,950.0,Extremely Severe Cyclonic Storm,False
2014279N11096,2014,HUDHUD,BB,2014-10-12 09:00:00,17.8,83.1,,981.4,-0.9841766357421876,6.1957855224609375,166.7,960.0,Extremely Severe Cyclonic Storm,False
2014279N11096,2014,HUDHUD,BB,2014-10-12 12:00:00,18.0,82.8,,984.4,-4.38525390625,0.5083770751953125,111.1,982.0,Severe Cyclonic Storm,False
2014279N11096,2014,HUDHUD,BB,2014-10-12 15:00:00,18.3,82.5,,989.0,-1.6430206298828125,-1.4623870849609375,83.3,986.0,Cyclonic Storm,False
2014279N11096,2014,HUDHUD,BB,2014-10-12 18:00:00,18.8,82.3,,989.0,-2.278549194335937,-4.263153076171875,74.1,987.0,Cyclonic Storm,False
2014279N11096,2014,HUDHUD,BB,2014-10-12 21:00:00,19.0,82.1,,988.7,0.2274322509765625,-0.7009124755859375,74.1,988.0,Cyclonic Storm,False
2014279N11096,2014,HUDHUD,BB,2014-10-13 00:00:00,19.7,81.6,,991.5,-2.410064697265625,-4.945648193359375,55.6,994.0,Deep Depression,False
2014279N11096,2014,HUDHUD,BB,2014-10-13 03:00:00,20.5,81.5,,994.2,-7.311691284179687,-2.71588134765625,55.6,996.0,Deep Depression,False
2014279N11096,2014,HUDHUD,BB,2014-10-13 06:00:00,20.8,81.4,,994.7,-3.703292846679688,6.515350341796875,55.6,998.0,Deep Depression,False
2014279N11096,2014,HUDHUD,BB,2014-10-13 09:00:00,21.1,81.4,,995.5,0.022491455078125,8.382034301757812,51.9,998.0,Deep Depression,False
2014279N11096,2014,HUDHUD,BB,2014-10-13 12:00:00,21.4,81.4,,997.1,-2.2353668212890625,7.743621826171875,46.3,998.0,Depression,False
2014279N11096,2014,HUDHUD,BB,2014-10-13 15:00:00,21.7,81.5,,999.6,-1.515411376953125,8.766098022460938,46.3,999.0,Depression,False
2014279N11096,2014,HUDHUD,BB,2014-10-13 18:00:00,22.3,81.5,,1000.9,0.533111572265625,8.153533935546875,46.3,1000.0,Depression,False
2014279N11096,2014,HUDHUD,BB,2014-10-13 21:00:00,23.6,81.5,,998.2,-3.827789306640625,5.980636596679688,46.3,1000.0,Depression,False
2014279N11096,2014,HUDHUD,BB,2014-10-14 00:00:00,24.8,81.5,,998.3,-5.16876220703125,1.707550048828125,46.3,1000.0,Depression,False
2014279N11096,2014,HUDHUD,BB,2014-10-14 03:00:00,25.1,81.6,,1000.1,1.382354736328125,4.4833984375,37.0,1000.0,Depression,False
2014279N11096,2014,HUDHUD,BB,2014-10-14 06:00:00,25.6,81.7,,1001.8,5.078155517578125,6.7451019287109375,37.0,1000.0,Depression,False
2014279N11096,2014,HUDHUD,BB,2014-10-14 09:00:00,26.3,81.8,,1000.9,3.288818359375,7.4306182861328125,37.0,1000.0,Depression,False
2014297N11062,2014,NILOFAR,AS,2014-10-25 00:00:00,12.3,62.1,28.06,1000.7,4.380172729492188,-0.1146697998046875,46.3,1004.0,Depression,True
2014297N11062,2014,NILOFAR,AS,2014-10-25 03:00:00,12.6,62.1,28.08,1002.5,3.32098388671875,-0.2691802978515625,46.3,1004.0,Depression,True
2014297N11062,2014,NILOFAR,AS,2014-10-25 06:00:00,12.7,62.0,28.09,1003.1,4.3818359375,-0.85015869140625,46.3,1004.0,Depression,True
2014297N11062,2014,NILOFAR,AS,2014-10-25 09:00:00,13.0,61.9,28.02,999.5,7.251068115234375,-2.211761474609375,46.3,1004.0,Depression,True
2014297N11062,2014,NILOFAR,AS,2014-10-25 12:00:00,13.3,61.9,27.96,998.1,4.73553466796875,-4.488922119140625,46.3,1003.0,Depression,True
2014297N11062,2014,NILOFAR,AS,2014-10-25 15:00:00,13.3,61.9,27.96,1000.2,7.147003173828125,-6.741989135742188,46.3,1003.0,Depression,True
2014297N11062,2014,NILOFAR,AS,2014-10-25 18:00:00,13.5,62.0,27.89,1000.7,6.248703002929688,-8.474517822265625,46.3,1003.0,Depression,True
2014297N11062,2014,NILOFAR,AS,2014-10-25 21:00:00,13.8,62.3,27.92,998.5,4.090591430664063,-6.0775146484375,46.3,1003.0,Depression,True
2014297N11062,2014,NILOFAR,AS,2014-10-26 00:00:00,14.1,62.5,27.71,997.0,1.3160400390625,-6.1448974609375,46.3,1002.0,Depression,True
2014297N11062,2014,NILOFAR,AS,2014-10-26 03:00:00,14.1,62.5,27.71,999.2,0.607330322265625,-5.98760986328125,55.6,999.0,Deep Depression,True
2014297N11062,2014,NILOFAR,AS,2014-10-26 06:00:00,14.2,62.5,27.72,1000.2,0.8002166748046875,-7.5897216796875,64.8,998.0,Cyclonic Storm,False
2014297N11062,2014,NILOFAR,AS,2014-10-26 09:00:00,14.2,62.5,27.72,997.5,4.256362915039063,-5.1027679443359375,64.8,996.0,Cyclonic Storm,False
2014297N11062,2014,NILOFAR,AS,2014-10-26 12:00:00,14.3,62.5,27.72,995.9,9.805435180664062,-5.42083740234375,74.1,994.0,Cyclonic Storm,False
2014297N11062,2014,NILOFAR,AS,2014-10-26 15:00:00,14.3,62.5,27.72,997.3,9.557586669921877,-7.231552124023437,74.1,994.0,Cyclonic Storm,False
2014297N11062,2014,NILOFAR,AS,2014-10-26 18:00:00,14.5,62.5,27.74,997.3,4.0616302490234375,-6.3521575927734375,83.3,994.0,Cyclonic Storm,False
2014297N11062,2014,NILOFAR,AS,2014-10-26 21:00:00,14.6,62.4,27.74,995.4,10.0340576171875,-4.2165374755859375,92.6,994.0,Severe Cyclonic Storm,False
2014297N11062,2014,NILOFAR,AS,2014-10-27 00:00:00,14.8,62.4,27.61,992.8,-3.302947998046875,-0.214141845703125,101.9,990.0,Severe Cyclonic Storm,False
2014297N11062,2014,NILOFAR,AS,2014-10-27 03:00:00,14.8,62.3,27.56,994.1,-4.2292022705078125,-6.906036376953125,111.1,990.0,Severe Cyclonic Storm,False
2014297N11062,2014,NILOFAR,AS,2014-10-27 06:00:00,14.9,62.3,27.53,995.8,-8.754104614257812,-4.085464477539063,120.4,986.0,Very Severe Cyclonic Storm,False
2014297N11062,2014,NILOFAR,AS,2014-10-27 09:00:00,14.9,62.2,27.53,992.3,-6.82470703125,0.65386962890625,120.4,984.0,Very Severe Cyclonic Storm,False
2014297N11062,2014,NILOFAR,AS,2014-10-27 12:00:00,15.0,62.2,27.53,992.5,-1.987518310546875,-2.749862670898437,129.6,982.0,Very Severe Cyclonic Storm,False
2014297N11062,2014,NILOFAR,AS,2014-10-27 15:00:00,15.1,62.1,27.47,994.4,3.1007232666015625,-7.338592529296875,129.6,981.0,Very Severe Cyclonic Storm,False
2014297N11062,2014,NILOFAR,AS,2014-10-27 18:00:00,15.2,62.1,27.49,994.5,3.051849365234375,-0.135162353515625,129.6,980.0,Very Severe Cyclonic Storm,False
2014297N11062,2014,NILOFAR,AS,2014-10-27 21:00:00,15.4,61.8,27.52,992.8,3.988327026367188,1.617340087890625,138.9,979.0,Very Severe Cyclonic Storm,False
2014297N11062,2014,NILOFAR,AS,2014-10-28 00:00:00,15.6,61.8,27.47,993.0,7.092376708984375,6.662612915039063,138.9,978.0,Very Severe Cyclonic Storm,False
2014297N11062,2014,NILOFAR,AS,2014-10-28 03:00:00,15.8,61.7,27.49,994.3,9.024810791015623,9.931106567382812,138.9,977.0,Very Severe Cyclonic Storm,False
2014297N11062,2014,NILOFAR,AS,2014-10-28 06:00:00,16.0,61.7,27.47,996.7,9.675994873046877,11.802764892578123,148.2,974.0,Very Severe Cyclonic Storm,False
2014297N11062,2014,NILOFAR,AS,2014-10-28 09:00:00,16.3,61.7,27.44,995.7,11.728561401367188,11.160430908203123,166.7,966.0,Extremely Severe Cyclonic Storm,False
2014297N11062,2014,NILOFAR,AS,2014-10-28 12:00:00,16.8,61.8,27.44,994.2,9.470748901367188,12.063796997070312,185.2,954.0,Extremely Severe Cyclonic Storm,False
2014297N11062,2014,NILOFAR,AS,2014-10-28 15:00:00,17.2,61.8,27.47,994.3,5.1659088134765625,13.101882934570312,194.5,952.0,Extremely Severe Cyclonic Storm,False
2014297N11062,2014,NILOFAR,AS,2014-10-28 18:00:00,17.7,61.7,27.39,994.8,-3.0545806884765625,13.335403442382812,203.7,950.0,Extremely Severe Cyclonic Storm,False
2014297N11062,2014,NILOFAR,AS,2014-10-28 21:00:00,17.9,61.7,27.37,993.7,-1.8682861328125,12.337661743164062,203.7,950.0,Extremely Severe Cyclonic Storm,False
2014297N11062,2014,NILOFAR,AS,2014-10-29 00:00:00,18.1,61.8,27.0,995.9,2.992050170898437,17.7855224609375,194.5,954.0,Extremely Severe Cyclonic Storm,False
2014297N11062,2014,NILOFAR,AS,2014-10-29 03:00:00,18.5,61.8,27.06,997.4,0.1895904541015625,12.218002319335938,185.2,958.0,Extremely Severe Cyclonic Storm,False
2014297N11062,2014,NILOFAR,AS,2014-10-29 06:00:00,18.7,61.9,27.1,998.1,-3.7331695556640634,18.833541870117188,175.9,962.0,Extremely Severe Cyclonic Storm,False
2014297N11062,2014,NILOFAR,AS,2014-10-29 09:00:00,18.8,62.0,27.1,994.1,1.8635101318359373,17.149017333984375,166.7,968.0,Extremely Severe Cyclonic Storm,False
2014297N11062,2014,NILOFAR,AS,2014-10-29 12:00:00,19.0,62.2,27.18,995.7,1.41387939453125,17.128189086914062,148.2,974.0,Very Severe Cyclonic Storm,False
2014297N11062,2014,NILOFAR,AS,2014-10-29 15:00:00,19.2,62.5,27.29,995.9,-0.536346435546875,13.775436401367188,129.6,980.0,Very Severe Cyclonic Storm,False
2014297N11062,2014,NILOFAR,AS,2014-10-29 18:00:00,19.3,62.9,27.32,998.5,-1.06951904296875,18.261245727539062,129.6,986.0,Very Severe Cyclonic Storm,False
2014297N11062,2014,NILOFAR,AS,2014-10-29 21:00:00,19.4,63.2,27.37,998.5,-0.01611328125,16.23638916015625,111.1,988.0,Severe Cyclonic Storm,False
2014297N11062,2014,NILOFAR,AS,2014-10-30 00:00:00,19.6,63.6,27.09,997.9,9.386123657226562,14.802322387695312,111.1,990.0,Severe Cyclonic Storm,False
2014297N11062,2014,NILOFAR,AS,2014-10-30 03:00:00,19.8,63.9,27.28,998.1,10.479507446289062,15.206283569335938,92.6,994.0,Severe Cyclonic Storm,False
2014297N11062,2014,NILOFAR,AS,2014-10-30 06:00:00,20.1,64.2,27.46,997.0,11.291091918945312,14.339401245117188,83.3,998.0,Cyclonic Storm,False
2014297N11062,2014,NILOFAR,AS,2014-10-30 09:00:00,20.1,64.4,27.53,996.9,11.20672607421875,16.229904174804688,74.1,1000.0,Cyclonic Storm,False
2014297N11062,2014,NILOFAR,AS,2014-10-30 12:00:00,20.3,64.6,27.6,997.3,9.916458129882812,7.818878173828125,74.1,1001.0,Cyclonic Storm,False
2014297N11062,2014,NILOFAR,AS,2014-10-30 15:00:00,20.4,64.6,27.67,999.4,-1.747100830078125,-7.6898193359375,70.4,1002.0,Cyclonic Storm,False
2014297N11062,2014,NILOFAR,AS,2014-10-30 18:00:00,20.5,64.8,27.69,1000.1,4.903076171875,-0.2406768798828125,64.8,1002.0,Cyclonic Storm,False
2014297N11062,2014,NILOFAR,AS,2014-10-30 21:00:00,20.6,64.9,27.73,1000.3,8.714797973632812,8.562728881835938,55.6,1003.0,Deep Depression,True
2014297N11062,2014,NILOFAR,AS,2014-10-31 00:00:00,20.7,65.0,27.67,1002.6,6.871994018554688,11.365310668945312,46.3,1004.0,Depression,True
2014309N13088,2014,UNNAMED,BB,2014-11-05 09:00:00,13.1,87.5,28.96,1001.0,-0.5645751953125,-4.4527435302734375,46.3,1000.0,Depression,True
2014309N13088,2014,UNNAMED,BB,2014-11-05 12:00:00,13.2,87.4,28.97,1002.3,-1.4008331298828125,-9.0394287109375,46.3,1000.0,Depression,True
2014309N13088,2014,UNNAMED,BB,2014-11-05 15:00:00,13.3,87.4,28.97,1005.3,-3.0463104248046875,-8.095352172851562,46.3,1000.0,Depression,True
2014309N13088,2014,UNNAMED,BB,2014-11-05 18:00:00,13.5,87.4,28.92,1005.3,-1.4337615966796875,-7.53289794921875,46.3,1000.0,Depression,True
2014309N13088,2014,UNNAMED,BB,2014-11-05 21:00:00,13.7,87.3,28.92,1004.2,0.22064208984375,-8.065582275390625,46.3,1000.0,Depression,True
2014309N13088,2014,UNNAMED,BB,2014-11-06 00:00:00,13.8,87.3,28.98,1004.2,2.2353973388671875,-4.7383575439453125,46.3,1000.0,Depression,True
2014309N13088,2014,UNNAMED,BB,2014-11-06 03:00:00,13.8,87.4,28.99,1006.7,-0.6113739013671875,-3.850875854492188,55.6,998.0,Deep Depression,True
2014309N13088,2014,UNNAMED,BB,2014-11-06 06:00:00,13.8,87.7,29.01,1005.3,0.703857421875,-3.909942626953125,55.6,998.0,Deep Depression,True
2014309N13088,2014,UNNAMED,BB,2014-11-06 09:00:00,13.7,87.9,29.03,1002.9,0.2036590576171875,-3.464599609375,55.6,998.0,Deep Depression,True
2014309N13088,2014,UNNAMED,BB,2014-11-06 12:00:00,13.7,88.1,29.03,1002.9,-0.161468505859375,-2.5264434814453125,55.6,998.0,Deep Depression,True
2014309N13088,2014,UNNAMED,BB,2014-11-06 15:00:00,13.6,88.2,29.15,1005.8,0.0806121826171875,-0.2879638671875,55.6,999.0,Deep Depression,True
2014309N13088,2014,UNNAMED,BB,2014-11-06 18:00:00,13.6,88.2,29.15,1005.5,0.6374053955078125,-0.090576171875,55.6,1000.0,Deep Depression,True
2014309N13088,2014,UNNAMED,BB,2014-11-06 21:00:00,13.7,88.0,29.03,1004.1,-0.0371551513671875,-0.9392547607421876,55.6,1001.0,Deep Depression,True
2014309N13088,2014,UNNAMED,BB,2014-11-07 00:00:00,13.9,87.9,29.3,1004.6,0.1710052490234375,-1.5163116455078125,55.6,1001.0,Deep Depression,True
2014309N13088,2014,UNNAMED,BB,2014-11-07 03:00:00,14.1,87.7,29.25,1006.9,-0.651123046875,-2.039581298828125,55.6,1001.0,Deep Depression,True
2014309N13088,2014,UNNAMED,BB,2014-11-07 06:00:00,14.2,87.6,29.12,1006.2,-1.4211883544921875,-3.602203369140625,46.3,1003.0,Depression,True
2014309N13088,2014,UNNAMED,BB,2014-11-07 09:00:00,14.2,87.5,29.12,1004.3,-2.574005126953125,-2.97235107421875,46.3,1003.0,Depression,True
2014309N13088,2014,UNNAMED,BB,2014-11-07 12:00:00,14.2,87.4,29.12,1005.2,-1.9968719482421875,0.87982177734375,46.3,1003.0,Depression,True
2014309N13088,2014,UNNAMED,BB,2014-11-07 15:00:00,14.2,87.1,29.06,1007.8,-2.2198486328125,0.2313079833984375,46.3,1004.0,Depression,True
2014309N13088,2014,UNNAMED,BB,2014-11-07 18:00:00,14.3,86.8,29.06,1007.9,0.2828826904296875,0.9250946044921876,46.3,1004.0,Depression,True
2014309N13088,2014,UNNAMED,BB,2014-11-07 21:00:00,14.4,86.4,28.97,1006.2,-0.5426483154296875,1.3108978271484375,46.3,1005.0,Depression,True
2014309N13088,2014,UNNAMED,BB,2014-11-08 00:00:00,14.5,85.9,28.67,1006.6,-2.59967041015625,-0.4176788330078125,46.3,1005.0,Depression,True
2015157N13069,2015,ASHOBAA,AS,2015-06-07 03:00:00,15.3,68.5,30.34,999.4,-3.592132568359375,-0.045501708984375,46.3,1004.0,Depression,True
2015157N13069,2015,ASHOBAA,AS,2015-06-07 06:00:00,15.5,68.4,30.4,998.8,-1.7122955322265625,-1.529296875,46.3,1004.0,Depression,True
2015157N13069,2015,ASHOBAA,AS,2015-06-07 09:00:00,15.8,68.3,30.45,997.8,0.520782470703125,-5.634246826171875,46.3,1004.0,Depression,True
2015157N13069,2015,ASHOBAA,AS,2015-06-07 12:00:00,16.2,68.3,30.51,994.9,4.26287841796875,-2.942489624023437,46.3,1003.0,Depression,True
2015157N13069,2015,ASHOBAA,AS,2015-06-07 15:00:00,16.5,68.3,30.54,994.9,4.1806640625,2.399642944335937,46.3,1003.0,Depression,True
2015157N13069,2015,ASHOBAA,AS,2015-06-07 18:00:00,16.9,68.3,30.38,995.1,-0.1953582763671875,0.477752685546875,46.3,1003.0,Depression,True
2015157N13069,2015,ASHOBAA,AS,2015-06-07 21:00:00,17.2,68.0,30.21,993.2,4.309783935546875,2.875030517578125,51.9,1000.0,Deep Depression,True
2015157N13069,2015,ASHOBAA,AS,2015-06-08 00:00:00,17.7,67.6,29.83,990.1,4.0369873046875,6.773284912109375,55.6,996.0,Deep Depression,True
2015157N13069,2015,ASHOBAA,AS,2015-06-08 03:00:00,18.0,67.2,29.93,989.3,11.658294677734377,14.33758544921875,64.8,994.0,Cyclonic Storm,False
2015157N13069,2015,ASHOBAA,AS,2015-06-08 06:00:00,18.0,67.0,30.02,991.9,17.320663452148438,9.620101928710938,64.8,994.0,Cyclonic Storm,False
2015157N13069,2015,ASHOBAA,AS,2015-06-08 09:00:00,18.5,66.6,30.23,988.9,13.51312255859375,9.088821411132812,64.8,994.0,Cyclonic Storm,False
2015157N13069,2015,ASHOBAA,AS,2015-06-08 12:00:00,18.7,66.4,30.2,987.9,6.788833618164063,17.250244140625,64.8,994.0,Cyclonic Storm,False
2015157N13069,2015,ASHOBAA,AS,2015-06-08 15:00:00,18.9,66.1,30.12,987.6,12.648239135742188,10.713104248046877,64.8,994.0,Cyclonic Storm,False
2015157N13069,2015,ASHOBAA,AS,2015-06-08 18:00:00,19.3,65.7,29.99,987.7,10.927597045898438,11.951385498046877,64.8,994.0,Cyclonic Storm,False
2015157N13069,2015,ASHOBAA,AS,2015-06-08 21:00:00,19.7,65.4,29.82,986.7,9.233657836914062,14.646133422851562,64.8,994.0,Cyclonic Storm,False
2015157N13069,2015,ASHOBAA,AS,2015-06-09 00:00:00,20.1,65.1,29.26,986.8,11.493560791015623,20.657989501953125,64.8,992.0,Cyclonic Storm,False
2015157N13069,2015,ASHOBAA,AS,2015-06-09 03:00:00,20.2,64.8,29.3,989.2,10.604721069335938,20.124832153320312,64.8,992.0,Cyclonic Storm,False
2015157N13069,2015,ASHOBAA,AS,2015-06-09 06:00:00,20.5,64.4,29.33,991.1,2.41400146484375,22.677230834960938,64.8,990.0,Cyclonic Storm,False
2015157N13069,2015,ASHOBAA,AS,2015-06-09 09:00:00,20.6,63.8,29.28,986.8,12.81805419921875,3.40985107421875,74.1,990.0,Cyclonic Storm,False
2015157N13069,2015,ASHOBAA,AS,2015-06-09 12:00:00,21.0,63.3,29.28,983.6,-7.300216674804687,-6.040786743164063,74.1,990.0,Cyclonic Storm,False
2015157N13069,2015,ASHOBAA,AS,2015-06-09 15:00:00,21.1,62.8,29.3,983.1,-2.5687713623046875,-12.844100952148438,74.1,990.0,Cyclonic Storm,False
2015157N13069,2015,ASHOBAA,AS,2015-06-09 18:00:00,21.1,62.6,29.24,985.7,2.899871826171875,-11.834259033203123,83.3,990.0,Cyclonic Storm,False
2015157N13069,2015,ASHOBAA,AS,2015-06-09 21:00:00,21.2,62.3,29.18,983.3,-0.705108642578125,-9.946746826171877,83.3,990.0,Cyclonic Storm,False
2015157N13069,2015,ASHOBAA,AS,2015-06-10 00:00:00,21.2,62.0,28.45,979.3,-10.707321166992188,-7.1632843017578125,83.3,990.0,Cyclonic Storm,False
2015157N13069,2015,ASHOBAA,AS,2015-06-10 03:00:00,21.1,61.8,28.36,980.7,3.7835693359375,-1.345001220703125,83.3,990.0,Cyclonic Storm,False
2015157N13069,2015,ASHOBAA,AS,2015-06-10 06:00:00,21.1,61.6,28.36,981.1,-1.98028564453125,-4.4911041259765625,83.3,990.0,Cyclonic Storm,False
2015157N13069,2015,ASHOBAA,AS,2015-06-10 09:00:00,21.0,61.3,28.32,981.3,-7.657196044921875,-11.147811889648438,83.3,990.0,Cyclonic Storm,False
2015157N13069,2015,ASHOBAA,AS,2015-06-10 12:00:00,21.0,61.3,28.32,981.4,-13.799911499023438,-2.871734619140625,83.3,990.0,Cyclonic Storm,False
2015157N13069,2015,ASHOBAA,AS,2015-06-10 15:00:00,20.8,61.1,28.23,983.7,-3.2653961181640625,-11.485763549804688,83.3,990.0,Cyclonic Storm,False
2015157N13069,2015,ASHOBAA,AS,2015-06-10 18:00:00,20.8,61.1,28.23,986.4,-2.102294921875,-7.675323486328125,83.3,992.0,Cyclonic Storm,False
2015157N13069,2015,ASHOBAA,AS,2015-06-10 21:00:00,20.8,61.2,28.17,985.4,0.31756591796875,5.39288330078125,83.3,992.0,Cyclonic Storm,False
2015157N13069,2015,ASHOBAA,AS,2015-06-11 00:00:00,20.8,60.9,28.12,984.8,-2.550384521484375,-3.0910797119140625,74.1,994.0,Cyclonic Storm,False
2015157N13069,2015,ASHOBAA,AS,2015-06-11 03:00:00,20.8,60.8,28.27,984.8,-4.1969757080078125,-16.07861328125,74.1,994.0,Cyclonic Storm,False
2015157N13069,2015,ASHOBAA,AS,2015-06-11 06:00:00,20.8,60.6,28.37,987.3,2.1656036376953125,-15.314178466796877,64.8,994.0,Cyclonic Storm,False
2015157N13069,2015,ASHOBAA,AS,2015-06-11 09:00:00,20.8,60.4,28.37,988.2,1.24322509765625,-10.16357421875,64.8,994.0,Cyclonic Storm,False
2015157N13069,2015,ASHOBAA,AS,2015-06-11 12:00:00,20.8,60.2,28.35,989.0,3.967926025390625,-11.67852783203125,64.8,994.0,Cyclonic Storm,False
2015157N13069,2015,ASHOBAA,AS,2015-06-11 15:00:00,20.8,59.9,28.39,990.2,4.22509765625,-11.017593383789062,64.8,994.0,Cyclonic Storm,False
2015157N13069,2015,ASHOBAA,AS,2015-06-11 18:00:00,20.8,59.9,28.39,991.7,2.0930328369140625,-3.866622924804688,55.6,996.0,Deep Depression,True
2015157N13069,2015,ASHOBAA,AS,2015-06-11 21:00:00,20.8,59.8,28.32,991.7,3.54986572265625,-5.3936920166015625,51.9,996.0,Deep Depression,True
2015157N13069,2015,ASHOBAA,AS,2015-06-12 00:00:00,20.8,59.8,27.73,992.7,3.745758056640625,-0.7812042236328125,46.3,996.0,Depression,True
2015157N13069,2015,ASHOBAA,AS,2015-06-12 03:00:00,20.8,59.7,27.73,993.5,4.031463623046875,6.921966552734375,46.3,996.0,Depression,True
2015157N13069,2015,ASHOBAA,AS,2015-06-12 06:00:00,20.8,59.7,27.73,993.2,-1.4629058837890625,8.008773803710938,46.3,996.0,Depression,True
2015171N18086,2015,UNNAMED,BB,2015-06-20 03:00:00,18.0,86.0,29.76,992.1,2.672607421875,0.2315673828125,46.3,990.0,Depression,True
2015171N18086,2015,UNNAMED,BB,2015-06-20 06:00:00,18.5,86.0,29.87,991.7,-2.11114501953125,1.7970123291015625,46.3,990.0,Depression,True
2015171N18086,2015,UNNAMED,BB,2015-06-20 09:00:00,18.8,85.8,29.74,990.0,-1.846954345703125,-1.900360107421875,46.3,990.0,Depression,True
2015171N18086,2015,UNNAMED,BB,2015-06-20 12:00:00,19.0,85.5,30.03,989.8,-3.1315155029296875,-5.9012298583984375,46.3,990.0,Depression,True
2015171N18086,2015,UNNAMED,BB,2015-06-20 15:00:00,19.1,85.4,30.03,991.2,-3.054794311523437,-3.9427490234375,46.3,990.0,Depression,True
2015171N18086,2015,UNNAMED,BB,2015-06-20 18:00:00,19.2,85.4,30.15,991.5,-3.191757202148437,-2.10150146484375,46.3,990.0,Depression,True
2015171N18086,2015,UNNAMED,BB,2015-06-20 21:00:00,19.4,85.2,30.31,990.4,-0.7570343017578125,-5.3414306640625,46.3,991.0,Depression,True
2015171N18086,2015,UNNAMED,BB,2015-06-21 00:00:00,19.7,85.0,,992.1,-0.039459228515625,-3.805328369140625,46.3,992.0,Depression,False
2015171N18086,2015,UNNAMED,BB,2015-06-21 03:00:00,20.0,85.0,,992.4,0.1029815673828125,-4.639190673828125,46.3,992.0,Depression,False
2015171N18086,2015,UNNAMED,BB,2015-06-21 06:00:00,20.0,84.5,,994.7,3.4160308837890625,-1.027923583984375,46.3,992.0,Depression,False
2015171N18086,2015,UNNAMED,BB,2015-06-21 09:00:00,20.2,84.4,,994.2,3.1896514892578125,1.6095428466796875,46.3,992.0,Depression,False
2015171N18086,2015,UNNAMED,BB,2015-06-21 12:00:00,20.5,84.5,,994.0,2.9459991455078125,-0.0376434326171875,46.3,992.0,Depression,False
2015171N18086,2015,UNNAMED,BB,2015-06-21 15:00:00,20.8,84.5,,995.4,3.347015380859375,0.988067626953125,46.3,992.0,Depression,False
2015171N18086,2015,UNNAMED,BB,2015-06-21 18:00:00,21.0,84.5,,995.3,3.65020751953125,1.1378326416015625,46.3,992.0,Depression,False
2015207N22091,2015,KOMEN,BB,2015-07-26 00:00:00,22.0,90.8,,996.7,2.392303466796875,0.93218994140625,37.0,994.0,Depression,False
2015207N22091,2015,KOMEN,BB,2015-07-26 03:00:00,22.0,90.8,,997.7,3.58770751953125,1.78125,37.0,994.0,Depression,False
2015207N22091,2015,KOMEN,BB,2015-07-26 06:00:00,22.0,90.5,,997.3,2.69580078125,2.42193603515625,37.0,994.0,Depression,False
2015207N22091,2015,KOMEN,BB,2015-07-26 09:00:00,22.0,90.4,,995.8,2.2423858642578125,4.090301513671875,37.0,994.0,Depression,False
2015207N22091,2015,KOMEN,BB,2015-07-26 12:00:00,22.0,90.5,,995.6,-0.36773681640625,3.1633758544921875,37.0,994.0,Depression,False
2015207N22091,2015,KOMEN,BB,2015-07-26 15:00:00,22.0,90.5,,997.1,1.135894775390625,3.686798095703125,37.0,994.0,Depression,False
2015207N22091,2015,KOMEN,BB,2015-07-26 18:00:00,22.0,90.5,,997.3,3.53173828125,2.514892578125,37.0,994.0,Depression,False
2015207N22091,2015,KOMEN,BB,2015-07-26 21:00:00,22.0,90.5,,995.9,2.1930084228515625,1.5113372802734375,37.0,994.0,Depression,False
2015207N22091,2015,KOMEN,BB,2015-07-27 00:00:00,22.0,90.5,,994.9,0.1650390625,-1.2825927734375,37.0,994.0,Depression,False
2015207N22091,2015,KOMEN,BB,2015-07-27 03:00:00,22.0,90.5,,996.5,1.5930023193359375,1.9290008544921875,46.3,994.0,Depression,False
2015207N22091,2015,KOMEN,BB,2015-07-27 06:00:00,22.0,90.5,,996.2,0.842559814453125,5.773727416992188,46.3,994.0,Depression,False
2015207N22091,2015,KOMEN,BB,2015-07-27 09:00:00,22.0,90.5,,995.7,1.066497802734375,4.777984619140625,46.3,994.0,Depression,False
2015207N22091,2015,KOMEN,BB,2015-07-27 12:00:00,22.0,90.5,,995.0,0.9316864013671876,3.646697998046875,46.3,994.0,Depression,False
2015207N22091,2015,KOMEN,BB,2015-07-27 15:00:00,22.0,90.5,,997.7,0.8749847412109375,3.5478057861328125,46.3,994.0,Depression,False
2015207N22091,2015,KOMEN,BB,2015-07-27 18:00:00,22.0,90.5,,997.9,-0.3691864013671875,3.5693511962890625,46.3,994.0,Depression,False
2015207N22091,2015,KOMEN,BB,2015-07-27 21:00:00,22.0,90.5,,996.0,-2.22369384765625,2.916259765625,46.3,994.0,Depression,False
2015207N22091,2015,KOMEN,BB,2015-07-28 00:00:00,22.0,90.5,,995.9,-4.391357421875,1.0375518798828125,46.3,994.0,Depression,False
2015207N22091,2015,KOMEN,BB,2015-07-28 03:00:00,22.0,90.5,,996.8,-7.619415283203125,0.03802490234375,46.3,994.0,Depression,False
2015207N22091,2015,KOMEN,BB,2015-07-28 06:00:00,21.6,90.4,27.75,993.7,-4.73760986328125,2.082870483398437,46.3,994.0,Depression,True
2015207N22091,2015,KOMEN,BB,2015-07-28 09:00:00,21.4,90.4,27.75,993.0,-5.198638916015625,3.24359130859375,46.3,994.0,Depression,True
2015207N22091,2015,KOMEN,BB,2015-07-28 12:00:00,21.3,90.5,27.8,992.3,-3.785797119140625,-1.6791229248046875,46.3,994.0,Depression,True
2015207N22091,2015,KOMEN,BB,2015-07-28 15:00:00,21.3,90.7,27.79,994.2,-1.06536865234375,-2.929672241210937,46.3,993.0,Depression,True
2015207N22091,2015,KOMEN,BB,2015-07-28 18:00:00,21.2,90.9,27.77,993.4,0.9508819580078124,2.6692657470703125,46.3,992.0,Depression,True
2015207N22091,2015,KOMEN,BB,2015-07-28 21:00:00,21.0,91.0,27.95,991.5,3.3428192138671875,2.250106811523437,51.9,991.0,Deep Depression,True
2015207N22091,2015,KOMEN,BB,2015-07-29 00:00:00,21.0,91.1,27.94,991.0,-2.3811187744140625,0.2667236328125,55.6,990.0,Deep Depression,True
2015207N22091,2015,KOMEN,BB,2015-07-29 03:00:00,21.0,91.1,27.94,992.0,3.312744140625,-3.389144897460937,55.6,990.0,Deep Depression,True
2015207N22091,2015,KOMEN,BB,2015-07-29 06:00:00,21.1,91.2,27.95,992.1,7.414871215820312,2.7374725341796875,55.6,990.0,Deep Depression,True
2015207N22091,2015,KOMEN,BB,2015-07-29 09:00:00,21.2,91.2,27.74,991.2,6.810028076171875,-2.2897186279296875,55.6,989.0,Deep Depression,True
2015207N22091,2015,KOMEN,BB,2015-07-29 12:00:00,21.3,91.3,27.74,990.2,6.965728759765625,2.457672119140625,55.6,988.0,Deep Depression,True
2015207N22091,2015,KOMEN,BB,2015-07-29 15:00:00,21.4,91.3,27.61,991.4,1.4617462158203125,2.422348022460937,61.1,987.0,Deep Depression,True
2015207N22091,2015,KOMEN,BB,2015-07-29 18:00:00,21.5,91.4,27.63,990.6,-2.3877105712890625,0.5382537841796875,64.8,986.0,Cyclonic Storm,False
2015207N22091,2015,KOMEN,BB,2015-07-29 21:00:00,21.5,91.4,27.63,989.1,4.38909912109375,-3.095199584960937,64.8,986.0,Cyclonic Storm,False
2015207N22091,2015,KOMEN,BB,2015-07-30 00:00:00,21.7,91.5,27.32,988.6,-0.557220458984375,2.70611572265625,64.8,986.0,Cyclonic Storm,False
2015207N22091,2015,KOMEN,BB,2015-07-30 03:00:00,21.9,91.5,27.26,989.5,-0.3540191650390625,2.415023803710937,64.8,986.0,Cyclonic Storm,False
2015207N22091,2015,KOMEN,BB,2015-07-30 06:00:00,22.1,91.5,27.26,990.0,2.4121551513671875,4.180221557617188,74.1,986.0,Cyclonic Storm,False
2015207N22091,2015,KOMEN,BB,2015-07-30 09:00:00,22.1,91.5,27.26,989.6,4.21649169921875,2.5155792236328125,74.1,986.0,Cyclonic Storm,False
2015207N22091,2015,KOMEN,BB,2015-07-30 12:00:00,22.3,91.5,27.25,989.9,-3.695846557617188,2.858871459960937,64.8,988.0,Cyclonic Storm,False
2015207N22091,2015,KOMEN,BB,2015-07-30 15:00:00,22.5,91.4,27.26,992.2,0.830047607421875,2.2060089111328125,64.8,988.0,Cyclonic Storm,False
2015207N22091,2015,KOMEN,BB,2015-07-30 18:00:00,22.7,91.2,,993.0,2.530670166015625,-1.0709381103515625,64.8,988.0,Cyclonic Storm,False
2015207N22091,2015,KOMEN,BB,2015-07-30 21:00:00,22.9,91.1,,992.8,2.610992431640625,-0.43505859375,55.6,988.0,Deep Depression,False
2015207N22091,2015,KOMEN,BB,2015-07-31 00:00:00,23.1,90.2,,993.2,2.356781005859375,-4.0924072265625,55.6,990.0,Deep Depression,False
2015207N22091,2015,KOMEN,BB,2015-07-31 03:00:00,23.1,90.0,,994.5,4.8519287109375,-3.318084716796875,55.6,990.0,Deep Depression,False
2015207N22091,2015,KOMEN,BB,2015-07-31 06:00:00,23.1,89.8,,995.1,2.1527557373046875,-1.079559326171875,55.6,992.0,Deep Depression,False
2015207N22091,2015,KOMEN,BB,2015-07-31 09:00:00,23.1,89.6,,995.2,2.3233184814453125,-0.2037353515625,51.9,993.0,Deep Depression,False
2015207N22091,2015,KOMEN,BB,2015-07-31 12:00:00,23.1,89.5,,993.9,0.6744842529296875,0.546112060546875,46.3,994.0,Depression,False
2015207N22091,2015,KOMEN,BB,2015-07-31 15:00:00,23.1,89.4,,996.3,0.22552490234375,1.7597808837890625,46.3,994.0,Depression,False
2015207N22091,2015,KOMEN,BB,2015-07-31 18:00:00,23.1,89.4,,996.8,0.299530029296875,2.553436279296875,46.3,994.0,Depression,False
2015207N22091,2015,KOMEN,BB,2015-07-31 21:00:00,23.2,89.3,,996.0,3.07366943359375,1.985626220703125,42.6,994.0,Depression,False
2015207N22091,2015,KOMEN,BB,2015-08-01 00:00:00,23.2,89.2,,995.3,0.2784576416015625,-0.3466339111328125,37.0,994.0,Depression,False
2015207N22091,2015,KOMEN,BB,2015-08-01 03:00:00,23.2,89.2,,997.2,-0.5499725341796875,2.9296112060546875,37.0,994.0,Depression,False
2015207N22091,2015,KOMEN,BB,2015-08-01 06:00:00,23.5,88.8,,997.6,1.3816070556640625,-0.6597442626953125,37.0,994.0,Depression,False
2015207N22091,2015,KOMEN,BB,2015-08-01 09:00:00,23.7,88.6,,996.4,0.404296875,0.2873992919921875,37.0,994.0,Depression,False
2015207N22091,2015,KOMEN,BB,2015-08-01 12:00:00,23.8,88.4,,996.1,-0.576080322265625,1.8174896240234373,37.0,994.0,Depression,False
2015207N22091,2015,KOMEN,BB,2015-08-01 15:00:00,23.8,88.0,,998.6,-0.683807373046875,-0.001220703125,37.0,994.0,Depression,False
2015207N22091,2015,KOMEN,BB,2015-08-01 18:00:00,23.8,87.5,,999.8,-1.63433837890625,-2.10528564453125,37.0,994.0,Depression,False
2015207N22091,2015,KOMEN,BB,2015-08-01 21:00:00,23.9,87.2,,999.4,-3.4178009033203125,-1.8599090576171875,37.0,995.0,Depression,False
2015207N22091,2015,KOMEN,BB,2015-08-02 00:00:00,23.8,86.7,,999.1,-1.3156890869140625,-2.8877716064453125,37.0,996.0,Depression,False
2015207N22091,2015,KOMEN,BB,2015-08-02 03:00:00,23.5,86.0,,1000.8,1.1753692626953125,-3.9259033203125,37.0,996.0,Depression,False
2015207N22091,2015,KOMEN,BB,2015-08-02 06:00:00,23.3,85.7,,1000.5,1.6023712158203125,-2.911895751953125,37.0,996.0,Depression,False
2015207N22091,2015,KOMEN,BB,2015-08-02 09:00:00,23.1,85.5,,999.1,1.17840576171875,-2.6289520263671875,37.0,996.0,Depression,False
2015209N26072,2015,UNNAMED,AS,2015-07-27 12:00:00,26.2,71.8,,992.2,-2.2001495361328125,0.740447998046875,46.3,994.0,Depression,False
2015209N26072,2015,UNNAMED,AS,2015-07-27 15:00:00,26.0,71.8,,993.4,-0.4326324462890625,1.6474151611328125,46.3,994.0,Depression,False
2015209N26072,2015,UNNAMED,AS,2015-07-27 18:00:00,25.8,71.8,,993.9,-1.6992645263671875,0.3535308837890625,46.3,996.0,Depression,False
2015209N26072,2015,UNNAMED,AS,2015-07-27 21:00:00,26.1,71.8,,992.8,-2.93267822265625,0.596923828125,46.3,996.0,Depression,False
2015209N26072,2015,UNNAMED,AS,2015-07-28 00:00:00,26.2,71.8,,992.9,-1.964599609375,-1.3394012451171875,46.3,994.0,Depression,False
2015209N26072,2015,UNNAMED,AS,2015-07-28 03:00:00,24.8,71.8,,991.4,2.278045654296875,2.12591552734375,55.6,994.0,Deep Depression,False
2015209N26072,2015,UNNAMED,AS,2015-07-28 06:00:00,24.8,71.8,,991.8,2.91082763671875,-4.0099029541015625,55.6,994.0,Deep Depression,False
2015209N26072,2015,UNNAMED,AS,2015-07-28 09:00:00,24.8,71.8,,992.0,5.042572021484375,-2.34136962890625,55.6,994.0,Deep Depression,False
2015209N26072,2015,UNNAMED,AS,2015-07-28 12:00:00,25.5,72.0,,991.3,5.769866943359375,-0.8588104248046875,55.6,994.0,Deep Depression,False
2015209N26072,2015,UNNAMED,AS,2015-07-28 15:00:00,25.6,72.1,,993.3,6.37213134765625,1.7588043212890625,55.6,996.0,Deep Depression,False
2015209N26072,2015,UNNAMED,AS,2015-07-28 18:00:00,25.8,72.1,,994.9,8.109085083007812,1.4563751220703125,55.6,996.0,Deep Depression,False
2015209N26072,2015,UNNAMED,AS,2015-07-28 21:00:00,25.9,72.3,,993.9,7.169967651367188,-0.5614166259765625,46.3,996.0,Depression,False
2015209N26072,2015,UNNAMED,AS,2015-07-29 00:00:00,26.5,72.5,,993.3,3.6706390380859375,-2.0194091796875,46.3,996.0,Depression,False
2015209N26072,2015,UNNAMED,AS,2015-07-29 03:00:00,27.2,73.0,,993.8,-0.050537109375,-0.7114105224609375,46.3,996.0,Depression,False
2015209N26072,2015,UNNAMED,AS,2015-07-29 06:00:00,27.2,73.0,,994.8,1.5603790283203125,-1.4373321533203125,46.3,996.0,Depression,False
2015209N26072,2015,UNNAMED,AS,2015-07-29 09:00:00,27.2,73.0,,994.8,3.956512451171875,-3.944992065429688,46.3,996.0,Depression,False
2015209N26072,2015,UNNAMED,AS,2015-07-29 12:00:00,27.7,73.0,,993.3,1.563385009765625,-2.765960693359375,46.3,998.0,Depression,False
2015209N26072,2015,UNNAMED,AS,2015-07-29 15:00:00,27.9,73.0,,994.7,3.3289337158203125,-2.0639801025390625,46.3,998.0,Depression,False
2015209N26072,2015,UNNAMED,AS,2015-07-29 18:00:00,27.9,73.1,,996.1,3.455062866210937,-0.9002227783203125,46.3,998.0,Depression,False
2015209N26072,2015,UNNAMED,AS,2015-07-29 21:00:00,28.0,73.1,,995.6,2.87347412109375,-0.0258636474609375,46.3,998.0,Depression,False
2015209N26072,2015,UNNAMED,AS,2015-07-30 00:00:00,28.7,73.4,,995.5,-3.608978271484375,-2.01458740234375,46.3,998.0,Depression,False
2015216N23081,2015,UNNAMED,BB,2015-08-04 03:00:00,22.7,80.5,,999.4,-2.7974090576171875,3.66302490234375,46.3,998.0,Depression,False
2015216N23081,2015,UNNAMED,BB,2015-08-04 06:00:00,22.7,80.0,,998.7,-3.2971649169921875,2.062255859375,46.3,998.0,Depression,False
2015216N23081,2015,UNNAMED,BB,2015-08-04 09:00:00,22.7,79.5,,997.2,-4.0814361572265625,-0.8636932373046875,46.3,998.0,Depression,False
2015216N23081,2015,UNNAMED,AS,2015-08-04 12:00:00,22.7,77.8,,997.2,2.24267578125,-4.65130615234375,46.3,998.0,Depression,False
2015216N23081,2015,UNNAMED,AS,2015-08-04 15:00:00,22.7,77.3,,998.7,1.8871612548828125,-4.6725616455078125,46.3,998.0,Depression,False
2015216N23081,2015,UNNAMED,AS,2015-08-04 18:00:00,22.7,77.8,,998.4,-0.7471466064453125,-4.006515502929688,46.3,998.0,Depression,False
2015259N20084,2015,UNNAMED,BB,2015-09-16 03:00:00,19.6,83.5,,999.9,0.6307220458984375,0.73126220703125,46.3,998.0,Depression,False
2015259N20084,2015,UNNAMED,BB,2015-09-16 06:00:00,20.3,83.0,,997.8,-1.655975341796875,1.01104736328125,46.3,998.0,Depression,False
2015259N20084,2015,UNNAMED,BB,2015-09-16 09:00:00,20.4,82.7,,996.4,-5.1468048095703125,-0.1266326904296875,46.3,998.0,Depression,False
2015259N20084,2015,UNNAMED,BB,2015-09-16 12:00:00,20.5,82.5,,997.4,-2.95672607421875,-1.9628753662109373,46.3,998.0,Depression,False
2015259N20084,2015,UNNAMED,BB,2015-09-16 15:00:00,20.6,82.0,,998.7,-2.15289306640625,-2.5380096435546875,46.3,998.0,Depression,False
2015259N20084,2015,UNNAMED,BB,2015-09-16 18:00:00,20.8,81.9,,998.4,-4.228118896484375,-0.4979095458984375,46.3,998.0,Depression,False
2015259N20084,2015,UNNAMED,BB,2015-09-16 21:00:00,21.0,81.9,,997.5,-5.752609252929688,0.9105072021484376,46.3,998.0,Depression,False
2015259N20084,2015,UNNAMED,BB,2015-09-17 00:00:00,21.1,81.5,,998.7,-6.3412017822265625,-0.3713836669921875,46.3,998.0,Depression,False
2015259N20084,2015,UNNAMED,BB,2015-09-17 03:00:00,21.0,79.5,,998.4,-1.6837005615234375,-6.918182373046875,55.6,998.0,Deep Depression,False
2015259N20084,2015,UNNAMED,BB,2015-09-17 06:00:00,20.5,79.5,,995.5,-3.605636596679688,-3.713180541992188,55.6,998.0,Deep Depression,False
2015259N20084,2015,UNNAMED,BB,2015-09-17 09:00:00,20.0,79.5,,994.5,4.202438354492188,5.602752685546875,55.6,998.0,Deep Depression,False
2015259N20084,2015,UNNAMED,BB,2015-09-17 12:00:00,20.5,79.0,,994.6,-0.94049072265625,-3.555877685546875,55.6,996.0,Deep Depression,False
2015259N20084,2015,UNNAMED,AS,2015-09-17 15:00:00,20.0,77.5,,999.7,4.9633636474609375,-1.5561370849609375,55.6,996.0,Deep Depression,False
2015259N20084,2015,UNNAMED,AS,2015-09-17 18:00:00,20.0,77.0,,999.2,4.4137115478515625,-1.0735321044921875,55.6,996.0,Deep Depression,False
2015259N20084,2015,UNNAMED,AS,2015-09-17 21:00:00,20.0,76.4,,997.6,4.401031494140625,-5.019561767578125,55.6,996.0,Deep Depression,False
2015259N20084,2015,UNNAMED,AS,2015-09-18 00:00:00,20.8,77.4,,996.4,-0.884918212890625,-0.620330810546875,46.3,996.0,Depression,False
2015259N20084,2015,UNNAMED,AS,2015-09-18 03:00:00,20.7,77.0,,997.8,-0.0733642578125,-0.1680908203125,55.6,996.0,Deep Depression,False
2015259N20084,2015,UNNAMED,AS,2015-09-18 06:00:00,20.0,77.0,,1000.6,3.2732391357421875,3.11639404296875,55.6,998.0,Deep Depression,False
2015259N20084,2015,UNNAMED,AS,2015-09-18 09:00:00,20.7,76.5,,997.2,1.681488037109375,2.2979888916015625,46.3,998.0,Depression,False
2015259N20084,2015,UNNAMED,AS,2015-09-18 12:00:00,20.5,76.0,,998.8,2.53973388671875,3.7829742431640634,46.3,998.0,Depression,False
2015259N20084,2015,UNNAMED,AS,2015-09-18 15:00:00,20.5,75.8,,1000.6,2.803558349609375,3.2863922119140625,46.3,998.0,Depression,False
2015259N20084,2015,UNNAMED,AS,2015-09-18 18:00:00,20.5,75.5,,1001.8,4.69366455078125,2.363388061523437,46.3,998.0,Depression,False
2015259N20084,2015,UNNAMED,AS,2015-09-18 21:00:00,20.8,75.0,,999.7,3.016448974609375,4.300140380859375,46.3,998.0,Depression,False
2015259N20084,2015,UNNAMED,AS,2015-09-19 00:00:00,21.0,74.5,,999.7,5.040008544921875,4.623504638671875,46.3,998.0,Depression,False
2015280N13071,2015,UNNAMED,AS,2015-10-09 00:00:00,13.7,70.6,28.75,1002.5,-1.873382568359375,-1.810577392578125,46.3,1004.0,Depression,True
2015280N13071,2015,UNNAMED,AS,2015-10-09 03:00:00,13.8,70.5,28.75,1004.3,-2.2519683837890625,2.096908569335937,46.3,1004.0,Depression,True
2015280N13071,2015,UNNAMED,AS,2015-10-09 06:00:00,14.0,70.4,28.82,1004.8,-1.4293670654296875,2.8269805908203125,46.3,1004.0,Depression,True
2015280N13071,2015,UNNAMED,AS,2015-10-09 09:00:00,14.1,70.3,28.73,1002.6,0.1047821044921875,-1.964447021484375,46.3,1003.0,Depression,True
2015280N13071,2015,UNNAMED,AS,2015-10-09 12:00:00,14.3,70.2,28.8,1002.1,3.11151123046875,0.000946044921875,46.3,1002.0,Depression,True
2015280N13071,2015,UNNAMED,AS,2015-10-09 15:00:00,14.5,70.1,28.78,1004.6,1.2891845703125,-2.95379638671875,51.9,1002.0,Deep Depression,True
2015280N13071,2015,UNNAMED,AS,2015-10-09 18:00:00,14.7,69.9,28.82,1005.0,-1.755340576171875,-1.88922119140625,55.6,1001.0,Deep Depression,True
2015280N13071,2015,UNNAMED,AS,2015-10-09 21:00:00,14.8,69.7,28.83,1002.9,-1.244384765625,-3.93084716796875,55.6,1001.0,Deep Depression,True
2015280N13071,2015,UNNAMED,AS,2015-10-10 00:00:00,15.0,69.6,29.13,1003.3,-1.9835662841796875,-6.4162139892578125,55.6,1001.0,Deep Depression,True
2015280N13071,2015,UNNAMED,AS,2015-10-10 03:00:00,15.1,69.5,29.13,1005.0,-1.9049224853515625,-4.3996124267578125,55.6,1001.0,Deep Depression,True
2015280N13071,2015,UNNAMED,AS,2015-10-10 06:00:00,15.1,69.4,29.13,1005.9,1.2911376953125,-1.3133544921875,55.6,1000.0,Deep Depression,True
2015280N13071,2015,UNNAMED,AS,2015-10-10 09:00:00,15.2,69.4,29.24,1004.0,4.6441650390625,-1.2189178466796875,55.6,1000.0,Deep Depression,True
2015280N13071,2015,UNNAMED,AS,2015-10-10 12:00:00,15.3,69.4,29.24,1004.1,7.284011840820312,-1.90338134765625,55.6,1000.0,Deep Depression,True
2015280N13071,2015,UNNAMED,AS,2015-10-10 15:00:00,15.3,69.4,29.24,1006.3,4.222824096679688,-0.5622100830078125,55.6,1000.0,Deep Depression,True
2015280N13071,2015,UNNAMED,AS,2015-10-10 18:00:00,15.4,69.4,29.36,1006.5,3.2047882080078125,0.8907928466796875,55.6,1000.0,Deep Depression,True
2015280N13071,2015,UNNAMED,AS,2015-10-10 21:00:00,15.5,69.4,29.36,1005.2,3.951141357421875,0.099578857421875,55.6,1001.0,Deep Depression,True
2015280N13071,2015,UNNAMED,AS,2015-10-11 00:00:00,15.6,69.3,29.22,1005.7,2.213287353515625,-2.7050018310546875,55.6,1001.0,Deep Depression,True
2015280N13071,2015,UNNAMED,AS,2015-10-11 03:00:00,15.7,69.3,29.3,1007.6,0.7713165283203125,-0.8793487548828125,46.3,1003.0,Depression,True
2015280N13071,2015,UNNAMED,AS,2015-10-11 06:00:00,15.7,69.2,29.3,1009.0,1.5749969482421875,-0.20947265625,46.3,1003.0,Depression,True
2015280N13071,2015,UNNAMED,AS,2015-10-11 09:00:00,15.8,69.2,29.3,1006.2,-1.524017333984375,-1.1670379638671875,46.3,1004.0,Depression,True
2015280N13071,2015,UNNAMED,AS,2015-10-11 12:00:00,15.9,69.2,29.3,1006.9,0.7581787109375,-1.3079681396484375,46.3,1004.0,Depression,True
2015280N13071,2015,UNNAMED,AS,2015-10-11 15:00:00,16.0,69.2,29.3,1008.6,1.3634796142578125,-2.7965850830078125,46.3,1004.0,Depression,True
2015280N13071,2015,UNNAMED,AS,2015-10-11 18:00:00,16.0,69.2,29.3,1009.1,0.2180633544921875,-3.2401123046875,46.3,1004.0,Depression,True
2015280N13071,2015,UNNAMED,AS,2015-10-11 21:00:00,16.0,69.1,29.25,1007.9,0.634246826171875,-2.9402008056640625,42.6,1004.0,Depression,True
2015280N13071,2015,UNNAMED,AS,2015-10-12 00:00:00,16.1,69.0,29.28,1008.2,1.8394012451171875,-3.7940673828125,37.0,1004.0,Depression,True
2015301N11065,2015,CHAPALA,AS,2015-10-28 03:00:00,11.8,64.7,29.17,1003.3,4.4950714111328125,-0.0975341796875,46.3,1005.0,Depression,True
2015301N11065,2015,CHAPALA,AS,2015-10-28 06:00:00,12.0,64.8,29.11,1004.2,4.13934326171875,-3.371185302734375,46.3,1004.0,Depression,True
2015301N11065,2015,CHAPALA,AS,2015-10-28 09:00:00,12.4,64.8,29.01,1000.9,2.9395904541015625,-1.0723876953125,51.9,1003.0,Deep Depression,True
2015301N11065,2015,CHAPALA,AS,2015-10-28 12:00:00,12.7,64.8,28.99,999.5,0.084869384765625,0.694091796875,55.6,1001.0,Deep Depression,True
2015301N11065,2015,CHAPALA,AS,2015-10-28 15:00:00,12.9,64.8,28.97,1001.1,-3.7401123046875,-1.2510528564453125,55.6,1001.0,Deep Depression,True
2015301N11065,2015,CHAPALA,AS,2015-10-28 18:00:00,13.1,64.6,28.91,1002.1,1.386474609375,-3.4376220703125,55.6,1001.0,Deep Depression,True
2015301N11065,2015,CHAPALA,AS,2015-10-28 21:00:00,13.3,64.4,28.89,1000.1,-1.0019073486328125,3.820724487304688,61.1,1000.0,Deep Depression,True
2015301N11065,2015,CHAPALA,AS,2015-10-29 00:00:00,13.6,64.3,28.63,1000.2,-3.726348876953125,6.1151275634765625,64.8,999.0,Cyclonic Storm,False
2015301N11065,2015,CHAPALA,AS,2015-10-29 03:00:00,13.7,64.1,28.61,1001.6,-6.655059814453125,6.9933624267578125,74.1,997.0,Cyclonic Storm,False
2015301N11065,2015,CHAPALA,AS,2015-10-29 06:00:00,13.9,63.8,28.64,1002.7,-7.449630737304687,7.86712646484375,83.3,996.0,Cyclonic Storm,False
2015301N11065,2015,CHAPALA,AS,2015-10-29 09:00:00,14.0,63.5,28.68,999.5,-0.7855224609375,11.970321655273438,92.6,994.0,Severe Cyclonic Storm,False
2015301N11065,2015,CHAPALA,AS,2015-10-29 12:00:00,14.2,63.2,28.71,998.4,-4.992935180664063,9.795822143554688,101.9,990.0,Severe Cyclonic Storm,False
2015301N11065,2015,CHAPALA,AS,2015-10-29 15:00:00,14.3,62.8,28.74,999.2,-4.9079437255859375,1.1619415283203125,111.1,988.0,Severe Cyclonic Storm,False
2015301N11065,2015,CHAPALA,AS,2015-10-29 18:00:00,14.3,62.5,28.76,999.9,-1.3200531005859375,5.0433502197265625,120.4,984.0,Very Severe Cyclonic Storm,False
2015301N11065,2015,CHAPALA,AS,2015-10-29 21:00:00,14.3,62.2,28.78,999.1,-0.12896728515625,8.543533325195312,138.9,976.0,Very Severe Cyclonic Storm,False
2015301N11065,2015,CHAPALA,AS,2015-10-30 00:00:00,14.3,61.8,28.57,995.1,-2.523956298828125,1.630706787109375,166.7,966.0,Extremely Severe Cyclonic Storm,False
2015301N11065,2015,CHAPALA,AS,2015-10-30 03:00:00,14.2,61.5,28.52,996.7,-7.0213470458984375,8.146102905273438,194.5,954.0,Extremely Severe Cyclonic Storm,False
2015301N11065,2015,CHAPALA,AS,2015-10-30 06:00:00,14.2,61.1,28.39,995.7,-7.4639892578125,-0.6364288330078125,203.7,948.0,Extremely Severe Cyclonic Storm,False
2015301N11065,2015,CHAPALA,AS,2015-10-30 09:00:00,14.1,60.8,28.31,993.0,1.7091217041015625,8.936965942382812,213.0,940.0,Extremely Severe Cyclonic Storm,False
2015301N11065,2015,CHAPALA,AS,2015-10-30 12:00:00,14.1,60.6,28.27,990.3,-4.4715576171875,1.8508758544921875,213.0,940.0,Extremely Severe Cyclonic Storm,False
2015301N11065,2015,CHAPALA,AS,2015-10-30 15:00:00,14.0,60.4,28.27,994.5,-11.622543334960938,10.202865600585938,213.0,940.0,Extremely Severe Cyclonic Storm,False
2015301N11065,2015,CHAPALA,AS,2015-10-30 18:00:00,13.9,60.2,28.24,995.7,-15.678802490234377,8.408782958984375,213.0,940.0,Extremely Severe Cyclonic Storm,False
2015301N11065,2015,CHAPALA,AS,2015-10-30 21:00:00,13.9,59.9,28.23,994.6,-16.290069580078125,10.196670532226562,213.0,942.0,Extremely Severe Cyclonic Storm,False
2015301N11065,2015,CHAPALA,AS,2015-10-31 00:00:00,13.8,59.6,28.17,989.4,-6.308151245117188,7.72821044921875,203.7,944.0,Extremely Severe Cyclonic Storm,False
2015301N11065,2015,CHAPALA,AS,2015-10-31 03:00:00,13.8,59.2,28.18,990.1,-8.709823608398438,7.796905517578125,203.7,946.0,Extremely Severe Cyclonic Storm,False
2015301N11065,2015,CHAPALA,AS,2015-10-31 06:00:00,13.8,58.7,28.24,988.8,-8.113418579101562,0.8943023681640625,194.5,950.0,Extremely Severe Cyclonic Storm,False
2015301N11065,2015,CHAPALA,AS,2015-10-31 09:00:00,13.8,58.3,28.37,988.0,-3.8920745849609375,-12.16436767578125,194.5,950.0,Extremely Severe Cyclonic Storm,False
2015301N11065,2015,CHAPALA,AS,2015-10-31 12:00:00,13.8,57.9,28.38,983.3,-10.429336547851562,-2.517425537109375,194.5,950.0,Extremely Severe Cyclonic Storm,False
2015301N11065,2015,CHAPALA,AS,2015-10-31 15:00:00,13.8,57.5,28.26,985.9,-11.021255493164062,-8.3870849609375,194.5,950.0,Extremely Severe Cyclonic Storm,False
2015301N11065,2015,CHAPALA,AS,2015-10-31 18:00:00,13.8,57.2,28.23,987.3,-16.72467041015625,2.257659912109375,194.5,950.0,Extremely Severe Cyclonic Storm,False
2015301N11065,2015,CHAPALA,AS,2015-10-31 21:00:00,13.7,56.8,28.21,985.4,-17.691452026367188,-4.237106323242188,194.5,950.0,Extremely Severe Cyclonic Storm,False
2015301N11065,2015,CHAPALA,AS,2015-11-01 00:00:00,13.7,56.4,28.07,982.9,-23.058761596679688,1.5991668701171875,194.5,950.0,Extremely Severe Cyclonic Storm,False
2015301N11065,2015,CHAPALA,AS,2015-11-01 03:00:00,13.6,56.1,27.99,976.8,-15.767730712890623,1.97998046875,194.5,952.0,Extremely Severe Cyclonic Storm,False
2015301N11065,2015,CHAPALA,AS,2015-11-01 06:00:00,13.6,55.7,28.04,980.2,-15.8336181640625,13.250839233398438,185.2,954.0,Extremely Severe Cyclonic Storm,False
2015301N11065,2015,CHAPALA,AS,2015-11-01 09:00:00,13.5,55.2,28.11,978.8,-15.186508178710938,12.352020263671877,185.2,956.0,Extremely Severe Cyclonic Storm,False
2015301N11065,2015,CHAPALA,AS,2015-11-01 12:00:00,13.6,54.7,28.25,974.9,-12.563278198242188,6.460128784179688,185.2,956.0,Extremely Severe Cyclonic Storm,False
2015301N11065,2015,CHAPALA,AS,2015-11-01 15:00:00,13.5,54.2,28.02,976.3,-14.077865600585938,9.77490234375,185.2,956.0,Extremely Severe Cyclonic Storm,False
2015301N11065,2015,CHAPALA,AS,2015-11-01 18:00:00,13.4,53.7,28.14,979.8,-25.429855346679688,5.9007110595703125,185.2,956.0,Extremely Severe Cyclonic Storm,False
2015301N11065,2015,CHAPALA,AS,2015-11-01 21:00:00,13.3,53.1,28.37,974.1,-8.149215698242188,-13.470123291015623,185.2,956.0,Extremely Severe Cyclonic Storm,False
2015301N11065,2015,CHAPALA,AS,2015-11-02 00:00:00,13.2,52.6,27.59,972.8,-0.503692626953125,-16.054534912109375,185.2,958.0,Extremely Severe Cyclonic Storm,False
2015301N11065,2015,CHAPALA,AS,2015-11-02 03:00:00,13.2,52.2,27.72,969.6,1.355377197265625,5.894790649414063,175.9,960.0,Extremely Severe Cyclonic Storm,False
2015301N11065,2015,CHAPALA,AS,2015-11-02 06:00:00,13.3,51.6,27.89,976.2,14.545516967773438,-9.276321411132812,166.7,964.0,Extremely Severe Cyclonic Storm,False
2015301N11065,2015,CHAPALA,AS,2015-11-02 09:00:00,13.3,51.0,28.01,981.8,19.709274291992188,3.859909057617188,166.7,966.0,Extremely Severe Cyclonic Storm,False
2015301N11065,2015,CHAPALA,AS,2015-11-02 12:00:00,13.4,50.6,27.54,978.3,-6.5675201416015625,-3.88763427734375,157.4,968.0,Very Severe Cyclonic Storm,False
2015301N11065,2015,CHAPALA,AS,2015-11-02 15:00:00,13.5,50.0,27.79,983.0,-7.553314208984375,-7.915939331054687,157.4,970.0,Very Severe Cyclonic Storm,False
2015301N11065,2015,CHAPALA,AS,2015-11-02 18:00:00,13.7,49.6,27.36,991.7,-16.174880981445312,10.536026000976562,148.2,974.0,Very Severe Cyclonic Storm,False
2015301N11065,2015,CHAPALA,AS,2015-11-02 21:00:00,13.8,49.3,27.36,1001.3,-18.578781127929688,15.476943969726562,138.9,978.0,Very Severe Cyclonic Storm,False
2015301N11065,2015,CHAPALA,AS,2015-11-03 00:00:00,14.0,48.9,26.61,1006.0,-10.433746337890623,14.2454833984375,120.4,984.0,Very Severe Cyclonic Storm,False
2015301N11065,2015,CHAPALA,AS,2015-11-03 03:00:00,14.1,48.4,26.61,1010.5,-2.7827911376953125,6.6544342041015625,101.9,990.0,Severe Cyclonic Storm,False
2015301N11065,2015,CHAPALA,AS,2015-11-03 06:00:00,14.1,47.9,26.61,1013.5,-7.5422210693359375,2.222625732421875,83.3,996.0,Cyclonic Storm,False
2015301N11065,2015,CHAPALA,AS,2015-11-03 09:00:00,14.1,47.6,26.61,1011.8,-7.79180908203125,1.3392333984375,74.1,998.0,Cyclonic Storm,False
2015301N11065,2015,CHAPALA,AS,2015-11-03 12:00:00,14.1,47.4,26.61,1010.8,-7.946853637695312,-1.997100830078125,74.1,998.0,Cyclonic Storm,False
2015301N11065,2015,CHAPALA,AS,2015-11-03 15:00:00,14.2,47.2,26.62,1011.7,-7.9136962890625,-1.782745361328125,74.1,998.0,Cyclonic Storm,False
2015301N11065,2015,CHAPALA,AS,2015-11-03 18:00:00,14.3,47.1,26.62,1013.5,-6.451751708984375,-1.2125091552734375,55.6,1001.0,Deep Depression,True
2015301N11065,2015,CHAPALA,AS,2015-11-03 21:00:00,14.5,46.8,26.61,1013.0,-6.247711181640625,-1.5043182373046875,51.9,1002.0,Deep Depression,True
2015301N11065,2015,CHAPALA,AS,2015-11-04 00:00:00,14.8,46.5,27.32,1012.7,-3.64398193359375,-2.613311767578125,46.3,1003.0,Depression,True
2015309N14067,2015,MEGH,AS,2015-11-05 00:00:00,14.1,65.8,28.85,1007.0,-1.69927978515625,4.0037384033203125,46.3,1006.0,Depression,True
2015309N14067,2015,MEGH,AS,2015-11-05 03:00:00,14.1,65.4,28.84,1008.6,-1.5489501953125,2.5687713623046875,46.3,1004.0,Depression,True
2015309N14067,2015,MEGH,AS,2015-11-05 06:00:00,14.0,64.8,28.63,1010.0,-1.191741943359375,-2.3070526123046875,55.6,1002.0,Deep Depression,True
2015309N14067,2015,MEGH,AS,2015-11-05 09:00:00,14.0,64.3,28.37,1006.8,-2.4202117919921875,-2.0677490234375,61.1,1000.0,Deep Depression,True
2015309N14067,2015,MEGH,AS,2015-11-05 12:00:00,14.0,64.0,28.31,1006.2,-2.9969635009765625,-2.152252197265625,64.8,998.0,Cyclonic Storm,False
2015309N14067,2015,MEGH,AS,2015-11-05 15:00:00,13.9,63.6,28.42,1007.9,-4.896286010742188,-4.4989166259765625,74.1,996.0,Cyclonic Storm,False
2015309N14067,2015,MEGH,AS,2015-11-05 18:00:00,13.8,63.3,28.64,1008.4,-3.2238006591796875,-1.4660491943359375,83.3,994.0,Cyclonic Storm,False
2015309N14067,2015,MEGH,AS,2015-11-05 21:00:00,13.7,62.9,28.71,1006.2,-2.040618896484375,2.3941192626953125,83.3,994.0,Cyclonic Storm,False
2015309N14067,2015,MEGH,AS,2015-11-06 00:00:00,13.6,62.5,28.49,1005.6,-1.3122100830078125,-2.1263580322265625,83.3,994.0,Cyclonic Storm,False
2015309N14067,2015,MEGH,AS,2015-11-06 03:00:00,13.4,62.2,28.42,1007.3,-3.328857421875,2.893539428710937,83.3,994.0,Cyclonic Storm,False
2015309N14067,2015,MEGH,AS,2015-11-06 06:00:00,13.3,61.9,28.36,1009.3,1.6872406005859375,7.191009521484375,83.3,994.0,Cyclonic Storm,False
2015309N14067,2015,MEGH,AS,2015-11-06 09:00:00,13.1,61.6,28.08,1006.5,1.4601593017578125,5.961456298828125,83.3,994.0,Cyclonic Storm,False
2015309N14067,2015,MEGH,AS,2015-11-06 12:00:00,13.1,61.2,27.91,1003.7,0.0172271728515625,1.513885498046875,83.3,994.0,Cyclonic Storm,False
2015309N14067,2015,MEGH,AS,2015-11-06 15:00:00,12.9,60.9,27.86,1005.5,-3.05267333984375,-5.494888305664063,83.3,994.0,Cyclonic Storm,False
2015309N14067,2015,MEGH,AS,2015-11-06 18:00:00,12.9,60.7,27.92,1007.2,-4.29193115234375,-4.809127807617188,83.3,994.0,Cyclonic Storm,False
2015309N14067,2015,MEGH,AS,2015-11-06 21:00:00,12.8,60.4,28.16,1005.9,3.294296264648437,-3.0419158935546875,83.3,994.0,Cyclonic Storm,False
2015309N14067,2015,MEGH,AS,2015-11-07 00:00:00,12.8,60.1,28.23,1005.4,2.6616973876953125,-4.4966583251953125,83.3,994.0,Cyclonic Storm,False
2015309N14067,2015,MEGH,AS,2015-11-07 03:00:00,12.8,59.6,28.34,1007.5,0.8824005126953125,-5.447479248046875,83.3,994.0,Cyclonic Storm,False
2015309N14067,2015,MEGH,AS,2015-11-07 06:00:00,12.7,59.3,28.35,1008.8,0.7292327880859375,-3.6435699462890634,92.6,992.0,Severe Cyclonic Storm,False
2015309N14067,2015,MEGH,AS,2015-11-07 09:00:00,12.7,58.8,28.23,1006.3,-3.725494384765625,-7.6906585693359375,101.9,990.0,Severe Cyclonic Storm,False
2015309N14067,2015,MEGH,AS,2015-11-07 12:00:00,12.8,58.4,28.06,1004.2,-2.102386474609375,-4.027313232421875,111.1,988.0,Severe Cyclonic Storm,False
2015309N14067,2015,MEGH,AS,2015-11-07 15:00:00,12.7,57.9,27.32,1006.9,-2.215087890625,-5.057144165039063,120.4,984.0,Very Severe Cyclonic Storm,False
2015309N14067,2015,MEGH,AS,2015-11-07 18:00:00,12.8,57.3,26.76,1009.1,-1.857940673828125,-7.1853790283203125,129.6,980.0,Very Severe Cyclonic Storm,False
2015309N14067,2015,MEGH,AS,2015-11-07 21:00:00,12.7,56.7,26.8,1008.1,-2.228866577148437,-7.0276947021484375,148.2,976.0,Very Severe Cyclonic Storm,False
2015309N14067,2015,MEGH,AS,2015-11-08 00:00:00,12.7,56.1,27.68,1007.2,-2.9309539794921875,-6.9959259033203125,157.4,974.0,Very Severe Cyclonic Storm,False
2015309N14067,2015,MEGH,AS,2015-11-08 03:00:00,12.7,55.5,27.84,1009.5,-1.9925079345703125,-7.80987548828125,166.7,968.0,Extremely Severe Cyclonic Storm,False
2015309N14067,2015,MEGH,AS,2015-11-08 06:00:00,12.7,54.9,27.85,1011.3,-1.496673583984375,-7.33660888671875,175.9,964.0,Extremely Severe Cyclonic Storm,False
2015309N14067,2015,MEGH,AS,2015-11-08 09:00:00,12.7,54.2,27.16,1009.8,1.577392578125,-7.373931884765625,175.9,964.0,Extremely Severe Cyclonic Storm,False
2015309N14067,2015,MEGH,AS,2015-11-08 12:00:00,12.7,53.5,27.16,1008.3,-0.6652069091796875,-7.0205078125,166.7,970.0,Extremely Severe Cyclonic Storm,False
2015309N14067,2015,MEGH,AS,2015-11-08 15:00:00,12.6,52.8,27.53,1009.9,0.853912353515625,-8.403350830078125,166.7,970.0,Extremely Severe Cyclonic Storm,False
2015309N14067,2015,MEGH,AS,2015-11-08 18:00:00,12.5,52.3,27.56,1010.8,0.457183837890625,-7.9514007568359375,166.7,970.0,Extremely Severe Cyclonic Storm,False
2015309N14067,2015,MEGH,AS,2015-11-08 21:00:00,12.4,51.6,28.2,1009.6,1.18817138671875,-9.787063598632812,166.7,970.0,Extremely Severe Cyclonic Storm,False
2015309N14067,2015,MEGH,AS,2015-11-09 00:00:00,12.3,50.9,27.63,1008.9,10.026473999023438,-3.256088256835937,157.4,974.0,Very Severe Cyclonic Storm,False
2015309N14067,2015,MEGH,AS,2015-11-09 03:00:00,12.2,50.2,27.35,1011.3,6.753662109375,-6.47247314453125,148.2,976.0,Very Severe Cyclonic Storm,False
2015309N14067,2015,MEGH,AS,2015-11-09 06:00:00,12.3,49.6,27.44,1013.0,7.5421142578125,-3.3537750244140625,148.2,978.0,Very Severe Cyclonic Storm,False
2015309N14067,2015,MEGH,AS,2015-11-09 09:00:00,12.3,48.9,27.44,1010.7,9.882919311523438,3.7390289306640634,138.9,980.0,Very Severe Cyclonic Storm,False
2015309N14067,2015,MEGH,AS,2015-11-09 12:00:00,12.5,48.3,27.57,1009.2,7.634857177734375,5.3419036865234375,129.6,982.0,Very Severe Cyclonic Storm,False
2015309N14067,2015,MEGH,AS,2015-11-09 15:00:00,12.5,48.0,27.57,1010.6,4.242965698242188,4.758224487304688,120.4,986.0,Very Severe Cyclonic Storm,False
2015309N14067,2015,MEGH,AS,2015-11-09 18:00:00,12.6,47.6,27.57,1012.6,-1.4473876953125,4.228240966796875,120.4,988.0,Very Severe Cyclonic Storm,False
2015309N14067,2015,MEGH,AS,2015-11-09 21:00:00,12.7,47.3,27.73,1011.9,-4.99639892578125,3.091552734375,111.1,990.0,Severe Cyclonic Storm,False
2015309N14067,2015,MEGH,AS,2015-11-10 00:00:00,12.9,47.0,28.08,1010.9,-5.43011474609375,1.7795257568359375,92.6,996.0,Severe Cyclonic Storm,False
2015309N14067,2015,MEGH,AS,2015-11-10 03:00:00,13.0,46.8,28.08,1012.0,-5.886444091796875,2.139739990234375,74.1,998.0,Cyclonic Storm,False
2015309N14067,2015,MEGH,AS,2015-11-10 06:00:00,13.3,46.6,27.98,1013.8,-6.166763305664063,1.5585479736328125,55.6,1003.0,Deep Depression,True
2015309N14067,2015,MEGH,AS,2015-11-10 09:00:00,13.5,46.6,27.85,1011.6,-4.762954711914063,1.6241912841796875,51.9,1004.0,Deep Depression,True
2015309N14067,2015,MEGH,AS,2015-11-10 12:00:00,13.7,46.6,27.55,1009.9,-3.827713012695313,0.6766815185546875,46.3,1005.0,Depression,True
2015312N11084,2015,UNNAMED,BB,2015-11-08 03:00:00,10.7,83.7,29.36,1008.1,-4.0999298095703125,3.95770263671875,46.3,1003.0,Depression,True
2015312N11084,2015,UNNAMED,BB,2015-11-08 06:00:00,10.8,83.2,29.48,1006.9,-2.591400146484375,4.96710205078125,46.3,1003.0,Depression,True
2015312N11084,2015,UNNAMED,BB,2015-11-08 09:00:00,10.9,82.8,29.41,1004.2,-3.338623046875,4.237396240234375,46.3,1003.0,Depression,True
2015312N11084,2015,UNNAMED,BB,2015-11-08 12:00:00,11.0,82.5,29.42,1004.7,1.4344024658203125,7.70703125,46.3,1002.0,Depression,True
2015312N11084,2015,UNNAMED,BB,2015-11-08 15:00:00,11.1,82.0,29.44,1006.7,-0.153900146484375,8.438446044921875,51.9,1001.0,Deep Depression,True
2015312N11084,2015,UNNAMED,BB,2015-11-08 18:00:00,11.2,81.4,29.37,1005.1,-1.984222412109375,9.783950805664062,55.6,1000.0,Deep Depression,True
2015312N11084,2015,UNNAMED,BB,2015-11-08 21:00:00,11.3,81.0,29.35,1002.0,3.36785888671875,5.517623901367188,55.6,1000.0,Deep Depression,True
2015312N11084,2015,UNNAMED,BB,2015-11-09 00:00:00,11.4,80.7,29.37,1000.8,3.232528686523437,0.6228179931640625,55.6,999.0,Deep Depression,True
2015312N11084,2015,UNNAMED,BB,2015-11-09 03:00:00,11.6,80.3,29.39,1003.8,8.295654296875,1.89178466796875,55.6,998.0,Deep Depression,True
2015312N11084,2015,UNNAMED,BB,2015-11-09 06:00:00,11.7,80.1,29.43,1002.2,3.0880126953125,-0.5197906494140625,55.6,996.0,Deep Depression,True
2015312N11084,2015,UNNAMED,BB,2015-11-09 09:00:00,11.9,80.0,29.41,998.7,-0.7235260009765625,-0.1711273193359375,55.6,996.0,Deep Depression,True
2015312N11084,2015,UNNAMED,BB,2015-11-09 12:00:00,12.1,80.0,29.41,999.9,2.857513427734375,0.5215911865234375,55.6,996.0,Deep Depression,True
2015312N11084,2015,UNNAMED,BB,2015-11-09 15:00:00,12.3,80.0,,1002.2,-0.1046905517578125,0.1625213623046875,55.6,997.0,Deep Depression,False
2015312N11084,2015,UNNAMED,BB,2015-11-09 18:00:00,12.4,79.9,,1002.9,-1.2364501953125,2.841522216796875,55.6,998.0,Deep Depression,False
2015312N11084,2015,UNNAMED,BB,2015-11-09 21:00:00,12.4,79.8,,1001.4,-1.60772705078125,2.521240234375,55.6,999.0,Deep Depression,False
2015312N11084,2015,UNNAMED,BB,2015-11-10 00:00:00,12.4,79.6,,1001.9,-1.56390380859375,-4.333755493164063,55.6,1000.0,Deep Depression,False
2015312N11084,2015,UNNAMED,BB,2015-11-10 03:00:00,12.4,79.3,,1005.1,0.132110595703125,-3.750885009765625,37.0,1002.0,Depression,False
2016138N10081,2016,ROANU,BB,2016-05-17 03:00:00,10.5,81.0,30.92,1000.4,0.5609283447265625,-3.4547882080078125,46.3,1000.0,Depression,True
2016138N10081,2016,ROANU,BB,2016-05-17 06:00:00,10.8,81.1,31.0,999.9,5.021392822265625,-3.97491455078125,46.3,999.0,Depression,True
2016138N10081,2016,ROANU,BB,2016-05-17 09:00:00,11.2,81.1,31.01,996.6,5.091583251953125,-0.0534515380859375,46.3,999.0,Depression,True
2016138N10081,2016,ROANU,BB,2016-05-17 12:00:00,11.7,81.1,30.85,996.2,-1.8608245849609373,-5.353759765625,46.3,998.0,Depression,True
2016138N10081,2016,ROANU,BB,2016-05-17 15:00:00,12.1,81.1,30.86,997.7,-1.3555755615234375,-2.71746826171875,46.3,998.0,Depression,True
2016138N10081,2016,ROANU,BB,2016-05-17 18:00:00,12.5,81.1,30.9,996.7,-4.977935791015625,-1.8662109375,46.3,998.0,Depression,True
2016138N10081,2016,ROANU,BB,2016-05-17 21:00:00,12.8,81.2,30.84,993.5,-4.919692993164063,-0.1894073486328125,46.3,998.0,Depression,True
2016138N10081,2016,ROANU,BB,2016-05-18 00:00:00,13.1,81.2,30.72,994.3,-1.4575347900390625,-4.22796630859375,46.3,998.0,Depression,True
2016138N10081,2016,ROANU,BB,2016-05-18 03:00:00,13.4,81.3,30.79,995.5,-4.437545776367188,-2.2137908935546875,55.6,997.0,Deep Depression,True
2016138N10081,2016,ROANU,BB,2016-05-18 06:00:00,13.9,81.3,30.91,995.0,-4.902740478515625,-2.3521881103515625,55.6,996.0,Deep Depression,True
2016138N10081,2016,ROANU,BB,2016-05-18 09:00:00,14.2,81.3,30.96,991.9,-6.2255859375,-6.2482452392578125,55.6,996.0,Deep Depression,True
2016138N10081,2016,ROANU,BB,2016-05-18 12:00:00,14.4,81.3,30.95,991.9,-6.8062591552734375,-9.5157470703125,55.6,996.0,Deep Depression,True
2016138N10081,2016,ROANU,BB,2016-05-18 15:00:00,14.5,81.3,30.95,992.1,1.8082427978515625,-7.704421997070312,55.6,995.0,Deep Depression,True
2016138N10081,2016,ROANU,BB,2016-05-18 18:00:00,14.7,81.3,30.9,990.4,2.1339263916015625,-10.143951416015623,55.6,994.0,Deep Depression,True
2016138N10081,2016,ROANU,BB,2016-05-18 21:00:00,14.9,81.4,30.73,987.0,0.8842926025390625,-5.4847564697265625,61.1,992.0,Deep Depression,True
2016138N10081,2016,ROANU,BB,2016-05-19 00:00:00,15.1,81.6,30.37,987.9,5.4725189208984375,-5.259063720703125,64.8,990.0,Cyclonic Storm,False
2016138N10081,2016,ROANU,BB,2016-05-19 03:00:00,15.4,81.8,30.43,990.4,-7.066436767578125,-2.737274169921875,64.8,990.0,Cyclonic Storm,False
2016138N10081,2016,ROANU,BB,2016-05-19 06:00:00,15.4,82.0,30.44,990.1,-4.095428466796875,-2.112167358398437,74.1,988.0,Cyclonic Storm,False
2016138N10081,2016,ROANU,BB,2016-05-19 09:00:00,15.5,82.2,30.44,987.8,1.15533447265625,-5.66644287109375,74.1,988.0,Cyclonic Storm,False
2016138N10081,2016,ROANU,BB,2016-05-19 12:00:00,15.8,82.5,30.34,991.2,-3.995941162109375,-13.31854248046875,74.1,988.0,Cyclonic Storm,False
2016138N10081,2016,ROANU,BB,2016-05-19 15:00:00,16.1,82.8,30.11,993.3,-2.2510528564453125,-13.47796630859375,74.1,988.0,Cyclonic Storm,False
2016138N10081,2016,ROANU,BB,2016-05-19 18:00:00,16.5,83.1,29.89,993.3,0.124969482421875,-10.594970703125,74.1,988.0,Cyclonic Storm,False
2016138N10081,2016,ROANU,BB,2016-05-19 21:00:00,16.9,83.5,29.95,990.9,3.536407470703125,-6.7667083740234375,74.1,988.0,Cyclonic Storm,False
2016138N10081,2016,ROANU,BB,2016-05-20 00:00:00,17.4,84.0,29.58,991.1,5.211837768554688,-10.341934204101562,74.1,988.0,Cyclonic Storm,False
2016138N10081,2016,ROANU,BB,2016-05-20 03:00:00,18.1,84.7,29.4,992.0,4.293487548828125,-6.800704956054688,74.1,988.0,Cyclonic Storm,False
2016138N10081,2016,ROANU,BB,2016-05-20 06:00:00,18.6,85.1,29.0,991.2,7.484786987304687,-10.338973999023438,74.1,988.0,Cyclonic Storm,False
2016138N10081,2016,ROANU,BB,2016-05-20 09:00:00,18.9,85.6,29.52,988.5,0.53680419921875,-0.9024810791015624,74.1,988.0,Cyclonic Storm,False
2016138N10081,2016,ROANU,BB,2016-05-20 12:00:00,19.4,86.7,29.8,990.9,1.03912353515625,7.04522705078125,74.1,988.0,Cyclonic Storm,False
2016138N10081,2016,ROANU,BB,2016-05-20 15:00:00,19.8,87.3,29.95,991.8,4.615890502929688,6.003448486328125,74.1,986.0,Cyclonic Storm,False
2016138N10081,2016,ROANU,BB,2016-05-20 18:00:00,20.2,88.0,29.89,990.6,-0.91229248046875,12.622528076171877,83.3,984.0,Cyclonic Storm,False
2016138N10081,2016,ROANU,BB,2016-05-20 21:00:00,20.5,88.7,29.87,987.8,5.7791595458984375,14.32562255859375,83.3,983.0,Cyclonic Storm,False
2016138N10081,2016,ROANU,BB,2016-05-21 00:00:00,20.9,89.4,29.64,986.7,3.467376708984375,14.075531005859377,83.3,983.0,Cyclonic Storm,False
2016138N10081,2016,ROANU,BB,2016-05-21 03:00:00,21.4,90.4,30.19,988.0,-2.1885986328125,10.226913452148438,83.3,983.0,Cyclonic Storm,False
2016138N10081,2016,ROANU,BB,2016-05-21 06:00:00,21.9,91.0,29.65,986.9,3.180282592773437,4.72332763671875,83.3,983.0,Cyclonic Storm,False
2016138N10081,2016,ROANU,BB,2016-05-21 09:00:00,22.6,91.5,29.94,987.4,7.2114715576171875,2.258758544921875,83.3,983.0,Cyclonic Storm,False
2016138N10081,2016,ROANU,BB,2016-05-21 12:00:00,23.0,92.0,,990.1,3.0372467041015625,4.729522705078125,64.8,990.0,Cyclonic Storm,False
2016138N10081,2016,ROANU,BB,2016-05-21 15:00:00,23.5,93.0,,997.9,-0.593414306640625,4.1922454833984375,55.6,992.0,Deep Depression,False
2016138N10081,2016,ROANU,BB,2016-05-21 18:00:00,24.0,94.0,,999.3,0.1100921630859375,-0.145172119140625,55.6,994.0,Deep Depression,False
2016138N10081,2016,ROANU,BB,2016-05-21 21:00:00,24.3,94.5,,997.0,0.548492431640625,-1.27398681640625,46.3,995.0,Depression,False
2016138N10081,2016,ROANU,BB,2016-05-22 00:00:00,24.5,94.7,,998.5,0.758148193359375,0.0820465087890625,37.0,996.0,Depression,False
2016178N22068,2016,UNNAMED,AS,2016-06-27 09:00:00,21.7,64.4,29.89,993.9,-2.4906158447265625,-5.1851348876953125,46.3,996.0,Depression,True
2016178N22068,2016,UNNAMED,AS,2016-06-27 12:00:00,21.6,64.1,29.82,993.3,13.142181396484377,-5.318878173828125,46.3,996.0,Depression,True
2016178N22068,2016,UNNAMED,AS,2016-06-27 15:00:00,21.5,64.0,29.82,993.7,8.170242309570312,-8.057571411132812,46.3,996.0,Depression,True
2016178N22068,2016,UNNAMED,AS,2016-06-27 18:00:00,21.5,64.0,29.82,994.9,0.298370361328125,-6.058319091796875,46.3,996.0,Depression,True
2016178N22068,2016,UNNAMED,AS,2016-06-27 21:00:00,21.5,64.1,29.82,993.7,1.7682342529296875,4.5972442626953125,46.3,996.0,Depression,True
2016178N22068,2016,UNNAMED,AS,2016-06-28 00:00:00,21.5,63.9,29.37,994.8,-1.9991912841796875,4.8124542236328125,46.3,996.0,Depression,True
2016178N22068,2016,UNNAMED,AS,2016-06-28 03:00:00,21.2,62.9,29.44,994.9,-4.48614501953125,-6.702850341796875,46.3,996.0,Depression,True
2016178N22068,2016,UNNAMED,AS,2016-06-28 06:00:00,21.2,62.7,29.47,996.0,-8.741561889648438,-8.22137451171875,46.3,996.0,Depression,True
2016178N22068,2016,UNNAMED,AS,2016-06-28 09:00:00,21.1,62.4,29.42,995.7,-1.0192718505859375,-11.021591186523438,46.3,996.0,Depression,True
2016178N22068,2016,UNNAMED,AS,2016-06-28 12:00:00,20.8,62.3,29.26,993.9,3.1949615478515625,-11.0087890625,46.3,996.0,Depression,True
2016178N22068,2016,UNNAMED,AS,2016-06-28 15:00:00,20.5,62.3,29.19,995.4,1.5217132568359375,-10.449844360351562,46.3,996.0,Depression,True
2016178N22068,2016,UNNAMED,AS,2016-06-28 18:00:00,20.3,62.4,29.05,996.8,1.4316864013671875,-7.3452606201171875,46.3,996.0,Depression,True
2016178N22068,2016,UNNAMED,AS,2016-06-28 21:00:00,20.3,62.4,29.05,995.9,-0.6428375244140625,-7.490341186523437,46.3,996.0,Depression,True
2016178N22068,2016,UNNAMED,AS,2016-06-29 00:00:00,20.3,62.3,29.12,997.4,-0.4594573974609375,-9.22265625,46.3,996.0,Depression,True
2016222N22089,2016,UNNAMED,BB,2016-08-09 09:00:00,22.0,88.5,,994.9,5.50494384765625,-1.48486328125,46.3,996.0,Depression,False
2016222N22089,2016,UNNAMED,BB,2016-08-09 12:00:00,22.0,88.5,,995.0,3.354232788085937,-1.50372314453125,46.3,996.0,Depression,False
2016222N22089,2016,UNNAMED,BB,2016-08-09 15:00:00,22.2,88.7,,996.2,-1.102386474609375,-2.2642059326171875,46.3,996.0,Depression,False
2016222N22089,2016,UNNAMED,BB,2016-08-09 18:00:00,22.5,89.0,,996.5,-1.036865234375,-4.15478515625,46.3,995.0,Depression,False
2016222N22089,2016,UNNAMED,BB,2016-08-09 21:00:00,22.7,89.5,,994.3,-1.2499542236328125,-4.1887969970703125,46.3,995.0,Depression,False
2016222N22089,2016,UNNAMED,BB,2016-08-10 00:00:00,22.8,89.7,,993.7,0.3790435791015625,3.10443115234375,46.3,995.0,Depression,False
2016222N22089,2016,UNNAMED,BB,2016-08-10 03:00:00,23.0,89.4,,996.1,1.0372772216796875,4.768157958984375,55.6,994.0,Deep Depression,False
2016222N22089,2016,UNNAMED,BB,2016-08-10 06:00:00,23.1,89.3,,996.9,2.355865478515625,4.4138031005859375,55.6,994.0,Deep Depression,False
2016222N22089,2016,UNNAMED,BB,2016-08-10 09:00:00,23.2,89.2,,995.9,0.7866973876953125,5.091583251953125,55.6,994.0,Deep Depression,False
2016222N22089,2016,UNNAMED,BB,2016-08-10 12:00:00,23.4,89.1,,994.8,-1.6509857177734375,5.445846557617188,55.6,994.0,Deep Depression,False
2016222N22089,2016,UNNAMED,BB,2016-08-10 15:00:00,23.5,88.8,,996.5,0.0450592041015625,4.507492065429688,55.6,994.0,Deep Depression,False
2016222N22089,2016,UNNAMED,BB,2016-08-10 18:00:00,23.6,88.5,,996.5,3.0950469970703125,4.15045166015625,55.6,994.0,Deep Depression,False
2016222N22089,2016,UNNAMED,BB,2016-08-10 21:00:00,23.7,88.2,,994.3,1.24786376953125,4.2685546875,55.6,994.0,Deep Depression,False
2016222N22089,2016,UNNAMED,BB,2016-08-11 00:00:00,23.8,87.8,,994.7,0.550537109375,0.744598388671875,55.6,994.0,Deep Depression,False
2016222N22089,2016,UNNAMED,BB,2016-08-11 03:00:00,24.0,87.4,,997.2,-4.253341674804688,-1.394683837890625,55.6,994.0,Deep Depression,False
2016222N22089,2016,UNNAMED,BB,2016-08-11 06:00:00,24.0,87.0,,997.9,-2.2326202392578125,-2.9576568603515625,46.3,996.0,Depression,False
2016222N22089,2016,UNNAMED,BB,2016-08-11 09:00:00,24.0,86.7,,996.9,-0.3480377197265625,-1.9669952392578125,46.3,996.0,Depression,False
2016222N22089,2016,UNNAMED,BB,2016-08-11 12:00:00,24.0,86.5,,997.4,-1.3628387451171875,-1.164154052734375,46.3,996.0,Depression,False
2016222N22089,2016,UNNAMED,BB,2016-08-11 15:00:00,24.0,86.1,,1000.1,0.1470947265625,-1.6435089111328125,46.3,996.0,Depression,False
2016222N22089,2016,UNNAMED,BB,2016-08-11 18:00:00,24.0,85.7,,999.9,-0.68212890625,-2.978866577148437,46.3,996.0,Depression,False
2016222N22089,2016,UNNAMED,BB,2016-08-11 21:00:00,24.0,85.4,,998.8,-3.642776489257813,-1.5568084716796875,46.3,996.0,Depression,False
2016222N22089,2016,UNNAMED,BB,2016-08-12 00:00:00,24.0,85.0,,1000.0,-2.984848022460937,-2.288726806640625,46.3,996.0,Depression,False
2016222N22089,2016,UNNAMED,BB,2016-08-12 03:00:00,24.0,84.5,,1000.7,-2.60687255859375,-3.1151275634765625,46.3,996.0,Depression,False
2016222N22089,2016,UNNAMED,BB,2016-08-12 06:00:00,24.0,84.5,,1000.2,-1.82794189453125,-2.728363037109375,46.3,996.0,Depression,False
2016222N22089,2016,UNNAMED,BB,2016-08-12 09:00:00,24.1,84.5,,997.7,-1.054290771484375,-1.5522918701171875,46.3,996.0,Depression,False
2016222N22089,2016,UNNAMED,BB,2016-08-12 12:00:00,24.2,84.5,,997.0,-1.018524169921875,-2.059112548828125,46.3,996.0,Depression,False
2016222N22089,2016,UNNAMED,BB,2016-08-12 15:00:00,24.3,84.3,,999.6,-0.2316131591796875,-2.5956573486328125,42.6,996.0,Depression,False
2016222N22089,2016,UNNAMED,BB,2016-08-12 18:00:00,24.4,84.0,,999.6,-0.8453826904296875,-2.9749298095703125,37.0,996.0,Depression,False
2016230N21089,2016,UNNAMED,BB,2016-08-16 12:00:00,21.0,89.0,29.57,991.8,0.8892669677734375,-0.6649017333984375,37.0,996.0,Depression,True
2016230N21089,2016,UNNAMED,BB,2016-08-16 15:00:00,21.1,88.9,29.57,993.5,2.3959503173828125,-2.0306854248046875,37.0,996.0,Depression,True
2016230N21089,2016,UNNAMED,BB,2016-08-16 18:00:00,21.2,88.7,29.78,993.2,-0.2158355712890625,-2.379745483398437,37.0,996.0,Depression,True
2016230N21089,2016,UNNAMED,BB,2016-08-16 21:00:00,21.3,88.5,29.94,990.9,-2.098617553710937,-3.772674560546875,37.0,996.0,Depression,True
2016230N21089,2016,UNNAMED,BB,2016-08-17 00:00:00,21.4,88.4,29.33,990.3,-5.837646484375,-2.9958038330078125,37.0,996.0,Depression,True
2016230N21089,2016,UNNAMED,BB,2016-08-17 03:00:00,21.5,88.5,29.33,990.6,-2.504364013671875,-4.8071136474609375,37.0,996.0,Depression,True
2016230N21089,2016,UNNAMED,BB,2016-08-17 06:00:00,21.5,88.5,29.33,990.7,5.13275146484375,-0.65869140625,37.0,996.0,Depression,True
2016230N21089,2016,UNNAMED,BB,2016-08-17 09:00:00,21.7,88.4,29.15,989.9,3.424911499023437,5.97686767578125,42.6,995.0,Depression,True
2016230N21089,2016,UNNAMED,BB,2016-08-17 12:00:00,22.0,88.2,,989.3,2.0008544921875,3.9366455078125,46.3,994.0,Depression,False
2016230N21089,2016,UNNAMED,BB,2016-08-17 15:00:00,22.4,87.6,,991.5,-0.064208984375,1.6344146728515625,46.3,994.0,Depression,False
2016230N21089,2016,UNNAMED,BB,2016-08-17 18:00:00,22.9,86.9,,991.8,-3.584564208984375,-2.1267547607421875,46.3,994.0,Depression,False
2016230N21089,2016,UNNAMED,BB,2016-08-17 21:00:00,23.3,86.3,,991.8,-0.7978668212890625,-5.92401123046875,46.3,994.0,Depression,False
2016230N21089,2016,UNNAMED,BB,2016-08-18 00:00:00,23.7,85.7,,991.5,-1.0568695068359375,-5.2134857177734375,46.3,994.0,Depression,False
2016230N21089,2016,UNNAMED,BB,2016-08-18 03:00:00,24.0,85.0,,993.0,-0.6975250244140625,-5.772552490234375,46.3,994.0,Depression,False
2016230N21089,2016,UNNAMED,BB,2016-08-18 06:00:00,24.0,84.4,,992.0,-1.2080841064453125,-2.405517578125,46.3,994.0,Depression,False
2016230N21089,2016,UNNAMED,BB,2016-08-18 09:00:00,24.0,83.9,,990.9,1.4354095458984375,-2.8253326416015625,46.3,994.0,Depression,False
2016230N21089,2016,UNNAMED,BB,2016-08-18 12:00:00,24.1,83.4,,991.8,3.9693756103515625,-1.68914794921875,46.3,994.0,Depression,False
2016230N21089,2016,UNNAMED,BB,2016-08-18 15:00:00,24.2,83.0,,993.8,1.0943450927734375,-0.0299835205078125,46.3,994.0,Depression,False
2016230N21089,2016,UNNAMED,BB,2016-08-18 18:00:00,24.4,82.7,,992.4,-2.52203369140625,0.091278076171875,46.3,994.0,Depression,False
2016230N21089,2016,UNNAMED,BB,2016-08-18 21:00:00,24.5,82.3,,991.7,-1.0054931640625,2.5016021728515625,46.3,994.0,Depression,False
2016230N21089,2016,UNNAMED,BB,2016-08-19 00:00:00,24.7,82.1,,992.7,-3.452911376953125,4.7102813720703125,46.3,994.0,Depression,False
2016230N21089,2016,UNNAMED,BB,2016-08-19 03:00:00,25.0,82.3,,996.9,-5.0509185791015625,4.4376373291015625,46.3,994.0,Depression,False
2016230N21089,2016,UNNAMED,BB,2016-08-19 06:00:00,24.8,80.6,,994.4,-0.9541015625,-0.3140869140625,46.3,994.0,Depression,False
2016230N21089,2016,UNNAMED,BB,2016-08-19 09:00:00,24.7,79.5,,993.9,0.8390045166015625,-4.0700225830078125,46.3,994.0,Depression,False
2016230N21089,2016,UNNAMED,BB,2016-08-19 12:00:00,24.7,79.0,,992.7,2.776107788085937,-1.8442840576171875,46.3,994.0,Depression,False
2016230N21089,2016,UNNAMED,BB,2016-08-19 15:00:00,24.7,78.6,,994.6,1.4957122802734375,-3.686691284179688,46.3,994.0,Depression,False
2016230N21089,2016,UNNAMED,BB,2016-08-19 18:00:00,24.7,78.4,,994.8,0.4313812255859375,-3.601425170898437,46.3,994.0,Depression,False
2016230N21089,2016,UNNAMED,BB,2016-08-19 21:00:00,24.7,78.1,,994.8,2.457550048828125,-3.735427856445313,46.3,994.0,Depression,False
2016230N21089,2016,UNNAMED,AS,2016-08-20 00:00:00,24.7,77.8,,995.0,1.426513671875,-1.068603515625,46.3,994.0,Depression,False
2016230N21089,2016,UNNAMED,AS,2016-08-20 03:00:00,24.8,77.5,,996.5,-0.187255859375,-0.238677978515625,46.3,994.0,Depression,False
2016230N21089,2016,UNNAMED,AS,2016-08-20 06:00:00,24.8,77.3,,997.2,-0.9388427734375,0.07794189453125,46.3,994.0,Depression,False
2016230N21089,2016,UNNAMED,AS,2016-08-20 09:00:00,24.8,77.3,,996.1,-0.065185546875,2.498886108398437,42.6,994.0,Depression,False
2016230N21089,2016,UNNAMED,AS,2016-08-20 12:00:00,24.8,77.2,,996.2,-0.8062591552734375,3.834686279296875,37.0,994.0,Depression,False
2016230N21089,2016,UNNAMED,AS,2016-08-20 15:00:00,24.9,76.9,,998.0,-2.4515380859375,2.733642578125,33.3,995.0,Depression,False
2016230N21089,2016,UNNAMED,AS,2016-08-20 18:00:00,25.0,76.5,,997.8,-2.5492095947265625,0.89373779296875,27.8,996.0,Low Pressure Area,False
2016295N13089,2016,KYANT,BB,2016-10-21 00:00:00,13.5,88.5,29.65,1001.5,-4.72271728515625,-6.242446899414063,46.3,1003.0,Depression,True
2016295N13089,2016,KYANT,BB,2016-10-21 03:00:00,13.6,88.8,29.65,1004.0,-3.3209686279296875,1.5576019287109375,46.3,1003.0,Depression,True
2016295N13089,2016,KYANT,BB,2016-10-21 06:00:00,13.7,89.3,29.61,1003.4,-0.800628662109375,1.2506866455078125,46.3,1003.0,Depression,True
2016295N13089,2016,KYANT,BB,2016-10-21 09:00:00,13.8,89.6,29.58,1000.6,-3.95550537109375,0.606964111328125,46.3,1003.0,Depression,True
2016295N13089,2016,KYANT,BB,2016-10-21 12:00:00,13.9,89.8,29.55,1001.0,-4.558563232421875,-1.356689453125,46.3,1003.0,Depression,True
2016295N13089,2016,KYANT,BB,2016-10-21 15:00:00,13.9,89.9,29.56,1003.2,2.1371307373046875,-4.383026123046875,46.3,1003.0,Depression,True
2016295N13089,2016,KYANT,BB,2016-10-21 18:00:00,13.9,89.9,29.56,1003.3,5.6371612548828125,-1.9080657958984373,46.3,1003.0,Depression,True
2016295N13089,2016,KYANT,BB,2016-10-21 21:00:00,13.9,89.9,29.56,1002.9,7.650466918945312,2.198348999023437,46.3,1003.0,Depression,True
2016295N13089,2016,KYANT,BB,2016-10-22 00:00:00,13.9,90.1,29.56,1003.5,4.636032104492188,0.0596160888671875,46.3,1002.0,Depression,True
2016295N13089,2016,KYANT,BB,2016-10-22 03:00:00,14.1,90.7,29.45,1005.4,8.439468383789062,4.825210571289063,46.3,1002.0,Depression,True
2016295N13089,2016,KYANT,BB,2016-10-22 06:00:00,14.5,91.4,29.44,1003.9,5.9087982177734375,6.4764251708984375,46.3,1002.0,Depression,True
2016295N13089,2016,KYANT,BB,2016-10-22 09:00:00,14.8,91.8,29.42,1001.7,5.6536865234375,6.173507690429688,46.3,1002.0,Depression,True
2016295N13089,2016,KYANT,BB,2016-10-22 12:00:00,14.9,92.1,29.47,1002.2,3.364364624023437,4.225509643554688,46.3,1002.0,Depression,True
2016295N13089,2016,KYANT,BB,2016-10-22 15:00:00,15.1,92.3,29.47,1004.0,2.3001251220703125,6.2897491455078125,46.3,1002.0,Depression,True
2016295N13089,2016,KYANT,BB,2016-10-22 18:00:00,15.3,92.5,29.47,1002.8,1.601959228515625,6.3314208984375,46.3,1002.0,Depression,True
2016295N13089,2016,KYANT,BB,2016-10-22 21:00:00,15.4,92.6,29.54,1001.3,-1.4011688232421875,0.773529052734375,46.3,1002.0,Depression,True
2016295N13089,2016,KYANT,BB,2016-10-23 00:00:00,15.5,92.8,29.47,1002.4,-3.177520751953125,-0.101654052734375,46.3,1002.0,Depression,True
2016295N13089,2016,KYANT,BB,2016-10-23 03:00:00,15.6,92.8,29.47,1004.0,-2.626953125,3.078598022460937,55.6,1000.0,Deep Depression,True
2016295N13089,2016,KYANT,BB,2016-10-23 06:00:00,15.6,92.8,29.47,1002.2,3.5209197998046875,-0.3001708984375,55.6,1000.0,Deep Depression,True
2016295N13089,2016,KYANT,BB,2016-10-23 09:00:00,15.7,92.9,29.6,1000.6,-0.07098388671875,-2.6222381591796875,55.6,1000.0,Deep Depression,True
2016295N13089,2016,KYANT,BB,2016-10-23 12:00:00,15.8,93.0,29.6,1001.0,5.375091552734375,-0.598968505859375,55.6,1000.0,Deep Depression,True
2016295N13089,2016,KYANT,BB,2016-10-23 15:00:00,15.9,93.0,29.73,1003.1,-0.649200439453125,-0.74432373046875,55.6,1000.0,Deep Depression,True
2016295N13089,2016,KYANT,BB,2016-10-23 18:00:00,16.0,93.1,29.73,1002.1,1.3712310791015625,0.2780303955078125,55.6,1000.0,Deep Depression,True
2016295N13089,2016,KYANT,BB,2016-10-23 21:00:00,16.1,93.1,29.73,1000.8,5.22735595703125,0.0557403564453125,55.6,1000.0,Deep Depression,True
2016295N13089,2016,KYANT,BB,2016-10-24 00:00:00,16.3,93.1,29.5,1000.3,0.562225341796875,-0.3459014892578125,55.6,1000.0,Deep Depression,True
2016295N13089,2016,KYANT,BB,2016-10-24 03:00:00,16.3,93.1,29.5,1002.3,-0.8448028564453125,0.2598114013671875,55.6,1000.0,Deep Depression,True
2016295N13089,2016,KYANT,BB,2016-10-24 06:00:00,16.5,93.1,29.53,1000.5,-1.8505706787109373,2.6471099853515625,55.6,1000.0,Deep Depression,True
2016295N13089,2016,KYANT,BB,2016-10-24 09:00:00,16.7,92.8,29.47,998.4,-1.8737335205078125,0.6912078857421875,55.6,1000.0,Deep Depression,True
2016295N13089,2016,KYANT,BB,2016-10-24 12:00:00,16.7,92.5,29.5,998.8,-2.591033935546875,-2.138534545898437,55.6,1000.0,Deep Depression,True
2016295N13089,2016,KYANT,BB,2016-10-24 15:00:00,16.7,92.3,29.54,1001.2,-4.2538909912109375,-4.096237182617188,55.6,1000.0,Deep Depression,True
2016295N13089,2016,KYANT,BB,2016-10-24 18:00:00,16.7,92.2,29.54,1000.4,-2.17022705078125,-2.8728179931640625,55.6,1000.0,Deep Depression,True
2016295N13089,2016,KYANT,BB,2016-10-24 21:00:00,16.7,92.0,29.47,999.2,-3.35833740234375,-4.4805755615234375,55.6,1000.0,Deep Depression,True
2016295N13089,2016,KYANT,BB,2016-10-25 00:00:00,16.8,91.7,29.11,999.5,-3.069244384765625,-3.92071533203125,55.6,1000.0,Deep Depression,True
2016295N13089,2016,KYANT,BB,2016-10-25 03:00:00,16.8,91.4,29.13,1001.7,-2.0159912109375,-5.435806274414063,64.8,998.0,Cyclonic Storm,False
2016295N13089,2016,KYANT,BB,2016-10-25 06:00:00,16.8,91.1,29.28,1001.3,-0.153961181640625,-8.670578002929688,64.8,998.0,Cyclonic Storm,False
2016295N13089,2016,KYANT,BB,2016-10-25 09:00:00,16.7,90.8,29.35,1000.5,1.10382080078125,-8.568023681640625,64.8,998.0,Cyclonic Storm,False
2016295N13089,2016,KYANT,BB,2016-10-25 12:00:00,16.8,90.6,29.38,1000.7,2.240966796875,-6.044845581054688,64.8,998.0,Cyclonic Storm,False
2016295N13089,2016,KYANT,BB,2016-10-25 15:00:00,16.6,90.2,29.41,1003.7,1.8836212158203125,-4.5076751708984375,64.8,998.0,Cyclonic Storm,False
2016295N13089,2016,KYANT,BB,2016-10-25 18:00:00,16.6,89.8,29.39,1003.6,2.0528717041015625,-1.924652099609375,64.8,998.0,Cyclonic Storm,False
2016295N13089,2016,KYANT,BB,2016-10-25 21:00:00,16.4,89.5,29.33,1003.0,4.0553131103515625,2.5020904541015625,64.8,997.0,Cyclonic Storm,False
2016295N13089,2016,KYANT,BB,2016-10-26 00:00:00,16.4,89.0,28.94,1003.7,-2.13714599609375,4.369674682617188,74.1,996.0,Cyclonic Storm,False
2016295N13089,2016,KYANT,BB,2016-10-26 03:00:00,16.3,88.5,29.05,1005.8,-1.4169769287109375,1.1147613525390625,74.1,996.0,Cyclonic Storm,False
2016295N13089,2016,KYANT,BB,2016-10-26 06:00:00,16.3,87.9,29.32,1004.9,0.1595916748046875,-1.9577789306640625,74.1,996.0,Cyclonic Storm,False
2016295N13089,2016,KYANT,BB,2016-10-26 09:00:00,16.2,87.4,29.45,1003.7,2.9907989501953125,-2.74310302734375,74.1,996.0,Cyclonic Storm,False
2016295N13089,2016,KYANT,BB,2016-10-26 12:00:00,16.2,87.0,29.4,1003.3,1.6212158203125,-2.008651733398437,74.1,996.0,Cyclonic Storm,False
2016295N13089,2016,KYANT,BB,2016-10-26 15:00:00,16.1,86.6,29.29,1005.9,1.36688232421875,-4.638839721679688,74.1,997.0,Cyclonic Storm,False
2016295N13089,2016,KYANT,BB,2016-10-26 18:00:00,16.0,86.3,29.26,1005.9,-2.331024169921875,1.235626220703125,64.8,998.0,Cyclonic Storm,False
2016295N13089,2016,KYANT,BB,2016-10-26 21:00:00,15.9,85.8,29.11,1005.2,1.017730712890625,2.7891387939453125,55.6,1000.0,Deep Depression,True
2016295N13089,2016,KYANT,BB,2016-10-27 00:00:00,15.8,85.4,28.75,1005.6,2.818695068359375,5.7860260009765625,55.6,1002.0,Deep Depression,True
2016295N13089,2016,KYANT,BB,2016-10-27 03:00:00,15.7,84.8,28.95,1008.0,-0.634368896484375,-1.6698150634765625,55.6,1002.0,Deep Depression,True
2016295N13089,2016,KYANT,BB,2016-10-27 06:00:00,15.7,84.4,29.05,1007.5,-2.009002685546875,-0.249114990234375,55.6,1003.0,Deep Depression,True
2016295N13089,2016,KYANT,BB,2016-10-27 09:00:00,15.6,83.9,29.19,1005.2,1.713836669921875,-1.6759490966796875,55.6,1004.0,Deep Depression,True
2016295N13089,2016,KYANT,BB,2016-10-27 12:00:00,15.6,83.6,29.21,1005.5,1.308868408203125,-1.5524749755859375,55.6,1004.0,Deep Depression,True
2016295N13089,2016,KYANT,BB,2016-10-27 15:00:00,15.4,83.3,29.15,1008.2,-1.1508941650390625,-1.200714111328125,51.9,1004.0,Deep Depression,True
2016295N13089,2016,KYANT,BB,2016-10-27 18:00:00,15.3,83.0,29.15,1007.8,0.383209228515625,1.028656005859375,46.3,1004.0,Depression,True
2016308N13088,2016,UNNAMED,BB,2016-11-02 18:00:00,12.7,88.0,29.01,1007.1,-2.5559234619140625,5.393402099609375,46.3,1004.0,Depression,True
2016308N13088,2016,UNNAMED,BB,2016-11-02 21:00:00,12.8,87.5,29.02,1005.2,-1.3289947509765625,6.852706909179688,46.3,1004.0,Depression,True
2016308N13088,2016,UNNAMED,BB,2016-11-03 00:00:00,13.0,87.0,28.89,1004.7,-2.130157470703125,7.9231414794921875,46.3,1004.0,Depression,True
2016308N13088,2016,UNNAMED,BB,2016-11-03 03:00:00,13.4,86.5,28.79,1007.2,-5.561431884765625,8.119964599609375,46.3,1004.0,Depression,True
2016308N13088,2016,UNNAMED,BB,2016-11-03 06:00:00,13.7,86.0,28.73,1005.9,-6.8975677490234375,7.664443969726562,46.3,1004.0,Depression,True
2016308N13088,2016,UNNAMED,BB,2016-11-03 09:00:00,14.0,85.7,28.69,1003.5,-5.7117767333984375,9.809417724609377,46.3,1004.0,Depression,True
2016308N13088,2016,UNNAMED,BB,2016-11-03 12:00:00,14.2,85.5,28.65,1003.9,-3.1993560791015625,6.0815277099609375,46.3,1004.0,Depression,True
2016308N13088,2016,UNNAMED,BB,2016-11-03 15:00:00,14.4,85.2,28.64,1005.5,-4.96435546875,4.37725830078125,46.3,1004.0,Depression,True
2016308N13088,2016,UNNAMED,BB,2016-11-03 18:00:00,14.6,85.0,28.65,1004.7,-1.4750823974609375,4.483413696289063,46.3,1004.0,Depression,True
2016308N13088,2016,UNNAMED,BB,2016-11-03 21:00:00,15.0,84.9,28.61,1003.2,-5.127700805664063,5.852218627929688,46.3,1003.0,Depression,True
2016308N13088,2016,UNNAMED,BB,2016-11-04 00:00:00,15.5,84.8,28.54,1002.7,-3.9322357177734375,0.9091339111328124,46.3,1002.0,Depression,True
2016308N13088,2016,UNNAMED,BB,2016-11-04 03:00:00,16.0,84.7,28.47,1004.3,-3.705734252929688,0.8099822998046875,46.3,1002.0,Depression,True
2016308N13088,2016,UNNAMED,BB,2016-11-04 06:00:00,16.0,84.7,28.47,1002.6,-0.127349853515625,2.395477294921875,46.3,1000.0,Depression,True
2016308N13088,2016,UNNAMED,BB,2016-11-04 09:00:00,16.1,84.7,28.47,1000.3,3.3501129150390625,2.98468017578125,46.3,1000.0,Depression,True
2016308N13088,2016,UNNAMED,BB,2016-11-04 12:00:00,16.3,84.7,28.48,1000.9,3.55010986328125,-5.7882843017578125,46.3,1000.0,Depression,True
2016308N13088,2016,UNNAMED,BB,2016-11-04 15:00:00,16.6,84.8,28.46,1002.9,4.129974365234375,-8.44677734375,46.3,1000.0,Depression,True
2016308N13088,2016,UNNAMED,BB,2016-11-04 18:00:00,16.9,85.0,28.55,1002.3,5.08856201171875,-10.445358276367188,46.3,1000.0,Depression,True
2016308N13088,2016,UNNAMED,BB,2016-11-04 21:00:00,17.2,85.4,28.73,1000.1,5.9289398193359375,-7.677658081054687,46.3,1000.0,Depression,True
2016308N13088,2016,UNNAMED,BB,2016-11-05 00:00:00,17.7,86.0,29.11,1001.1,1.009552001953125,-5.913497924804688,46.3,1000.0,Depression,True
2016308N13088,2016,UNNAMED,BB,2016-11-05 03:00:00,18.3,87.0,28.88,1003.8,-1.4076690673828125,-1.97760009765625,46.3,1000.0,Depression,True
2016308N13088,2016,UNNAMED,BB,2016-11-05 06:00:00,18.5,87.0,28.88,1002.9,-0.7335052490234375,-8.88848876953125,46.3,1000.0,Depression,True
2016308N13088,2016,UNNAMED,BB,2016-11-05 09:00:00,18.7,87.7,28.88,1000.3,0.9598388671875,-10.462677001953123,46.3,1000.0,Depression,True
2016308N13088,2016,UNNAMED,BB,2016-11-05 12:00:00,19.0,88.7,28.74,1002.2,-2.06500244140625,-0.9688720703125,46.3,1000.0,Depression,True
2016308N13088,2016,UNNAMED,BB,2016-11-05 15:00:00,19.2,89.1,28.7,1003.6,-1.2314453125,1.83502197265625,46.3,1000.0,Depression,True
2016308N13088,2016,UNNAMED,BB,2016-11-05 18:00:00,19.5,89.5,28.81,1002.8,-0.30499267578125,4.540435791015625,46.3,1000.0,Depression,True
2016308N13088,2016,UNNAMED,BB,2016-11-05 21:00:00,20.0,90.3,28.87,1002.1,0.182769775390625,7.751296997070312,46.3,1000.0,Depression,True
2016308N13088,2016,UNNAMED,BB,2016-11-06 00:00:00,20.5,91.0,29.05,1003.4,-0.99884033203125,9.113510131835938,46.3,1000.0,Depression,True
2016308N13088,2016,UNNAMED,BB,2016-11-06 03:00:00,21.0,91.5,29.27,1006.5,-3.881393432617188,9.550003051757812,46.3,1000.0,Depression,True
2016308N13088,2016,UNNAMED,BB,2016-11-06 06:00:00,21.5,91.8,29.28,1005.6,-3.9909515380859375,9.081954956054688,46.3,1002.0,Depression,True
2016308N13088,2016,UNNAMED,BB,2016-11-06 09:00:00,21.6,91.9,29.33,1004.6,-3.0059356689453125,5.302291870117188,46.3,1003.0,Depression,True
2016335N07088,2016,NADA,BB,2016-11-29 12:00:00,6.8,87.7,28.8,1005.7,5.029296875,4.3513031005859375,46.3,1004.0,Depression,True
2016335N07088,2016,NADA,BB,2016-11-29 15:00:00,7.2,87.3,28.83,1007.3,2.1248931884765625,-0.5741119384765625,46.3,1004.0,Depression,True
2016335N07088,2016,NADA,BB,2016-11-29 18:00:00,7.5,86.8,28.83,1007.4,0.0714263916015625,-3.6138916015625,46.3,1003.0,Depression,True
2016335N07088,2016,NADA,BB,2016-11-29 21:00:00,7.8,86.3,28.75,1005.1,4.8995361328125,1.72747802734375,51.9,1003.0,Deep Depression,True
2016335N07088,2016,NADA,BB,2016-11-30 00:00:00,8.2,85.9,28.62,1003.3,-1.3914947509765625,5.67230224609375,55.6,1002.0,Deep Depression,True
2016335N07088,2016,NADA,BB,2016-11-30 03:00:00,8.6,85.3,28.57,1004.9,3.498519897460937,-0.6382293701171875,64.8,1002.0,Cyclonic Storm,False
2016335N07088,2016,NADA,BB,2016-11-30 06:00:00,9.0,84.9,28.65,1003.8,3.880126953125,6.1622314453125,64.8,1002.0,Cyclonic Storm,False
2016335N07088,2016,NADA,BB,2016-11-30 09:00:00,9.6,84.3,28.67,1001.0,-7.6364593505859375,-5.638702392578125,64.8,1002.0,Cyclonic Storm,False
2016335N07088,2016,NADA,BB,2016-11-30 12:00:00,9.8,83.9,28.61,1000.2,-7.21240234375,0.5638580322265625,74.1,1000.0,Cyclonic Storm,False
2016335N07088,2016,NADA,BB,2016-11-30 15:00:00,10.0,83.4,28.49,1002.9,-6.94976806640625,-4.499435424804688,74.1,1000.0,Cyclonic Storm,False
2016335N07088,2016,NADA,BB,2016-11-30 18:00:00,10.3,83.0,28.38,1002.7,-7.78912353515625,-8.725234985351562,74.1,1000.0,Cyclonic Storm,False
2016335N07088,2016,NADA,BB,2016-11-30 21:00:00,10.3,82.2,28.23,1001.6,-4.14361572265625,-11.648757934570312,74.1,1000.0,Cyclonic Storm,False
2016335N07088,2016,NADA,BB,2016-12-01 00:00:00,10.4,82.0,27.96,1001.7,-9.803497314453123,-5.2027130126953125,64.8,1000.0,Cyclonic Storm,False
2016335N07088,2016,NADA,BB,2016-12-01 03:00:00,10.4,81.7,27.91,1004.0,-9.736495971679688,-4.0980987548828125,55.6,1001.0,Deep Depression,True
2016335N07088,2016,NADA,BB,2016-12-01 06:00:00,10.5,81.3,27.87,1003.9,-4.86700439453125,-8.632797241210938,55.6,1003.0,Deep Depression,True
2016335N07088,2016,NADA,BB,2016-12-01 09:00:00,10.6,80.9,27.85,1001.7,-2.586669921875,-6.60626220703125,55.6,1004.0,Deep Depression,True
2016335N07088,2016,NADA,BB,2016-12-01 12:00:00,10.8,80.6,27.75,1004.5,-2.4384765625,-8.768600463867188,55.6,1004.0,Deep Depression,True
2016335N07088,2016,NADA,BB,2016-12-01 15:00:00,10.8,80.4,27.75,1006.8,-2.4270172119140625,-3.139678955078125,51.9,1005.0,Deep Depression,True
2016335N07088,2016,NADA,BB,2016-12-01 18:00:00,10.8,80.1,27.63,1008.1,2.1163330078125,-6.226364135742188,46.3,1006.0,Depression,True
2016335N07088,2016,NADA,BB,2016-12-01 21:00:00,10.8,79.9,27.63,1006.8,0.1387939453125,1.089019775390625,46.3,1006.0,Depression,True
2016335N07088,2016,NADA,BB,2016-12-02 00:00:00,10.9,79.6,,1008.3,0.1211700439453125,-3.295654296875,46.3,1006.0,Depression,False
2017147N14087,2017,MORA,BB,2017-05-28 00:00:00,14.2,89.7,30.37,997.2,0.6038665771484375,-1.2838592529296875,46.3,998.0,Depression,True
2017147N14087,2017,MORA,BB,2017-05-28 03:00:00,14.7,90.1,30.28,997.9,-0.485748291015625,1.721221923828125,46.3,998.0,Depression,True
2017147N14087,2017,MORA,BB,2017-05-28 06:00:00,15.1,90.5,30.16,997.0,1.338836669921875,0.3096923828125,46.3,997.0,Depression,True
2017147N14087,2017,MORA,BB,2017-05-28 09:00:00,15.5,90.7,30.24,995.2,1.156036376953125,-0.7978973388671875,55.6,996.0,Deep Depression,True
2017147N14087,2017,MORA,BB,2017-05-28 12:00:00,15.8,90.9,30.33,994.8,0.735107421875,-0.4693450927734375,55.6,995.0,Deep Depression,True
2017147N14087,2017,MORA,BB,2017-05-28 15:00:00,16.0,91.0,30.39,995.8,1.841033935546875,1.5828857421875,64.8,994.0,Cyclonic Storm,False
2017147N14087,2017,MORA,BB,2017-05-28 18:00:00,16.3,91.1,30.43,995.1,3.2798004150390625,0.535400390625,64.8,994.0,Cyclonic Storm,False
2017147N14087,2017,MORA,BB,2017-05-28 21:00:00,16.6,91.2,30.52,993.1,6.3646392822265625,-0.5261383056640625,74.1,992.0,Cyclonic Storm,False
2017147N14087,2017,MORA,BB,2017-05-29 00:00:00,17.0,91.3,30.48,991.5,2.365936279296875,1.9459381103515625,83.3,990.0,Cyclonic Storm,False
2017147N14087,2017,MORA,BB,2017-05-29 03:00:00,17.3,91.3,30.55,991.9,1.8146514892578125,1.6147613525390625,83.3,990.0,Cyclonic Storm,False
2017147N14087,2017,MORA,BB,2017-05-29 06:00:00,17.8,91.5,30.63,991.0,-0.377166748046875,2.0167236328125,83.3,988.0,Cyclonic Storm,False
2017147N14087,2017,MORA,BB,2017-05-29 09:00:00,18.2,91.6,30.9,988.9,3.6522216796875,-0.72308349609375,83.3,986.0,Cyclonic Storm,False
2017147N14087,2017,MORA,BB,2017-05-29 12:00:00,18.7,91.6,31.16,987.1,1.2088165283203125,2.7503814697265625,92.6,984.0,Severe Cyclonic Storm,False
2017147N14087,2017,MORA,BB,2017-05-29 15:00:00,19.0,91.6,31.17,988.0,-0.3212890625,0.3907470703125,101.9,980.0,Severe Cyclonic Storm,False
2017147N14087,2017,MORA,BB,2017-05-29 18:00:00,19.8,91.7,30.89,987.3,-0.4717559814453125,5.3614349365234375,101.9,980.0,Severe Cyclonic Storm,False
2017147N14087,2017,MORA,BB,2017-05-29 21:00:00,20.3,91.7,31.1,984.5,-0.2674560546875,4.759613037109375,111.1,978.0,Severe Cyclonic Storm,False
2017147N14087,2017,MORA,BB,2017-05-30 00:00:00,21.0,91.9,29.86,984.3,-6.1376953125,3.77117919921875,111.1,978.0,Severe Cyclonic Storm,False
2017147N14087,2017,MORA,BB,2017-05-30 03:00:00,21.9,92.0,29.41,987.4,-6.7721710205078125,-1.5438690185546875,111.1,978.0,Severe Cyclonic Storm,False
2017147N14087,2017,MORA,BB,2017-05-30 06:00:00,23.0,92.0,,989.5,-4.078781127929688,-0.954345703125,101.9,982.0,Severe Cyclonic Storm,False
2017147N14087,2017,MORA,BB,2017-05-30 09:00:00,23.9,92.2,,990.7,-2.987457275390625,-1.73590087890625,74.1,988.0,Cyclonic Storm,False
2017147N14087,2017,MORA,BB,2017-05-30 12:00:00,24.7,92.4,,992.5,-5.1952972412109375,-1.58270263671875,55.6,990.0,Deep Depression,False
2017147N14087,2017,MORA,BB,2017-05-30 15:00:00,25.2,92.6,,998.8,-0.3767852783203125,-2.3308868408203125,46.3,992.0,Depression,False
2017147N14087,2017,MORA,BB,2017-05-30 18:00:00,25.7,92.9,,998.9,1.8892059326171875,0.14630126953125,37.0,994.0,Depression,False
2017163N20090,2017,UNNAMED,BB,2017-06-11 12:00:00,20.5,89.5,29.71,993.1,6.612106323242188,1.37945556640625,46.3,990.0,Depression,True
2017163N20090,2017,UNNAMED,BB,2017-06-11 15:00:00,21.0,89.7,29.86,994.7,7.5460205078125,-1.3974456787109375,46.3,989.0,Depression,True
2017163N20090,2017,UNNAMED,BB,2017-06-11 18:00:00,21.5,90.0,29.91,994.7,10.136672973632812,0.0724639892578125,46.3,988.0,Depression,True
2017163N20090,2017,UNNAMED,BB,2017-06-11 21:00:00,22.0,90.3,,992.9,6.870285034179688,1.19232177734375,51.9,988.0,Deep Depression,False
2017163N20090,2017,UNNAMED,BB,2017-06-12 00:00:00,22.5,90.5,,991.4,2.9117889404296875,1.228515625,55.6,988.0,Deep Depression,False
2017163N20090,2017,UNNAMED,BB,2017-06-12 03:00:00,23.0,90.5,,992.0,0.616851806640625,0.6322784423828125,55.6,990.0,Deep Depression,False
2017163N20090,2017,UNNAMED,BB,2017-06-12 06:00:00,23.5,90.7,,991.9,-3.2270660400390625,-1.268341064453125,55.6,990.0,Deep Depression,False
2017163N20090,2017,UNNAMED,BB,2017-06-12 09:00:00,23.8,90.8,,991.6,-0.7342987060546875,-1.528411865234375,55.6,990.0,Deep Depression,False
2017163N20090,2017,UNNAMED,BB,2017-06-12 12:00:00,24.0,91.0,,991.3,2.10919189453125,-1.6385345458984375,55.6,990.0,Deep Depression,False
2017163N20090,2017,UNNAMED,BB,2017-06-12 15:00:00,24.2,91.2,,994.1,5.0837249755859375,-1.03204345703125,51.9,993.0,Deep Depression,False
2017163N20090,2017,UNNAMED,BB,2017-06-12 18:00:00,24.5,91.5,,995.9,4.84674072265625,2.43157958984375,46.3,995.0,Depression,False
2017207N24085,2017,UNNAMED,BB,2017-07-26 00:00:00,24.0,85.0,,995.5,1.9604949951171875,3.47882080078125,46.3,993.0,Depression,False
2017207N24085,2017,UNNAMED,BB,2017-07-26 03:00:00,24.0,85.0,,997.8,-0.396087646484375,5.137466430664063,46.3,994.0,Depression,False
2017207N24085,2017,UNNAMED,BB,2017-07-26 06:00:00,24.0,85.0,,998.9,-1.3918914794921875,5.8283538818359375,46.3,994.0,Depression,False
2017207N24085,2017,UNNAMED,BB,2017-07-26 09:00:00,24.0,85.0,,998.6,-1.8641204833984373,4.885757446289063,42.6,994.0,Depression,False
2017207N24085,2017,UNNAMED,BB,2017-07-26 12:00:00,24.0,85.0,,998.4,-1.712066650390625,4.8043060302734375,37.0,994.0,Depression,False
2017207N24085,2017,UNNAMED,BB,2017-07-26 15:00:00,24.0,85.0,,1000.5,-2.037445068359375,5.4151763916015625,37.0,995.0,Depression,False
2017207N24085,2017,UNNAMED,BB,2017-07-26 18:00:00,24.0,85.0,,1001.4,-2.0685577392578125,5.2949981689453125,37.0,995.0,Depression,False
2017207N24085,2017,UNNAMED,BB,2017-07-26 21:00:00,24.0,85.0,,1000.8,-2.29486083984375,4.91729736328125,37.0,995.0,Depression,False
2017207N24085,2017,UNNAMED,BB,2017-07-27 00:00:00,24.0,85.0,,1001.7,-2.5792999267578125,4.40203857421875,37.0,995.0,Depression,False
2017232N19130,2017,HATO,MM,2017-08-20 12:00:00,19.6,126.7,,1006.3,-0.3726348876953125,0.277252197265625,64.8,998.0,Cyclonic Storm,False
2017232N19130,2017,HATO,MM,2017-08-20 18:00:00,19.8,125.9,,1008.3,0.8195037841796875,0.04052734375,64.8,996.0,Cyclonic Storm,False
2017232N19130,2017,HATO,MM,2017-08-21 00:00:00,20.1,125.1,,1007.5,1.156585693359375,0.119171142578125,64.8,994.0,Cyclonic Storm,False
2017232N19130,2017,HATO,MM,2017-08-21 06:00:00,20.3,124.1,,1005.3,-1.007171630859375,0.0305328369140625,64.8,994.0,Cyclonic Storm,False
2017232N19130,2017,HATO,MM,2017-08-21 12:00:00,20.3,122.9,,1003.6,-0.2151336669921875,0.9888153076171876,74.1,990.0,Cyclonic Storm,False
2017232N19130,2017,HATO,MM,2017-08-21 18:00:00,20.1,121.3,,1005.2,1.10845947265625,0.47705078125,74.1,990.0,Cyclonic Storm,False
2017232N19130,2017,HATO,MM,2017-08-22 00:00:00,20.3,120.0,,1005.1,1.8463897705078125,0.0919647216796875,83.3,985.0,Cyclonic Storm,False
2017232N19130,2017,HATO,MM,2017-08-22 06:00:00,20.4,118.7,,1002.7,1.5034332275390625,-0.7024078369140625,111.1,975.0,Severe Cyclonic Storm,False
2017232N19130,2017,HATO,MM,2017-08-22 12:00:00,20.6,117.3,,1000.5,-1.0189056396484375,1.0474853515625,111.1,975.0,Severe Cyclonic Storm,False
2017232N19130,2017,HATO,MM,2017-08-22 18:00:00,21.0,116.0,,1002.4,1.1280975341796875,0.8650054931640625,120.4,970.0,Very Severe Cyclonic Storm,False
2017232N19130,2017,HATO,MM,2017-08-23 00:00:00,21.5,114.5,,1001.8,1.114837646484375,-0.232666015625,138.9,965.0,Very Severe Cyclonic Storm,False
2017232N19130,2017,HATO,MM,2017-08-23 06:00:00,22.2,112.9,,999.5,-0.3615875244140625,-0.257598876953125,138.9,965.0,Very Severe Cyclonic Storm,False
2017232N19130,2017,HATO,MM,2017-08-23 12:00:00,22.7,110.9,,1001.8,-0.048126220703125,-1.361419677734375,92.6,985.0,Severe Cyclonic Storm,False
2017232N19130,2017,HATO,MM,2017-08-23 18:00:00,23.1,109.1,,1003.2,1.2860260009765625,-1.227996826171875,74.1,994.0,Cyclonic Storm,False
2017232N19130,2017,HATO,MM,2017-08-24 00:00:00,23.4,107.6,,1004.5,0.670806884765625,-3.606689453125,64.8,996.0,Cyclonic Storm,False
2017232N19130,2017,HATO,MM,2017-08-24 06:00:00,23.7,106.2,,1002.7,-1.0264434814453125,-6.3295440673828125,64.8,996.0,Cyclonic Storm,False
2017282N22088,2017,UNNAMED,BB,2017-10-09 00:00:00,22.4,88.4,,1000.3,-1.2386627197265625,-3.565032958984375,46.3,996.0,Depression,False
2017282N22088,2017,UNNAMED,BB,2017-10-09 03:00:00,22.5,88.4,,1001.3,-0.4793701171875,-2.342041015625,55.6,996.0,Deep Depression,False
2017282N22088,2017,UNNAMED,BB,2017-10-09 06:00:00,22.6,88.3,,1000.8,4.379058837890625,-2.6046142578125,55.6,996.0,Deep Depression,False
2017282N22088,2017,UNNAMED,BB,2017-10-09 09:00:00,22.7,88.2,,998.6,1.930694580078125,0.398712158203125,55.6,997.0,Deep Depression,False
2017282N22088,2017,UNNAMED,BB,2017-10-09 12:00:00,22.9,88.1,,999.7,0.01995849609375,3.941162109375,55.6,997.0,Deep Depression,False
2017282N22088,2017,UNNAMED,BB,2017-10-09 15:00:00,23.0,88.0,,1003.3,-2.191009521484375,4.80377197265625,55.6,997.0,Deep Depression,False
2017282N22088,2017,UNNAMED,BB,2017-10-09 18:00:00,23.1,87.8,,1003.2,-2.14581298828125,4.6478271484375,55.6,997.0,Deep Depression,False
2017282N22088,2017,UNNAMED,BB,2017-10-09 21:00:00,23.1,87.5,,1002.8,-0.754486083984375,5.25299072265625,55.6,998.0,Deep Depression,False
2017282N22088,2017,UNNAMED,BB,2017-10-10 00:00:00,23.2,87.1,,1002.3,0.188568115234375,2.9803619384765625,55.6,998.0,Deep Depression,False
2017282N22088,2017,UNNAMED,BB,2017-10-10 03:00:00,23.5,86.7,,1004.7,-0.6335906982421875,2.047470092773437,55.6,1000.0,Deep Depression,False
2017282N22088,2017,UNNAMED,BB,2017-10-10 06:00:00,23.8,86.6,,1004.7,-0.510955810546875,1.04937744140625,46.3,1000.0,Depression,False
2017292N17087,2017,UNNAMED,BB,2017-10-19 00:00:00,16.5,86.5,29.8,1000.6,3.9174652099609375,3.9501800537109375,46.3,999.0,Depression,True
2017292N17087,2017,UNNAMED,BB,2017-10-19 03:00:00,16.8,86.5,29.84,1002.4,5.730316162109375,4.3577880859375,46.3,998.0,Depression,True
2017292N17087,2017,UNNAMED,BB,2017-10-19 06:00:00,17.3,86.3,29.89,1001.8,4.48052978515625,3.9631500244140634,46.3,998.0,Depression,True
2017292N17087,2017,UNNAMED,BB,2017-10-19 09:00:00,18.4,86.3,29.97,999.9,-1.855987548828125,1.017608642578125,46.3,998.0,Depression,True
2017292N17087,2017,UNNAMED,BB,2017-10-19 12:00:00,20.0,86.5,,999.2,-2.7895660400390625,-2.4744415283203125,46.3,998.0,Depression,False
2017319N15083,2017,UNNAMED,BB,2017-11-15 03:00:00,15.0,83.0,28.29,1005.3,1.79547119140625,-6.604339599609375,46.3,1004.0,Depression,True
2017319N15083,2017,UNNAMED,BB,2017-11-15 06:00:00,15.5,83.0,28.07,1005.0,0.247711181640625,-7.705169677734375,46.3,1004.0,Depression,True
2017319N15083,2017,UNNAMED,BB,2017-11-15 09:00:00,15.9,83.1,27.98,1002.9,-1.9140167236328125,-8.289398193359375,46.3,1003.0,Depression,True
2017319N15083,2017,UNNAMED,BB,2017-11-15 12:00:00,16.2,83.3,27.89,1003.3,-2.0942840576171875,-8.786163330078125,46.3,1001.0,Depression,True
2017319N15083,2017,UNNAMED,BB,2017-11-15 15:00:00,16.6,83.5,27.8,1005.8,-1.383636474609375,-6.5829620361328125,46.3,1002.0,Depression,True
2017319N15083,2017,UNNAMED,BB,2017-11-15 18:00:00,17.0,83.8,27.69,1005.1,0.7012481689453125,-4.8190460205078125,46.3,1002.0,Depression,True
2017319N15083,2017,UNNAMED,BB,2017-11-15 21:00:00,17.3,84.0,27.73,1003.8,0.3698272705078125,-1.2498779296875,46.3,1003.0,Depression,True
2017319N15083,2017,UNNAMED,BB,2017-11-16 00:00:00,17.5,84.1,27.67,1004.0,-5.824066162109375,-1.666961669921875,46.3,1004.0,Depression,True
2017319N15083,2017,UNNAMED,BB,2017-11-16 03:00:00,17.7,84.3,27.74,1006.5,-5.847671508789063,-0.72784423828125,46.3,1004.0,Depression,True
2017319N15083,2017,UNNAMED,BB,2017-11-16 06:00:00,17.7,84.3,27.74,1005.8,-1.1515350341796875,-0.4786224365234375,46.3,1004.0,Depression,True
2017319N15083,2017,UNNAMED,BB,2017-11-16 09:00:00,17.9,84.6,27.7,1004.1,0.547210693359375,0.2072296142578125,46.3,1004.0,Depression,True
2017319N15083,2017,UNNAMED,BB,2017-11-16 12:00:00,18.1,85.0,27.88,1005.3,-1.008941650390625,5.001998901367188,46.3,1004.0,Depression,True
2017319N15083,2017,UNNAMED,BB,2017-11-16 15:00:00,18.3,85.3,27.89,1008.1,-1.0283203125,6.613922119140625,46.3,1004.0,Depression,True
2017319N15083,2017,UNNAMED,BB,2017-11-16 18:00:00,18.5,85.5,27.93,1008.6,-1.3531341552734375,7.488906860351562,46.3,1004.0,Depression,True
2017319N15083,2017,UNNAMED,BB,2017-11-16 21:00:00,18.5,85.6,27.93,1007.1,-1.2305145263671875,6.2354583740234375,46.3,1004.0,Depression,True
2017319N15083,2017,UNNAMED,BB,2017-11-17 00:00:00,18.8,85.8,27.94,1007.3,-2.5993804931640625,3.62030029296875,46.3,1004.0,Depression,True
2017319N15083,2017,UNNAMED,BB,2017-11-17 03:00:00,19.5,86.3,27.59,1010.6,-1.5476226806640625,4.1414947509765625,46.3,1006.0,Depression,True
2017340N09089,2017,UNNAMED,BB,2017-12-06 03:00:00,8.5,88.5,28.83,1006.1,3.2449493408203125,-7.6132659912109375,46.3,1004.0,Depression,True
2017340N09089,2017,UNNAMED,BB,2017-12-06 06:00:00,8.8,88.3,28.74,1005.5,4.37847900390625,-4.9864501953125,46.3,1004.0,Depression,True
2017340N09089,2017,UNNAMED,BB,2017-12-06 09:00:00,9.3,88.1,28.65,1003.3,7.265289306640625,-4.58941650390625,46.3,1004.0,Depression,True
2017340N09089,2017,UNNAMED,BB,2017-12-06 12:00:00,9.8,88.0,28.59,1003.6,5.2995452880859375,-7.2577972412109375,46.3,1004.0,Depression,True
2017340N09089,2017,UNNAMED,BB,2017-12-06 15:00:00,9.9,88.0,28.57,1005.0,9.18389892578125,-5.5050048828125,46.3,1004.0,Depression,True
2017340N09089,2017,UNNAMED,BB,2017-12-06 18:00:00,10.0,88.0,28.57,1004.1,11.202423095703123,-4.634735107421875,46.3,1004.0,Depression,True
2017340N09089,2017,UNNAMED,BB,2017-12-06 21:00:00,10.4,88.0,28.63,1002.1,8.60150146484375,-2.244247436523437,46.3,1004.0,Depression,True
2017340N09089,2017,UNNAMED,BB,2017-12-07 00:00:00,11.1,88.0,28.36,1002.1,2.828125,-4.159194946289063,46.3,1004.0,Depression,True
2017340N09089,2017,UNNAMED,BB,2017-12-07 03:00:00,12.0,88.0,28.31,1004.0,-4.398696899414063,-1.174591064453125,46.3,1004.0,Depression,True
2017340N09089,2017,UNNAMED,BB,2017-12-07 06:00:00,12.2,87.9,28.31,1003.4,-0.833343505859375,2.9608306884765625,46.3,1004.0,Depression,True
2017340N09089,2017,UNNAMED,BB,2017-12-07 09:00:00,12.5,87.8,28.34,1001.1,0.18487548828125,3.358993530273437,46.3,1004.0,Depression,True
2017340N09089,2017,UNNAMED,BB,2017-12-07 12:00:00,12.8,87.7,28.32,1002.8,3.36920166015625,3.1747283935546875,46.3,1004.0,Depression,True
2017340N09089,2017,UNNAMED,BB,2017-12-07 15:00:00,13.1,87.7,28.27,1004.3,3.1564178466796875,3.892166137695313,46.3,1004.0,Depression,True
2017340N09089,2017,UNNAMED,BB,2017-12-07 18:00:00,13.4,87.6,28.24,1004.6,0.351043701171875,5.29437255859375,46.3,1004.0,Depression,True
2017340N09089,2017,UNNAMED,BB,2017-12-07 21:00:00,13.8,87.3,28.23,1003.6,2.662933349609375,7.8672027587890625,51.9,1003.0,Deep Depression,True
2017340N09089,2017,UNNAMED,BB,2017-12-08 00:00:00,14.3,87.0,28.24,1004.3,2.26263427734375,0.2890472412109375,55.6,1002.0,Deep Depression,True
2017340N09089,2017,UNNAMED,BB,2017-12-08 03:00:00,15.0,86.8,28.27,1006.0,2.470077514648437,2.24554443359375,55.6,1002.0,Deep Depression,True
2017340N09089,2017,UNNAMED,BB,2017-12-08 06:00:00,15.8,86.6,28.15,1004.9,-1.0471649169921875,3.06646728515625,55.6,1002.0,Deep Depression,True
2017340N09089,2017,UNNAMED,BB,2017-12-08 09:00:00,16.5,86.5,27.73,1003.5,-0.2180633544921875,-4.81640625,55.6,1002.0,Deep Depression,True
2017340N09089,2017,UNNAMED,BB,2017-12-08 12:00:00,17.0,86.3,27.33,1003.7,0.664520263671875,-8.811508178710938,55.6,1002.0,Deep Depression,True
2017340N09089,2017,UNNAMED,BB,2017-12-08 15:00:00,17.6,86.3,26.73,1005.9,5.757537841796875,-8.198593139648438,51.9,1003.0,Deep Depression,True
2017340N09089,2017,UNNAMED,BB,2017-12-08 18:00:00,18.1,86.4,26.29,1004.8,0.910614013671875,2.51190185546875,46.3,1004.0,Depression,False
2017340N09089,2017,UNNAMED,BB,2017-12-08 21:00:00,18.4,86.4,26.09,1003.9,-4.977813720703125,4.7060394287109375,46.3,1004.0,Depression,False
2017340N09089,2017,UNNAMED,BB,2017-12-09 00:00:00,18.7,86.5,26.2,1004.9,-5.2342529296875,4.202301025390625,46.3,1004.0,Depression,False
2017340N09089,2017,UNNAMED,BB,2017-12-09 03:00:00,18.8,86.7,26.22,1007.9,-3.043609619140625,8.381256103515625,46.3,1004.0,Depression,False
2017340N09089,2017,UNNAMED,BB,2017-12-09 06:00:00,19.0,86.9,26.3,1007.6,-1.4399871826171875,9.549179077148438,46.3,1004.0,Depression,False
2018136N11054,2018,SAGAR,AS,2018-05-16 12:00:00,13.1,50.5,29.37,1005.2,3.052642822265625,0.4059906005859375,46.3,1001.0,Depression,True
2018136N11054,2018,SAGAR,AS,2018-05-16 15:00:00,13.2,50.0,29.72,1005.1,2.459716796875,-3.58416748046875,51.9,1001.0,Deep Depression,True
2018136N11054,2018,SAGAR,AS,2018-05-16 18:00:00,13.2,49.7,29.72,1005.7,1.58270263671875,-0.389892578125,55.6,1001.0,Deep Depression,True
2018136N11054,2018,SAGAR,AS,2018-05-16 21:00:00,13.2,49.4,29.72,1005.1,0.448394775390625,6.0648345947265625,55.6,1000.0,Deep Depression,True
2018136N11054,2018,SAGAR,AS,2018-05-17 00:00:00,13.2,49.2,28.57,1003.7,-6.92535400390625,9.8421630859375,55.6,999.0,Deep Depression,True
2018136N11054,2018,SAGAR,AS,2018-05-17 03:00:00,13.2,48.9,28.57,1004.7,-9.547271728515623,7.05181884765625,64.8,997.0,Cyclonic Storm,False
2018136N11054,2018,SAGAR,AS,2018-05-17 06:00:00,13.1,48.7,28.66,1007.3,2.108795166015625,7.294677734375,64.8,997.0,Cyclonic Storm,False
2018136N11054,2018,SAGAR,AS,2018-05-17 09:00:00,13.1,48.4,28.66,1006.8,2.584991455078125,2.2084503173828125,64.8,997.0,Cyclonic Storm,False
2018136N11054,2018,SAGAR,AS,2018-05-17 12:00:00,13.0,48.1,28.66,1005.4,-2.50921630859375,-5.1956634521484375,74.1,996.0,Cyclonic Storm,False
2018136N11054,2018,SAGAR,AS,2018-05-17 15:00:00,12.9,47.7,28.66,1005.8,-5.826828002929688,-2.5524139404296875,74.1,996.0,Cyclonic Storm,False
2018136N11054,2018,SAGAR,AS,2018-05-17 18:00:00,12.6,47.3,29.14,1006.9,-4.610366821289063,-2.5454254150390625,74.1,996.0,Cyclonic Storm,False
2018136N11054,2018,SAGAR,AS,2018-05-17 21:00:00,12.4,46.9,29.14,1006.4,-6.0291900634765625,-1.477752685546875,74.1,996.0,Cyclonic Storm,False
2018136N11054,2018,SAGAR,AS,2018-05-18 00:00:00,12.2,46.5,29.91,1005.9,-4.5754241943359375,-0.0115814208984375,83.3,996.0,Cyclonic Storm,False
2018136N11054,2018,SAGAR,AS,2018-05-18 03:00:00,12.0,46.2,30.3,1006.6,-3.1212158203125,0.3167877197265625,83.3,994.0,Cyclonic Storm,False
2018136N11054,2018,SAGAR,AS,2018-05-18 06:00:00,11.9,46.0,30.3,1007.6,-4.2299652099609375,-0.9697265625,83.3,994.0,Cyclonic Storm,False
2018136N11054,2018,SAGAR,AS,2018-05-18 09:00:00,11.7,45.6,30.21,1006.9,-2.137420654296875,-4.287506103515625,83.3,994.0,Cyclonic Storm,False
2018136N11054,2018,SAGAR,AS,2018-05-18 12:00:00,11.5,45.5,,1006.6,0.1645965576171875,-1.7680206298828125,83.3,994.0,Cyclonic Storm,False
2018136N11054,2018,SAGAR,AS,2018-05-18 15:00:00,11.4,45.3,,1007.7,-0.3185577392578125,1.2421722412109375,83.3,994.0,Cyclonic Storm,False
2018136N11054,2018,SAGAR,AS,2018-05-18 18:00:00,11.3,45.1,,1010.7,-0.6061553955078125,1.6183929443359375,83.3,994.0,Cyclonic Storm,False
2018136N11054,2018,SAGAR,AS,2018-05-18 21:00:00,11.1,45.0,,1012.0,1.0454864501953125,2.250350952148437,83.3,994.0,Cyclonic Storm,False
2018136N11054,2018,SAGAR,AS,2018-05-19 00:00:00,11.0,44.8,,1010.8,1.7774505615234375,1.3542938232421875,83.3,994.0,Cyclonic Storm,False
2018136N11054,2018,SAGAR,AS,2018-05-19 03:00:00,10.8,44.5,,1010.5,2.557464599609375,-0.5745849609375,83.3,994.0,Cyclonic Storm,False
2018136N11054,2018,SAGAR,AS,2018-05-19 06:00:00,10.7,44.2,,1011.6,4.548126220703125,1.0889434814453125,74.1,996.0,Cyclonic Storm,False
2018136N11054,2018,SAGAR,AS,2018-05-19 09:00:00,10.5,44.0,,1008.7,3.1216583251953125,0.920166015625,74.1,998.0,Cyclonic Storm,False
2018136N11054,2018,SAGAR,AS,2018-05-19 12:00:00,10.4,43.8,,1006.5,1.569580078125,0.73480224609375,64.8,1000.0,Cyclonic Storm,False
2018136N11054,2018,SAGAR,AS,2018-05-19 15:00:00,10.2,43.6,,1006.9,1.6417694091796875,-0.1247100830078125,61.1,1001.0,Deep Depression,False
2018136N11054,2018,SAGAR,AS,2018-05-19 18:00:00,10.1,43.4,,1010.5,2.36322021484375,1.06329345703125,55.6,1001.0,Deep Depression,False
2018136N11054,2018,SAGAR,AS,2018-05-19 21:00:00,10.0,43.2,,1011.1,0.299560546875,-0.8079376220703125,51.9,1002.0,Deep Depression,False
2018136N11054,2018,SAGAR,AS,2018-05-20 00:00:00,9.9,42.8,,1009.5,2.3083038330078125,-0.4858856201171875,46.3,1003.0,Depression,False
2018148N17090,2018,UNNAMED,BB,2018-05-29 06:00:00,18.7,92.5,30.14,993.6,-11.358154296875,-3.829254150390625,46.3,998.0,Depression,True
2018148N17090,2018,UNNAMED,BB,2018-05-29 09:00:00,19.0,92.9,30.41,987.8,-3.384735107421875,-4.4075469970703125,51.9,995.0,Deep Depression,True
2018148N17090,2018,UNNAMED,BB,2018-05-29 12:00:00,19.4,93.3,30.3,992.2,-10.08599853515625,-10.898513793945312,55.6,992.0,Deep Depression,True
2018148N17090,2018,UNNAMED,BB,2018-05-29 15:00:00,19.7,93.6,30.31,996.1,8.35589599609375,-9.668365478515623,55.6,993.0,Deep Depression,True
2018148N17090,2018,UNNAMED,BB,2018-05-29 18:00:00,20.0,94.0,,998.9,5.043502807617188,0.61480712890625,55.6,994.0,Deep Depression,False
2018148N17090,2018,UNNAMED,BB,2018-05-29 21:00:00,20.6,94.7,,997.5,2.746917724609375,6.617889404296875,51.9,995.0,Deep Depression,False
2018148N17090,2018,UNNAMED,BB,2018-05-30 00:00:00,21.3,95.4,,999.4,-2.887924194335937,9.176345825195312,46.3,996.0,Depression,False
2018148N17090,2018,UNNAMED,BB,2018-05-30 03:00:00,21.8,95.8,,1000.6,3.3961181640625,9.182510375976562,37.0,998.0,Depression,False
2018202N21088,2018,UNNAMED,BB,2018-07-21 03:00:00,21.0,88.0,30.13,991.2,0.226165771484375,1.2413787841796875,46.3,989.0,Depression,True
2018202N21088,2018,UNNAMED,BB,2018-07-21 06:00:00,21.4,87.7,30.26,991.1,-3.77984619140625,-2.017486572265625,46.3,989.0,Depression,True
2018202N21088,2018,UNNAMED,BB,2018-07-21 09:00:00,21.5,87.6,30.21,989.6,0.35076904296875,-3.336578369140625,55.6,988.0,Deep Depression,True
2018202N21088,2018,UNNAMED,BB,2018-07-21 12:00:00,21.7,87.4,,990.4,0.637359619140625,1.260345458984375,55.6,988.0,Deep Depression,False
2018202N21088,2018,UNNAMED,BB,2018-07-21 15:00:00,21.9,87.2,,992.2,-1.7052459716796875,-1.8879241943359373,51.9,989.0,Deep Depression,False
2018202N21088,2018,UNNAMED,BB,2018-07-21 18:00:00,22.0,87.0,,992.7,-1.71087646484375,-1.480743408203125,46.3,990.0,Depression,False
2018202N21088,2018,UNNAMED,BB,2018-07-21 21:00:00,22.0,87.0,,990.9,-3.279937744140625,-1.7221832275390625,46.3,991.0,Depression,False
2018202N21088,2018,UNNAMED,BB,2018-07-22 00:00:00,22.2,86.8,,991.4,-0.487152099609375,-1.2740020751953125,46.3,992.0,Depression,False
2018202N21088,2018,UNNAMED,BB,2018-07-22 03:00:00,22.6,86.2,,993.9,0.003753662109375,-3.7738189697265625,46.3,992.0,Depression,False
2018202N21088,2018,UNNAMED,BB,2018-07-22 06:00:00,22.7,86.1,,994.3,-1.238616943359375,-3.6810302734375,46.3,992.0,Depression,False
2018202N21088,2018,UNNAMED,BB,2018-07-22 09:00:00,22.8,85.7,,992.7,0.0722198486328125,-2.5267791748046875,46.3,992.0,Depression,False
2018202N21088,2018,UNNAMED,BB,2018-07-22 12:00:00,23.0,85.1,,994.1,-0.352386474609375,-1.7359466552734375,46.3,992.0,Depression,False
2018202N21088,2018,UNNAMED,BB,2018-07-22 15:00:00,23.2,84.8,,996.1,0.690093994140625,-1.49444580078125,42.6,993.0,Depression,False
2018202N21088,2018,UNNAMED,BB,2018-07-22 18:00:00,23.5,84.5,,996.7,0.8273468017578125,-0.9638671875,37.0,993.0,Depression,False
2018202N21088,2018,UNNAMED,BB,2018-07-22 21:00:00,23.7,84.3,,994.1,-0.8257293701171875,-2.34405517578125,37.0,993.0,Depression,False
2018202N21088,2018,UNNAMED,BB,2018-07-23 00:00:00,23.9,84.0,,994.2,-0.634521484375,-1.4673309326171875,37.0,993.0,Depression,False
2018219N21088,2018,UNNAMED,BB,2018-08-07 09:00:00,21.5,87.5,29.28,993.8,-4.1566162109375,10.644927978515623,46.3,992.0,Depression,True
2018219N21088,2018,UNNAMED,BB,2018-08-07 12:00:00,21.5,87.0,29.11,994.3,-2.007171630859375,6.305877685546875,46.3,994.0,Depression,True
2018219N21088,2018,UNNAMED,BB,2018-08-07 15:00:00,21.5,86.5,,997.7,-1.0345611572265625,1.34716796875,46.3,995.0,Depression,False
2018219N21088,2018,UNNAMED,BB,2018-08-07 18:00:00,21.6,86.0,,998.3,-2.443328857421875,2.6878814697265625,46.3,995.0,Depression,False
2018219N21088,2018,UNNAMED,BB,2018-08-07 21:00:00,21.7,85.3,,997.3,-2.450347900390625,1.67999267578125,42.6,996.0,Depression,False
2018219N21088,2018,UNNAMED,BB,2018-08-08 00:00:00,21.7,84.5,,996.7,-2.6949615478515625,1.716033935546875,37.0,996.0,Depression,False
2018279N11069,2018,LUBAN,AS,2018-10-06 09:00:00,11.0,66.9,28.98,1005.2,-1.5908355712890625,-0.5094146728515625,46.3,1003.0,Depression,True
2018279N11069,2018,LUBAN,AS,2018-10-06 12:00:00,11.1,66.8,28.95,1004.4,-1.680450439453125,-1.7303466796875,46.3,1002.0,Depression,True
2018279N11069,2018,LUBAN,AS,2018-10-06 15:00:00,11.2,66.6,28.91,1006.1,-7.079620361328125,-3.2914581298828125,46.3,1002.0,Depression,True
2018279N11069,2018,LUBAN,AS,2018-10-06 18:00:00,11.4,66.4,28.8,1006.7,-8.294479370117188,-2.1492156982421875,46.3,1002.0,Depression,True
2018279N11069,2018,LUBAN,AS,2018-10-06 21:00:00,11.4,66.2,28.9,1003.7,-7.861190795898437,-1.90826416015625,46.3,1002.0,Depression,True
2018279N11069,2018,LUBAN,AS,2018-10-07 00:00:00,11.5,66.0,29.09,1003.1,-7.474700927734375,0.08868408203125,46.3,1002.0,Depression,True
2018279N11069,2018,LUBAN,AS,2018-10-07 03:00:00,11.7,65.7,29.01,1004.5,-8.882232666015625,0.5483856201171875,46.3,1002.0,Depression,True
2018279N11069,2018,LUBAN,AS,2018-10-07 06:00:00,11.8,65.3,28.98,1004.7,-5.962554931640625,0.8058013916015625,46.3,1002.0,Depression,True
2018279N11069,2018,LUBAN,AS,2018-10-07 09:00:00,11.8,64.8,28.83,1001.4,-2.720977783203125,-2.986923217773437,55.6,1001.0,Deep Depression,True
2018279N11069,2018,LUBAN,AS,2018-10-07 12:00:00,12.0,64.3,28.41,1001.2,-1.7139434814453125,-4.012985229492188,55.6,1001.0,Deep Depression,True
2018279N11069,2018,LUBAN,AS,2018-10-07 15:00:00,12.0,63.9,28.36,1001.8,-2.0765838623046875,0.444183349609375,55.6,1001.0,Deep Depression,True
2018279N11069,2018,LUBAN,AS,2018-10-07 18:00:00,12.0,63.5,28.36,1002.2,-6.189376831054688,2.074935913085937,55.6,1000.0,Deep Depression,True
2018279N11069,2018,LUBAN,AS,2018-10-07 21:00:00,12.0,63.0,28.39,999.1,-5.9916534423828125,0.22821044921875,61.1,1000.0,Deep Depression,True
2018279N11069,2018,LUBAN,AS,2018-10-08 00:00:00,12.1,62.5,27.66,997.9,-5.68505859375,-1.837799072265625,64.8,999.0,Cyclonic Storm,False
2018279N11069,2018,LUBAN,AS,2018-10-08 03:00:00,12.1,62.1,27.56,998.5,-3.91119384765625,-0.9219512939453124,74.1,998.0,Cyclonic Storm,False
2018279N11069,2018,LUBAN,AS,2018-10-08 06:00:00,12.2,61.9,27.45,998.8,-4.331939697265625,1.3270416259765625,74.1,997.0,Cyclonic Storm,False
2018279N11069,2018,LUBAN,AS,2018-10-08 09:00:00,12.3,61.6,27.5,995.4,-3.5342254638671875,-1.981842041015625,83.3,996.0,Cyclonic Storm,False
2018279N11069,2018,LUBAN,AS,2018-10-08 12:00:00,12.4,61.3,27.46,994.2,-5.693206787109375,-7.8910675048828125,83.3,996.0,Cyclonic Storm,False
2018279N11069,2018,LUBAN,AS,2018-10-08 15:00:00,12.5,61.1,27.53,994.5,-0.990966796875,-8.94879150390625,83.3,996.0,Cyclonic Storm,False
2018279N11069,2018,LUBAN,AS,2018-10-08 18:00:00,12.6,60.9,27.53,994.2,-1.6131439208984375,-2.7998504638671875,83.3,994.0,Cyclonic Storm,False
2018279N11069,2018,LUBAN,AS,2018-10-08 21:00:00,12.7,60.6,27.35,993.0,-1.660400390625,-9.90350341796875,83.3,994.0,Cyclonic Storm,False
2018279N11069,2018,LUBAN,AS,2018-10-09 00:00:00,12.8,60.5,26.61,990.4,-2.095672607421875,-4.7147369384765625,83.3,994.0,Cyclonic Storm,False
2018279N11069,2018,LUBAN,AS,2018-10-09 03:00:00,12.9,60.4,26.49,990.9,-3.454696655273437,0.481781005859375,83.3,994.0,Cyclonic Storm,False
2018279N11069,2018,LUBAN,AS,2018-10-09 06:00:00,13.0,60.4,26.49,992.5,1.41741943359375,5.54730224609375,83.3,994.0,Cyclonic Storm,False
2018279N11069,2018,LUBAN,AS,2018-10-09 09:00:00,13.1,60.3,26.36,991.1,6.2650909423828125,5.877120971679688,92.6,992.0,Severe Cyclonic Storm,False
2018279N11069,2018,LUBAN,AS,2018-10-09 12:00:00,13.2,60.1,26.45,988.4,-1.946624755859375,1.9733123779296875,101.9,990.0,Severe Cyclonic Storm,False
2018279N11069,2018,LUBAN,AS,2018-10-09 15:00:00,13.4,59.8,26.58,989.2,-7.370513916015625,-2.5869903564453125,101.9,990.0,Severe Cyclonic Storm,False
2018279N11069,2018,LUBAN,AS,2018-10-09 18:00:00,13.6,59.6,26.69,990.0,0.1483917236328125,-2.7292938232421875,101.9,990.0,Severe Cyclonic Storm,False
2018279N11069,2018,LUBAN,AS,2018-10-09 21:00:00,13.7,59.3,26.68,989.0,-1.3248291015625,-4.950119018554688,111.1,988.0,Severe Cyclonic Storm,False
2018279N11069,2018,LUBAN,AS,2018-10-10 00:00:00,14.0,59.2,26.44,987.8,-2.7512359619140625,2.5616607666015625,120.4,985.0,Very Severe Cyclonic Storm,False
2018279N11069,2018,LUBAN,AS,2018-10-10 03:00:00,14.1,59.1,26.61,987.7,-3.3296051025390625,-1.8069305419921875,120.4,984.0,Very Severe Cyclonic Storm,False
2018279N11069,2018,LUBAN,AS,2018-10-10 06:00:00,14.2,59.0,26.8,988.5,-5.283599853515625,1.5666351318359375,138.9,978.0,Very Severe Cyclonic Storm,False
2018279N11069,2018,LUBAN,AS,2018-10-10 09:00:00,14.4,58.7,27.29,985.7,-7.355148315429687,-1.1671295166015625,138.9,978.0,Very Severe Cyclonic Storm,False
2018279N11069,2018,LUBAN,AS,2018-10-10 12:00:00,14.4,58.6,27.6,985.4,-7.9849853515625,-5.45751953125,138.9,978.0,Very Severe Cyclonic Storm,False
2018279N11069,2018,LUBAN,AS,2018-10-10 15:00:00,14.5,58.5,27.6,986.4,-7.5656890869140625,-3.0565643310546875,138.9,978.0,Very Severe Cyclonic Storm,False
2018279N11069,2018,LUBAN,AS,2018-10-10 18:00:00,14.5,58.4,27.6,986.0,-2.384552001953125,3.512115478515625,138.9,978.0,Very Severe Cyclonic Storm,False
2018279N11069,2018,LUBAN,AS,2018-10-10 21:00:00,14.5,58.4,27.6,985.6,2.36474609375,13.435760498046877,138.9,978.0,Very Severe Cyclonic Storm,False
2018279N11069,2018,LUBAN,AS,2018-10-11 00:00:00,14.6,58.2,27.44,985.8,5.0374603271484375,12.823318481445312,138.9,978.0,Very Severe Cyclonic Storm,False
2018279N11069,2018,LUBAN,AS,2018-10-11 03:00:00,14.4,58.0,27.44,986.4,4.1007843017578125,10.497344970703123,129.6,980.0,Very Severe Cyclonic Storm,False
2018279N11069,2018,LUBAN,AS,2018-10-11 06:00:00,14.5,57.9,27.44,988.2,0.441864013671875,12.958251953125,129.6,980.0,Very Severe Cyclonic Storm,False
2018279N11069,2018,LUBAN,AS,2018-10-11 09:00:00,14.5,57.9,27.44,985.6,2.989608764648437,11.895980834960938,129.6,980.0,Very Severe Cyclonic Storm,False
2018279N11069,2018,LUBAN,AS,2018-10-11 12:00:00,14.5,57.8,27.24,986.9,2.1739501953125,3.374130249023437,129.6,980.0,Very Severe Cyclonic Storm,False
2018279N11069,2018,LUBAN,AS,2018-10-11 15:00:00,14.5,57.8,27.24,988.2,-0.1158447265625,1.8067626953125,129.6,980.0,Very Severe Cyclonic Storm,False
2018279N11069,2018,LUBAN,AS,2018-10-11 18:00:00,14.6,57.7,27.24,988.9,-2.1947479248046875,3.3469390869140625,129.6,980.0,Very Severe Cyclonic Storm,False
2018279N11069,2018,LUBAN,AS,2018-10-11 21:00:00,14.7,57.7,27.32,988.8,-7.654190063476562,8.492279052734375,120.4,980.0,Very Severe Cyclonic Storm,False
2018279N11069,2018,LUBAN,AS,2018-10-12 00:00:00,14.7,57.6,27.29,990.8,-7.962799072265625,3.012969970703125,111.1,984.0,Severe Cyclonic Storm,False
2018279N11069,2018,LUBAN,AS,2018-10-12 03:00:00,14.6,57.5,27.19,991.6,-0.755126953125,9.534042358398438,101.9,987.0,Severe Cyclonic Storm,False
2018279N11069,2018,LUBAN,AS,2018-10-12 06:00:00,14.7,57.4,27.29,993.3,-7.401718139648437,9.028076171875,92.6,990.0,Severe Cyclonic Storm,False
2018279N11069,2018,LUBAN,AS,2018-10-12 09:00:00,14.6,57.2,27.15,991.2,4.046630859375,5.336883544921875,92.6,990.0,Severe Cyclonic Storm,False
2018279N11069,2018,LUBAN,AS,2018-10-12 12:00:00,14.7,57.0,27.17,991.6,1.057037353515625,2.257049560546875,92.6,991.0,Severe Cyclonic Storm,False
2018279N11069,2018,LUBAN,AS,2018-10-12 15:00:00,14.7,56.8,27.1,993.4,1.8946990966796875,2.367950439453125,92.6,992.0,Severe Cyclonic Storm,False
2018279N11069,2018,LUBAN,AS,2018-10-12 18:00:00,14.8,56.5,27.07,994.9,2.6048736572265625,3.2602691650390625,83.3,994.0,Cyclonic Storm,False
2018279N11069,2018,LUBAN,AS,2018-10-12 21:00:00,14.8,56.2,27.06,994.3,4.3790283203125,4.486602783203125,83.3,994.0,Cyclonic Storm,False
2018279N11069,2018,LUBAN,AS,2018-10-13 00:00:00,14.8,55.9,26.84,995.6,2.489227294921875,10.4461669921875,83.3,994.0,Cyclonic Storm,False
2018279N11069,2018,LUBAN,AS,2018-10-13 03:00:00,14.8,55.6,26.64,996.8,4.2227935791015625,4.594528198242188,74.1,994.0,Cyclonic Storm,False
2018279N11069,2018,LUBAN,AS,2018-10-13 06:00:00,14.9,55.3,26.39,997.6,-0.5073089599609375,5.961761474609375,74.1,994.0,Cyclonic Storm,False
2018279N11069,2018,LUBAN,AS,2018-10-13 09:00:00,14.9,54.9,26.23,995.8,1.6393890380859375,7.609405517578125,74.1,994.0,Cyclonic Storm,False
2018279N11069,2018,LUBAN,AS,2018-10-13 12:00:00,14.9,54.5,26.17,997.0,8.122650146484375,4.7444915771484375,74.1,994.0,Cyclonic Storm,False
2018279N11069,2018,LUBAN,AS,2018-10-13 15:00:00,14.9,54.1,26.92,998.9,9.137054443359377,3.777740478515625,74.1,994.0,Cyclonic Storm,False
2018279N11069,2018,LUBAN,AS,2018-10-13 18:00:00,15.1,53.7,27.25,1001.3,8.657852172851562,7.793609619140625,74.1,996.0,Cyclonic Storm,False
2018279N11069,2018,LUBAN,AS,2018-10-13 21:00:00,15.2,53.3,27.68,1000.4,9.870620727539062,7.0120391845703125,74.1,996.0,Cyclonic Storm,False
2018279N11069,2018,LUBAN,AS,2018-10-14 00:00:00,15.4,52.8,27.91,999.2,4.8317413330078125,8.557861328125,74.1,998.0,Cyclonic Storm,False
2018279N11069,2018,LUBAN,AS,2018-10-14 03:00:00,15.6,52.5,27.66,1001.0,5.3559112548828125,11.702178955078123,74.1,998.0,Cyclonic Storm,False
2018279N11069,2018,LUBAN,AS,2018-10-14 06:00:00,15.9,52.2,27.0,1004.0,-7.77032470703125,9.43463134765625,64.8,999.0,Cyclonic Storm,False
2018279N11069,2018,LUBAN,AS,2018-10-14 09:00:00,15.9,51.8,,1003.1,-4.610519409179688,4.289306640625,55.6,1000.0,Deep Depression,False
2018279N11069,2018,LUBAN,AS,2018-10-14 12:00:00,16.0,51.4,,1003.5,-3.390869140625,8.56097412109375,55.6,1001.0,Deep Depression,False
2018279N11069,2018,LUBAN,AS,2018-10-14 15:00:00,16.1,51.1,,1005.1,3.153915405273437,4.2293548583984375,51.9,1002.0,Deep Depression,False
2018279N11069,2018,LUBAN,AS,2018-10-14 18:00:00,16.3,50.8,,1006.8,2.3464813232421875,5.5923614501953125,46.3,1002.0,Depression,False
2018279N11069,2018,LUBAN,AS,2018-10-14 21:00:00,16.2,50.0,,1008.5,6.18194580078125,-1.7837982177734375,46.3,1003.0,Depression,False
2018279N11069,2018,LUBAN,AS,2018-10-15 00:00:00,16.2,49.0,,1008.3,5.806076049804688,2.5614776611328125,46.3,1003.0,Depression,False
2018314N12093,2018,GAJA,BB,2018-11-10 03:00:00,11.7,92.5,28.92,1009.5,-4.21136474609375,6.863204956054688,46.3,1003.0,Depression,True
2018314N12093,2018,GAJA,BB,2018-11-10 06:00:00,12.0,92.0,28.73,1007.9,-5.1990814208984375,7.584381103515625,46.3,1002.0,Depression,True
2018314N12093,2018,GAJA,BB,2018-11-10 09:00:00,12.3,91.4,28.4,1006.3,-3.44342041015625,7.4492340087890625,51.9,1002.0,Deep Depression,True
2018314N12093,2018,GAJA,BB,2018-11-10 12:00:00,12.7,90.7,28.75,1007.4,-3.620758056640625,4.524566650390625,55.6,1001.0,Deep Depression,True
2018314N12093,2018,GAJA,BB,2018-11-10 15:00:00,12.9,90.2,28.57,1009.6,-5.417022705078125,3.493072509765625,55.6,1001.0,Deep Depression,True
2018314N12093,2018,GAJA,BB,2018-11-10 18:00:00,13.1,89.8,28.7,1008.5,-5.4654693603515625,2.5897369384765625,55.6,1000.0,Deep Depression,True
2018314N12093,2018,GAJA,BB,2018-11-10 21:00:00,13.2,89.5,28.68,1006.6,-7.5976409912109375,4.186767578125,61.1,1000.0,Deep Depression,True
2018314N12093,2018,GAJA,BB,2018-11-11 00:00:00,13.4,89.2,28.73,1008.0,-5.157928466796875,3.1487579345703125,64.8,999.0,Cyclonic Storm,False
2018314N12093,2018,GAJA,BB,2018-11-11 03:00:00,13.4,88.8,28.51,1010.2,-5.76165771484375,1.4443817138671875,64.8,999.0,Cyclonic Storm,False
2018314N12093,2018,GAJA,BB,2018-11-11 06:00:00,13.4,88.5,28.48,1008.9,-7.40850830078125,2.005401611328125,74.1,998.0,Cyclonic Storm,False
2018314N12093,2018,GAJA,BB,2018-11-11 09:00:00,13.4,88.0,28.61,1006.5,-5.342208862304688,0.832427978515625,74.1,998.0,Cyclonic Storm,False
2018314N12093,2018,GAJA,BB,2018-11-11 12:00:00,13.3,87.7,28.65,1007.5,-4.561126708984375,-0.3527069091796875,74.1,998.0,Cyclonic Storm,False
2018314N12093,2018,GAJA,BB,2018-11-11 15:00:00,13.2,87.5,28.66,1009.0,-5.1461029052734375,-2.2888336181640625,74.1,998.0,Cyclonic Storm,False
2018314N12093,2018,GAJA,BB,2018-11-11 18:00:00,13.1,87.3,28.71,1007.2,-2.686065673828125,-0.5672607421875,74.1,998.0,Cyclonic Storm,False
2018314N12093,2018,GAJA,BB,2018-11-11 21:00:00,13.1,87.2,28.71,1005.8,-1.7619171142578125,-2.11407470703125,74.1,998.0,Cyclonic Storm,False
2018314N12093,2018,GAJA,BB,2018-11-12 00:00:00,12.9,87.2,28.57,1006.2,-4.8416595458984375,-2.402435302734375,74.1,998.0,Cyclonic Storm,False
2018314N12093,2018,GAJA,BB,2018-11-12 03:00:00,12.7,87.2,28.65,1007.6,-4.590576171875,-0.6102447509765625,74.1,998.0,Cyclonic Storm,False
2018314N12093,2018,GAJA,BB,2018-11-12 06:00:00,12.6,87.3,28.71,1006.7,-1.4931793212890625,0.87066650390625,74.1,998.0,Cyclonic Storm,False
2018314N12093,2018,GAJA,BB,2018-11-12 09:00:00,12.7,87.3,28.65,1004.4,0.2272796630859375,0.5524444580078125,74.1,998.0,Cyclonic Storm,False
2018314N12093,2018,GAJA,BB,2018-11-12 12:00:00,12.8,87.6,28.59,1005.1,2.119476318359375,-0.182830810546875,74.1,998.0,Cyclonic Storm,False
2018314N12093,2018,GAJA,BB,2018-11-12 15:00:00,13.0,87.6,28.59,1006.6,2.6295166015625,1.373138427734375,74.1,998.0,Cyclonic Storm,False
2018314N12093,2018,GAJA,BB,2018-11-12 18:00:00,13.3,87.6,28.57,1005.8,-0.6783599853515625,4.3460845947265625,83.3,996.0,Cyclonic Storm,False
2018314N12093,2018,GAJA,BB,2018-11-12 21:00:00,13.4,87.4,28.56,1004.0,-2.666900634765625,5.9047698974609375,83.3,996.0,Cyclonic Storm,False
2018314N12093,2018,GAJA,BB,2018-11-13 00:00:00,13.6,87.2,28.71,1004.5,-1.025665283203125,3.698883056640625,74.1,998.0,Cyclonic Storm,False
2018314N12093,2018,GAJA,BB,2018-11-13 03:00:00,13.6,87.0,28.72,1006.1,-2.218292236328125,3.3318328857421875,74.1,998.0,Cyclonic Storm,False
2018314N12093,2018,GAJA,BB,2018-11-13 06:00:00,13.7,86.6,28.78,1004.8,-5.029067993164063,0.0272979736328125,74.1,998.0,Cyclonic Storm,False
2018314N12093,2018,GAJA,BB,2018-11-13 09:00:00,13.6,86.3,28.78,1002.2,-3.111053466796875,0.9910430908203124,74.1,998.0,Cyclonic Storm,False
2018314N12093,2018,GAJA,BB,2018-11-13 12:00:00,13.5,86.1,28.84,1003.7,-5.0062255859375,-3.498321533203125,74.1,998.0,Cyclonic Storm,False
2018314N12093,2018,GAJA,BB,2018-11-13 15:00:00,13.4,85.9,28.84,1006.0,-6.3170928955078125,-1.3746795654296875,74.1,998.0,Cyclonic Storm,False
2018314N12093,2018,GAJA,BB,2018-11-13 18:00:00,13.3,85.7,28.82,1005.0,-6.559585571289063,-0.47796630859375,74.1,998.0,Cyclonic Storm,False
2018314N12093,2018,GAJA,BB,2018-11-13 21:00:00,13.2,85.5,28.87,1003.6,-7.728594779968262,-0.34661865234375,74.1,998.0,Cyclonic Storm,False
2018314N12093,2018,GAJA,BB,2018-11-14 00:00:00,13.1,85.4,28.66,1004.3,-6.789752960205078,0.1865997314453125,74.1,998.0,Cyclonic Storm,False
2018314N12093,2018,GAJA,BB,2018-11-14 03:00:00,13.0,85.2,28.65,1006.4,-7.806015968322754,-0.53692626953125,74.1,998.0,Cyclonic Storm,False
2018314N12093,2018,GAJA,BB,2018-11-14 06:00:00,12.8,85.0,28.62,1005.2,-6.947875022888184,-0.5402374267578125,83.3,996.0,Cyclonic Storm,False
2018314N12093,2018,GAJA,BB,2018-11-14 09:00:00,12.6,84.7,28.57,1003.0,-5.816615104675293,-1.3348388671875,83.3,996.0,Cyclonic Storm,False
2018314N12093,2018,GAJA,BB,2018-11-14 12:00:00,12.4,84.4,28.51,1003.3,-6.785772323608398,-1.43035888671875,83.3,996.0,Cyclonic Storm,False
2018314N12093,2018,GAJA,BB,2018-11-14 15:00:00,12.2,84.2,28.42,1005.5,-6.8641357421875,-0.7905731201171875,83.3,996.0,Cyclonic Storm,False
2018314N12093,2018,GAJA,BB,2018-11-14 18:00:00,12.0,83.9,28.46,1004.7,-6.9909515380859375,0.720733642578125,83.3,996.0,Cyclonic Storm,False
2018314N12093,2018,GAJA,BB,2018-11-14 21:00:00,11.8,83.5,28.37,1002.5,-3.2435302734375,-3.0447540283203125,83.3,996.0,Cyclonic Storm,False
2018314N12093,2018,GAJA,BB,2018-11-15 00:00:00,11.5,83.1,28.37,1002.4,-2.076034545898437,-5.6695709228515625,83.3,996.0,Cyclonic Storm,False
2018314N12093,2018,GAJA,BB,2018-11-15 03:00:00,11.4,82.7,28.35,1004.4,-6.6027374267578125,-2.71337890625,92.6,994.0,Severe Cyclonic Storm,False
2018314N12093,2018,GAJA,BB,2018-11-15 06:00:00,11.3,82.2,28.35,1003.6,-2.5149383544921875,-3.853424072265625,101.9,990.0,Severe Cyclonic Storm,False
2018314N12093,2018,GAJA,BB,2018-11-15 09:00:00,11.1,81.6,28.06,1002.2,-0.2531585693359375,-7.904006958007812,101.9,989.0,Severe Cyclonic Storm,False
2018314N12093,2018,GAJA,BB,2018-11-15 12:00:00,10.9,81.2,28.07,1002.0,-9.939361572265623,-2.969573974609375,111.1,988.0,Severe Cyclonic Storm,False
2018314N12093,2018,GAJA,BB,2018-11-15 15:00:00,10.7,80.7,28.48,1003.6,-8.998077392578125,-4.826217651367188,120.4,984.0,Very Severe Cyclonic Storm,False
2018314N12093,2018,GAJA,BB,2018-11-15 18:00:00,10.6,80.3,28.51,1003.3,-3.535125732421875,-6.2917327880859375,129.6,976.0,Very Severe Cyclonic Storm,False
2018314N12093,2018,GAJA,BB,2018-11-15 21:00:00,10.5,79.7,,1002.3,0.7634429931640625,-3.8226165771484375,129.6,976.0,Very Severe Cyclonic Storm,False
2018314N12093,2018,GAJA,BB,2018-11-16 00:00:00,10.5,79.1,,1003.4,1.9452972412109373,-6.7476348876953125,101.9,990.0,Severe Cyclonic Storm,False
2018314N12093,2018,GAJA,BB,2018-11-16 03:00:00,10.4,78.5,,1007.3,3.4063262939453125,-3.4678192138671875,83.3,996.0,Cyclonic Storm,False
2018314N12093,2018,GAJA,AS,2018-11-16 06:00:00,10.5,77.6,,1010.1,2.967636108398437,-0.5163421630859375,55.6,1000.0,Deep Depression,False
2018314N12093,2018,GAJA,AS,2018-11-16 09:00:00,10.3,76.9,,1011.2,0.590362548828125,0.5888824462890625,51.9,1001.0,Deep Depression,False
2018314N12093,2018,GAJA,AS,2018-11-16 12:00:00,10.0,76.3,28.71,1007.3,2.56024169921875,1.874359130859375,46.3,1002.0,Depression,True
2018314N12093,2018,GAJA,AS,2018-11-16 15:00:00,9.9,75.8,28.75,1009.7,2.85711669921875,3.3791961669921875,46.3,1002.0,Depression,True
2018314N12093,2018,GAJA,AS,2018-11-16 18:00:00,9.8,75.3,29.14,1010.1,1.9261016845703125,3.188262939453125,46.3,1002.0,Depression,True
2018314N12093,2018,GAJA,AS,2018-11-16 21:00:00,9.7,74.7,29.12,1008.1,2.058380126953125,1.7332763671875,51.9,1003.0,Deep Depression,True
2018314N12093,2018,GAJA,AS,2018-11-17 00:00:00,9.7,74.2,28.96,1008.0,5.2206573486328125,1.318145751953125,55.6,1003.0,Deep Depression,True
2018314N12093,2018,GAJA,AS,2018-11-17 03:00:00,9.7,73.5,29.11,1010.5,4.2421417236328125,4.563400268554688,55.6,1003.0,Deep Depression,True
2018314N12093,2018,GAJA,AS,2018-11-17 06:00:00,9.8,73.0,29.25,1010.1,5.0700531005859375,4.33953857421875,55.6,1003.0,Deep Depression,True
2018314N12093,2018,GAJA,AS,2018-11-17 09:00:00,9.9,72.4,29.5,1006.6,7.534988403320312,4.4756927490234375,55.6,1003.0,Deep Depression,True
2018314N12093,2018,GAJA,AS,2018-11-17 12:00:00,10.0,71.8,29.42,1006.5,7.1535186767578125,-2.96099853515625,55.6,1003.0,Deep Depression,True
2018314N12093,2018,GAJA,AS,2018-11-17 15:00:00,10.1,71.2,29.38,1009.0,5.40234375,-2.383056640625,55.6,1003.0,Deep Depression,True
2018314N12093,2018,GAJA,AS,2018-11-17 18:00:00,10.2,70.7,29.54,1009.2,3.23883056640625,-2.2137451171875,55.6,1003.0,Deep Depression,True
2018314N12093,2018,GAJA,AS,2018-11-17 21:00:00,10.3,70.2,29.6,1007.7,3.046600341796875,-2.185699462890625,55.6,1003.0,Deep Depression,True
2018314N12093,2018,GAJA,AS,2018-11-18 00:00:00,10.4,69.8,29.23,1007.3,-0.3505401611328125,-3.067733764648437,55.6,1003.0,Deep Depression,True
2018314N12093,2018,GAJA,AS,2018-11-18 03:00:00,10.5,69.5,29.18,1010.1,-1.076690673828125,-2.284423828125,55.6,1003.0,Deep Depression,True
2018314N12093,2018,GAJA,AS,2018-11-18 06:00:00,10.5,69.1,29.21,1010.5,-0.1238861083984375,-2.9905242919921875,55.6,1003.0,Deep Depression,True
2018314N12093,2018,GAJA,AS,2018-11-18 09:00:00,10.6,68.8,29.23,1007.3,1.1268157958984375,-2.8222198486328125,55.6,1003.0,Deep Depression,True
2018314N12093,2018,GAJA,AS,2018-11-18 12:00:00,10.6,68.5,29.24,1006.9,-0.4812774658203125,-1.2640838623046875,55.6,1003.0,Deep Depression,True
2018314N12093,2018,GAJA,AS,2018-11-18 15:00:00,10.6,68.0,29.27,1008.4,0.7830963134765625,-2.2168731689453125,55.6,1003.0,Deep Depression,True
2018314N12093,2018,GAJA,AS,2018-11-18 18:00:00,10.7,67.5,29.16,1009.2,-2.9148712158203125,-3.3298492431640625,55.6,1003.0,Deep Depression,True
2018314N12093,2018,GAJA,AS,2018-11-18 21:00:00,10.7,67.1,29.22,1008.0,-3.1486968994140625,-0.9620361328125,55.6,1003.0,Deep Depression,True
2018314N12093,2018,GAJA,AS,2018-11-19 00:00:00,10.8,66.6,29.33,1007.3,-3.812210083007813,1.5400848388671875,55.6,1003.0,Deep Depression,True
2018314N12093,2018,GAJA,AS,2018-11-19 03:00:00,10.9,66.3,29.29,1010.0,-1.48345947265625,1.09283447265625,55.6,1003.0,Deep Depression,True
2018314N12093,2018,GAJA,AS,2018-11-19 06:00:00,11.0,65.8,29.34,1010.8,-5.585494995117188,0.5825653076171875,46.3,1004.0,Depression,True
2018314N12093,2018,GAJA,AS,2018-11-19 09:00:00,11.2,65.4,28.94,1007.8,-9.278579711914062,0.2174072265625,46.3,1004.0,Depression,True
2018314N12093,2018,GAJA,AS,2018-11-19 12:00:00,11.2,65.0,28.93,1008.8,-5.996612548828125,2.2196502685546875,46.3,1004.0,Depression,True
2018365N08115,2018,PABUK,MM,2019-01-01 06:00:00,6.2,110.2,27.68,1011.5,0.8622894287109375,-8.850616455078125,64.8,1000.0,Cyclonic Storm,False
2018365N08115,2018,PABUK,MM,2019-01-01 12:00:00,5.9,109.8,27.7,1011.3,1.5940399169921875,-8.007156372070312,64.8,1000.0,Cyclonic Storm,False
2018365N08115,2018,PABUK,MM,2019-01-01 18:00:00,5.8,109.3,27.78,1011.9,5.1885986328125,-7.341033935546875,64.8,1000.0,Cyclonic Storm,False
2018365N08115,2018,PABUK,MM,2019-01-02 00:00:00,5.9,108.6,27.66,1010.4,2.823486328125,-12.647430419921877,64.8,1000.0,Cyclonic Storm,False
2018365N08115,2018,PABUK,MM,2019-01-02 06:00:00,6.1,107.9,27.66,1009.1,6.03204345703125,-12.014511108398438,64.8,1000.0,Cyclonic Storm,False
2018365N08115,2018,PABUK,MM,2019-01-02 12:00:00,6.2,107.0,27.64,1008.1,4.4277191162109375,-15.448760986328123,64.8,1000.0,Cyclonic Storm,False
2018365N08115,2018,PABUK,MM,2019-01-02 18:00:00,6.1,105.9,27.66,1004.7,9.772216796875,-14.60577392578125,64.8,1000.0,Cyclonic Storm,False
2018365N08115,2018,PABUK,MM,2019-01-03 00:00:00,6.1,105.0,27.78,1003.3,-7.0078125,-3.8706207275390634,64.8,1000.0,Cyclonic Storm,False
2018365N08115,2018,PABUK,MM,2019-01-03 06:00:00,6.2,104.3,27.85,1002.8,-2.83837890625,1.7425079345703125,64.8,1000.0,Cyclonic Storm,False
2018365N08115,2018,PABUK,MM,2019-01-03 12:00:00,6.5,103.6,28.05,1001.8,11.025054931640623,-2.5336456298828125,74.1,998.0,Cyclonic Storm,False
2018365N08115,2018,PABUK,MM,2019-01-03 18:00:00,7.2,102.7,28.16,1003.5,10.291641235351562,0.74542236328125,83.3,996.0,Cyclonic Storm,False
2018365N08115,2018,PABUK,MM,2019-01-04 00:00:00,7.9,101.6,28.04,1000.6,-5.477508544921875,-19.51771545410156,83.3,996.0,Cyclonic Storm,False
2018365N08115,2018,PABUK,MM,2019-01-04 06:00:00,8.2,100.6,28.31,1004.5,-2.0111083984375,-9.543502807617188,83.3,996.0,Cyclonic Storm,False
2018365N08115,2018,PABUK,BB,2019-01-04 12:00:00,8.3,99.8,,1006.9,2.994171142578125,-2.196929931640625,83.3,998.0,Cyclonic Storm,False
2018365N08115,2018,PABUK,BB,2019-01-04 15:00:00,8.4,99.3,,1009.1,2.6869659423828125,-5.2086944580078125,83.3,998.0,Cyclonic Storm,False
2018365N08115,2018,PABUK,BB,2019-01-04 18:00:00,8.5,98.9,,1009.1,2.883514404296875,-3.5938720703125,83.3,998.0,Cyclonic Storm,False
2018365N08115,2018,PABUK,BB,2019-01-04 21:00:00,8.7,98.7,,1007.9,2.1291656494140625,-2.3382720947265625,83.3,998.0,Cyclonic Storm,False
2018365N08115,2018,PABUK,BB,2019-01-05 00:00:00,8.8,98.5,,1008.9,0.252044677734375,-2.3874664306640625,74.1,1000.0,Cyclonic Storm,False
2018365N08115,2018,PABUK,BB,2019-01-05 03:00:00,9.1,98.2,28.64,1009.8,-2.578765869140625,-2.364227294921875,74.1,1000.0,Cyclonic Storm,False
2018365N08115,2018,PABUK,BB,2019-01-05 06:00:00,9.3,98.0,28.61,1008.0,-4.246368408203125,1.40960693359375,74.1,1000.0,Cyclonic Storm,False
2018365N08115,2018,PABUK,BB,2019-01-05 09:00:00,9.5,97.7,28.63,1005.9,-4.582199096679688,6.595550537109375,74.1,1000.0,Cyclonic Storm,False
2018365N08115,2018,PABUK,BB,2019-01-05 12:00:00,9.8,97.4,28.79,1007.7,-5.416717529296875,6.4266357421875,74.1,1000.0,Cyclonic Storm,False
2018365N08115,2018,PABUK,BB,2019-01-05 15:00:00,10.1,96.9,28.94,1008.8,-4.7188873291015625,8.648605346679688,74.1,1000.0,Cyclonic Storm,False
2018365N08115,2018,PABUK,BB,2019-01-05 18:00:00,10.4,96.4,28.76,1008.5,-5.647628784179688,9.75152587890625,64.8,1001.0,Cyclonic Storm,False
2018365N08115,2018,PABUK,BB,2019-01-05 21:00:00,10.5,95.9,28.76,1007.4,-3.1179656982421875,11.101211547851562,64.8,1001.0,Cyclonic Storm,False
2018365N08115,2018,PABUK,BB,2019-01-06 00:00:00,10.7,95.3,28.83,1009.2,-6.521087646484375,8.255157470703125,64.8,1001.0,Cyclonic Storm,False
2018365N08115,2018,PABUK,BB,2019-01-06 03:00:00,10.8,94.4,28.72,1011.2,-6.1342315673828125,7.31402587890625,64.8,1001.0,Cyclonic Storm,False
2018365N08115,2018,PABUK,BB,2019-01-06 06:00:00,11.0,93.6,28.7,1009.7,-5.28106689453125,5.92596435546875,55.6,1002.0,Deep Depression,True
2018365N08115,2018,PABUK,BB,2019-01-06 09:00:00,11.1,92.9,28.68,1007.5,-5.61187744140625,6.343536376953125,55.6,1003.0,Deep Depression,True
2018365N08115,2018,PABUK,BB,2019-01-06 12:00:00,11.3,92.4,28.44,1008.7,-5.8536224365234375,5.76580810546875,55.6,1003.0,Deep Depression,True
2018365N08115,2018,PABUK,BB,2019-01-06 15:00:00,11.5,92.0,28.18,1010.1,-6.5075225830078125,6.6275787353515625,55.6,1003.0,Deep Depression,True
2018365N08115,2018,PABUK,BB,2019-01-06 18:00:00,11.7,91.7,28.1,1009.9,-5.805709838867188,9.104507446289062,55.6,1003.0,Deep Depression,True
2018365N08115,2018,PABUK,BB,2019-01-06 21:00:00,12.0,91.2,28.12,1008.6,-4.9472198486328125,7.9617156982421875,51.9,1004.0,Deep Depression,True
2018365N08115,2018,PABUK,BB,2019-01-07 00:00:00,12.3,91.0,27.95,1008.6,-4.1410675048828125,7.647979736328125,46.3,1004.0,Depression,True
2018365N08115,2018,PABUK,BB,2019-01-07 03:00:00,12.5,91.1,27.98,1011.4,-2.97406005859375,7.3471832275390625,46.3,1004.0,Depression,True
2018365N08115,2018,PABUK,BB,2019-01-07 06:00:00,12.6,91.4,27.96,1010.6,-2.1371002197265625,9.2193603515625,46.3,1004.0,Depression,True
2018365N08115,2018,PABUK,BB,2019-01-07 09:00:00,12.9,92.0,28.06,1009.0,-0.9124755859375,9.6181640625,46.3,1004.0,Depression,True
2018365N08115,2018,PABUK,BB,2019-01-07 12:00:00,13.1,92.0,28.06,1009.3,0.036163330078125,8.90618896484375,46.3,1004.0,Depression,True
2018365N08115,2018,PABUK,BB,2019-01-07 15:00:00,13.1,92.0,28.06,1010.8,-0.1815338134765625,8.423690795898438,42.6,1005.0,Depression,True
2018365N08115,2018,PABUK,BB,2019-01-07 18:00:00,13.1,92.0,28.06,1011.4,1.074951171875,7.623046875,37.0,1005.0,Depression,True
2019116N02090,2019,FANI,BB,2019-04-26 12:00:00,3.2,89.8,30.29,1005.8,2.408920288085937,-0.6219024658203125,46.3,998.0,Depression,True
2019116N02090,2019,FANI,BB,2019-04-26 15:00:00,3.5,89.7,30.26,1006.8,0.746368408203125,1.099212646484375,46.3,998.0,Depression,True
2019116N02090,2019,FANI,BB,2019-04-26 18:00:00,3.8,89.5,30.27,1006.1,5.1036224365234375,3.583282470703125,46.3,998.0,Depression,True
2019116N02090,2019,FANI,BB,2019-04-26 21:00:00,4.2,89.4,30.39,1003.0,2.4390411376953125,5.704360961914063,51.9,998.0,Deep Depression,True
2019116N02090,2019,FANI,BB,2019-04-27 00:00:00,4.6,89.4,30.36,1004.2,-2.65374755859375,4.7768402099609375,55.6,997.0,Deep Depression,True
2019116N02090,2019,FANI,BB,2019-04-27 03:00:00,4.9,89.4,30.38,1006.7,-6.3217315673828125,5.800201416015625,55.6,996.0,Deep Depression,True
2019116N02090,2019,FANI,BB,2019-04-27 06:00:00,5.1,89.4,30.38,1006.0,3.699371337890625,7.6738128662109375,64.8,995.0,Cyclonic Storm,False
2019116N02090,2019,FANI,BB,2019-04-27 09:00:00,5.5,89.3,30.35,1002.1,-1.70111083984375,8.986831665039062,74.1,994.0,Cyclonic Storm,False
2019116N02090,2019,FANI,BB,2019-04-27 12:00:00,6.0,89.2,30.41,1003.6,-8.68560791015625,-2.199325561523437,83.3,992.0,Cyclonic Storm,False
2019116N02090,2019,FANI,BB,2019-04-27 15:00:00,6.4,88.9,30.43,1006.3,-7.65008544921875,-1.679656982421875,83.3,992.0,Cyclonic Storm,False
2019116N02090,2019,FANI,BB,2019-04-27 18:00:00,6.6,88.5,30.51,1006.6,0.995880126953125,-4.162994384765625,83.3,992.0,Cyclonic Storm,False
2019116N02090,2019,FANI,BB,2019-04-27 21:00:00,6.8,88.2,30.65,1003.9,-1.3297576904296875,-8.284027099609375,83.3,992.0,Cyclonic Storm,False
2019116N02090,2019,FANI,BB,2019-04-28 00:00:00,7.1,88.1,30.31,1004.8,0.9464263916015624,-8.385345458984375,83.3,992.0,Cyclonic Storm,False
2019116N02090,2019,FANI,BB,2019-04-28 03:00:00,7.2,88.1,30.33,1006.4,3.9188232421875,-8.415756225585938,83.3,992.0,Cyclonic Storm,False
2019116N02090,2019,FANI,BB,2019-04-28 06:00:00,7.4,88.1,30.27,1005.2,4.640396118164063,-5.8963470458984375,83.3,992.0,Cyclonic Storm,False
2019116N02090,2019,FANI,BB,2019-04-28 09:00:00,7.6,87.9,30.27,1003.5,10.963165283203123,-3.36114501953125,83.3,992.0,Cyclonic Storm,False
2019116N02090,2019,FANI,BB,2019-04-28 12:00:00,8.0,87.6,30.26,1004.8,1.309356689453125,-9.6275634765625,83.3,992.0,Cyclonic Storm,False
2019116N02090,2019,FANI,BB,2019-04-28 15:00:00,8.1,87.5,30.26,1006.2,4.3345489501953125,-9.362060546875,83.3,992.0,Cyclonic Storm,False
2019116N02090,2019,FANI,BB,2019-04-28 18:00:00,8.2,87.5,30.36,1005.3,5.11474609375,-9.93994140625,83.3,992.0,Cyclonic Storm,False
2019116N02090,2019,FANI,BB,2019-04-28 21:00:00,8.4,87.4,30.32,1002.2,6.311248779296875,-10.128936767578123,83.3,992.0,Cyclonic Storm,False
2019116N02090,2019,FANI,BB,2019-04-29 00:00:00,8.6,87.4,29.59,1001.9,5.761978149414063,-10.122940063476562,83.3,992.0,Cyclonic Storm,False
2019116N02090,2019,FANI,BB,2019-04-29 03:00:00,8.8,87.2,29.64,1004.5,8.43218994140625,-8.957931518554688,83.3,992.0,Cyclonic Storm,False
2019116N02090,2019,FANI,BB,2019-04-29 06:00:00,9.3,87.2,29.55,1003.3,9.1307373046875,-4.954315185546875,83.3,992.0,Cyclonic Storm,False
2019116N02090,2019,FANI,BB,2019-04-29 09:00:00,9.8,87.1,29.84,1001.0,11.159530639648438,-7.78204345703125,83.3,992.0,Cyclonic Storm,False
2019116N02090,2019,FANI,BB,2019-04-29 12:00:00,10.2,87.1,29.99,998.9,8.547500610351562,2.724609375,101.9,986.0,Severe Cyclonic Storm,False
2019116N02090,2019,FANI,BB,2019-04-29 15:00:00,10.5,86.9,29.93,998.8,9.874237060546877,2.5679931640625,101.9,986.0,Severe Cyclonic Storm,False
2019116N02090,2019,FANI,BB,2019-04-29 18:00:00,10.9,86.8,30.18,998.9,10.005523681640623,1.7489013671875,101.9,986.0,Severe Cyclonic Storm,False
2019116N02090,2019,FANI,BB,2019-04-29 21:00:00,11.3,86.6,30.39,997.6,16.97186279296875,1.6864013671875,120.4,982.0,Very Severe Cyclonic Storm,False
2019116N02090,2019,FANI,BB,2019-04-30 00:00:00,11.8,86.5,29.67,994.8,8.512176513671875,17.604644775390625,129.6,980.0,Very Severe Cyclonic Storm,False
2019116N02090,2019,FANI,BB,2019-04-30 03:00:00,12.3,86.2,29.77,993.8,1.355987548828125,18.9906005859375,138.9,974.0,Very Severe Cyclonic Storm,False
2019116N02090,2019,FANI,BB,2019-04-30 06:00:00,12.7,85.8,30.1,989.2,-4.35198974609375,8.282333374023438,148.2,970.0,Very Severe Cyclonic Storm,False
2019116N02090,2019,FANI,BB,2019-04-30 09:00:00,13.0,85.3,30.17,985.9,-2.4139862060546875,-4.8932647705078125,157.4,966.0,Very Severe Cyclonic Storm,False
2019116N02090,2019,FANI,BB,2019-04-30 12:00:00,13.3,84.8,30.29,989.0,4.429962158203125,-11.599258422851562,166.7,962.0,Extremely Severe Cyclonic Storm,False
2019116N02090,2019,FANI,BB,2019-04-30 15:00:00,13.4,84.6,30.42,989.4,2.76202392578125,-12.106948852539062,175.9,957.0,Extremely Severe Cyclonic Storm,False
2019116N02090,2019,FANI,BB,2019-04-30 18:00:00,13.5,84.4,30.42,991.2,15.876571655273438,3.1583404541015625,175.9,957.0,Extremely Severe Cyclonic Storm,False
2019116N02090,2019,FANI,BB,2019-04-30 21:00:00,13.6,84.2,30.5,992.1,20.252105712890625,9.187103271484377,175.9,957.0,Extremely Severe Cyclonic Storm,False
2019116N02090,2019,FANI,BB,2019-05-01 00:00:00,13.9,84.1,30.1,984.9,10.605743408203123,1.7496185302734375,175.9,957.0,Extremely Severe Cyclonic Storm,False
2019116N02090,2019,FANI,BB,2019-05-01 03:00:00,14.1,84.0,30.1,985.2,13.97698974609375,4.5899658203125,175.9,957.0,Extremely Severe Cyclonic Storm,False
2019116N02090,2019,FANI,BB,2019-05-01 06:00:00,14.2,84.0,30.16,982.7,5.883026123046875,11.660781860351562,175.9,957.0,Extremely Severe Cyclonic Storm,False
2019116N02090,2019,FANI,BB,2019-05-01 09:00:00,14.5,84.1,30.21,976.6,-2.436065673828125,7.869735717773437,175.9,955.0,Extremely Severe Cyclonic Storm,False
2019116N02090,2019,FANI,BB,2019-05-01 12:00:00,14.9,84.1,30.18,976.4,-12.214614868164062,-5.967987060546875,185.2,950.0,Extremely Severe Cyclonic Storm,False
2019116N02090,2019,FANI,BB,2019-05-01 15:00:00,15.0,84.2,30.21,977.1,-3.7940673828125,11.506759643554688,185.2,950.0,Extremely Severe Cyclonic Storm,False
2019116N02090,2019,FANI,BB,2019-05-01 18:00:00,15.2,84.2,30.18,975.9,-5.02520751953125,8.2318115234375,185.2,950.0,Extremely Severe Cyclonic Storm,False
2019116N02090,2019,FANI,BB,2019-05-01 21:00:00,15.5,84.3,30.28,973.4,2.6486968994140625,-3.666946411132813,185.2,950.0,Extremely Severe Cyclonic Storm,False
2019116N02090,2019,FANI,BB,2019-05-02 00:00:00,15.9,84.6,29.75,975.4,-6.979507446289063,-6.91827392578125,194.5,945.0,Extremely Severe Cyclonic Storm,False
2019116N02090,2019,FANI,BB,2019-05-02 03:00:00,16.2,84.7,29.75,976.6,4.8207550048828125,5.806915283203125,194.5,945.0,Extremely Severe Cyclonic Storm,False
2019116N02090,2019,FANI,BB,2019-05-02 06:00:00,16.8,84.8,30.08,975.5,2.259872436523437,-0.49383544921875,203.7,940.0,Extremely Severe Cyclonic Storm,False
2019116N02090,2019,FANI,BB,2019-05-02 09:00:00,17.2,84.8,30.25,974.5,5.734588623046875,-4.29351806640625,213.0,932.0,Extremely Severe Cyclonic Storm,False
2019116N02090,2019,FANI,BB,2019-05-02 12:00:00,17.6,84.8,29.98,977.7,17.263153076171875,-1.319915771484375,213.0,932.0,Extremely Severe Cyclonic Storm,False
2019116N02090,2019,FANI,BB,2019-05-02 15:00:00,17.9,84.9,29.56,977.4,-3.668609619140625,10.948760986328123,213.0,934.0,Extremely Severe Cyclonic Storm,False
2019116N02090,2019,FANI,BB,2019-05-02 18:00:00,18.3,85.0,29.62,978.3,3.5355987548828125,4.766387939453125,213.0,934.0,Extremely Severe Cyclonic Storm,False
2019116N02090,2019,FANI,BB,2019-05-02 21:00:00,18.6,85.2,29.74,980.0,11.972259521484377,13.1915283203125,213.0,934.0,Extremely Severe Cyclonic Storm,False
2019116N02090,2019,FANI,BB,2019-05-03 00:00:00,19.1,85.5,29.5,977.8,8.602264404296875,14.882354736328123,194.5,945.0,Extremely Severe Cyclonic Storm,False
2019116N02090,2019,FANI,BB,2019-05-03 03:00:00,19.6,85.7,29.33,981.4,1.198150634765625,15.89447021484375,185.2,952.0,Extremely Severe Cyclonic Storm,False
2019116N02090,2019,FANI,BB,2019-05-03 06:00:00,20.2,85.9,,984.1,-5.982025146484375,5.315841674804688,157.4,966.0,Very Severe Cyclonic Storm,False
2019116N02090,2019,FANI,BB,2019-05-03 09:00:00,20.7,86.1,,981.5,-3.979248046875,2.828338623046875,138.9,970.0,Very Severe Cyclonic Storm,False
2019116N02090,2019,FANI,BB,2019-05-03 12:00:00,21.2,86.5,,985.6,-3.965301513671875,-1.58544921875,129.6,976.0,Very Severe Cyclonic Storm,False
2019116N02090,2019,FANI,BB,2019-05-03 15:00:00,21.6,86.9,29.66,987.4,0.9224090576171876,4.56170654296875,111.1,980.0,Severe Cyclonic Storm,False
2019116N02090,2019,FANI,BB,2019-05-03 18:00:00,22.1,87.4,,988.9,-0.9691925048828124,-0.6790924072265625,101.9,984.0,Severe Cyclonic Storm,False
2019116N02090,2019,FANI,BB,2019-05-03 21:00:00,22.6,88.1,,988.2,1.913421630859375,1.614837646484375,92.6,986.0,Severe Cyclonic Storm,False
2019116N02090,2019,FANI,BB,2019-05-04 00:00:00,23.2,88.5,,992.8,3.1317901611328125,-7.3890380859375,74.1,994.0,Cyclonic Storm,False
2019116N02090,2019,FANI,BB,2019-05-04 03:00:00,23.7,89.0,,994.3,3.29443359375,-4.917648315429688,55.6,996.0,Deep Depression,False
2019116N02090,2019,FANI,BB,2019-05-04 06:00:00,24.4,89.5,,996.7,-0.2088623046875,-4.68646240234375,46.3,998.0,Depression,False
2019116N02090,2019,FANI,BB,2019-05-04 09:00:00,24.8,89.9,,995.9,3.4715118408203125,-1.5290374755859375,42.6,999.0,Depression,False
2019116N02090,2019,FANI,BB,2019-05-04 12:00:00,25.2,90.7,,998.7,-1.875091552734375,-0.9467315673828124,37.0,1000.0,Depression,False
2019160N11073,2019,VAYU,AS,2019-06-10 00:00:00,12.0,71.0,29.56,999.8,-0.4659881591796875,-4.52703857421875,46.3,998.0,Depression,True
2019160N11073,2019,VAYU,AS,2019-06-10 03:00:00,12.4,70.9,29.75,999.4,-2.8315887451171875,-3.27178955078125,46.3,998.0,Depression,True
2019160N11073,2019,VAYU,AS,2019-06-10 06:00:00,12.6,70.8,29.85,999.6,10.440811157226562,1.9234771728515625,55.6,997.0,Deep Depression,True
2019160N11073,2019,VAYU,AS,2019-06-10 09:00:00,12.9,70.8,29.99,997.6,9.985031127929688,5.33319091796875,55.6,997.0,Deep Depression,True
2019160N11073,2019,VAYU,AS,2019-06-10 12:00:00,13.3,70.7,30.08,996.8,0.9356689453125,0.7867431640625,55.6,996.0,Deep Depression,True
2019160N11073,2019,VAYU,AS,2019-06-10 15:00:00,13.6,70.6,30.26,997.3,0.5906219482421875,-8.030609130859375,61.1,996.0,Deep Depression,True
2019160N11073,2019,VAYU,AS,2019-06-10 18:00:00,13.9,70.6,30.42,997.0,-5.2035675048828125,-2.2218017578125,64.8,995.0,Cyclonic Storm,False
2019160N11073,2019,VAYU,AS,2019-06-10 21:00:00,14.2,70.6,30.52,993.9,2.393646240234375,-1.1661224365234375,64.8,994.0,Cyclonic Storm,False
2019160N11073,2019,VAYU,AS,2019-06-11 00:00:00,14.6,70.7,29.38,992.7,-5.12005615234375,3.107574462890625,74.1,993.0,Cyclonic Storm,False
2019160N11073,2019,VAYU,AS,2019-06-11 03:00:00,14.9,70.7,29.61,993.8,-8.139144897460938,-1.842742919921875,74.1,992.0,Cyclonic Storm,False
2019160N11073,2019,VAYU,AS,2019-06-11 06:00:00,15.2,70.8,29.74,994.2,0.8702392578125,-1.438720703125,83.3,990.0,Cyclonic Storm,False
2019160N11073,2019,VAYU,AS,2019-06-11 09:00:00,15.6,70.8,29.81,992.6,8.722900390625,2.484603881835937,83.3,988.0,Cyclonic Storm,False
2019160N11073,2019,VAYU,AS,2019-06-11 12:00:00,16.1,70.8,29.72,988.7,2.009750366210937,-1.60858154296875,101.9,986.0,Severe Cyclonic Storm,False
2019160N11073,2019,VAYU,AS,2019-06-11 15:00:00,16.6,70.7,29.7,989.5,-1.4493408203125,-0.724853515625,111.1,983.0,Severe Cyclonic Storm,False
2019160N11073,2019,VAYU,AS,2019-06-11 18:00:00,17.0,70.6,29.81,990.0,-4.8138427734375,-9.450485229492188,120.4,980.0,Very Severe Cyclonic Storm,False
2019160N11073,2019,VAYU,AS,2019-06-11 21:00:00,17.4,70.5,30.14,988.5,-7.410797119140625,-7.0408477783203125,129.6,977.0,Very Severe Cyclonic Storm,False
2019160N11073,2019,VAYU,AS,2019-06-12 00:00:00,17.7,70.3,29.69,988.8,-4.7136993408203125,-14.322418212890623,138.9,975.0,Very Severe Cyclonic Storm,False
2019160N11073,2019,VAYU,AS,2019-06-12 03:00:00,18.0,70.2,29.85,987.7,-4.2631378173828125,-9.93792724609375,138.9,973.0,Very Severe Cyclonic Storm,False
2019160N11073,2019,VAYU,AS,2019-06-12 06:00:00,18.4,70.0,29.98,987.5,0.3748016357421875,-15.229278564453123,138.9,971.0,Very Severe Cyclonic Storm,False
2019160N11073,2019,VAYU,AS,2019-06-12 09:00:00,18.8,69.9,30.02,983.7,1.299102783203125,-13.248626708984377,148.2,970.0,Very Severe Cyclonic Storm,False
2019160N11073,2019,VAYU,AS,2019-06-12 12:00:00,19.1,69.9,30.01,984.3,10.073410034179688,-7.42584228515625,148.2,970.0,Very Severe Cyclonic Storm,False
2019160N11073,2019,VAYU,AS,2019-06-12 15:00:00,19.4,69.8,29.94,985.3,0.2857818603515625,-14.853744506835938,148.2,970.0,Very Severe Cyclonic Storm,False
2019160N11073,2019,VAYU,AS,2019-06-12 18:00:00,19.7,69.7,29.88,984.8,6.329254150390625,-9.032562255859377,148.2,970.0,Very Severe Cyclonic Storm,False
2019160N11073,2019,VAYU,AS,2019-06-12 21:00:00,19.9,69.6,29.88,984.4,8.23260498046875,-8.771682739257812,148.2,970.0,Very Severe Cyclonic Storm,False
2019160N11073,2019,VAYU,AS,2019-06-13 00:00:00,20.1,69.6,29.63,979.2,10.619720458984377,-7.588729858398437,148.2,970.0,Very Severe Cyclonic Storm,False
2019160N11073,2019,VAYU,AS,2019-06-13 03:00:00,20.3,69.5,29.78,978.2,3.9897613525390634,4.822769165039063,148.2,970.0,Very Severe Cyclonic Storm,False
2019160N11073,2019,VAYU,AS,2019-06-13 06:00:00,20.5,69.4,30.0,978.2,-1.4225921630859375,10.38311767578125,148.2,970.0,Very Severe Cyclonic Storm,False
2019160N11073,2019,VAYU,AS,2019-06-13 09:00:00,20.7,69.2,30.03,976.8,-5.1632232666015625,-1.028594970703125,148.2,970.0,Very Severe Cyclonic Storm,False
2019160N11073,2019,VAYU,AS,2019-06-13 12:00:00,20.8,69.1,30.1,982.2,8.076766967773438,-13.072113037109377,148.2,970.0,Very Severe Cyclonic Storm,False
2019160N11073,2019,VAYU,AS,2019-06-13 15:00:00,20.9,68.9,30.23,981.4,3.977218627929688,-12.97088623046875,148.2,970.0,Very Severe Cyclonic Storm,False
2019160N11073,2019,VAYU,AS,2019-06-13 18:00:00,20.9,68.9,30.23,983.9,11.8223876953125,-7.419143676757812,148.2,970.0,Very Severe Cyclonic Storm,False
2019160N11073,2019,VAYU,AS,2019-06-13 21:00:00,20.9,68.7,30.41,985.0,15.867172241210938,-0.9951324462890624,148.2,970.0,Very Severe Cyclonic Storm,False
2019160N11073,2019,VAYU,AS,2019-06-14 00:00:00,21.0,68.6,30.09,978.9,9.466293334960938,-0.7763824462890625,148.2,970.0,Very Severe Cyclonic Storm,False
2019160N11073,2019,VAYU,AS,2019-06-14 03:00:00,21.0,68.4,30.09,977.1,-0.6084136962890625,5.6612701416015625,138.9,973.0,Very Severe Cyclonic Storm,False
2019160N11073,2019,VAYU,AS,2019-06-14 06:00:00,21.0,68.4,30.09,979.5,-9.59991455078125,8.348892211914062,138.9,973.0,Very Severe Cyclonic Storm,False
2019160N11073,2019,VAYU,AS,2019-06-14 09:00:00,20.9,68.3,29.88,978.7,-2.0498809814453125,-6.84130859375,138.9,973.0,Very Severe Cyclonic Storm,False
2019160N11073,2019,VAYU,AS,2019-06-14 12:00:00,20.8,68.2,29.96,976.2,10.53460693359375,4.337570190429688,129.6,976.0,Very Severe Cyclonic Storm,False
2019160N11073,2019,VAYU,AS,2019-06-14 15:00:00,20.8,68.1,29.8,976.3,4.189483642578125,-0.2766571044921875,129.6,976.0,Very Severe Cyclonic Storm,False
2019160N11073,2019,VAYU,AS,2019-06-14 18:00:00,20.8,67.9,29.8,978.0,-6.6059417724609375,8.693023681640625,120.4,978.0,Very Severe Cyclonic Storm,False
2019160N11073,2019,VAYU,AS,2019-06-14 21:00:00,20.7,67.7,29.74,973.6,-8.6361083984375,3.5690460205078125,120.4,978.0,Very Severe Cyclonic Storm,False
2019160N11073,2019,VAYU,AS,2019-06-15 00:00:00,20.7,67.5,29.62,971.0,-3.961669921875,-7.224395751953125,120.4,978.0,Very Severe Cyclonic Storm,False
2019160N11073,2019,VAYU,AS,2019-06-15 03:00:00,20.6,67.3,29.61,972.6,11.06854248046875,-3.0089111328125,120.4,979.0,Very Severe Cyclonic Storm,False
2019160N11073,2019,VAYU,AS,2019-06-15 06:00:00,20.6,66.9,29.5,973.9,8.653762817382812,-1.6368865966796875,120.4,979.0,Very Severe Cyclonic Storm,False
2019160N11073,2019,VAYU,AS,2019-06-15 09:00:00,20.6,66.7,29.47,974.8,13.356170654296877,-5.274993896484375,120.4,980.0,Very Severe Cyclonic Storm,False
2019160N11073,2019,VAYU,AS,2019-06-15 12:00:00,20.7,66.4,29.43,971.4,0.8127899169921875,-10.292160034179688,120.4,980.0,Very Severe Cyclonic Storm,False
2019160N11073,2019,VAYU,AS,2019-06-15 15:00:00,20.7,66.2,29.46,973.8,4.231124877929688,-7.889617919921875,120.4,980.0,Very Severe Cyclonic Storm,False
2019160N11073,2019,VAYU,AS,2019-06-15 18:00:00,20.7,66.0,29.47,979.0,3.68359375,-5.75042724609375,120.4,981.0,Very Severe Cyclonic Storm,False
2019160N11073,2019,VAYU,AS,2019-06-15 21:00:00,20.7,65.8,29.45,981.4,6.507720947265625,-8.761688232421875,120.4,981.0,Very Severe Cyclonic Storm,False
2019160N11073,2019,VAYU,AS,2019-06-16 00:00:00,20.8,65.5,29.2,979.4,-2.0158233642578125,-11.305252075195312,111.1,983.0,Severe Cyclonic Storm,False
2019160N11073,2019,VAYU,AS,2019-06-16 03:00:00,20.8,65.2,29.22,981.0,-3.1888885498046875,-11.654388427734377,101.9,985.0,Severe Cyclonic Storm,False
2019160N11073,2019,VAYU,AS,2019-06-16 06:00:00,20.8,65.1,29.32,983.8,-1.8569793701171875,-17.728546142578125,101.9,985.0,Severe Cyclonic Storm,False
2019160N11073,2019,VAYU,AS,2019-06-16 09:00:00,20.7,65.1,29.32,985.2,0.8365325927734375,-18.30586242675781,101.9,986.0,Severe Cyclonic Storm,False
2019160N11073,2019,VAYU,AS,2019-06-16 12:00:00,20.8,65.2,29.22,988.4,6.484100341796875,-13.297943115234377,92.6,988.0,Severe Cyclonic Storm,False
2019160N11073,2019,VAYU,AS,2019-06-16 15:00:00,20.8,65.6,29.2,991.5,15.399459838867188,-8.874771118164062,83.3,990.0,Cyclonic Storm,False
2019160N11073,2019,VAYU,AS,2019-06-16 18:00:00,21.1,66.1,29.24,992.9,10.49566650390625,-2.2943878173828125,74.1,992.0,Cyclonic Storm,False
2019160N11073,2019,VAYU,AS,2019-06-16 21:00:00,21.4,66.4,29.22,992.3,0.60595703125,4.8419952392578125,74.1,993.0,Cyclonic Storm,False
2019160N11073,2019,VAYU,AS,2019-06-17 00:00:00,21.7,66.6,28.5,993.8,1.549407958984375,1.9959716796875,64.8,995.0,Cyclonic Storm,False
2019160N11073,2019,VAYU,AS,2019-06-17 03:00:00,21.8,66.8,28.49,995.9,5.335723876953125,3.8084564208984375,55.6,996.0,Deep Depression,True
2019160N11073,2019,VAYU,AS,2019-06-17 06:00:00,21.9,67.0,28.58,997.3,5.16766357421875,4.1732330322265625,55.6,997.0,Deep Depression,True
2019160N11073,2019,VAYU,AS,2019-06-17 09:00:00,22.2,67.4,28.84,996.8,4.464080810546875,6.929168701171875,46.3,998.0,Depression,True
2019160N11073,2019,VAYU,AS,2019-06-17 12:00:00,22.5,67.9,28.17,995.6,1.66522216796875,6.7211456298828125,37.0,998.0,Depression,True
2019218N21088,2019,UNNAMED,BB,2019-08-06 03:00:00,20.5,88.0,29.33,991.9,-1.7767333984375,-10.21875,46.3,990.0,Depression,True
2019218N21088,2019,UNNAMED,BB,2019-08-06 06:00:00,20.5,88.0,29.33,991.5,-3.123626708984375,-8.983917236328125,46.3,990.0,Depression,True
2019218N21088,2019,UNNAMED,BB,2019-08-06 09:00:00,20.6,87.9,29.33,989.5,-1.92535400390625,-8.543914794921875,46.3,990.0,Depression,True
2019218N21088,2019,UNNAMED,BB,2019-08-06 12:00:00,20.7,87.8,29.38,988.7,-5.958038330078125,-4.5252838134765625,46.3,990.0,Depression,True
2019218N21088,2019,UNNAMED,BB,2019-08-06 15:00:00,20.7,87.7,29.38,989.9,-0.4464263916015625,-3.1390380859375,46.3,990.0,Depression,True
2019218N21088,2019,UNNAMED,BB,2019-08-06 18:00:00,20.8,87.6,29.43,989.7,3.47808837890625,-6.263107299804688,46.3,990.0,Depression,True
2019218N21088,2019,UNNAMED,BB,2019-08-06 21:00:00,20.9,87.5,29.62,987.5,-1.63134765625,-6.83416748046875,51.9,989.0,Deep Depression,True
2019218N21088,2019,UNNAMED,BB,2019-08-07 00:00:00,21.0,87.4,29.65,986.9,1.0589752197265625,-4.7425689697265625,55.6,988.0,Deep Depression,True
2019218N21088,2019,UNNAMED,BB,2019-08-07 03:00:00,21.1,87.4,29.65,988.0,3.0965576171875,0.7431793212890625,55.6,988.0,Deep Depression,True
2019218N21088,2019,UNNAMED,BB,2019-08-07 06:00:00,21.2,87.2,29.88,988.2,1.3336639404296875,1.1506500244140625,55.6,988.0,Deep Depression,True
2019218N21088,2019,UNNAMED,BB,2019-08-07 09:00:00,21.5,86.9,29.83,986.6,0.6010894775390625,4.67822265625,55.6,988.0,Deep Depression,True
2019218N21088,2019,UNNAMED,BB,2019-08-07 12:00:00,21.9,86.5,,987.3,-0.75616455078125,-0.25506591796875,55.6,988.0,Deep Depression,False
2019218N21088,2019,UNNAMED,BB,2019-08-07 15:00:00,22.2,86.1,,989.5,-1.31402587890625,-1.0431060791015625,55.6,988.0,Deep Depression,False
2019218N21088,2019,UNNAMED,BB,2019-08-07 18:00:00,22.4,85.6,,990.4,-2.184967041015625,-2.4069366455078125,55.6,988.0,Deep Depression,False
2019218N21088,2019,UNNAMED,BB,2019-08-07 21:00:00,22.6,84.9,,988.5,-2.7080535888671875,-2.83258056640625,51.9,994.0,Deep Depression,False
2019218N21088,2019,UNNAMED,BB,2019-08-08 00:00:00,22.8,84.0,,990.7,-1.5185546875,-1.5099029541015625,46.3,999.0,Depression,False
2019218N21088,2019,UNNAMED,BB,2019-08-08 03:00:00,23.0,82.9,,992.3,-0.57391357421875,-2.08978271484375,46.3,999.0,Depression,False
2019218N21088,2019,UNNAMED,BB,2019-08-08 06:00:00,23.4,81.9,,992.3,-2.577133178710937,-3.0838165283203125,46.3,999.0,Depression,False
2019218N21088,2019,UNNAMED,BB,2019-08-08 09:00:00,23.6,80.9,,990.5,-2.697418212890625,-2.214019775390625,46.3,999.0,Depression,False
2019218N21088,2019,UNNAMED,BB,2019-08-08 12:00:00,23.6,80.2,,990.2,-0.53076171875,-1.9849090576171875,46.3,999.0,Depression,False
2019218N21088,2019,UNNAMED,BB,2019-08-08 15:00:00,23.6,80.0,,992.4,0.159698486328125,-0.951873779296875,46.3,1000.0,Depression,False
2019218N21088,2019,UNNAMED,BB,2019-08-08 18:00:00,23.6,79.8,,993.0,0.3007049560546875,-0.0436553955078125,46.3,1000.0,Depression,False
2019218N21088,2019,UNNAMED,BB,2019-08-08 21:00:00,23.6,79.4,,992.3,1.8525390625,1.9020538330078125,46.3,1000.0,Depression,False
2019218N21088,2019,UNNAMED,BB,2019-08-09 00:00:00,23.6,78.6,,993.0,0.8269805908203125,4.5034027099609375,46.3,1000.0,Depression,False
2019218N21088,2019,UNNAMED,AS,2019-08-09 03:00:00,23.8,77.3,,993.5,-2.1495819091796875,-0.6086578369140625,46.3,1000.0,Depression,False
2019218N21088,2019,UNNAMED,AS,2019-08-09 06:00:00,24.0,76.1,,994.2,-1.4605560302734375,-1.61175537109375,46.3,1000.0,Depression,False
2019264N19071,2019,HIKAA:HIKKA,AS,2019-09-22 03:00:00,19.8,69.2,28.31,1002.6,4.4791259765625,0.51641845703125,46.3,1002.0,Depression,True
2019264N19071,2019,HIKAA:HIKKA,AS,2019-09-22 06:00:00,20.0,68.9,28.32,1003.0,2.003021240234375,2.975448608398437,46.3,1000.0,Depression,True
2019264N19071,2019,HIKAA:HIKKA,AS,2019-09-22 09:00:00,20.2,68.5,28.4,1000.1,-0.49932861328125,2.4441680908203125,51.9,1000.0,Deep Depression,True
2019264N19071,2019,HIKAA:HIKKA,AS,2019-09-22 12:00:00,20.4,68.1,28.58,999.7,-7.2722625732421875,-1.1142425537109375,55.6,999.0,Deep Depression,True
2019264N19071,2019,HIKAA:HIKKA,AS,2019-09-22 15:00:00,20.5,67.6,28.6,1000.7,-7.5775146484375,-5.7071380615234375,55.6,999.0,Deep Depression,True
2019264N19071,2019,HIKAA:HIKKA,AS,2019-09-22 18:00:00,20.4,67.1,28.67,1001.4,-8.813629150390625,-5.13525390625,55.6,998.0,Deep Depression,True
2019264N19071,2019,HIKAA:HIKKA,AS,2019-09-22 21:00:00,20.4,66.6,28.84,1000.1,-5.7437286376953125,-8.451919555664062,61.1,998.0,Deep Depression,True
2019264N19071,2019,HIKAA:HIKKA,AS,2019-09-23 00:00:00,20.4,66.1,28.19,1000.0,-6.705245971679688,-8.285736083984375,64.8,997.0,Cyclonic Storm,False
2019264N19071,2019,HIKAA:HIKKA,AS,2019-09-23 03:00:00,20.3,65.5,27.97,1000.7,-2.544296264648437,-7.524505615234375,74.1,996.0,Cyclonic Storm,False
2019264N19071,2019,HIKAA:HIKKA,AS,2019-09-23 06:00:00,20.3,64.9,28.02,1001.8,-0.679351806640625,-8.663970947265625,83.3,994.0,Cyclonic Storm,False
2019264N19071,2019,HIKAA:HIKKA,AS,2019-09-23 09:00:00,20.2,64.1,27.79,1000.5,1.619842529296875,-10.171066284179688,101.9,988.0,Severe Cyclonic Storm,False
2019264N19071,2019,HIKAA:HIKKA,AS,2019-09-23 12:00:00,20.2,63.6,27.81,1000.2,0.252288818359375,-11.13812255859375,101.9,988.0,Severe Cyclonic Storm,False
2019264N19071,2019,HIKAA:HIKKA,AS,2019-09-23 15:00:00,20.2,62.9,27.54,1001.8,-2.75775146484375,-8.90277099609375,101.9,988.0,Severe Cyclonic Storm,False
2019264N19071,2019,HIKAA:HIKKA,AS,2019-09-23 18:00:00,20.2,62.3,27.32,1003.5,-1.1628875732421875,-8.24658203125,111.1,986.0,Severe Cyclonic Storm,False
2019264N19071,2019,HIKAA:HIKKA,AS,2019-09-23 21:00:00,20.2,61.6,27.73,1002.8,-2.2438507080078125,-9.2430419921875,111.1,986.0,Severe Cyclonic Storm,False
2019264N19071,2019,HIKAA:HIKKA,AS,2019-09-24 00:00:00,20.1,61.0,26.65,1002.0,-0.4821014404296875,-5.848190307617188,129.6,980.0,Very Severe Cyclonic Storm,False
2019264N19071,2019,HIKAA:HIKKA,AS,2019-09-24 03:00:00,20.1,60.3,26.6,1003.4,-1.205902099609375,-9.3193359375,138.9,978.0,Very Severe Cyclonic Storm,False
2019264N19071,2019,HIKAA:HIKKA,AS,2019-09-24 06:00:00,20.0,59.6,26.57,1005.0,-1.784759521484375,-9.350448608398438,138.9,978.0,Very Severe Cyclonic Storm,False
2019264N19071,2019,HIKAA:HIKKA,AS,2019-09-24 09:00:00,19.9,58.9,26.46,1003.2,-1.4633026123046875,-8.522048950195312,138.9,978.0,Very Severe Cyclonic Storm,False
2019264N19071,2019,HIKAA:HIKKA,AS,2019-09-24 12:00:00,19.8,58.3,25.49,1002.3,0.524993896484375,-5.2566680908203125,138.9,978.0,Very Severe Cyclonic Storm,False
2019264N19071,2019,HIKAA:HIKKA,AS,2019-09-24 15:00:00,19.7,57.6,,1004.0,-2.0642242431640625,-4.970062255859375,111.1,986.0,Severe Cyclonic Storm,False
2019264N19071,2019,HIKAA:HIKKA,AS,2019-09-24 18:00:00,19.7,57.1,,1005.2,-4.024200439453125,-5.1606292724609375,101.9,989.0,Severe Cyclonic Storm,False
2019264N19071,2019,HIKAA:HIKKA,AS,2019-09-24 21:00:00,19.6,56.5,,1003.9,-2.7989044189453125,-2.308441162109375,83.3,994.0,Cyclonic Storm,False
2019264N19071,2019,HIKAA:HIKKA,AS,2019-09-25 00:00:00,19.6,56.0,,1003.5,-3.146347045898437,-0.987030029296875,64.8,997.0,Cyclonic Storm,False
2019264N19071,2019,HIKAA:HIKKA,AS,2019-09-25 03:00:00,19.4,55.5,,1005.1,-4.2872314453125,-0.2021942138671875,55.6,999.0,Deep Depression,False
2019264N19071,2019,HIKAA:HIKKA,AS,2019-09-25 06:00:00,19.2,55.0,,1006.5,-4.92889404296875,0.4058380126953125,46.3,1002.0,Depression,False
2019273N23070,2019,UNNAMED,AS,2019-09-29 12:00:00,23.1,70.2,29.75,1004.8,3.72882080078125,5.0055084228515625,46.3,1002.0,Depression,True
2019273N23070,2019,UNNAMED,AS,2019-09-29 15:00:00,23.1,70.2,29.75,1005.9,4.052047729492188,0.1253814697265625,46.3,1002.0,Depression,True
2019273N23070,2019,UNNAMED,AS,2019-09-29 18:00:00,23.1,70.2,29.75,1006.9,6.140960693359375,-2.2900543212890625,46.3,1002.0,Depression,True
2019273N23070,2019,UNNAMED,AS,2019-09-29 21:00:00,23.1,70.3,29.75,1006.0,7.02734375,-2.8966827392578125,46.3,1002.0,Depression,True
2019273N23070,2019,UNNAMED,AS,2019-09-30 00:00:00,23.2,70.5,,1004.4,4.65673828125,-5.7896728515625,46.3,1002.0,Depression,False
2019273N23070,2019,UNNAMED,AS,2019-09-30 03:00:00,23.4,70.7,,1006.8,-2.134979248046875,-5.2097930908203125,46.3,1002.0,Depression,False
2019273N23070,2019,UNNAMED,AS,2019-09-30 06:00:00,23.5,71.3,,1007.3,-1.3246002197265625,-0.9262237548828124,46.3,1002.0,Depression,False
2019273N23070,2019,UNNAMED,AS,2019-09-30 09:00:00,23.5,71.6,,1004.9,-0.6620635986328125,-2.049407958984375,46.3,1002.0,Depression,False
2019273N23070,2019,UNNAMED,AS,2019-09-30 12:00:00,23.5,71.9,,1003.8,1.109039306640625,-1.68359375,46.3,1002.0,Depression,False
2019273N23070,2019,UNNAMED,AS,2019-09-30 15:00:00,23.6,72.2,,1004.5,2.3771514892578125,0.1731414794921875,46.3,1002.0,Depression,False
2019273N23070,2019,UNNAMED,AS,2019-09-30 18:00:00,23.7,72.7,,1006.1,-3.971145629882813,-0.951934814453125,46.3,1002.0,Depression,False
2019273N23070,2019,UNNAMED,AS,2019-09-30 21:00:00,23.8,73.3,,1003.9,-0.0380096435546875,1.75201416015625,46.3,1002.0,Depression,False
2019273N23070,2019,UNNAMED,AS,2019-10-01 00:00:00,24.0,74.1,,1005.5,-3.741256713867188,2.478240966796875,46.3,1002.0,Depression,False
2019296N15066,2019,KYAAR:KYARR,AS,2019-10-24 03:00:00,15.3,70.6,28.37,1000.3,0.0404510498046875,-5.094329833984375,46.3,1000.0,Depression,True
2019296N15066,2019,KYAAR:KYARR,AS,2019-10-24 06:00:00,15.2,70.7,28.42,1000.0,3.567657470703125,-0.4459686279296875,46.3,1000.0,Depression,True
2019296N15066,2019,KYAAR:KYARR,AS,2019-10-24 09:00:00,15.3,70.8,28.42,996.8,6.8177032470703125,-1.320953369140625,51.9,999.0,Deep Depression,True
2019296N15066,2019,KYAAR:KYARR,AS,2019-10-24 12:00:00,15.5,71.0,28.47,996.4,3.899505615234375,-1.301361083984375,55.6,998.0,Deep Depression,True
2019296N15066,2019,KYAAR:KYARR,AS,2019-10-24 15:00:00,15.5,71.1,28.47,998.7,5.221939086914063,-8.41522216796875,55.6,998.0,Deep Depression,True
2019296N15066,2019,KYAAR:KYARR,AS,2019-10-24 18:00:00,15.6,71.3,28.55,997.9,5.8392333984375,-4.9752960205078125,55.6,997.0,Deep Depression,True
2019296N15066,2019,KYAAR:KYARR,AS,2019-10-24 21:00:00,15.6,71.4,28.72,995.3,8.805145263671875,-0.0742645263671875,64.8,997.0,Cyclonic Storm,False
2019296N15066,2019,KYAAR:KYARR,AS,2019-10-25 00:00:00,15.8,71.6,28.19,993.9,2.4504852294921875,-0.735107421875,74.1,996.0,Cyclonic Storm,False
2019296N15066,2019,KYAAR:KYARR,AS,2019-10-25 03:00:00,15.9,71.7,28.42,995.2,-3.724273681640625,-0.5214385986328125,74.1,996.0,Cyclonic Storm,False
2019296N15066,2019,KYAAR:KYARR,AS,2019-10-25 06:00:00,16.0,71.8,28.42,994.1,-0.5838623046875,-0.421905517578125,83.3,994.0,Cyclonic Storm,False
2019296N15066,2019,KYAAR:KYARR,AS,2019-10-25 09:00:00,16.1,71.8,28.42,991.9,3.1194305419921875,-4.2155609130859375,83.3,994.0,Cyclonic Storm,False
2019296N15066,2019,KYAAR:KYARR,AS,2019-10-25 12:00:00,16.3,71.8,28.5,992.2,-0.84130859375,-6.68316650390625,92.6,992.0,Severe Cyclonic Storm,False
2019296N15066,2019,KYAAR:KYARR,AS,2019-10-25 15:00:00,16.3,71.7,28.5,992.2,5.84039306640625,-2.729583740234375,101.9,991.0,Severe Cyclonic Storm,False
2019296N15066,2019,KYAAR:KYARR,AS,2019-10-25 18:00:00,16.5,71.5,28.48,990.8,4.0253448486328125,-1.7560882568359375,101.9,990.0,Severe Cyclonic Storm,False
2019296N15066,2019,KYAAR:KYARR,AS,2019-10-25 21:00:00,16.5,71.1,28.13,990.5,6.5286712646484375,-0.0237579345703125,111.1,988.0,Severe Cyclonic Storm,False
2019296N15066,2019,KYAAR:KYARR,AS,2019-10-26 00:00:00,16.6,70.8,27.81,988.6,6.9234771728515625,-0.0483551025390625,120.4,984.0,Very Severe Cyclonic Storm,False
2019296N15066,2019,KYAAR:KYARR,AS,2019-10-26 03:00:00,16.6,70.4,27.78,989.1,7.7328948974609375,1.7733306884765625,120.4,984.0,Very Severe Cyclonic Storm,False
2019296N15066,2019,KYAAR:KYARR,AS,2019-10-26 06:00:00,16.6,70.0,27.88,990.7,5.7308349609375,-2.2158355712890625,138.9,978.0,Very Severe Cyclonic Storm,False
2019296N15066,2019,KYAAR:KYARR,AS,2019-10-26 09:00:00,16.6,69.7,27.9,988.2,9.958770751953123,3.992706298828125,148.2,974.0,Very Severe Cyclonic Storm,False
2019296N15066,2019,KYAAR:KYARR,AS,2019-10-26 12:00:00,16.7,69.4,27.95,985.6,-2.69830322265625,5.6803741455078125,157.4,970.0,Very Severe Cyclonic Storm,False
2019296N15066,2019,KYAAR:KYARR,AS,2019-10-26 15:00:00,16.7,69.1,28.03,987.7,-1.5921478271484375,-5.370285034179688,166.7,966.0,Extremely Severe Cyclonic Storm,False
2019296N15066,2019,KYAAR:KYARR,AS,2019-10-26 18:00:00,16.8,68.9,28.03,989.3,-2.926239013671875,11.329330444335938,194.5,950.0,Extremely Severe Cyclonic Storm,False
2019296N15066,2019,KYAAR:KYARR,AS,2019-10-26 21:00:00,16.9,68.5,28.2,987.2,-11.184341430664062,2.0255279541015625,203.7,946.0,Extremely Severe Cyclonic Storm,False
2019296N15066,2019,KYAAR:KYARR,AS,2019-10-27 00:00:00,17.0,68.2,28.01,984.0,-3.87066650390625,4.74591064453125,222.2,934.0,Super Cyclonic Storm,False
2019296N15066,2019,KYAAR:KYARR,AS,2019-10-27 03:00:00,17.1,67.8,27.73,983.5,3.709747314453125,-1.2325592041015625,231.5,928.0,Super Cyclonic Storm,False
2019296N15066,2019,KYAAR:KYARR,AS,2019-10-27 06:00:00,17.3,67.4,27.55,982.1,-5.201416015625,-1.2552337646484375,231.5,928.0,Super Cyclonic Storm,False
2019296N15066,2019,KYAAR:KYARR,AS,2019-10-27 09:00:00,17.4,67.1,27.5,982.4,-0.3282318115234375,-9.535430908203123,240.8,922.0,Super Cyclonic Storm,False
2019296N15066,2019,KYAAR:KYARR,AS,2019-10-27 12:00:00,17.5,66.8,27.49,978.4,3.427886962890625,-1.8560791015625,240.8,922.0,Super Cyclonic Storm,False
2019296N15066,2019,KYAAR:KYARR,AS,2019-10-27 15:00:00,17.6,66.5,27.5,981.7,9.76312255859375,3.7494049072265625,240.8,922.0,Super Cyclonic Storm,False
2019296N15066,2019,KYAAR:KYARR,AS,2019-10-27 18:00:00,17.8,66.3,27.48,981.2,1.3647308349609375,12.611602783203123,240.8,922.0,Super Cyclonic Storm,False
2019296N15066,2019,KYAAR:KYARR,AS,2019-10-27 21:00:00,18.0,65.8,27.4,977.1,-7.578445434570312,2.39471435546875,231.5,926.0,Super Cyclonic Storm,False
2019296N15066,2019,KYAAR:KYARR,AS,2019-10-28 00:00:00,18.2,65.5,27.2,975.4,-13.242462158203123,0.6490325927734375,231.5,928.0,Super Cyclonic Storm,False
2019296N15066,2019,KYAAR:KYARR,AS,2019-10-28 03:00:00,18.2,65.1,27.14,976.5,0.2932586669921875,-13.239959716796877,231.5,928.0,Super Cyclonic Storm,False
2019296N15066,2019,KYAAR:KYARR,AS,2019-10-28 06:00:00,18.3,64.8,27.15,977.3,9.908828735351562,-2.024078369140625,231.5,928.0,Super Cyclonic Storm,False
2019296N15066,2019,KYAAR:KYARR,AS,2019-10-28 09:00:00,18.4,64.5,27.16,975.3,5.5184173583984375,-1.3262786865234375,231.5,928.0,Super Cyclonic Storm,False
2019296N15066,2019,KYAAR:KYARR,AS,2019-10-28 12:00:00,18.5,64.4,27.16,976.1,10.010009765625,17.147674560546875,231.5,928.0,Super Cyclonic Storm,False
2019296N15066,2019,KYAAR:KYARR,AS,2019-10-28 15:00:00,18.7,64.1,27.18,974.8,7.060821533203125,-5.839599609375,231.5,928.0,Super Cyclonic Storm,False
2019296N15066,2019,KYAAR:KYARR,AS,2019-10-28 18:00:00,18.8,64.0,27.18,977.4,9.260650634765623,6.1929931640625,231.5,930.0,Super Cyclonic Storm,False
2019296N15066,2019,KYAAR:KYARR,AS,2019-10-28 21:00:00,18.9,63.8,27.12,975.4,6.434097290039063,1.5587921142578125,231.5,930.0,Super Cyclonic Storm,False
2019296N15066,2019,KYAAR:KYARR,AS,2019-10-29 00:00:00,19.1,63.6,27.02,978.2,9.74700927734375,11.846267700195312,222.2,934.0,Super Cyclonic Storm,False
2019296N15066,2019,KYAAR:KYARR,AS,2019-10-29 03:00:00,19.2,63.4,27.0,985.2,-3.4148712158203125,20.383087158203125,213.0,940.0,Extremely Severe Cyclonic Storm,False
2019296N15066,2019,KYAAR:KYARR,AS,2019-10-29 06:00:00,19.4,63.3,26.98,989.2,-10.45257568359375,14.5042724609375,203.7,946.0,Extremely Severe Cyclonic Storm,False
2019296N15066,2019,KYAAR:KYARR,AS,2019-10-29 09:00:00,19.5,63.1,27.06,988.2,1.0295867919921875,16.635177612304688,194.5,950.0,Extremely Severe Cyclonic Storm,False
2019296N15066,2019,KYAAR:KYARR,AS,2019-10-29 12:00:00,19.6,63.1,27.06,987.1,0.6817779541015625,16.946975708007812,185.2,956.0,Extremely Severe Cyclonic Storm,False
2019296N15066,2019,KYAAR:KYARR,AS,2019-10-29 15:00:00,19.6,62.9,27.06,991.4,-2.3745880126953125,17.11395263671875,185.2,956.0,Extremely Severe Cyclonic Storm,False
2019296N15066,2019,KYAAR:KYARR,AS,2019-10-29 18:00:00,19.6,62.8,27.21,993.0,1.390350341796875,14.8768310546875,175.9,960.0,Extremely Severe Cyclonic Storm,False
2019296N15066,2019,KYAAR:KYARR,AS,2019-10-29 21:00:00,19.6,62.5,27.33,992.3,2.1397705078125,9.99871826171875,166.7,966.0,Extremely Severe Cyclonic Storm,False
2019296N15066,2019,KYAAR:KYARR,AS,2019-10-30 00:00:00,19.6,62.3,26.96,990.8,0.24761962890625,2.36956787109375,157.4,970.0,Very Severe Cyclonic Storm,False
2019296N15066,2019,KYAAR:KYARR,AS,2019-10-30 03:00:00,19.5,62.1,26.92,991.4,-5.583175659179688,-0.7499542236328125,148.2,974.0,Very Severe Cyclonic Storm,False
2019296N15066,2019,KYAAR:KYARR,AS,2019-10-30 06:00:00,19.3,61.8,26.94,993.2,2.174102783203125,1.7398529052734375,138.9,978.0,Very Severe Cyclonic Storm,False
2019296N15066,2019,KYAAR:KYARR,AS,2019-10-30 09:00:00,19.2,61.6,26.98,992.7,-2.834213256835937,1.9331512451171875,129.6,982.0,Very Severe Cyclonic Storm,False
2019296N15066,2019,KYAAR:KYARR,AS,2019-10-30 12:00:00,18.9,61.4,26.93,995.8,0.32586669921875,11.499481201171877,120.4,984.0,Very Severe Cyclonic Storm,False
2019296N15066,2019,KYAAR:KYARR,AS,2019-10-30 15:00:00,18.9,61.1,26.99,998.0,-3.079559326171875,3.4997711181640625,111.1,988.0,Severe Cyclonic Storm,False
2019296N15066,2019,KYAAR:KYARR,AS,2019-10-30 18:00:00,18.7,60.8,27.17,1000.3,-2.6597900390625,4.743438720703125,101.9,990.0,Severe Cyclonic Storm,False
2019296N15066,2019,KYAAR:KYARR,AS,2019-10-30 21:00:00,18.5,60.5,27.35,1000.2,-0.12872314453125,4.736236572265625,101.9,991.0,Severe Cyclonic Storm,False
2019296N15066,2019,KYAAR:KYARR,AS,2019-10-31 00:00:00,18.3,60.4,27.64,1000.6,-1.602996826171875,8.7950439453125,92.6,994.0,Severe Cyclonic Storm,False
2019296N15066,2019,KYAAR:KYARR,AS,2019-10-31 03:00:00,18.0,60.1,27.77,1002.6,0.2191314697265625,3.85333251953125,83.3,996.0,Cyclonic Storm,False
2019296N15066,2019,KYAAR:KYARR,AS,2019-10-31 06:00:00,17.7,60.0,27.84,1004.9,0.64068603515625,7.058364868164063,74.1,998.0,Cyclonic Storm,False
2019296N15066,2019,KYAAR:KYARR,AS,2019-10-31 09:00:00,17.5,59.9,27.89,1003.3,2.3456268310546875,8.075119018554688,74.1,998.0,Cyclonic Storm,False
2019296N15066,2019,KYAAR:KYARR,AS,2019-10-31 12:00:00,17.4,59.9,27.89,1002.3,0.4551849365234375,5.35174560546875,64.8,999.0,Cyclonic Storm,False
2019296N15066,2019,KYAAR:KYARR,AS,2019-10-31 15:00:00,17.2,59.7,27.83,1003.1,0.222930908203125,1.8157501220703125,55.6,1001.0,Deep Depression,True
2019296N15066,2019,KYAAR:KYARR,AS,2019-10-31 18:00:00,16.9,59.6,27.95,1004.2,-0.8045501708984375,0.8425445556640625,55.6,1001.0,Deep Depression,True
2019296N15066,2019,KYAAR:KYARR,AS,2019-10-31 21:00:00,16.7,59.5,27.97,1003.3,0.5430755615234375,1.578887939453125,55.6,1001.0,Deep Depression,True
2019296N15066,2019,KYAAR:KYARR,AS,2019-11-01 00:00:00,16.5,59.3,27.85,1003.1,-0.200469970703125,0.03778076171875,46.3,1002.0,Depression,True
2019296N15066,2019,KYAAR:KYARR,AS,2019-11-01 03:00:00,16.2,59.0,27.76,1004.7,-3.4686431884765625,-1.180023193359375,46.3,1002.0,Depression,True
2019296N15066,2019,KYAAR:KYARR,AS,2019-11-01 06:00:00,16.0,58.6,27.73,1005.8,-5.2572021484375,-2.9808349609375,46.3,1002.0,Depression,True
2019296N15066,2019,KYAAR:KYARR,AS,2019-11-01 09:00:00,15.7,58.2,27.76,1003.0,-6.3712005615234375,-4.06268310546875,46.3,1002.0,Depression,True
2019296N15066,2019,KYAAR:KYARR,AS,2019-11-01 12:00:00,15.4,57.6,27.96,1003.4,-5.24603271484375,-7.160690307617188,46.3,1002.0,Depression,True
2019296N15066,2019,KYAAR:KYARR,AS,2019-11-01 15:00:00,14.9,57.4,28.07,1004.6,-3.746063232421875,-6.9202423095703125,46.3,1002.0,Depression,True
2019296N15066,2019,KYAAR:KYARR,AS,2019-11-01 18:00:00,14.4,57.1,28.28,1005.9,-2.0469970703125,-7.5712432861328125,46.3,1002.0,Depression,True
2019296N15066,2019,KYAAR:KYARR,AS,2019-11-01 21:00:00,14.0,56.6,28.62,1004.8,0.01519775390625,-7.881484985351562,46.3,1002.0,Depression,True
2019296N15066,2019,KYAAR:KYARR,AS,2019-11-02 00:00:00,13.8,56.1,28.86,1004.2,-2.888824462890625,-5.8467559814453125,46.3,1002.0,Depression,True
2019296N15066,2019,KYAAR:KYARR,AS,2019-11-02 03:00:00,13.6,55.2,28.49,1006.9,-4.2982940673828125,-7.1593780517578125,46.3,1003.0,Depression,True
2019296N15066,2019,KYAAR:KYARR,AS,2019-11-02 06:00:00,13.3,54.3,28.36,1009.6,-3.992523193359375,-8.9744873046875,46.3,1003.0,Depression,True
2019296N15066,2019,KYAAR:KYARR,AS,2019-11-02 09:00:00,12.9,53.8,28.22,1007.6,-3.1761016845703125,-9.19073486328125,46.3,1003.0,Depression,True
2019296N15066,2019,KYAAR:KYARR,AS,2019-11-02 12:00:00,12.6,53.0,28.0,1006.9,-3.9328765869140634,-9.750350952148438,37.0,1003.0,Depression,True
2019296N15066,2019,KYAAR:KYARR,AS,2019-11-02 15:00:00,12.1,52.3,27.94,1009.1,-1.34613037109375,-7.840789794921875,37.0,1003.0,Depression,True
2019335N05058,2019,PAWAN,AS,2019-12-02 12:00:00,5.9,56.8,28.47,1001.1,-3.584869384765625,-9.06585693359375,46.3,1003.0,Depression,True
2019335N05058,2019,PAWAN,AS,2019-12-02 15:00:00,6.0,56.8,28.47,1002.1,5.221466064453125,-7.915496826171875,46.3,1003.0,Depression,True
2019335N05058,2019,PAWAN,AS,2019-12-02 18:00:00,6.2,56.8,28.55,1000.9,4.4345245361328125,-8.012435913085938,46.3,1002.0,Depression,True
2019335N05058,2019,PAWAN,AS,2019-12-02 21:00:00,6.3,56.8,28.55,999.7,5.9070892333984375,-4.87347412109375,51.9,1002.0,Deep Depression,True
2019335N05058,2019,PAWAN,AS,2019-12-03 00:00:00,6.5,56.9,28.09,998.7,3.3369293212890625,-3.6081695556640634,55.6,1001.0,Deep Depression,True
2019335N05058,2019,PAWAN,AS,2019-12-03 03:00:00,6.7,56.9,28.0,1000.5,-2.2587127685546875,-0.8672637939453125,55.6,1000.0,Deep Depression,True
2019335N05058,2019,PAWAN,AS,2019-12-03 06:00:00,6.9,56.9,27.91,1002.1,-1.708099365234375,-1.4128570556640625,55.6,1000.0,Deep Depression,True
2019335N05058,2019,PAWAN,AS,2019-12-03 09:00:00,7.0,56.9,27.91,999.8,-0.989105224609375,-4.5032958984375,55.6,1000.0,Deep Depression,True
2019335N05058,2019,PAWAN,AS,2019-12-03 12:00:00,7.0,57.0,27.91,999.9,-2.9931182861328125,-6.963043212890625,55.6,1000.0,Deep Depression,True
2019335N05058,2019,PAWAN,AS,2019-12-03 15:00:00,7.0,57.0,27.91,1001.9,0.24615478515625,-7.779632568359375,55.6,1000.0,Deep Depression,True
2019335N05058,2019,PAWAN,AS,2019-12-03 18:00:00,7.1,57.1,27.91,1002.7,2.5372772216796875,-5.207611083984375,55.6,1000.0,Deep Depression,True
2019335N05058,2019,PAWAN,AS,2019-12-03 21:00:00,7.2,57.1,27.86,1001.5,0.4712677001953125,-2.534515380859375,55.6,1000.0,Deep Depression,True
2019335N05058,2019,PAWAN,AS,2019-12-04 00:00:00,7.3,57.1,28.13,1001.4,-2.15667724609375,-0.9105072021484376,55.6,1000.0,Deep Depression,True
2019335N05058,2019,PAWAN,AS,2019-12-04 03:00:00,7.4,57.1,28.08,1002.8,-1.4163360595703125,2.657333374023437,55.6,1000.0,Deep Depression,True
2019335N05058,2019,PAWAN,AS,2019-12-04 06:00:00,7.5,57.1,28.08,1004.1,3.51177978515625,2.968902587890625,55.6,1000.0,Deep Depression,True
2019335N05058,2019,PAWAN,AS,2019-12-04 09:00:00,7.6,57.0,28.08,1002.1,5.364501953125,0.9446258544921876,55.6,1000.0,Deep Depression,True
2019335N05058,2019,PAWAN,AS,2019-12-04 12:00:00,7.8,56.9,27.99,1001.3,4.973388671875,-0.72747802734375,55.6,1000.0,Deep Depression,True
2019335N05058,2019,PAWAN,AS,2019-12-04 15:00:00,8.1,56.9,27.97,1004.0,2.970001220703125,2.455322265625,55.6,1000.0,Deep Depression,True
2019335N05058,2019,PAWAN,AS,2019-12-04 18:00:00,8.6,56.9,27.91,1005.2,-0.8086700439453125,6.5865325927734375,55.6,1000.0,Deep Depression,True
2019335N05058,2019,PAWAN,AS,2019-12-04 21:00:00,9.0,56.7,27.79,1003.5,-2.80450439453125,6.455718994140625,61.1,1000.0,Deep Depression,True
2019335N05058,2019,PAWAN,AS,2019-12-05 00:00:00,9.3,56.6,27.63,1002.8,-5.5335235595703125,4.166839599609375,64.8,999.0,Cyclonic Storm,False
2019335N05058,2019,PAWAN,AS,2019-12-05 03:00:00,9.3,56.4,27.63,1005.2,-5.227706909179688,6.307342529296875,64.8,999.0,Cyclonic Storm,False
2019335N05058,2019,PAWAN,AS,2019-12-05 06:00:00,9.4,56.1,27.5,1006.5,-5.768112182617188,7.466644287109375,64.8,999.0,Cyclonic Storm,False
2019335N05058,2019,PAWAN,AS,2019-12-05 09:00:00,9.3,55.4,27.56,1004.2,-4.649093627929688,3.563140869140625,64.8,999.0,Cyclonic Storm,False
2019335N05058,2019,PAWAN,AS,2019-12-05 12:00:00,9.3,55.0,27.43,1003.8,-2.738616943359375,1.5927581787109375,74.1,998.0,Cyclonic Storm,False
2019335N05058,2019,PAWAN,AS,2019-12-05 15:00:00,9.1,54.7,27.44,1006.1,-3.9835205078125,2.9226226806640625,64.8,999.0,Cyclonic Storm,False
2019335N05058,2019,PAWAN,AS,2019-12-05 18:00:00,8.9,54.3,27.3,1007.1,-4.9744873046875,1.417724609375,64.8,999.0,Cyclonic Storm,False
2019335N05058,2019,PAWAN,AS,2019-12-05 21:00:00,8.6,53.9,27.29,1005.4,-2.3963775634765625,3.365447998046875,64.8,999.0,Cyclonic Storm,False
2019335N05058,2019,PAWAN,AS,2019-12-06 00:00:00,8.3,53.4,26.9,1004.7,-3.633834838867188,2.821029663085937,64.8,999.0,Cyclonic Storm,False
2019335N05058,2019,PAWAN,AS,2019-12-06 03:00:00,8.1,53.1,26.99,1006.5,-0.405242919921875,-0.73382568359375,64.8,999.0,Cyclonic Storm,False
2019335N05058,2019,PAWAN,AS,2019-12-06 06:00:00,8.0,52.8,26.93,1007.6,-2.13726806640625,3.061874389648437,64.8,999.0,Cyclonic Storm,False
2019335N05058,2019,PAWAN,AS,2019-12-06 09:00:00,7.9,52.5,26.86,1005.2,-1.339874267578125,3.784225463867188,64.8,999.0,Cyclonic Storm,False
2019335N05058,2019,PAWAN,AS,2019-12-06 12:00:00,7.9,52.2,26.83,1005.8,-8.507415771484375,3.4052734375,64.8,999.0,Cyclonic Storm,False
2019335N05058,2019,PAWAN,AS,2019-12-06 15:00:00,7.8,51.6,27.13,1007.5,-4.345855712890625,0.7779693603515625,64.8,999.0,Cyclonic Storm,False
2019335N05058,2019,PAWAN,AS,2019-12-06 18:00:00,7.8,51.1,26.8,1008.3,-5.8983154296875,2.9026641845703125,64.8,999.0,Cyclonic Storm,False
2019335N05058,2019,PAWAN,AS,2019-12-06 21:00:00,7.7,50.6,26.72,1007.9,-6.695159912109375,2.2237091064453125,64.8,999.0,Cyclonic Storm,False
2019335N05058,2019,PAWAN,AS,2019-12-07 00:00:00,7.7,49.8,27.07,1007.2,-8.586029052734375,2.6768951416015625,64.8,999.0,Cyclonic Storm,False
2019335N05058,2019,PAWAN,AS,2019-12-07 03:00:00,7.6,49.4,27.0,1009.0,-8.994705200195312,5.2686920166015625,55.6,1000.0,Deep Depression,True
2019335N05058,2019,PAWAN,AS,2019-12-07 06:00:00,7.5,48.9,27.0,1011.3,-9.776763916015623,3.39471435546875,55.6,1001.0,Deep Depression,True
2019335N05058,2019,PAWAN,AS,2019-12-07 09:00:00,7.4,48.5,27.0,1009.7,-7.3205718994140625,1.646026611328125,46.3,1003.0,Depression,True
2019342N09062,2019,UNNAMED,AS,2019-12-08 09:00:00,9.4,62.2,28.33,1007.1,-4.5780029296875,1.070526123046875,46.3,1002.0,Depression,True
2019342N09062,2019,UNNAMED,AS,2019-12-08 12:00:00,9.6,61.6,28.05,1007.4,-2.03094482421875,-5.2445220947265625,46.3,1002.0,Depression,True
2019342N09062,2019,UNNAMED,AS,2019-12-08 15:00:00,9.8,61.2,27.99,1008.8,-1.495697021484375,1.458648681640625,46.3,1002.0,Depression,True
2019342N09062,2019,UNNAMED,AS,2019-12-08 18:00:00,10.0,61.0,27.97,1010.1,-5.284454345703125,3.499237060546875,46.3,1002.0,Depression,True
2019342N09062,2019,UNNAMED,AS,2019-12-08 21:00:00,10.2,60.7,27.96,1009.4,-9.20684814453125,6.721405029296875,51.9,1001.0,Deep Depression,True
2019342N09062,2019,UNNAMED,AS,2019-12-09 00:00:00,10.4,60.4,28.01,1009.3,-9.152603149414062,6.6879425048828125,55.6,1000.0,Deep Depression,True
2019342N09062,2019,UNNAMED,AS,2019-12-09 03:00:00,10.5,60.0,27.95,1011.1,-6.3403167724609375,6.4331817626953125,55.6,1000.0,Deep Depression,True
2019342N09062,2019,UNNAMED,AS,2019-12-09 06:00:00,10.6,59.4,27.79,1013.0,-7.530105590820312,6.124771118164063,55.6,1000.0,Deep Depression,True
2019342N09062,2019,UNNAMED,AS,2019-12-09 09:00:00,10.6,59.0,27.92,1010.9,-7.830291748046875,4.508697509765625,51.9,1001.0,Deep Depression,True
2019342N09062,2019,UNNAMED,AS,2019-12-09 12:00:00,10.6,58.5,28.23,1009.1,-6.867340087890625,4.5791778564453125,46.3,1002.0,Depression,True
2019342N09062,2019,UNNAMED,AS,2019-12-09 15:00:00,10.6,57.8,27.98,1011.0,-6.15289306640625,3.803787231445313,46.3,1002.0,Depression,True
2019342N09062,2019,UNNAMED,AS,2019-12-09 18:00:00,10.6,57.0,27.64,1011.7,-6.935470581054688,3.438232421875,46.3,1002.0,Depression,True
2019342N09062,2019,UNNAMED,AS,2019-12-09 21:00:00,10.6,56.3,27.45,1010.7,-6.8388519287109375,2.547637939453125,46.3,1002.0,Depression,True
2019342N09062,2019,UNNAMED,AS,2019-12-10 00:00:00,10.6,55.7,27.76,1010.3,-6.89031982421875,1.877288818359375,46.3,1002.0,Depression,True
2019342N09062,2019,UNNAMED,AS,2019-12-10 03:00:00,10.6,55.2,27.72,1011.3,-8.043182373046875,1.7003631591796875,46.3,1002.0,Depression,True
2020136N10088,2020,AMPHAN,BB,2020-05-16 00:00:00,9.8,86.4,30.35,998.4,7.813568115234375,5.5941162109375,46.3,1000.0,Depression,True
2020136N10088,2020,AMPHAN,BB,2020-05-16 03:00:00,10.1,86.2,30.43,998.0,6.180435180664063,3.113861083984375,46.3,1000.0,Depression,True
2020136N10088,2020,AMPHAN,BB,2020-05-16 06:00:00,10.3,86.1,30.46,996.2,-1.2631988525390625,3.568466186523437,46.3,1000.0,Depression,True
2020136N10088,2020,AMPHAN,BB,2020-05-16 09:00:00,10.5,86.1,30.47,993.8,-6.3140411376953125,2.9525299072265625,55.6,998.0,Deep Depression,True
2020136N10088,2020,AMPHAN,BB,2020-05-16 12:00:00,10.6,86.2,30.4,991.3,-3.2642974853515625,11.488479614257812,64.8,996.0,Cyclonic Storm,False
2020136N10088,2020,AMPHAN,BB,2020-05-16 15:00:00,10.8,86.1,30.53,990.0,-6.299560546875,5.5841064453125,74.1,995.0,Cyclonic Storm,False
2020136N10088,2020,AMPHAN,BB,2020-05-16 18:00:00,10.9,86.1,30.59,988.8,-12.231430053710938,2.499969482421875,74.1,995.0,Cyclonic Storm,False
2020136N10088,2020,AMPHAN,BB,2020-05-16 21:00:00,11.1,86.1,30.59,984.9,-5.61651611328125,1.9306488037109373,83.3,994.0,Cyclonic Storm,False
2020136N10088,2020,AMPHAN,BB,2020-05-17 00:00:00,11.2,86.1,30.35,980.9,-12.303436279296877,-3.7173919677734375,83.3,993.0,Cyclonic Storm,False
2020136N10088,2020,AMPHAN,BB,2020-05-17 03:00:00,11.3,86.1,30.35,978.9,-1.121826171875,-8.634963989257812,92.6,990.0,Severe Cyclonic Storm,False
2020136N10088,2020,AMPHAN,BB,2020-05-17 06:00:00,11.5,86.2,30.34,977.9,5.540283203125,-1.3241729736328125,101.9,988.0,Severe Cyclonic Storm,False
2020136N10088,2020,AMPHAN,BB,2020-05-17 09:00:00,11.6,86.2,30.34,979.1,21.086212158203125,0.45733642578125,120.4,980.0,Very Severe Cyclonic Storm,False
2020136N10088,2020,AMPHAN,BB,2020-05-17 12:00:00,11.9,86.2,30.39,974.7,8.674163818359375,-1.7761383056640625,129.6,978.0,Very Severe Cyclonic Storm,False
2020136N10088,2020,AMPHAN,BB,2020-05-17 15:00:00,12.5,86.4,30.32,975.0,-11.714630126953123,4.6109619140625,138.9,972.0,Very Severe Cyclonic Storm,False
2020136N10088,2020,AMPHAN,BB,2020-05-17 18:00:00,12.5,86.4,30.32,974.9,8.874313354492188,8.244705200195312,148.2,970.0,Very Severe Cyclonic Storm,False
2020136N10088,2020,AMPHAN,BB,2020-05-17 21:00:00,12.9,86.5,30.52,971.4,-4.0067291259765625,8.887786865234375,166.7,962.0,Extremely Severe Cyclonic Storm,False
2020136N10088,2020,AMPHAN,BB,2020-05-18 00:00:00,13.2,86.4,29.61,969.7,-12.213241577148438,11.664703369140623,185.2,952.0,Extremely Severe Cyclonic Storm,False
2020136N10088,2020,AMPHAN,BB,2020-05-18 03:00:00,13.3,86.2,29.63,967.5,1.99578857421875,-1.0614166259765625,213.0,936.0,Extremely Severe Cyclonic Storm,False
2020136N10088,2020,AMPHAN,BB,2020-05-18 06:00:00,13.4,86.2,29.73,966.2,6.3858489990234375,3.64306640625,222.2,930.0,Super Cyclonic Storm,False
2020136N10088,2020,AMPHAN,BB,2020-05-18 09:00:00,13.7,86.2,29.83,962.7,6.504486083984375,5.095138549804688,222.2,930.0,Super Cyclonic Storm,False
2020136N10088,2020,AMPHAN,BB,2020-05-18 12:00:00,14.1,86.4,29.98,959.5,-0.518280029296875,11.19873046875,231.5,926.0,Super Cyclonic Storm,False
2020136N10088,2020,AMPHAN,BB,2020-05-18 15:00:00,14.5,86.5,30.09,960.6,-6.419677734375,3.789108276367188,231.5,926.0,Super Cyclonic Storm,False
2020136N10088,2020,AMPHAN,BB,2020-05-18 18:00:00,14.9,86.6,30.54,958.6,-8.442092895507812,1.3292236328125,240.8,920.0,Super Cyclonic Storm,False
2020136N10088,2020,AMPHAN,BB,2020-05-18 21:00:00,15.2,86.7,30.56,956.0,4.88214111328125,11.9541015625,240.8,920.0,Super Cyclonic Storm,False
2020136N10088,2020,AMPHAN,BB,2020-05-19 00:00:00,15.6,86.8,30.18,953.0,16.36865234375,5.7901458740234375,231.5,926.0,Super Cyclonic Storm,False
2020136N10088,2020,AMPHAN,BB,2020-05-19 03:00:00,16.0,86.9,30.32,953.2,10.558761596679688,17.80682373046875,222.2,930.0,Super Cyclonic Storm,False
2020136N10088,2020,AMPHAN,BB,2020-05-19 06:00:00,16.5,87.0,30.59,951.1,11.402923583984377,15.167312622070312,213.0,936.0,Extremely Severe Cyclonic Storm,False
2020136N10088,2020,AMPHAN,BB,2020-05-19 09:00:00,16.9,87.0,30.74,944.8,9.919509887695312,16.454696655273438,203.7,942.0,Extremely Severe Cyclonic Storm,False
2020136N10088,2020,AMPHAN,BB,2020-05-19 12:00:00,17.3,87.1,30.82,951.5,15.557647705078123,-1.075836181640625,194.5,946.0,Extremely Severe Cyclonic Storm,False
2020136N10088,2020,AMPHAN,BB,2020-05-19 15:00:00,17.9,87.1,31.3,959.9,-16.702224731445312,-6.866790771484375,185.2,948.0,Extremely Severe Cyclonic Storm,False
2020136N10088,2020,AMPHAN,BB,2020-05-19 18:00:00,18.3,87.2,31.41,959.2,-3.269927978515625,10.871292114257812,185.2,948.0,Extremely Severe Cyclonic Storm,False
2020136N10088,2020,AMPHAN,BB,2020-05-19 21:00:00,18.7,87.3,31.32,958.0,-8.036514282226562,9.79144287109375,185.2,948.0,Extremely Severe Cyclonic Storm,False
2020136N10088,2020,AMPHAN,BB,2020-05-20 00:00:00,19.2,87.5,29.63,961.2,-0.8614501953125,0.3629608154296875,175.9,952.0,Extremely Severe Cyclonic Storm,False
2020136N10088,2020,AMPHAN,BB,2020-05-20 03:00:00,19.8,87.7,29.21,964.3,10.326080322265623,15.952301025390623,175.9,954.0,Extremely Severe Cyclonic Storm,False
2020136N10088,2020,AMPHAN,BB,2020-05-20 06:00:00,20.6,88.0,29.32,969.1,5.912521362304688,15.3541259765625,166.7,956.0,Extremely Severe Cyclonic Storm,False
2020136N10088,2020,AMPHAN,BB,2020-05-20 09:00:00,21.4,88.1,30.54,965.4,-12.858657836914062,9.993255615234377,166.7,960.0,Extremely Severe Cyclonic Storm,False
2020136N10088,2020,AMPHAN,BB,2020-05-20 12:00:00,22.1,88.4,,972.5,-4.958663940429688,12.268341064453123,157.4,957.0,Very Severe Cyclonic Storm,False
2020136N10088,2020,AMPHAN,BB,2020-05-20 15:00:00,22.8,88.6,,977.7,-7.8808135986328125,4.42486572265625,120.4,968.0,Very Severe Cyclonic Storm,False
2020136N10088,2020,AMPHAN,BB,2020-05-20 18:00:00,23.5,89.1,,985.8,-10.668731689453123,5.781829833984375,92.6,978.0,Severe Cyclonic Storm,False
2020136N10088,2020,AMPHAN,BB,2020-05-20 21:00:00,24.3,89.3,,989.0,-10.263809204101562,1.595184326171875,83.3,986.0,Cyclonic Storm,False
2020136N10088,2020,AMPHAN,BB,2020-05-21 00:00:00,24.6,89.6,,991.5,-8.3555908203125,4.469985961914063,74.1,988.0,Cyclonic Storm,False
2020136N10088,2020,AMPHAN,BB,2020-05-21 03:00:00,25.1,89.9,,996.9,-7.3413238525390625,1.43988037109375,64.8,990.0,Cyclonic Storm,False
2020136N10088,2020,AMPHAN,BB,2020-05-21 06:00:00,25.4,90.1,,999.0,-5.5320587158203125,-0.922149658203125,55.6,992.0,Deep Depression,False
2020136N10088,2020,AMPHAN,BB,2020-05-21 09:00:00,25.2,89.6,,997.2,-4.0880889892578125,-0.314910888671875,46.3,994.0,Depression,False
2020136N10088,2020,AMPHAN,BB,2020-05-21 12:00:00,25.4,89.6,,998.6,-5.490524291992188,-3.157135009765625,37.0,995.0,Depression,False
2020150N17054,2020,UNNAMED,AS,2020-05-29 09:00:00,17.3,54.3,,1003.8,0.2686614990234375,-4.79461669921875,46.3,1000.0,Depression,False
2020150N17054,2020,UNNAMED,AS,2020-05-29 12:00:00,17.3,54.3,,1001.2,0.2996063232421875,-5.1888580322265625,46.3,1000.0,Depression,False
2020150N17054,2020,UNNAMED,AS,2020-05-29 15:00:00,17.3,54.3,,999.5,-1.227508544921875,-8.510818481445312,46.3,1000.0,Depression,False
2020150N17054,2020,UNNAMED,AS,2020-05-29 18:00:00,17.3,54.3,,1001.7,-5.774383544921875,-5.53790283203125,46.3,1000.0,Depression,False
2020150N17054,2020,UNNAMED,AS,2020-05-29 21:00:00,17.3,54.2,,998.8,2.6527099609375,-9.435501098632812,46.3,1000.0,Depression,False
2020150N17054,2020,UNNAMED,AS,2020-05-30 00:00:00,17.3,54.2,,996.7,8.038253784179688,-9.176010131835938,46.3,1000.0,Depression,False
2020150N17054,2020,UNNAMED,AS,2020-05-30 03:00:00,17.3,54.2,,998.0,7.029953002929688,-0.9477691650390624,46.3,1000.0,Depression,False
2020150N17054,2020,UNNAMED,AS,2020-05-30 06:00:00,17.2,54.0,,1000.6,8.294509887695312,-2.8131103515625,46.3,1000.0,Depression,False
2020150N17054,2020,UNNAMED,AS,2020-05-30 09:00:00,17.2,54.0,,999.5,8.910308837890625,-1.0639190673828125,46.3,1000.0,Depression,False
2020150N17054,2020,UNNAMED,AS,2020-05-30 12:00:00,17.2,54.0,,997.2,8.63299560546875,3.9036865234375,46.3,1000.0,Depression,False
2020150N17054,2020,UNNAMED,AS,2020-05-30 15:00:00,17.2,54.0,,998.9,9.2882080078125,5.9150390625,46.3,1000.0,Depression,False
2020150N17054,2020,UNNAMED,AS,2020-05-30 18:00:00,17.2,54.0,,1001.2,7.783584594726562,7.047409057617188,46.3,1000.0,Depression,False
2020150N17054,2020,UNNAMED,AS,2020-05-30 21:00:00,17.1,53.9,,1001.4,5.141448974609375,6.443572998046875,46.3,1000.0,Depression,False
2020150N17054,2020,UNNAMED,AS,2020-05-31 00:00:00,17.1,53.8,,1000.3,4.91571044921875,7.16070556640625,46.3,1000.0,Depression,False
2020150N17054,2020,UNNAMED,AS,2020-05-31 03:00:00,17.1,53.8,,1001.5,4.502944946289063,9.016220092773438,46.3,1000.0,Depression,False
2020150N17054,2020,UNNAMED,AS,2020-05-31 06:00:00,17.0,53.5,,1002.2,5.7118072509765625,8.572586059570312,46.3,1000.0,Depression,False
2020150N17054,2020,UNNAMED,AS,2020-05-31 09:00:00,16.9,53.3,,1000.1,6.949478149414063,6.554290771484375,46.3,1000.0,Depression,False
2020150N17054,2020,UNNAMED,AS,2020-05-31 12:00:00,16.9,53.1,,998.7,4.9716644287109375,6.035858154296875,46.3,1000.0,Depression,False
2020150N17054,2020,UNNAMED,AS,2020-05-31 15:00:00,16.9,53.0,,1001.0,-2.1538238525390625,7.113449096679688,46.3,1000.0,Depression,False
2020150N17054,2020,UNNAMED,AS,2020-05-31 18:00:00,16.8,52.9,,1005.0,-1.691741943359375,4.4495849609375,46.3,1000.0,Depression,False
2020153N13072,2020,NISARGA,AS,2020-06-01 00:00:00,13.0,71.6,30.41,1007.1,-0.7351226806640625,-1.30242919921875,46.3,1004.0,Depression,True
2020153N13072,2020,NISARGA,AS,2020-06-01 03:00:00,13.1,71.4,30.41,1007.9,-1.707366943359375,-0.4296875,46.3,1004.0,Depression,True
2020153N13072,2020,NISARGA,AS,2020-06-01 06:00:00,13.4,71.2,30.45,1008.8,-0.4886627197265625,-0.9638519287109376,46.3,1004.0,Depression,True
2020153N13072,2020,NISARGA,AS,2020-06-01 09:00:00,13.7,71.1,30.5,1006.1,3.6372222900390634,1.2830047607421875,46.3,1004.0,Depression,True
2020153N13072,2020,NISARGA,AS,2020-06-01 12:00:00,14.0,71.1,30.48,1003.8,4.2286376953125,4.225494384765625,46.3,1003.0,Depression,True
2020153N13072,2020,NISARGA,AS,2020-06-01 15:00:00,14.2,71.2,30.46,1003.9,-3.315414428710937,5.222930908203125,46.3,1003.0,Depression,True
2020153N13072,2020,NISARGA,AS,2020-06-01 18:00:00,14.4,71.2,30.45,1003.6,-4.125,0.6758270263671875,46.3,1003.0,Depression,True
2020153N13072,2020,NISARGA,AS,2020-06-01 21:00:00,14.7,71.2,30.46,1001.0,-3.952560424804688,1.0653076171875,51.9,1002.0,Deep Depression,True
2020153N13072,2020,NISARGA,AS,2020-06-02 00:00:00,15.0,71.3,30.41,999.3,-5.653366088867188,-1.091064453125,55.6,1000.0,Deep Depression,True
2020153N13072,2020,NISARGA,AS,2020-06-02 03:00:00,15.3,71.3,30.39,999.2,7.86370849609375,-0.802032470703125,55.6,1000.0,Deep Depression,True
2020153N13072,2020,NISARGA,AS,2020-06-02 06:00:00,15.7,71.3,30.5,996.8,1.537109375,2.24322509765625,64.8,999.0,Cyclonic Storm,False
2020153N13072,2020,NISARGA,AS,2020-06-02 09:00:00,16.0,71.3,30.53,992.8,1.63507080078125,-1.8140716552734373,64.8,999.0,Cyclonic Storm,False
2020153N13072,2020,NISARGA,AS,2020-06-02 12:00:00,16.3,71.4,30.45,994.2,-11.9429931640625,2.876312255859375,74.1,996.0,Cyclonic Storm,False
2020153N13072,2020,NISARGA,AS,2020-06-02 15:00:00,16.2,71.5,30.45,993.9,5.018585205078125,-5.643402099609375,74.1,996.0,Cyclonic Storm,False
2020153N13072,2020,NISARGA,AS,2020-06-02 18:00:00,16.8,71.6,30.41,995.2,-2.68023681640625,-13.24163818359375,74.1,996.0,Cyclonic Storm,False
2020153N13072,2020,NISARGA,AS,2020-06-02 21:00:00,17.0,71.9,30.25,989.3,0.542877197265625,-7.06732177734375,83.3,994.0,Cyclonic Storm,False
2020153N13072,2020,NISARGA,AS,2020-06-03 00:00:00,17.3,72.1,30.17,987.8,3.899322509765625,-6.33740234375,92.6,992.0,Severe Cyclonic Storm,False
2020153N13072,2020,NISARGA,AS,2020-06-03 03:00:00,17.6,72.4,30.43,988.4,1.811798095703125,8.116867065429688,101.9,988.0,Severe Cyclonic Storm,False
2020153N13072,2020,NISARGA,AS,2020-06-03 06:00:00,18.1,72.9,,990.2,-1.1245574951171875,8.567672729492188,111.1,984.0,Severe Cyclonic Storm,False
2020153N13072,2020,NISARGA,AS,2020-06-03 09:00:00,18.5,73.2,,990.2,-1.6708221435546875,4.3206939697265625,101.9,992.0,Severe Cyclonic Storm,False
2020153N13072,2020,NISARGA,AS,2020-06-03 12:00:00,19.1,73.7,,992.6,-1.2098388671875,7.9863739013671875,74.1,998.0,Cyclonic Storm,False
2020153N13072,2020,NISARGA,AS,2020-06-03 15:00:00,19.6,74.0,,995.3,3.4037628173828125,2.858139038085937,55.6,1000.0,Deep Depression,False
2020153N13072,2020,NISARGA,AS,2020-06-03 18:00:00,20.0,74.7,,997.1,-0.964813232421875,5.90679931640625,55.6,1001.0,Deep Depression,False
2020153N13072,2020,NISARGA,AS,2020-06-03 21:00:00,20.3,75.3,,997.1,3.613983154296875,4.038131713867188,51.9,1003.0,Deep Depression,False
2020153N13072,2020,NISARGA,AS,2020-06-04 00:00:00,20.9,76.0,,996.2,-1.35699462890625,2.686187744140625,46.3,1004.0,Depression,False
2020153N13072,2020,NISARGA,AS,2020-06-04 03:00:00,21.5,76.8,,998.6,-1.0423126220703125,4.8923187255859375,37.0,1005.0,Depression,False
2020153N13072,2020,NISARGA,AS,2020-06-04 06:00:00,22.2,77.6,,1000.1,-1.3865966796875,3.7937164306640634,37.0,1005.0,Depression,False
2020291N18069,2020,UNNAMED,AS,2020-10-17 03:00:00,17.8,69.0,28.67,1001.2,1.4197845458984375,9.039413452148438,37.0,1004.0,Depression,True
2020291N18069,2020,UNNAMED,AS,2020-10-17 06:00:00,17.8,68.2,28.7,1001.3,3.2914581298828125,9.395111083984377,37.0,1004.0,Depression,True
2020291N18069,2020,UNNAMED,AS,2020-10-17 09:00:00,17.8,67.8,28.68,997.8,1.3986663818359375,8.546173095703125,42.6,1004.0,Depression,True
2020291N18069,2020,UNNAMED,AS,2020-10-17 12:00:00,17.8,67.5,28.71,998.2,-0.2528533935546875,5.573013305664063,46.3,1003.0,Depression,True
2020291N18069,2020,UNNAMED,AS,2020-10-17 15:00:00,17.8,67.1,28.84,999.4,1.144287109375,-0.144317626953125,46.3,1003.0,Depression,True
2020291N18069,2020,UNNAMED,AS,2020-10-17 18:00:00,17.8,66.8,28.81,1001.2,1.6318359375,-1.0776519775390625,46.3,1003.0,Depression,True
2020291N18069,2020,UNNAMED,AS,2020-10-17 21:00:00,17.8,66.7,28.81,1000.7,4.151290893554688,5.63165283203125,46.3,1003.0,Depression,True
2020291N18069,2020,UNNAMED,AS,2020-10-18 00:00:00,17.8,66.4,28.6,1001.2,4.234664916992188,3.4713134765625,46.3,1003.0,Depression,True
2020291N18069,2020,UNNAMED,AS,2020-10-18 03:00:00,17.8,65.8,28.47,1003.4,6.774703979492188,3.042694091796875,37.0,1004.0,Depression,True
2020291N18069,2020,UNNAMED,AS,2020-10-18 06:00:00,17.8,65.3,28.53,1004.9,6.053436279296875,6.0334014892578125,37.0,1004.0,Depression,True
2020291N18069,2020,UNNAMED,AS,2020-10-18 09:00:00,17.8,65.0,28.58,1002.2,4.594512939453125,5.9599151611328125,37.0,1004.0,Depression,True
2020291N18069,2020,UNNAMED,AS,2020-10-18 12:00:00,17.8,64.8,28.54,1001.9,0.8047943115234375,4.2472076416015625,37.0,1004.0,Depression,True
2020291N18069,2020,UNNAMED,AS,2020-10-18 15:00:00,17.8,64.6,28.61,1003.2,-1.580230712890625,6.1251373291015625,37.0,1004.0,Depression,True
2020291N18069,2020,UNNAMED,AS,2020-10-18 18:00:00,17.8,64.3,28.65,1004.1,-2.0290069580078125,6.125335693359375,37.0,1004.0,Depression,True
2020296N19087,2020,UNNAMED,BB,2020-10-22 03:00:00,18.7,87.0,29.47,1002.9,0.2190399169921875,7.132003784179688,37.0,999.0,Depression,True
2020296N19087,2020,UNNAMED,BB,2020-10-22 06:00:00,19.0,87.0,29.57,1001.9,-0.37261962890625,3.76104736328125,46.3,998.0,Depression,True
2020296N19087,2020,UNNAMED,BB,2020-10-22 09:00:00,19.4,87.1,29.8,1000.1,-3.9691314697265625,-0.944183349609375,46.3,998.0,Depression,True
2020296N19087,2020,UNNAMED,BB,2020-10-22 12:00:00,19.7,87.3,29.65,1000.5,-4.755538940429688,-5.2850341796875,46.3,998.0,Depression,True
2020296N19087,2020,UNNAMED,BB,2020-10-22 15:00:00,19.9,87.4,29.49,1002.8,-4.908737182617188,-3.4893035888671875,46.3,998.0,Depression,True
2020296N19087,2020,UNNAMED,BB,2020-10-22 18:00:00,20.2,87.6,29.52,1001.9,-3.368865966796875,-5.715179443359375,46.3,998.0,Depression,True
2020296N19087,2020,UNNAMED,BB,2020-10-22 21:00:00,20.7,87.9,29.67,999.9,-1.862060546875,-2.87689208984375,46.3,998.0,Depression,True
2020296N19087,2020,UNNAMED,BB,2020-10-23 00:00:00,21.2,88.2,30.02,1000.4,-1.65582275390625,-7.2544097900390625,46.3,998.0,Depression,True
2020296N19087,2020,UNNAMED,BB,2020-10-23 03:00:00,21.4,88.4,30.11,1001.9,2.0078887939453125,-8.807861328125,46.3,998.0,Depression,True
2020296N19087,2020,UNNAMED,BB,2020-10-23 06:00:00,21.7,88.5,30.03,1001.6,2.4563140869140625,-6.8248443603515625,46.3,998.0,Depression,True
2020296N19087,2020,UNNAMED,BB,2020-10-23 09:00:00,22.5,89.1,,1000.1,3.1087646484375,-2.986328125,46.3,998.0,Depression,False
2020296N19087,2020,UNNAMED,BB,2020-10-23 12:00:00,23.3,89.5,,1000.8,0.3445892333984375,0.0082550048828125,37.0,1000.0,Depression,False
2020296N19087,2020,UNNAMED,BB,2020-10-23 15:00:00,23.8,89.7,,1002.5,-1.3092498779296875,1.0217132568359375,37.0,1000.0,Depression,False
2020296N19087,2020,UNNAMED,BB,2020-10-23 18:00:00,24.0,89.9,,1002.3,-1.57830810546875,0.31201171875,37.0,1000.0,Depression,False
2020326N11063,2020,GATI,AS,2020-11-21 18:00:00,10.9,55.8,27.47,1008.0,-5.99603271484375,-6.648239135742188,46.3,1000.0,Depression,True
2020326N11063,2020,GATI,AS,2020-11-21 21:00:00,10.9,55.2,27.5,1006.1,-6.08758544921875,-4.076019287109375,51.9,999.0,Deep Depression,True
2020326N11063,2020,GATI,AS,2020-11-22 00:00:00,10.8,54.5,27.63,1005.6,-2.531158447265625,0.1907958984375,55.6,998.0,Deep Depression,True
2020326N11063,2020,GATI,AS,2020-11-22 03:00:00,10.6,53.5,27.24,1007.5,6.748138427734375,-3.4796142578125,74.1,996.0,Cyclonic Storm,False
2020326N11063,2020,GATI,AS,2020-11-22 06:00:00,10.4,52.6,26.11,1009.4,10.538787841796877,-3.017120361328125,92.6,992.0,Severe Cyclonic Storm,False
2020326N11063,2020,GATI,AS,2020-11-22 09:00:00,10.4,52.0,25.83,1008.1,12.452316284179688,-0.6804046630859375,120.4,982.0,Very Severe Cyclonic Storm,False
2020326N11063,2020,GATI,AS,2020-11-22 12:00:00,10.4,51.5,26.4,1007.8,11.107864379882812,2.81201171875,138.9,976.0,Very Severe Cyclonic Storm,False
2020326N11063,2020,GATI,AS,2020-11-22 15:00:00,10.4,51.0,,1009.9,5.3404541015625,1.9597930908203125,138.9,976.0,Very Severe Cyclonic Storm,False
2020326N11063,2020,GATI,AS,2020-11-22 18:00:00,10.4,50.6,,1012.7,2.6753082275390625,1.862548828125,120.4,982.0,Very Severe Cyclonic Storm,False
2020326N11063,2020,GATI,AS,2020-11-22 21:00:00,10.5,50.2,,1012.2,3.0608673095703125,1.3646087646484375,111.1,986.0,Severe Cyclonic Storm,False
2020326N11063,2020,GATI,AS,2020-11-23 00:00:00,10.7,50.0,,1013.1,0.1071929931640625,-0.16217041015625,83.3,994.0,Cyclonic Storm,False
2020326N11063,2020,GATI,AS,2020-11-23 03:00:00,10.9,49.6,,1014.7,-0.82330322265625,0.458770751953125,64.8,997.0,Cyclonic Storm,False
2020326N11063,2020,GATI,AS,2020-11-23 06:00:00,11.1,49.3,,1016.3,-1.8141632080078125,1.6116485595703125,55.6,998.0,Deep Depression,False
2020326N11063,2020,GATI,AS,2020-11-23 09:00:00,11.3,48.9,,1012.7,-2.2205352783203125,0.1128997802734375,55.6,999.0,Deep Depression,False
2020326N11063,2020,GATI,AS,2020-11-23 12:00:00,11.5,48.6,,1010.2,0.243194580078125,-2.828826904296875,55.6,999.0,Deep Depression,False
2020326N11063,2020,GATI,AS,2020-11-23 15:00:00,11.7,48.0,26.96,1011.8,-0.892425537109375,-1.642364501953125,55.6,1000.0,Deep Depression,True
2020326N11063,2020,GATI,AS,2020-11-23 18:00:00,11.8,47.5,26.96,1013.5,-1.369720458984375,-0.5816650390625,55.6,1000.0,Deep Depression,True
2020326N11063,2020,GATI,AS,2020-11-23 21:00:00,11.7,47.1,26.96,1012.3,-1.5121917724609375,-1.0814361572265625,51.9,1001.0,Deep Depression,True
2020326N11063,2020,GATI,AS,2020-11-24 00:00:00,11.5,46.8,,1012.0,-0.637237548828125,0.0369873046875,46.3,1001.0,Depression,False
2020326N11063,2020,GATI,AS,2020-11-24 03:00:00,11.2,46.6,,1014.7,0.6015625,1.2219390869140625,37.0,1002.0,Depression,False
2020327N08086,2020,NIVAR,BB,2020-11-22 21:00:00,9.0,85.0,28.97,1006.9,6.6419219970703125,0.0960540771484375,46.3,1002.0,Depression,True
2020327N08086,2020,NIVAR,BB,2020-11-23 00:00:00,9.3,84.6,29.29,1006.6,4.820083618164063,5.06927490234375,46.3,1002.0,Depression,True
2020327N08086,2020,NIVAR,BB,2020-11-23 03:00:00,9.5,84.2,29.26,1008.4,4.97357177734375,4.305450439453125,46.3,1002.0,Depression,True
2020327N08086,2020,NIVAR,BB,2020-11-23 06:00:00,9.6,84.0,29.3,1007.7,7.9700164794921875,0.6360626220703125,46.3,1001.0,Depression,True
2020327N08086,2020,NIVAR,BB,2020-11-23 09:00:00,9.7,83.8,29.36,1004.8,6.767745971679688,4.5123138427734375,51.9,1000.0,Deep Depression,True
2020327N08086,2020,NIVAR,BB,2020-11-23 12:00:00,9.9,83.6,29.48,1005.5,2.463897705078125,3.403594970703125,55.6,999.0,Deep Depression,True
2020327N08086,2020,NIVAR,BB,2020-11-23 15:00:00,9.9,83.5,29.48,1008.0,-0.597503662109375,5.420135498046875,55.6,999.0,Deep Depression,True
2020327N08086,2020,NIVAR,BB,2020-11-23 18:00:00,10.0,83.5,29.48,1007.1,-3.438079833984375,6.5911865234375,55.6,998.0,Deep Depression,True
2020327N08086,2020,NIVAR,BB,2020-11-23 21:00:00,9.9,83.3,29.57,1004.5,-4.1430511474609375,7.1334075927734375,61.1,998.0,Deep Depression,True
2020327N08086,2020,NIVAR,BB,2020-11-24 00:00:00,9.8,83.2,29.21,1003.1,-1.832550048828125,3.9637451171875,64.8,997.0,Cyclonic Storm,False
2020327N08086,2020,NIVAR,BB,2020-11-24 03:00:00,9.8,83.1,29.24,1004.6,-3.74609375,-2.060287475585937,64.8,997.0,Cyclonic Storm,False
2020327N08086,2020,NIVAR,BB,2020-11-24 06:00:00,9.8,83.0,29.24,1003.4,-6.376388549804688,3.0891876220703125,74.1,994.0,Cyclonic Storm,False
2020327N08086,2020,NIVAR,BB,2020-11-24 09:00:00,9.9,82.9,29.28,1000.2,-9.549575805664062,2.2362060546875,83.3,992.0,Cyclonic Storm,False
2020327N08086,2020,NIVAR,BB,2020-11-24 12:00:00,10.0,82.8,29.31,999.5,-3.512298583984375,-5.7562408447265625,83.3,992.0,Cyclonic Storm,False
2020327N08086,2020,NIVAR,BB,2020-11-24 15:00:00,10.1,82.7,29.31,1000.2,2.6767730712890625,-6.580856323242188,83.3,992.0,Cyclonic Storm,False
2020327N08086,2020,NIVAR,BB,2020-11-24 18:00:00,10.2,82.6,29.36,998.5,-2.65252685546875,-7.382217407226562,92.6,990.0,Severe Cyclonic Storm,False
2020327N08086,2020,NIVAR,BB,2020-11-24 21:00:00,10.4,82.4,29.33,996.0,-5.2869720458984375,1.198944091796875,101.9,988.0,Severe Cyclonic Storm,False
2020327N08086,2020,NIVAR,BB,2020-11-25 00:00:00,10.6,82.2,28.85,996.2,4.379852294921875,4.593795776367188,111.1,986.0,Severe Cyclonic Storm,False
2020327N08086,2020,NIVAR,BB,2020-11-25 03:00:00,10.8,81.8,28.89,997.2,-1.1262054443359375,0.5221099853515625,111.1,986.0,Severe Cyclonic Storm,False
2020327N08086,2020,NIVAR,BB,2020-11-25 06:00:00,11.1,81.4,28.88,994.1,-0.2868194580078125,4.8038177490234375,111.1,986.0,Severe Cyclonic Storm,False
2020327N08086,2020,NIVAR,BB,2020-11-25 09:00:00,11.3,81.1,28.7,992.3,1.9464569091796875,-7.975067138671875,120.4,982.0,Very Severe Cyclonic Storm,False
2020327N08086,2020,NIVAR,BB,2020-11-25 12:00:00,11.5,80.9,28.68,994.5,4.7865142822265625,-5.46783447265625,120.4,982.0,Very Severe Cyclonic Storm,False
2020327N08086,2020,NIVAR,BB,2020-11-25 15:00:00,11.8,80.6,28.56,997.1,4.5345611572265625,-8.789230346679688,120.4,982.0,Very Severe Cyclonic Storm,False
2020327N08086,2020,NIVAR,BB,2020-11-25 18:00:00,12.0,80.4,28.56,996.4,6.1005401611328125,6.6502838134765625,120.4,982.0,Very Severe Cyclonic Storm,False
2020327N08086,2020,NIVAR,BB,2020-11-25 21:00:00,12.2,80.1,,994.5,5.88677978515625,3.2717742919921875,111.1,986.0,Severe Cyclonic Storm,False
2020327N08086,2020,NIVAR,BB,2020-11-26 00:00:00,12.5,80.0,,996.8,1.7606658935546875,-0.29547119140625,92.6,992.0,Severe Cyclonic Storm,False
2020327N08086,2020,NIVAR,BB,2020-11-26 03:00:00,12.7,79.7,,1000.5,3.426498413085937,0.9665985107421876,74.1,996.0,Cyclonic Storm,False
2020327N08086,2020,NIVAR,BB,2020-11-26 06:00:00,13.0,79.6,,1000.7,4.8663330078125,1.0748291015625,64.8,998.0,Cyclonic Storm,False
2020327N08086,2020,NIVAR,BB,2020-11-26 09:00:00,13.3,79.6,,999.2,4.9516448974609375,2.34466552734375,55.6,999.0,Deep Depression,False
2020327N08086,2020,NIVAR,BB,2020-11-26 12:00:00,13.5,79.8,,1002.3,-1.35626220703125,3.330169677734375,55.6,1000.0,Deep Depression,False
2020327N08086,2020,NIVAR,BB,2020-11-26 15:00:00,13.6,80.0,,1005.9,-0.94683837890625,5.975372314453125,46.3,1001.0,Depression,False
2020327N08086,2020,NIVAR,BB,2020-11-26 18:00:00,13.8,80.3,,1007.3,-3.8792572021484375,10.330413818359377,37.0,1002.0,Depression,False
2020335N06090,2020,BUREVI,BB,2020-11-30 00:00:00,7.5,87.8,28.71,1007.3,-7.4615478515625,-6.406417846679688,37.0,1003.0,Depression,True
2020335N06090,2020,BUREVI,BB,2020-11-30 03:00:00,7.6,87.6,28.78,1009.0,-5.1976318359375,-6.434860229492188,46.3,1002.0,Depression,True
2020335N06090,2020,BUREVI,BB,2020-11-30 06:00:00,7.6,87.4,28.78,1006.9,-1.93170166015625,-5.577194213867188,46.3,1002.0,Depression,True
2020335N06090,2020,BUREVI,BB,2020-11-30 09:00:00,7.6,87.2,28.81,1002.9,-7.269744873046875,1.3814697265625,46.3,1002.0,Depression,True
2020335N06090,2020,BUREVI,BB,2020-11-30 12:00:00,7.5,87.1,28.79,1006.0,-9.589706420898438,-7.28192138671875,46.3,1002.0,Depression,True
2020335N06090,2020,BUREVI,BB,2020-11-30 15:00:00,7.5,87.0,28.79,1008.2,-8.316116333007812,-7.428329467773437,46.3,1002.0,Depression,True
2020335N06090,2020,BUREVI,BB,2020-11-30 18:00:00,7.5,86.8,28.79,1007.4,-9.20013427734375,-4.6316986083984375,46.3,1002.0,Depression,True
2020335N06090,2020,BUREVI,BB,2020-11-30 21:00:00,7.4,86.4,28.81,1004.9,-9.386001586914062,0.2417449951171875,51.9,1001.0,Deep Depression,True
2020335N06090,2020,BUREVI,BB,2020-12-01 00:00:00,7.4,86.1,28.67,1005.6,-8.053329467773438,-4.6669921875,55.6,1000.0,Deep Depression,True
2020335N06090,2020,BUREVI,BB,2020-12-01 03:00:00,7.4,85.8,28.6,1007.6,-9.285995483398438,-5.9297637939453125,55.6,1000.0,Deep Depression,True
2020335N06090,2020,BUREVI,BB,2020-12-01 06:00:00,7.5,85.4,28.57,1005.9,-8.662887573242188,-4.8712921142578125,55.6,1000.0,Deep Depression,True
2020335N06090,2020,BUREVI,BB,2020-12-01 09:00:00,7.6,85.1,28.71,1003.7,-3.94342041015625,-6.75726318359375,61.1,1000.0,Deep Depression,True
2020335N06090,2020,BUREVI,BB,2020-12-01 12:00:00,7.7,84.9,28.62,1004.2,-4.870773315429688,-7.2309417724609375,64.8,999.0,Cyclonic Storm,False
2020335N06090,2020,BUREVI,BB,2020-12-01 15:00:00,7.8,84.6,28.7,1005.6,-4.2206878662109375,-8.350082397460938,64.8,999.0,Cyclonic Storm,False
2020335N06090,2020,BUREVI,BB,2020-12-01 18:00:00,8.0,84.3,28.65,1004.9,-6.4167327880859375,-3.7657623291015625,64.8,999.0,Cyclonic Storm,False
2020335N06090,2020,BUREVI,BB,2020-12-01 21:00:00,8.3,83.7,28.7,1003.1,-8.643783569335938,-3.1276092529296875,64.8,999.0,Cyclonic Storm,False
2020335N06090,2020,BUREVI,BB,2020-12-02 00:00:00,8.5,83.3,28.6,1003.9,-7.94775390625,-2.112289428710937,74.1,998.0,Cyclonic Storm,False
2020335N06090,2020,BUREVI,BB,2020-12-02 03:00:00,8.6,82.9,28.52,1005.3,-5.6493988037109375,6.287857055664063,74.1,998.0,Cyclonic Storm,False
2020335N06090,2020,BUREVI,BB,2020-12-02 06:00:00,8.7,82.6,28.48,1004.3,-5.092437744140625,5.752487182617188,83.3,996.0,Cyclonic Storm,False
2020335N06090,2020,BUREVI,BB,2020-12-02 09:00:00,8.8,82.2,28.5,1001.0,-4.0213470458984375,8.856536865234375,83.3,996.0,Cyclonic Storm,False
2020335N06090,2020,BUREVI,BB,2020-12-02 12:00:00,8.8,81.9,28.45,1001.0,-7.127899169921875,-4.02960205078125,83.3,996.0,Cyclonic Storm,False
2020335N06090,2020,BUREVI,BB,2020-12-02 15:00:00,8.9,81.6,28.03,1003.8,-5.0082855224609375,-4.070220947265625,83.3,996.0,Cyclonic Storm,False
2020335N06090,2020,BUREVI,BB,2020-12-02 18:00:00,9.0,81.2,27.95,1003.4,3.326416015625,1.6196136474609375,83.3,996.0,Cyclonic Storm,False
2020335N06090,2020,BUREVI,BB,2020-12-02 21:00:00,9.0,80.9,27.96,1001.7,2.281951904296875,3.996414184570313,74.1,998.0,Cyclonic Storm,False
2020335N06090,2020,BUREVI,BB,2020-12-03 00:00:00,9.0,80.5,,1002.6,4.736175537109375,1.4441986083984375,74.1,998.0,Cyclonic Storm,False
2020335N06090,2020,BUREVI,BB,2020-12-03 03:00:00,9.1,80.4,,1005.9,5.043609619140625,3.0868072509765625,74.1,998.0,Cyclonic Storm,False
2020335N06090,2020,BUREVI,BB,2020-12-03 06:00:00,9.3,80.1,27.86,1005.2,4.308151245117188,-2.02008056640625,74.1,998.0,Cyclonic Storm,False
2020335N06090,2020,BUREVI,BB,2020-12-03 09:00:00,9.4,79.8,27.75,1003.3,-1.0644989013671875,-7.959884643554687,64.8,999.0,Cyclonic Storm,False
2020335N06090,2020,BUREVI,BB,2020-12-03 12:00:00,9.4,79.6,27.64,1004.7,0.9520111083984376,-10.206100463867188,55.6,1000.0,Deep Depression,True
2020335N06090,2020,BUREVI,BB,2020-12-03 15:00:00,9.4,79.4,27.64,1006.5,-1.1714630126953125,-9.578582763671877,55.6,1000.0,Deep Depression,True
2020335N06090,2020,BUREVI,BB,2020-12-03 18:00:00,9.3,79.3,27.87,1006.7,5.363311767578125,-9.377029418945312,55.6,1000.0,Deep Depression,True
2020335N06090,2020,BUREVI,BB,2020-12-03 21:00:00,9.3,79.3,27.87,1004.2,6.204498291015625,-8.272201538085938,55.6,1000.0,Deep Depression,True
2020335N06090,2020,BUREVI,BB,2020-12-04 00:00:00,9.2,79.3,27.76,1005.1,7.842361450195312,-8.751480102539062,55.6,1000.0,Deep Depression,True
2020335N06090,2020,BUREVI,BB,2020-12-04 03:00:00,9.1,79.2,28.08,1007.3,9.948165893554688,-4.232330322265625,55.6,1001.0,Deep Depression,True
2020335N06090,2020,BUREVI,BB,2020-12-04 06:00:00,9.2,79.3,27.76,1007.1,6.68316650390625,-4.029067993164063,55.6,1001.0,Deep Depression,True
2020335N06090,2020,BUREVI,BB,2020-12-04 09:00:00,9.3,79.4,27.74,1004.3,0.5181732177734375,0.4246063232421875,51.9,1002.0,Deep Depression,True
2020335N06090,2020,BUREVI,BB,2020-12-04 12:00:00,9.4,79.4,27.55,1006.1,-8.14697265625,-7.5980224609375,46.3,1002.0,Depression,True
2020335N06090,2020,BUREVI,BB,2020-12-04 15:00:00,9.3,79.3,27.76,1007.6,-4.4272003173828125,-8.915878295898438,46.3,1003.0,Depression,True
2020335N06090,2020,BUREVI,BB,2020-12-04 18:00:00,9.2,79.2,27.76,1007.6,-2.1287994384765625,-10.264724731445312,46.3,1003.0,Depression,True
2020335N06090,2020,BUREVI,BB,2020-12-04 21:00:00,9.1,79.3,28.08,1006.1,4.1959991455078125,-11.035964965820312,42.6,1004.0,Depression,True
2020335N06090,2020,BUREVI,BB,2020-12-05 00:00:00,9.1,79.4,27.85,1006.6,-0.6333465576171875,-9.510330200195312,37.0,1004.0,Depression,True
2020335N06090,2020,BUREVI,BB,2020-12-05 03:00:00,9.2,79.5,27.61,1009.2,2.0648956298828125,-7.3311767578125,37.0,1006.0,Depression,True
2020353N06129,2020,KROVANH,MM,2020-12-20 00:00:00,10.0,115.6,28.1,1012.0,-2.6117401123046875,-6.8263092041015625,64.8,1002.0,Cyclonic Storm,False
2020353N06129,2020,KROVANH,MM,2020-12-20 06:00:00,10.1,115.0,28.1,1011.0,-3.28704833984375,-6.380889892578125,64.8,1000.0,Cyclonic Storm,False
2020353N06129,2020,KROVANH,MM,2020-12-20 12:00:00,9.9,114.4,28.1,1010.9,1.1044921875,-5.0373077392578125,64.8,1002.0,Cyclonic Storm,False
2020353N06129,2020,KROVANH,MM,2020-12-20 18:00:00,9.5,113.9,,1011.2,-0.7571563720703125,-3.61737060546875,64.8,1002.0,Cyclonic Storm,False
2020353N06129,2020,KROVANH,MM,2020-12-21 00:00:00,9.2,113.4,,1011.2,-1.3268890380859375,-4.027801513671875,64.8,1002.0,Cyclonic Storm,False
2020353N06129,2020,KROVANH,MM,2020-12-21 06:00:00,9.0,112.9,,1009.4,-1.3299102783203125,-4.11334228515625,64.8,1002.0,Cyclonic Storm,False
2020353N06129,2020,KROVANH,MM,2020-12-21 12:00:00,8.8,112.3,,1009.6,0.45623779296875,-2.874664306640625,64.8,1002.0,Cyclonic Storm,False
2020353N06129,2020,KROVANH,MM,2020-12-21 18:00:00,8.5,111.6,27.46,1010.2,2.063232421875,-7.7998504638671875,64.8,1002.0,Cyclonic Storm,False
2020353N06129,2020,KROVANH,MM,2020-12-22 00:00:00,7.9,111.0,27.46,1010.6,0.2285614013671875,-9.306533813476562,64.8,1002.0,Cyclonic Storm,False
2021092N11096,2021,UNNAMED,BB,2021-04-02 00:00:00,11.0,96.3,29.34,1006.4,4.0963287353515625,-6.792388916015625,46.3,1000.0,Depression,True
2021092N11096,2021,UNNAMED,BB,2021-04-02 03:00:00,11.0,96.3,29.34,1008.6,5.896148681640625,-5.3262939453125,46.3,1000.0,Depression,True
2021092N11096,2021,UNNAMED,BB,2021-04-02 06:00:00,11.2,96.4,29.46,1007.9,7.352142333984375,-4.143722534179688,46.3,1000.0,Depression,True
2021092N11096,2021,UNNAMED,BB,2021-04-02 09:00:00,11.5,96.6,29.4,1005.2,8.271194458007812,-4.6573638916015625,46.3,1000.0,Depression,True
2021092N11096,2021,UNNAMED,BB,2021-04-02 12:00:00,11.8,96.8,29.61,1006.2,5.801284790039063,-4.8362579345703125,46.3,1000.0,Depression,True
2021092N11096,2021,UNNAMED,BB,2021-04-02 15:00:00,12.0,97.0,29.84,1007.6,1.368408203125,-5.2743682861328125,46.3,1000.0,Depression,True
2021092N11096,2021,UNNAMED,BB,2021-04-02 18:00:00,12.3,97.2,29.85,1006.5,-3.86737060546875,-4.07122802734375,46.3,1000.0,Depression,True
2021092N11096,2021,UNNAMED,BB,2021-04-02 21:00:00,12.7,97.4,30.03,1005.1,-4.345184326171875,-1.83929443359375,46.3,1001.0,Depression,True
2021092N11096,2021,UNNAMED,BB,2021-04-03 00:00:00,13.0,97.5,29.88,1006.3,-2.78594970703125,-0.2794036865234375,46.3,1002.0,Depression,True
2021092N11096,2021,UNNAMED,BB,2021-04-03 03:00:00,13.2,97.6,30.07,1008.5,-3.29486083984375,0.3419036865234375,37.0,1004.0,Depression,True
2021256N20087,2021,UNNAMED,BB,2021-09-12 12:00:00,20.3,87.4,29.57,993.2,-0.5692596435546875,2.6692657470703125,46.3,992.0,Depression,True
2021256N20087,2021,UNNAMED,BB,2021-09-12 15:00:00,20.4,87.2,29.81,994.9,-3.2293853759765625,1.3361053466796875,46.3,992.0,Depression,True
2021256N20087,2021,UNNAMED,BB,2021-09-12 18:00:00,20.4,87.1,,993.9,-2.9138336181640625,1.0374298095703125,46.3,992.0,Depression,False
2021256N20087,2021,UNNAMED,BB,2021-09-12 21:00:00,20.5,87.1,,991.0,-1.537078857421875,-0.91925048828125,51.9,991.0,Deep Depression,False
2021256N20087,2021,UNNAMED,BB,2021-09-13 00:00:00,20.6,87.0,,990.6,7.189056396484375,-0.5809478759765625,55.6,990.0,Deep Depression,False
2021256N20087,2021,UNNAMED,BB,2021-09-13 03:00:00,20.9,86.5,,993.1,0.56793212890625,-4.115692138671875,55.6,990.0,Deep Depression,False
2021256N20087,2021,UNNAMED,BB,2021-09-13 06:00:00,21.1,86.2,,992.9,2.5051727294921875,2.3442535400390625,55.6,990.0,Deep Depression,False
2021256N20087,2021,UNNAMED,BB,2021-09-13 09:00:00,21.3,85.9,,992.1,-0.96710205078125,3.4040679931640625,55.6,990.0,Deep Depression,False
2021256N20087,2021,UNNAMED,BB,2021-09-13 12:00:00,21.4,85.5,,993.6,-2.95428466796875,3.219818115234375,55.6,990.0,Deep Depression,False
2021256N20087,2021,UNNAMED,BB,2021-09-13 15:00:00,21.5,85.2,,995.7,-2.0335845947265625,2.7478485107421875,55.6,990.0,Deep Depression,False
2021256N20087,2021,UNNAMED,BB,2021-09-13 18:00:00,21.6,84.8,,994.8,-1.4037017822265625,1.459503173828125,55.6,990.0,Deep Depression,False
2021256N20087,2021,UNNAMED,BB,2021-09-13 21:00:00,21.8,84.2,,993.1,-0.6919403076171875,-2.293914794921875,55.6,990.0,Deep Depression,False
2021256N20087,2021,UNNAMED,BB,2021-09-14 00:00:00,22.0,83.6,,994.8,1.183074951171875,-2.4953765869140625,55.6,990.0,Deep Depression,False
2021256N20087,2021,UNNAMED,BB,2021-09-14 03:00:00,22.1,83.4,,996.7,1.696441650390625,0.7678680419921875,46.3,990.0,Depression,False
2021256N20087,2021,UNNAMED,BB,2021-09-14 06:00:00,22.4,83.0,,997.3,0.350433349609375,-0.3296051025390625,46.3,990.0,Depression,False
2021256N20087,2021,UNNAMED,BB,2021-09-14 09:00:00,22.6,82.7,,995.6,0.030731201171875,1.8091888427734373,46.3,993.0,Depression,False
2021256N20087,2021,UNNAMED,BB,2021-09-14 12:00:00,22.7,82.5,,996.4,-0.6764068603515625,1.7629547119140625,46.3,996.0,Depression,False
2021256N20087,2021,UNNAMED,BB,2021-09-14 15:00:00,22.8,82.3,,999.4,0.031890869140625,1.23687744140625,46.3,996.0,Depression,False
2021256N20087,2021,UNNAMED,BB,2021-09-14 18:00:00,23.0,82.0,,1000.1,0.386993408203125,1.2529754638671875,46.3,996.0,Depression,False
2021312N07090,2021,UNNAMED,BB,2021-11-10 12:00:00,10.8,83.1,29.19,1002.2,7.050384521484375,-2.714508056640625,46.3,1000.0,Depression,True
2021312N07090,2021,UNNAMED,BB,2021-11-10 15:00:00,11.4,82.6,29.23,1003.1,0.931976318359375,1.1740264892578125,46.3,1000.0,Depression,True
2021312N07090,2021,UNNAMED,BB,2021-11-10 18:00:00,11.9,82.1,29.2,1001.6,-4.806442260742188,3.7423248291015625,46.3,1000.0,Depression,True
2021312N07090,2021,UNNAMED,BB,2021-11-10 21:00:00,12.1,81.8,29.18,998.4,3.761184692382813,2.8743133544921875,46.3,1000.0,Depression,True
2021312N07090,2021,UNNAMED,BB,2021-11-11 00:00:00,12.3,81.6,28.98,998.1,2.2739410400390625,2.0877838134765625,46.3,1000.0,Depression,True
2021312N07090,2021,UNNAMED,BB,2021-11-11 03:00:00,12.5,81.2,29.03,1000.5,12.7529296875,-0.2413482666015625,46.3,1000.0,Depression,True
2021312N07090,2021,UNNAMED,BB,2021-11-11 06:00:00,12.8,80.8,28.95,999.8,6.5984954833984375,-2.435546875,46.3,1000.0,Depression,True
2021312N07090,2021,UNNAMED,BB,2021-11-11 09:00:00,12.9,80.4,28.74,997.6,5.094741821289063,-4.219039916992188,46.3,1000.0,Depression,True
2021312N07090,2021,UNNAMED,BB,2021-11-11 12:00:00,13.0,80.1,,999.6,2.8148345947265625,-4.461456298828125,46.3,1000.0,Depression,False
2021312N07090,2021,UNNAMED,BB,2021-11-11 15:00:00,12.9,79.4,,1003.7,0.982818603515625,-6.1285552978515625,42.6,1000.0,Depression,False
2021312N07090,2021,UNNAMED,BB,2021-11-11 18:00:00,12.9,78.5,,1007.0,1.239105224609375,-6.472198486328125,37.0,1000.0,Depression,False
2021322N11082,2021,UNNAMED,BB,2021-11-18 03:00:00,11.0,82.3,29.11,1004.0,3.20062255859375,1.4949493408203125,46.3,1000.0,Depression,True
2021322N11082,2021,UNNAMED,BB,2021-11-18 06:00:00,11.2,81.7,29.2,1003.7,1.1218109130859375,2.653106689453125,46.3,1000.0,Depression,True
2021322N11082,2021,UNNAMED,BB,2021-11-18 09:00:00,11.5,81.2,28.93,1000.7,4.839859008789063,0.2471160888671875,46.3,1000.0,Depression,True
2021322N11082,2021,UNNAMED,BB,2021-11-18 12:00:00,11.8,80.9,28.8,1001.4,7.568878173828125,1.07501220703125,46.3,1000.0,Depression,True
2021322N11082,2021,UNNAMED,BB,2021-11-18 15:00:00,12.0,80.7,28.47,1003.5,4.849395751953125,6.9520416259765625,46.3,1000.0,Depression,True
2021322N11082,2021,UNNAMED,BB,2021-11-18 18:00:00,12.2,80.5,28.47,1003.3,0.826812744140625,8.241500854492188,46.3,1000.0,Depression,True
2021322N11082,2021,UNNAMED,BB,2021-11-18 21:00:00,12.3,80.3,28.39,1001.0,-0.0008392333984375,5.9968109130859375,46.3,1000.0,Depression,True
2021322N11082,2021,UNNAMED,BB,2021-11-19 00:00:00,12.5,80.0,,1001.0,0.0644378662109375,2.577880859375,46.3,1000.0,Depression,False
2021322N11082,2021,UNNAMED,BB,2021-11-19 03:00:00,12.7,79.7,,1004.2,-0.351348876953125,-0.0297393798828125,37.0,1002.0,Depression,False
2021335N08096,2021,JAWAD,BB,2021-12-02 12:00:00,11.4,88.4,29.0,1005.2,2.3782958984375,3.2918853759765625,46.3,1004.0,Depression,True
2021335N08096,2021,JAWAD,BB,2021-12-02 15:00:00,11.8,87.9,29.12,1007.6,5.2469482421875,4.052825927734375,46.3,1004.0,Depression,True
2021335N08096,2021,JAWAD,BB,2021-12-02 18:00:00,12.2,87.3,29.23,1006.8,6.7975616455078125,5.1265869140625,46.3,1004.0,Depression,True
2021335N08096,2021,JAWAD,BB,2021-12-02 21:00:00,12.9,86.7,29.1,1003.0,-2.376068115234375,10.276596069335938,51.9,1003.0,Deep Depression,True
2021335N08096,2021,JAWAD,BB,2021-12-03 00:00:00,13.6,86.2,28.99,1004.3,-7.709121704101562,3.38629150390625,55.6,1002.0,Deep Depression,True
2021335N08096,2021,JAWAD,BB,2021-12-03 03:00:00,14.0,85.9,28.75,1007.0,-8.612899780273438,5.640396118164063,55.6,1002.0,Deep Depression,True
2021335N08096,2021,JAWAD,BB,2021-12-03 06:00:00,14.4,85.6,28.63,1006.0,-6.11688232421875,3.411285400390625,64.8,1001.0,Cyclonic Storm,False
2021335N08096,2021,JAWAD,BB,2021-12-03 09:00:00,14.7,85.3,28.55,1003.7,-2.388153076171875,3.654449462890625,64.8,1001.0,Cyclonic Storm,False
2021335N08096,2021,JAWAD,BB,2021-12-03 12:00:00,15.0,85.1,28.7,1004.5,-2.072784423828125,-2.931976318359375,74.1,1000.0,Cyclonic Storm,False
2021335N08096,2021,JAWAD,BB,2021-12-03 15:00:00,15.2,85.0,28.68,1007.0,-5.383270263671875,1.9025726318359373,74.1,1000.0,Cyclonic Storm,False
2021335N08096,2021,JAWAD,BB,2021-12-03 18:00:00,15.5,84.9,28.63,1006.4,-4.8521575927734375,5.3240814208984375,74.1,1000.0,Cyclonic Storm,False
2021335N08096,2021,JAWAD,BB,2021-12-03 21:00:00,15.7,84.9,28.62,1004.8,-2.074447631835937,5.544921875,74.1,1000.0,Cyclonic Storm,False
2021335N08096,2021,JAWAD,BB,2021-12-04 00:00:00,16.0,84.8,28.4,1005.2,-2.4861602783203125,-4.2271575927734375,74.1,1000.0,Cyclonic Storm,False
2021335N08096,2021,JAWAD,BB,2021-12-04 03:00:00,16.2,84.8,28.35,1007.0,-2.8337860107421875,1.594970703125,74.1,1000.0,Cyclonic Storm,False
2021335N08096,2021,JAWAD,BB,2021-12-04 06:00:00,16.3,84.9,28.37,1006.6,1.642913818359375,6.543243408203125,64.8,1001.0,Cyclonic Storm,False
2021335N08096,2021,JAWAD,BB,2021-12-04 09:00:00,16.5,84.9,28.26,1004.3,0.7752227783203125,6.2775726318359375,64.8,1001.0,Cyclonic Storm,False
2021335N08096,2021,JAWAD,BB,2021-12-04 12:00:00,16.8,85.1,28.1,1005.2,2.6337432861328125,-1.0352783203125,55.6,1002.0,Deep Depression,True
2021335N08096,2021,JAWAD,BB,2021-12-04 15:00:00,17.1,85.1,28.03,1008.4,0.7635650634765625,-9.241546630859377,55.6,1002.0,Deep Depression,True
2021335N08096,2021,JAWAD,BB,2021-12-04 18:00:00,17.3,85.3,28.12,1008.1,-3.5819854736328125,2.512680053710937,55.6,1002.0,Deep Depression,True
2021335N08096,2021,JAWAD,BB,2021-12-04 21:00:00,17.4,85.4,28.14,1007.0,-2.2740020751953125,5.5637054443359375,55.6,1002.0,Deep Depression,True
2021335N08096,2021,JAWAD,BB,2021-12-05 00:00:00,17.7,85.7,28.23,1007.0,-1.6550750732421875,4.7945556640625,55.6,1002.0,Deep Depression,True
2021335N08096,2021,JAWAD,BB,2021-12-05 03:00:00,18.3,85.8,27.9,1009.3,-3.3409576416015625,3.762969970703125,55.6,1003.0,Deep Depression,True
2021335N08096,2021,JAWAD,BB,2021-12-05 06:00:00,18.7,86.1,27.85,1009.1,-3.0838623046875,6.3614654541015625,55.6,1003.0,Deep Depression,True
2021335N08096,2021,JAWAD,BB,2021-12-05 09:00:00,19.0,86.3,27.96,1007.0,-0.3385162353515625,9.578216552734377,46.3,1004.0,Depression,True
2021335N08096,2021,JAWAD,BB,2021-12-05 12:00:00,19.5,86.7,27.66,1008.3,-0.7299041748046875,6.9246826171875,46.3,1004.0,Depression,True
2021335N08096,2021,JAWAD,BB,2021-12-05 15:00:00,20.0,87.0,26.92,1010.9,-1.17755126953125,4.848297119140625,46.3,1004.0,Depression,True
2021335N08096,2021,JAWAD,BB,2021-12-05 18:00:00,20.7,87.2,26.12,1011.0,-0.92926025390625,4.3942413330078125,46.3,1004.0,Depression,False
2022062N06085,2022,UNNAMED,BB,2022-03-03 00:00:00,6.5,84.9,28.75,1006.3,1.943359375,-10.786026000976562,46.3,1004.0,Depression,True
2022062N06085,2022,UNNAMED,BB,2022-03-03 03:00:00,6.5,84.4,28.82,1008.8,2.3697967529296875,-10.640060424804688,46.3,1004.0,Depression,True
2022062N06085,2022,UNNAMED,BB,2022-03-03 06:00:00,6.8,84.0,28.82,1008.5,2.740341186523437,-8.901168823242188,46.3,1004.0,Depression,True
2022062N06085,2022,UNNAMED,BB,2022-03-03 09:00:00,7.2,83.8,28.82,1005.7,3.613128662109375,-7.92095947265625,46.3,1004.0,Depression,True
2022062N06085,2022,UNNAMED,BB,2022-03-03 12:00:00,7.7,83.7,28.77,1004.2,7.661544799804687,-4.6796722412109375,46.3,1004.0,Depression,True
2022062N06085,2022,UNNAMED,BB,2022-03-03 15:00:00,8.0,83.5,28.84,1006.4,4.897491455078125,-5.84405517578125,46.3,1004.0,Depression,True
2022062N06085,2022,UNNAMED,BB,2022-03-03 18:00:00,8.2,83.4,28.84,1006.8,2.4241943359375,-2.9069976806640625,46.3,1004.0,Depression,True
2022062N06085,2022,UNNAMED,BB,2022-03-03 21:00:00,8.4,83.2,28.65,1005.2,4.6737060546875,0.4914398193359375,46.3,1004.0,Depression,True
2022062N06085,2022,UNNAMED,BB,2022-03-04 00:00:00,8.7,83.2,28.49,1004.1,6.2057037353515625,6.512496948242188,46.3,1004.0,Depression,True
2022062N06085,2022,UNNAMED,BB,2022-03-04 03:00:00,9.1,83.1,28.25,1005.5,9.160964965820312,3.2420806884765625,46.3,1004.0,Depression,True
2022062N06085,2022,UNNAMED,BB,2022-03-04 06:00:00,9.5,83.1,28.15,1004.8,-2.5445098876953125,6.586029052734375,46.3,1003.0,Depression,True
2022062N06085,2022,UNNAMED,BB,2022-03-04 09:00:00,9.9,83.1,28.16,1002.8,-6.004302978515625,2.0200347900390625,51.9,1003.0,Deep Depression,True
2022062N06085,2022,UNNAMED,BB,2022-03-04 12:00:00,10.3,83.2,28.33,1003.9,-3.2084197998046875,0.0460968017578125,55.6,1002.0,Deep Depression,True
2022062N06085,2022,UNNAMED,BB,2022-03-04 15:00:00,10.6,83.3,28.34,1006.0,2.423858642578125,5.0500335693359375,55.6,1002.0,Deep Depression,True
2022062N06085,2022,UNNAMED,BB,2022-03-04 18:00:00,10.9,83.4,28.18,1005.7,-6.892364501953125,10.81683349609375,55.6,1002.0,Deep Depression,True
2022062N06085,2022,UNNAMED,BB,2022-03-04 21:00:00,11.1,83.3,28.13,1003.0,-6.8069610595703125,6.13812255859375,55.6,1002.0,Deep Depression,True
2022062N06085,2022,UNNAMED,BB,2022-03-05 00:00:00,11.3,83.3,27.79,1005.9,-6.9642486572265625,-4.75360107421875,55.6,1002.0,Deep Depression,True
2022062N06085,2022,UNNAMED,BB,2022-03-05 03:00:00,11.5,83.2,27.88,1007.9,-5.758270263671875,-0.32244873046875,55.6,1002.0,Deep Depression,True
2022062N06085,2022,UNNAMED,BB,2022-03-05 06:00:00,11.6,83.1,27.89,1007.6,-2.71038818359375,-7.519363403320312,55.6,1002.0,Deep Depression,True
2022062N06085,2022,UNNAMED,BB,2022-03-05 09:00:00,11.6,83.1,27.89,1005.1,1.3036041259765625,-7.5400390625,55.6,1002.0,Deep Depression,True
2022062N06085,2022,UNNAMED,BB,2022-03-05 12:00:00,11.5,83.0,27.89,1004.8,-5.9246826171875,-7.771835327148437,55.6,1002.0,Deep Depression,True
2022062N06085,2022,UNNAMED,BB,2022-03-05 15:00:00,11.4,82.8,27.89,1007.8,-5.8449249267578125,-7.869003295898437,51.9,1003.0,Deep Depression,True
2022062N06085,2022,UNNAMED,BB,2022-03-05 18:00:00,11.3,82.7,27.83,1007.6,-4.4446563720703125,-4.3243255615234375,46.3,1003.0,Depression,True
2022062N06085,2022,UNNAMED,BB,2022-03-05 21:00:00,11.1,82.6,27.82,1005.9,-3.5247344970703125,-2.107894897460937,46.3,1004.0,Depression,True
2022062N06085,2022,UNNAMED,BB,2022-03-06 00:00:00,11.0,82.4,27.92,1006.5,-6.221115112304688,-0.6919708251953125,46.3,1004.0,Depression,True
2022079N10093,2022,UNNAMED,BB,2022-03-20 00:00:00,9.8,92.5,29.37,1004.8,1.057373046875,-7.497695922851562,46.3,1002.0,Depression,True
2022079N10093,2022,UNNAMED,BB,2022-03-20 03:00:00,10.1,92.6,29.39,1007.3,2.6301727294921875,-6.92437744140625,46.3,1002.0,Depression,True
2022079N10093,2022,UNNAMED,BB,2022-03-20 06:00:00,10.4,92.9,29.39,1006.2,3.131942749023437,-9.484695434570312,46.3,1002.0,Depression,True
2022079N10093,2022,UNNAMED,BB,2022-03-20 09:00:00,10.7,93.1,29.48,1004.2,2.7451934814453125,-9.096893310546877,46.3,1002.0,Depression,True
2022079N10093,2022,UNNAMED,BB,2022-03-20 12:00:00,10.9,93.2,29.66,1005.0,4.981597900390625,-7.611495971679687,46.3,1002.0,Depression,True
2022079N10093,2022,UNNAMED,BB,2022-03-20 15:00:00,11.1,93.3,29.66,1007.1,7.482620239257812,-5.90655517578125,46.3,1002.0,Depression,True
2022079N10093,2022,UNNAMED,BB,2022-03-20 18:00:00,11.3,93.4,29.82,1006.5,8.357131958007812,-5.0492095947265625,46.3,1001.0,Depression,True
2022079N10093,2022,UNNAMED,BB,2022-03-20 21:00:00,11.6,93.6,29.87,1004.4,8.905914306640625,-5.252166748046875,51.9,1001.0,Deep Depression,True
2022079N10093,2022,UNNAMED,BB,2022-03-21 00:00:00,11.9,93.7,29.13,1004.2,9.01031494140625,-5.3712005615234375,55.6,1000.0,Deep Depression,True
2022079N10093,2022,UNNAMED,BB,2022-03-21 03:00:00,12.3,93.8,29.21,1005.7,10.57666015625,-6.963638305664063,55.6,1000.0,Deep Depression,True
2022079N10093,2022,UNNAMED,BB,2022-03-21 06:00:00,12.6,93.9,29.48,1004.1,11.895065307617188,-4.4827880859375,55.6,1000.0,Deep Depression,True
2022079N10093,2022,UNNAMED,BB,2022-03-21 09:00:00,12.9,94.0,29.78,1001.7,10.776611328125,-1.458038330078125,55.6,1000.0,Deep Depression,True
2022079N10093,2022,UNNAMED,BB,2022-03-21 12:00:00,13.3,94.0,29.83,1002.3,7.96893310546875,-3.54656982421875,55.6,1000.0,Deep Depression,True
2022079N10093,2022,UNNAMED,BB,2022-03-21 15:00:00,13.6,94.0,29.79,1004.4,9.080810546875,-4.644302368164063,55.6,1000.0,Deep Depression,True
2022079N10093,2022,UNNAMED,BB,2022-03-21 18:00:00,14.0,94.0,29.41,1004.2,10.546005249023438,-3.725875854492188,55.6,1000.0,Deep Depression,True
2022079N10093,2022,UNNAMED,BB,2022-03-21 21:00:00,14.5,94.1,29.31,1002.2,11.548660278320312,-3.23797607421875,55.6,1000.0,Deep Depression,True
2022079N10093,2022,UNNAMED,BB,2022-03-22 00:00:00,14.9,94.2,28.85,1002.3,3.385955810546875,-0.5503692626953125,55.6,1000.0,Deep Depression,True
2022079N10093,2022,UNNAMED,BB,2022-03-22 03:00:00,15.2,94.2,28.69,1005.0,5.7314300537109375,-0.5458526611328125,55.6,1000.0,Deep Depression,True
2022079N10093,2022,UNNAMED,BB,2022-03-22 06:00:00,15.8,94.2,28.64,1004.8,11.738540649414062,2.468292236328125,55.6,1000.0,Deep Depression,True
2022079N10093,2022,UNNAMED,BB,2022-03-22 09:00:00,16.3,94.3,,1003.6,8.934738159179688,0.767791748046875,55.6,1000.0,Deep Depression,False
2022079N10093,2022,UNNAMED,BB,2022-03-22 12:00:00,16.6,94.4,,1003.7,5.568603515625,2.263534545898437,46.3,1001.0,Depression,False
2022079N10093,2022,UNNAMED,BB,2022-03-22 15:00:00,17.0,94.5,,1005.8,4.84832763671875,1.402008056640625,46.3,1002.0,Depression,False
2022079N10093,2022,UNNAMED,BB,2022-03-22 18:00:00,17.6,94.5,27.92,1006.6,10.49676513671875,1.53509521484375,46.3,1002.0,Depression,True
2022079N10093,2022,UNNAMED,BB,2022-03-22 21:00:00,18.3,94.5,,1005.1,1.9767913818359373,3.21697998046875,42.6,1003.0,Depression,False
2022079N10093,2022,UNNAMED,BB,2022-03-23 00:00:00,19.0,94.6,,1006.7,-1.237701416015625,1.5016326904296875,37.0,1003.0,Depression,False
2022126N07095,2022,ASANI,BB,2022-05-07 06:00:00,9.4,91.2,30.73,1001.4,5.387374877929688,-1.944122314453125,46.3,996.0,Depression,True
2022126N07095,2022,ASANI,BB,2022-05-07 09:00:00,9.7,90.8,30.86,999.1,8.093185424804688,-4.9679718017578125,51.9,996.0,Deep Depression,True
2022126N07095,2022,ASANI,BB,2022-05-07 12:00:00,10.1,90.5,31.01,998.2,7.688888549804687,-0.5014801025390625,55.6,995.0,Deep Depression,True
2022126N07095,2022,ASANI,BB,2022-05-07 15:00:00,10.4,90.2,31.18,997.8,-0.319091796875,-0.147125244140625,55.6,995.0,Deep Depression,True
2022126N07095,2022,ASANI,BB,2022-05-07 18:00:00,10.7,90.0,31.24,996.4,-2.265975952148437,1.726531982421875,55.6,994.0,Deep Depression,True
2022126N07095,2022,ASANI,BB,2022-05-07 21:00:00,10.9,89.6,31.18,994.6,1.4246978759765625,-0.4039154052734375,61.1,993.0,Deep Depression,True
2022126N07095,2022,ASANI,BB,2022-05-08 00:00:00,11.2,89.3,30.05,993.5,0.4996795654296875,6.2486419677734375,64.8,992.0,Cyclonic Storm,False
2022126N07095,2022,ASANI,BB,2022-05-08 03:00:00,11.5,88.9,30.22,994.4,-0.3389892578125,13.194488525390623,74.1,990.0,Cyclonic Storm,False
2022126N07095,2022,ASANI,BB,2022-05-08 06:00:00,11.9,88.6,30.31,992.2,1.3865966796875,7.53302001953125,83.3,988.0,Cyclonic Storm,False
2022126N07095,2022,ASANI,BB,2022-05-08 09:00:00,12.1,88.2,30.37,991.5,10.362747192382812,10.278884887695312,83.3,988.0,Cyclonic Storm,False
2022126N07095,2022,ASANI,BB,2022-05-08 12:00:00,12.5,88.0,30.39,989.9,2.932830810546875,12.523391723632812,92.6,986.0,Severe Cyclonic Storm,False
2022126N07095,2022,ASANI,BB,2022-05-08 15:00:00,12.8,87.6,30.55,990.1,0.9004058837890625,8.208511352539062,92.6,986.0,Severe Cyclonic Storm,False
2022126N07095,2022,ASANI,BB,2022-05-08 18:00:00,13.1,87.4,30.57,990.6,1.70904541015625,18.29705810546875,101.9,984.0,Severe Cyclonic Storm,False
2022126N07095,2022,ASANI,BB,2022-05-08 21:00:00,13.5,86.9,31.07,987.0,0.0367889404296875,12.494918823242188,101.9,984.0,Severe Cyclonic Storm,False
2022126N07095,2022,ASANI,BB,2022-05-09 00:00:00,13.8,86.5,30.59,985.7,-3.950271606445313,14.1473388671875,101.9,983.0,Severe Cyclonic Storm,False
2022126N07095,2022,ASANI,BB,2022-05-09 03:00:00,14.0,86.2,30.77,987.7,-11.38671875,20.436553955078125,101.9,982.0,Severe Cyclonic Storm,False
2022126N07095,2022,ASANI,BB,2022-05-09 06:00:00,14.3,85.9,30.99,985.4,-14.141006469726562,19.17465209960937,101.9,982.0,Severe Cyclonic Storm,False
2022126N07095,2022,ASANI,BB,2022-05-09 09:00:00,14.4,85.6,31.1,978.8,-10.548980712890623,15.088424682617188,101.9,982.0,Severe Cyclonic Storm,False
2022126N07095,2022,ASANI,BB,2022-05-09 12:00:00,14.6,85.3,31.08,983.0,-5.5350189208984375,16.545761108398438,101.9,982.0,Severe Cyclonic Storm,False
2022126N07095,2022,ASANI,BB,2022-05-09 15:00:00,14.7,85.0,31.02,988.4,-9.529495239257812,15.525543212890623,101.9,982.0,Severe Cyclonic Storm,False
2022126N07095,2022,ASANI,BB,2022-05-09 18:00:00,14.8,84.7,30.87,990.1,-8.954132080078125,18.696823120117188,101.9,982.0,Severe Cyclonic Storm,False
2022126N07095,2022,ASANI,BB,2022-05-09 21:00:00,14.9,84.4,30.8,988.7,-12.727310180664062,17.263336181640625,101.9,982.0,Severe Cyclonic Storm,False
2022126N07095,2022,ASANI,BB,2022-05-10 00:00:00,15.0,84.1,29.95,985.0,-12.560287475585938,20.108139038085938,101.9,982.0,Severe Cyclonic Storm,False
2022126N07095,2022,ASANI,BB,2022-05-10 03:00:00,15.1,83.6,30.02,983.5,-9.710845947265623,17.884185791015625,101.9,984.0,Severe Cyclonic Storm,False
2022126N07095,2022,ASANI,BB,2022-05-10 06:00:00,15.2,83.3,30.16,986.1,-14.137527465820312,12.03558349609375,101.9,984.0,Severe Cyclonic Storm,False
2022126N07095,2022,ASANI,BB,2022-05-10 09:00:00,15.2,82.9,30.2,983.2,-12.377517700195312,12.828857421875,101.9,984.0,Severe Cyclonic Storm,False
2022126N07095,2022,ASANI,BB,2022-05-10 12:00:00,15.4,82.6,30.17,985.4,-15.52142333984375,-4.229278564453125,92.6,984.0,Severe Cyclonic Storm,False
2022126N07095,2022,ASANI,BB,2022-05-10 15:00:00,15.4,82.2,30.27,986.2,-15.278060913085938,4.299713134765625,92.6,985.0,Severe Cyclonic Storm,False
2022126N07095,2022,ASANI,BB,2022-05-10 18:00:00,15.6,82.0,30.22,987.0,-7.526947021484375,9.85400390625,92.6,986.0,Severe Cyclonic Storm,False
2022126N07095,2022,ASANI,BB,2022-05-10 21:00:00,15.7,81.8,29.85,987.8,-12.354522705078123,2.3820037841796875,83.3,986.0,Cyclonic Storm,False
2022126N07095,2022,ASANI,BB,2022-05-11 00:00:00,15.8,81.7,30.05,990.0,-10.07476806640625,0.77081298828125,83.3,988.0,Cyclonic Storm,False
2022126N07095,2022,ASANI,BB,2022-05-11 03:00:00,15.9,81.6,29.76,993.5,-9.291275024414062,-7.0083770751953125,83.3,988.0,Cyclonic Storm,False
2022126N07095,2022,ASANI,BB,2022-05-11 06:00:00,16.0,81.5,29.76,992.9,-2.9638214111328125,-2.50775146484375,74.1,990.0,Cyclonic Storm,False
2022126N07095,2022,ASANI,BB,2022-05-11 09:00:00,16.0,81.4,29.76,993.1,3.877227783203125,8.939712524414062,74.1,990.0,Cyclonic Storm,False
2022126N07095,2022,ASANI,BB,2022-05-11 12:00:00,16.1,81.3,29.78,993.8,-0.5027923583984375,5.1610870361328125,55.6,992.0,Deep Depression,True
2022126N07095,2022,ASANI,BB,2022-05-11 15:00:00,16.0,81.1,,996.7,-0.0976409912109375,1.978302001953125,55.6,993.0,Deep Depression,False
2022126N07095,2022,ASANI,BB,2022-05-11 18:00:00,15.9,80.9,,999.1,0.9846343994140624,6.375244140625,55.6,994.0,Deep Depression,False
2022126N07095,2022,ASANI,BB,2022-05-11 21:00:00,15.8,80.6,,998.7,4.795578002929688,6.13580322265625,51.9,995.0,Deep Depression,False
2022126N07095,2022,ASANI,BB,2022-05-12 00:00:00,15.6,80.4,29.99,1000.5,3.4703521728515625,7.059371948242188,46.3,996.0,Depression,True
2022221N21086,2022,UNNAMED,BB,2022-08-09 03:00:00,20.8,85.6,,992.4,-0.0661773681640625,-0.660003662109375,46.3,990.0,Depression,False
2022221N21086,2022,UNNAMED,BB,2022-08-09 06:00:00,20.8,85.3,,992.1,1.241180419921875,0.833587646484375,46.3,990.0,Depression,False
2022221N21086,2022,UNNAMED,BB,2022-08-09 09:00:00,21.0,84.8,,989.9,-0.681549072265625,0.348907470703125,46.3,990.0,Depression,False
2022221N21086,2022,UNNAMED,BB,2022-08-09 12:00:00,21.2,84.2,,990.5,1.4890594482421875,-2.151763916015625,46.3,990.0,Depression,False
2022221N21086,2022,UNNAMED,BB,2022-08-09 15:00:00,21.4,83.7,,992.5,0.1395721435546875,-1.9304351806640625,42.6,991.0,Depression,False
2022221N21086,2022,UNNAMED,BB,2022-08-09 18:00:00,21.5,83.3,,993.3,0.6868133544921875,-2.032455444335937,37.0,991.0,Depression,False
2022230N18095,2022,UNNAMED,BB,2022-08-19 00:00:00,20.9,89.4,29.37,993.5,-7.084503173828125,-6.833404541015625,46.3,994.0,Depression,True
2022230N18095,2022,UNNAMED,BB,2022-08-19 03:00:00,21.0,89.2,29.38,993.3,-4.2222747802734375,-0.5049285888671875,46.3,994.0,Depression,True
2022230N18095,2022,UNNAMED,BB,2022-08-19 06:00:00,21.2,88.9,29.26,992.6,-7.079010009765625,-1.424652099609375,55.6,993.0,Deep Depression,True
2022230N18095,2022,UNNAMED,BB,2022-08-19 09:00:00,21.4,88.6,29.34,990.4,-5.65557861328125,-7.931396484375,55.6,993.0,Deep Depression,True
2022230N18095,2022,UNNAMED,BB,2022-08-19 12:00:00,21.6,88.1,29.33,990.3,3.47509765625,-6.528106689453125,55.6,992.0,Deep Depression,True
2022230N18095,2022,UNNAMED,BB,2022-08-19 15:00:00,21.9,87.6,,993.7,-1.3055419921875,-3.8779296875,55.6,992.0,Deep Depression,False
2022230N18095,2022,UNNAMED,BB,2022-08-19 18:00:00,22.2,87.0,,994.1,1.7080078125,-3.1592559814453125,55.6,992.0,Deep Depression,False
2022230N18095,2022,UNNAMED,BB,2022-08-19 21:00:00,22.4,86.4,,992.5,1.002777099609375,-1.7757110595703125,55.6,992.0,Deep Depression,False
2022230N18095,2022,UNNAMED,BB,2022-08-20 00:00:00,22.6,85.9,,992.3,-0.8448028564453125,0.9594573974609376,55.6,992.0,Deep Depression,False
2022230N18095,2022,UNNAMED,BB,2022-08-20 03:00:00,22.7,85.4,,994.2,-2.364852905273437,-1.493865966796875,55.6,992.0,Deep Depression,False
2022230N18095,2022,UNNAMED,BB,2022-08-20 06:00:00,22.9,84.7,,995.4,-1.13616943359375,-2.825927734375,55.6,993.0,Deep Depression,False
2022230N18095,2022,UNNAMED,BB,2022-08-20 09:00:00,23.1,84.1,,994.2,2.350830078125,-2.300750732421875,55.6,993.0,Deep Depression,False
2022230N18095,2022,UNNAMED,BB,2022-08-20 12:00:00,23.3,83.6,,993.6,2.222640991210937,-2.344696044921875,55.6,993.0,Deep Depression,False
2022230N18095,2022,UNNAMED,BB,2022-08-20 15:00:00,23.4,83.2,,994.8,0.400482177734375,-2.19921875,55.6,993.0,Deep Depression,False
2022230N18095,2022,UNNAMED,BB,2022-08-20 18:00:00,23.5,82.9,,994.5,0.3469390869140625,-0.89703369140625,55.6,993.0,Deep Depression,False
2022230N18095,2022,UNNAMED,BB,2022-08-20 21:00:00,23.6,82.6,,994.0,0.1618194580078125,-1.2077484130859375,51.9,994.0,Deep Depression,False
2022230N18095,2022,UNNAMED,BB,2022-08-21 00:00:00,23.7,82.2,,994.1,-0.9991607666015624,-0.4870452880859375,46.3,994.0,Depression,False
2022230N18095,2022,UNNAMED,BB,2022-08-21 03:00:00,23.8,81.7,,995.0,-2.57574462890625,-0.14093017578125,46.3,994.0,Depression,False
2022230N18095,2022,UNNAMED,BB,2022-08-21 06:00:00,24.0,81.2,,994.8,-2.7077789306640625,-1.992401123046875,46.3,994.0,Depression,False
2022230N18095,2022,UNNAMED,BB,2022-08-21 09:00:00,24.1,80.8,,992.9,-0.6681060791015625,-2.63641357421875,46.3,994.0,Depression,False
2022230N18095,2022,UNNAMED,BB,2022-08-21 12:00:00,24.2,80.5,,993.0,-2.8215484619140625,-2.971466064453125,46.3,994.0,Depression,False
2022230N18095,2022,UNNAMED,BB,2022-08-21 15:00:00,24.3,80.1,,994.4,-2.31903076171875,-2.92987060546875,46.3,995.0,Depression,False
2022230N18095,2022,UNNAMED,BB,2022-08-21 18:00:00,24.3,79.8,,994.1,-3.7691802978515625,-2.470916748046875,46.3,995.0,Depression,False
2022230N18095,2022,UNNAMED,BB,2022-08-21 21:00:00,24.3,79.5,,992.4,-3.996795654296875,-3.799118041992188,46.3,995.0,Depression,False
2022230N18095,2022,UNNAMED,BB,2022-08-22 00:00:00,24.3,79.1,,992.7,-4.050094604492188,-3.830474853515625,46.3,995.0,Depression,False
2022230N18095,2022,UNNAMED,BB,2022-08-22 03:00:00,24.3,78.4,,994.4,-3.01837158203125,-5.02215576171875,46.3,995.0,Depression,False
2022230N18095,2022,UNNAMED,AS,2022-08-22 06:00:00,24.4,77.8,,996.4,-3.46502685546875,-5.699020385742188,46.3,996.0,Depression,False
2022230N18095,2022,UNNAMED,AS,2022-08-22 09:00:00,24.4,77.5,,995.3,-1.6195220947265625,-4.7355804443359375,46.3,996.0,Depression,False
2022230N18095,2022,UNNAMED,AS,2022-08-22 12:00:00,24.4,77.4,,994.4,-0.2885589599609375,-3.3946685791015625,46.3,996.0,Depression,False
2022230N18095,2022,UNNAMED,AS,2022-08-22 15:00:00,24.5,77.0,,995.9,0.954193115234375,-1.9146575927734373,42.6,997.0,Depression,False
2022230N18095,2022,UNNAMED,AS,2022-08-22 18:00:00,24.6,76.6,,996.0,1.5065765380859375,-3.465240478515625,37.0,997.0,Depression,False
2022230N18095,2022,UNNAMED,AS,2022-08-22 21:00:00,24.7,76.3,,994.9,0.686737060546875,-2.8334503173828125,37.0,997.0,Depression,False
2022230N18095,2022,UNNAMED,AS,2022-08-23 00:00:00,24.8,76.2,,994.9,-0.5302886962890625,-0.7998809814453125,37.0,997.0,Depression,False
2022254N20085,2022,UNNAMED,BB,2022-09-11 00:00:00,19.5,84.7,,999.0,-0.178192138671875,0.5018310546875,46.3,998.0,Depression,False
2022254N20085,2022,UNNAMED,BB,2022-09-11 03:00:00,19.7,84.0,,1002.7,-1.6670684814453125,1.34271240234375,46.3,998.0,Depression,False
2022254N20085,2022,UNNAMED,BB,2022-09-11 06:00:00,19.8,83.3,,1001.2,-2.244842529296875,1.7377777099609375,46.3,998.0,Depression,False
2022254N20085,2022,UNNAMED,BB,2022-09-11 09:00:00,19.9,82.4,,996.7,-3.087890625,2.3144683837890625,46.3,998.0,Depression,False
2022254N20085,2022,UNNAMED,BB,2022-09-11 12:00:00,19.9,81.7,,996.7,0.6951141357421875,-0.1599273681640625,46.3,998.0,Depression,False
2022254N20085,2022,UNNAMED,BB,2022-09-11 15:00:00,20.0,81.4,,999.7,1.183837890625,1.2179718017578125,46.3,998.0,Depression,False
2022254N20085,2022,UNNAMED,BB,2022-09-11 18:00:00,20.1,81.2,,1000.1,2.281585693359375,0.66802978515625,46.3,998.0,Depression,False
2022254N20085,2022,UNNAMED,BB,2022-09-11 21:00:00,20.4,81.0,,997.9,0.2478790283203125,-0.0195159912109375,42.6,999.0,Depression,False
2022254N20085,2022,UNNAMED,BB,2022-09-12 00:00:00,20.8,80.8,,997.4,1.522064208984375,-1.4376983642578125,37.0,999.0,Depression,False
2022338N05100,2022,MANDOUS,BB,2022-12-06 12:00:00,8.4,87.2,28.5,1003.0,-5.42535400390625,-5.002212524414063,46.3,1000.0,Depression,True
2022338N05100,2022,MANDOUS,BB,2022-12-06 15:00:00,8.4,86.9,28.54,1004.8,-7.7494964599609375,-4.132583618164063,46.3,1000.0,Depression,True
2022338N05100,2022,MANDOUS,BB,2022-12-06 18:00:00,8.5,86.7,28.56,1003.2,-6.6115570068359375,-4.0883636474609375,46.3,1000.0,Depression,True
2022338N05100,2022,MANDOUS,BB,2022-12-06 21:00:00,8.5,86.5,28.61,1001.0,-5.0426025390625,-1.73828125,51.9,1000.0,Deep Depression,True
2022338N05100,2022,MANDOUS,BB,2022-12-07 00:00:00,8.6,86.3,28.64,1000.2,-1.5655059814453125,4.1950225830078125,55.6,999.0,Deep Depression,True
2022338N05100,2022,MANDOUS,BB,2022-12-07 03:00:00,8.7,85.9,28.62,1001.7,-4.0335540771484375,2.3046417236328125,55.6,999.0,Deep Depression,True
2022338N05100,2022,MANDOUS,BB,2022-12-07 06:00:00,8.8,85.7,28.62,1001.5,9.753097534179688,7.192398071289063,55.6,998.0,Deep Depression,True
2022338N05100,2022,MANDOUS,BB,2022-12-07 09:00:00,8.8,85.4,28.62,997.1,1.2500457763671875,11.151626586914062,55.6,998.0,Deep Depression,True
2022338N05100,2022,MANDOUS,BB,2022-12-07 12:00:00,9.0,85.1,28.63,994.4,-9.084213256835938,-5.3017578125,55.6,998.0,Deep Depression,True
2022338N05100,2022,MANDOUS,BB,2022-12-07 15:00:00,9.1,84.9,28.63,996.6,-4.526397705078125,-8.7420654296875,61.1,998.0,Deep Depression,True
2022338N05100,2022,MANDOUS,BB,2022-12-07 18:00:00,9.2,84.7,28.6,996.3,-3.3513946533203125,-12.0697021484375,64.8,997.0,Cyclonic Storm,False
2022338N05100,2022,MANDOUS,BB,2022-12-07 21:00:00,9.3,84.5,28.52,994.4,4.901763916015625,-11.924942016601562,64.8,997.0,Cyclonic Storm,False
2022338N05100,2022,MANDOUS,BB,2022-12-08 00:00:00,9.4,84.3,27.91,991.2,-2.806549072265625,-6.51824951171875,74.1,995.0,Cyclonic Storm,False
2022338N05100,2022,MANDOUS,BB,2022-12-08 03:00:00,9.5,84.0,27.91,992.8,-1.3064727783203125,-3.532928466796875,74.1,994.0,Cyclonic Storm,False
2022338N05100,2022,MANDOUS,BB,2022-12-08 06:00:00,9.8,83.6,28.02,992.7,-3.4308624267578125,-11.835983276367188,83.3,992.0,Cyclonic Storm,False
2022338N05100,2022,MANDOUS,BB,2022-12-08 09:00:00,9.9,83.2,27.92,990.1,-4.284912109375,-14.176925659179688,83.3,992.0,Cyclonic Storm,False
2022338N05100,2022,MANDOUS,BB,2022-12-08 12:00:00,10.2,82.9,27.76,991.6,-7.1414947509765625,-16.621856689453125,92.6,990.0,Severe Cyclonic Storm,False
2022338N05100,2022,MANDOUS,BB,2022-12-08 15:00:00,10.4,82.5,27.97,993.9,-5.8299713134765625,-17.623458862304688,92.6,990.0,Severe Cyclonic Storm,False
2022338N05100,2022,MANDOUS,BB,2022-12-08 18:00:00,10.6,82.2,28.09,991.1,-1.758880615234375,-15.16455078125,92.6,990.0,Severe Cyclonic Storm,False
2022338N05100,2022,MANDOUS,BB,2022-12-08 21:00:00,10.7,82.0,28.1,987.1,-4.180587768554688,-7.842666625976562,92.6,990.0,Severe Cyclonic Storm,False
2022338N05100,2022,MANDOUS,BB,2022-12-09 00:00:00,11.0,81.8,27.78,988.5,-3.469879150390625,-8.885223388671875,92.6,990.0,Severe Cyclonic Storm,False
2022338N05100,2022,MANDOUS,BB,2022-12-09 03:00:00,11.1,81.6,27.87,992.0,5.94256591796875,-0.9667205810546876,83.3,991.0,Cyclonic Storm,False
2022338N05100,2022,MANDOUS,BB,2022-12-09 06:00:00,11.4,81.4,27.74,992.6,-7.390167236328125,6.557296752929688,83.3,992.0,Cyclonic Storm,False
2022338N05100,2022,MANDOUS,BB,2022-12-09 09:00:00,11.7,81.2,27.81,990.4,-8.616012573242188,2.6547088623046875,83.3,992.0,Cyclonic Storm,False
2022338N05100,2022,MANDOUS,BB,2022-12-09 12:00:00,12.0,81.0,27.89,989.5,-7.231231689453125,3.543914794921875,74.1,993.0,Cyclonic Storm,False
2022338N05100,2022,MANDOUS,BB,2022-12-09 15:00:00,12.3,80.7,27.84,992.7,-2.58514404296875,1.8118438720703125,74.1,994.0,Cyclonic Storm,False
2022338N05100,2022,MANDOUS,BB,2022-12-09 18:00:00,12.6,80.4,27.63,993.9,0.155731201171875,6.2252197265625,64.8,995.0,Cyclonic Storm,False
2022338N05100,2022,MANDOUS,BB,2022-12-09 21:00:00,12.8,80.1,,993.8,-2.21990966796875,-0.04876708984375,64.8,996.0,Cyclonic Storm,False
2022338N05100,2022,MANDOUS,BB,2022-12-10 00:00:00,12.8,79.8,,996.9,-2.897308349609375,-1.520782470703125,55.6,998.0,Deep Depression,False
2022338N05100,2022,MANDOUS,BB,2022-12-10 03:00:00,12.8,79.6,,1001.4,-1.383697509765625,-1.255859375,55.6,1000.0,Deep Depression,False
2022338N05100,2022,MANDOUS,BB,2022-12-10 06:00:00,12.9,79.4,,1004.1,-5.3473968505859375,1.0044403076171875,46.3,1002.0,Depression,False
2022347N12074,2022,UNNAMED,AS,2022-12-14 09:00:00,13.6,69.6,28.23,1004.5,-0.4086456298828125,2.012176513671875,46.3,1002.0,Depression,True
2022347N12074,2022,UNNAMED,AS,2022-12-14 12:00:00,13.7,69.3,28.19,1004.5,-6.132049560546875,1.2675323486328125,46.3,1002.0,Depression,True
2022347N12074,2022,UNNAMED,AS,2022-12-14 15:00:00,13.7,68.9,28.22,1006.6,-7.5245361328125,1.8905181884765625,46.3,1002.0,Depression,True
2022347N12074,2022,UNNAMED,AS,2022-12-14 18:00:00,13.8,68.6,28.16,1006.5,-8.824478149414062,0.958343505859375,46.3,1002.0,Depression,True
2022347N12074,2022,UNNAMED,AS,2022-12-14 21:00:00,13.8,68.4,28.16,1004.9,-8.135650634765625,7.431610107421875,51.9,1001.0,Deep Depression,True
2022347N12074,2022,UNNAMED,AS,2022-12-15 00:00:00,13.9,68.1,28.05,1004.4,-11.029373168945312,2.0869598388671875,55.6,1000.0,Deep Depression,True
2022347N12074,2022,UNNAMED,AS,2022-12-15 03:00:00,13.9,67.7,28.15,1005.5,-10.370330810546877,5.3589935302734375,55.6,1000.0,Deep Depression,True
2022347N12074,2022,UNNAMED,AS,2022-12-15 06:00:00,13.9,67.4,28.24,1006.9,-10.784820556640623,8.225723266601562,55.6,1000.0,Deep Depression,True
2022347N12074,2022,UNNAMED,AS,2022-12-15 09:00:00,14.0,67.0,28.22,1003.9,-10.0782470703125,6.218292236328125,55.6,1000.0,Deep Depression,True
2022347N12074,2022,UNNAMED,AS,2022-12-15 12:00:00,14.1,66.7,28.12,1002.7,-8.479095458984375,6.5016021728515625,55.6,1000.0,Deep Depression,True
2022347N12074,2022,UNNAMED,AS,2022-12-15 15:00:00,14.0,66.2,28.03,1004.2,-6.1326904296875,3.906295776367188,55.6,1000.0,Deep Depression,True
2022347N12074,2022,UNNAMED,AS,2022-12-15 18:00:00,13.9,65.7,28.02,1004.4,-6.4027099609375,2.5758056640625,55.6,1000.0,Deep Depression,True
2022347N12074,2022,UNNAMED,AS,2022-12-15 21:00:00,13.9,65.4,27.95,1003.2,-7.1911163330078125,5.1678466796875,55.6,1000.0,Deep Depression,True
2022347N12074,2022,UNNAMED,AS,2022-12-16 00:00:00,13.9,65.1,27.51,1002.6,-5.4083404541015625,3.242538452148437,55.6,1000.0,Deep Depression,True
2022347N12074,2022,UNNAMED,AS,2022-12-16 03:00:00,13.9,64.7,27.4,1004.7,-5.1259765625,3.92108154296875,55.6,1000.0,Deep Depression,True
2022347N12074,2022,UNNAMED,AS,2022-12-16 06:00:00,13.9,64.3,27.3,1005.8,-3.1222076416015625,1.221282958984375,55.6,1000.0,Deep Depression,True
2022347N12074,2022,UNNAMED,AS,2022-12-16 09:00:00,14.0,63.9,27.17,1002.8,-0.6389923095703125,2.9032745361328125,51.9,1001.0,Deep Depression,True
2022347N12074,2022,UNNAMED,AS,2022-12-16 12:00:00,14.1,63.6,26.89,1002.3,-2.1645050048828125,2.173553466796875,46.3,1002.0,Depression,True
2022347N12074,2022,UNNAMED,AS,2022-12-16 15:00:00,14.1,63.2,26.83,1005.1,-1.48828125,2.775146484375,46.3,1002.0,Depression,True
2022347N12074,2022,UNNAMED,AS,2022-12-16 18:00:00,14.1,62.9,26.71,1006.2,-1.7348480224609375,3.2124176025390625,46.3,1002.0,Depression,True
2022347N12074,2022,UNNAMED,AS,2022-12-16 21:00:00,14.1,62.6,26.66,1004.9,-1.847747802734375,1.3250732421875,46.3,1002.0,Depression,True
2022347N12074,2022,UNNAMED,AS,2022-12-17 00:00:00,14.0,62.3,26.58,1005.1,-1.6484527587890625,3.0996551513671875,46.3,1002.0,Depression,True
2022347N12074,2022,UNNAMED,AS,2022-12-17 03:00:00,14.0,62.0,26.63,1007.4,-1.787994384765625,4.08990478515625,46.3,1002.0,Depression,True
2022347N12074,2022,UNNAMED,AS,2022-12-17 06:00:00,13.9,61.6,26.7,1008.5,-0.740997314453125,1.705291748046875,46.3,1002.0,Depression,True
2022356N09085,2022,UNNAMED,BB,2022-12-22 03:00:00,9.0,85.0,27.86,1005.3,-0.483734130859375,5.1646881103515625,46.3,1004.0,Depression,True
2022356N09085,2022,UNNAMED,BB,2022-12-22 06:00:00,9.5,84.8,27.56,1004.7,0.1233367919921875,4.972564697265625,46.3,1004.0,Depression,True
2022356N09085,2022,UNNAMED,BB,2022-12-22 09:00:00,9.7,84.6,27.43,1002.5,0.78094482421875,2.272552490234375,46.3,1004.0,Depression,True
2022356N09085,2022,UNNAMED,BB,2022-12-22 12:00:00,9.8,84.5,27.43,1003.6,0.81939697265625,-0.7173614501953125,46.3,1004.0,Depression,True
2022356N09085,2022,UNNAMED,BB,2022-12-22 15:00:00,10.0,84.3,27.22,1005.6,-0.4156951904296875,-2.2395477294921875,46.3,1004.0,Depression,True
2022356N09085,2022,UNNAMED,BB,2022-12-22 18:00:00,10.1,84.2,27.22,1005.4,0.9614715576171876,-1.00372314453125,46.3,1004.0,Depression,True
2022356N09085,2022,UNNAMED,BB,2022-12-22 21:00:00,10.1,84.2,27.22,1003.3,3.15179443359375,0.1032562255859375,46.3,1004.0,Depression,True
2022356N09085,2022,UNNAMED,BB,2022-12-23 00:00:00,10.1,84.2,27.44,1004.2,2.7835845947265625,-4.4384613037109375,46.3,1004.0,Depression,True
2022356N09085,2022,UNNAMED,BB,2022-12-23 03:00:00,10.1,84.2,27.44,1006.5,1.4613800048828125,-5.2851104736328125,46.3,1004.0,Depression,True
2022356N09085,2022,UNNAMED,BB,2022-12-23 06:00:00,10.4,84.8,27.54,1005.4,-1.0486602783203125,-3.596527099609375,46.3,1004.0,Depression,True
2022356N09085,2022,UNNAMED,BB,2022-12-23 09:00:00,10.6,85.2,27.63,1002.6,1.323333740234375,0.5617523193359375,46.3,1004.0,Depression,True
2022356N09085,2022,UNNAMED,BB,2022-12-23 12:00:00,10.6,85.4,27.7,1003.8,-0.3869171142578125,1.0860137939453125,46.3,1004.0,Depression,True
2022356N09085,2022,UNNAMED,BB,2022-12-23 15:00:00,10.5,85.5,27.7,1005.9,-1.272918701171875,4.044158935546875,46.3,1004.0,Depression,True
2022356N09085,2022,UNNAMED,BB,2022-12-23 18:00:00,10.4,85.3,27.63,1006.3,-2.3306884765625,5.7585296630859375,46.3,1004.0,Depression,True
2022356N09085,2022,UNNAMED,BB,2022-12-23 21:00:00,10.6,84.9,27.56,1005.2,-1.8196868896484373,6.034713745117188,46.3,1004.0,Depression,True
2022356N09085,2022,UNNAMED,BB,2022-12-24 00:00:00,10.8,84.5,27.44,1004.9,-2.049179077148437,4.9618682861328125,46.3,1004.0,Depression,True
2022356N09085,2022,UNNAMED,BB,2022-12-24 03:00:00,10.7,84.2,27.39,1007.5,-3.20086669921875,5.668701171875,46.3,1004.0,Depression,True
2022356N09085,2022,UNNAMED,BB,2022-12-24 06:00:00,10.4,83.7,27.3,1007.2,-2.457305908203125,1.46270751953125,46.3,1004.0,Depression,True
2022356N09085,2022,UNNAMED,BB,2022-12-24 09:00:00,10.0,83.3,27.14,1004.1,-1.43511962890625,-0.914886474609375,46.3,1004.0,Depression,True
2022356N09085,2022,UNNAMED,BB,2022-12-24 12:00:00,9.7,83.0,27.1,1004.6,-3.602874755859375,-0.1239166259765625,46.3,1004.0,Depression,True
2022356N09085,2022,UNNAMED,BB,2022-12-24 15:00:00,9.5,82.7,27.05,1006.6,-3.545516967773437,0.133514404296875,46.3,1004.0,Depression,True
2022356N09085,2022,UNNAMED,BB,2022-12-24 18:00:00,9.3,82.5,27.0,1006.7,-3.450103759765625,0.948089599609375,46.3,1004.0,Depression,True
2022356N09085,2022,UNNAMED,BB,2022-12-24 21:00:00,9.2,82.3,27.05,1005.7,-5.177459716796875,-0.8917388916015625,46.3,1004.0,Depression,True
2022356N09085,2022,UNNAMED,BB,2022-12-25 00:00:00,9.0,82.2,27.31,1005.9,-2.8717041015625,-0.164459228515625,46.3,1004.0,Depression,True
2022356N09085,2022,UNNAMED,BB,2022-12-25 03:00:00,8.8,82.0,27.55,1008.3,-1.909332275390625,-0.53240966796875,46.3,1004.0,Depression,True
2022356N09085,2022,UNNAMED,BB,2022-12-25 06:00:00,8.5,81.6,27.46,1008.2,-1.0768890380859375,-4.6888580322265625,46.3,1004.0,Depression,True
2023030N08087,2023,UNNAMED,BB,2023-01-30 03:00:00,7.7,87.2,28.03,1006.8,1.1900482177734375,0.2391510009765625,46.3,1004.0,Depression,True
2023030N08087,2023,UNNAMED,BB,2023-01-30 06:00:00,7.9,86.6,27.94,1005.9,-1.0460662841796875,-2.51580810546875,46.3,1004.0,Depression,True
2023030N08087,2023,UNNAMED,BB,2023-01-30 09:00:00,8.0,86.2,27.95,1003.6,0.75958251953125,2.3509979248046875,46.3,1004.0,Depression,True
2023030N08087,2023,UNNAMED,BB,2023-01-30 12:00:00,8.0,86.0,27.91,1004.7,0.9716644287109376,4.241973876953125,46.3,1004.0,Depression,True
2023030N08087,2023,UNNAMED,BB,2023-01-30 15:00:00,8.1,85.6,27.7,1006.7,2.1422576904296875,5.19696044921875,46.3,1004.0,Depression,True
2023030N08087,2023,UNNAMED,BB,2023-01-30 18:00:00,8.1,85.3,27.57,1006.4,2.88409423828125,7.233367919921875,46.3,1004.0,Depression,True
2023030N08087,2023,UNNAMED,BB,2023-01-30 21:00:00,8.1,85.1,27.45,1004.4,4.094497680664063,7.692214965820312,46.3,1004.0,Depression,True
2023030N08087,2023,UNNAMED,BB,2023-01-31 00:00:00,8.2,84.8,27.42,1004.8,0.787200927734375,8.555740356445312,46.3,1004.0,Depression,True
2023030N08087,2023,UNNAMED,BB,2023-01-31 03:00:00,8.4,84.3,27.37,1005.7,-3.913909912109375,7.26239013671875,46.3,1004.0,Depression,True
2023030N08087,2023,UNNAMED,BB,2023-01-31 06:00:00,8.6,83.9,27.36,1005.2,-2.0250244140625,4.260162353515625,46.3,1004.0,Depression,True
2023030N08087,2023,UNNAMED,BB,2023-01-31 09:00:00,8.7,83.7,27.22,1002.3,-2.1178436279296875,4.46942138671875,46.3,1004.0,Depression,True
2023030N08087,2023,UNNAMED,BB,2023-01-31 12:00:00,8.6,83.5,27.13,1003.2,-0.399749755859375,1.055206298828125,46.3,1004.0,Depression,True
2023030N08087,2023,UNNAMED,BB,2023-01-31 15:00:00,8.5,83.2,26.96,1004.7,-5.1675567626953125,0.049835205078125,46.3,1004.0,Depression,True
2023030N08087,2023,UNNAMED,BB,2023-01-31 18:00:00,8.3,82.9,26.84,1004.4,-4.8446044921875,-2.9700469970703125,46.3,1004.0,Depression,True
2023030N08087,2023,UNNAMED,BB,2023-01-31 21:00:00,8.2,82.8,26.78,1003.1,-2.907821655273437,-6.646499633789063,46.3,1004.0,Depression,True
2023030N08087,2023,UNNAMED,BB,2023-02-01 00:00:00,8.2,82.7,26.53,1002.9,0.3125457763671875,-1.5586395263671875,46.3,1004.0,Depression,True
2023030N08087,2023,UNNAMED,BB,2023-02-01 03:00:00,8.2,82.5,26.59,1005.2,5.2078857421875,-0.0391998291015625,46.3,1004.0,Depression,True
2023030N08087,2023,UNNAMED,BB,2023-02-01 06:00:00,8.2,82.5,26.59,1004.9,6.432662963867188,3.4105224609375,46.3,1004.0,Depression,True
2023030N08087,2023,UNNAMED,BB,2023-02-01 09:00:00,8.2,82.4,26.59,1002.6,6.92767333984375,4.52850341796875,46.3,1004.0,Depression,True
2023030N08087,2023,UNNAMED,BB,2023-02-01 12:00:00,8.2,82.3,26.73,1003.7,8.898651123046875,2.123748779296875,46.3,1004.0,Depression,True
2023030N08087,2023,UNNAMED,BB,2023-02-01 15:00:00,8.2,82.2,26.73,1006.1,8.673858642578125,4.4994964599609375,46.3,1004.0,Depression,True
2023030N08087,2023,UNNAMED,BB,2023-02-01 18:00:00,8.1,82.1,26.96,1007.5,6.6854248046875,6.7350616455078125,46.3,1004.0,Depression,True
2023030N08087,2023,UNNAMED,BB,2023-02-01 21:00:00,7.9,81.8,27.1,1005.8,1.505126953125,7.549667358398437,46.3,1004.0,Depression,True
2023030N08087,2023,UNNAMED,BB,2023-02-02 00:00:00,7.6,81.4,,1007.0,-1.9796600341796875,1.99468994140625,46.3,1004.0,Depression,False
2023030N08087,2023,UNNAMED,BB,2023-02-02 03:00:00,7.2,81.1,,1010.2,-1.993438720703125,0.9176788330078124,37.0,1004.0,Depression,False
2023030N08087,2023,UNNAMED,BB,2023-02-02 06:00:00,6.8,80.8,,1011.7,-0.9037322998046876,1.8102569580078125,37.0,1006.0,Depression,False
2023030N08087,2023,UNNAMED,BB,2023-02-02 09:00:00,6.5,80.5,,1007.7,-1.278350830078125,1.4793548583984375,37.0,1006.0,Depression,False
2023030N08087,2023,UNNAMED,BB,2023-02-02 12:00:00,6.3,80.3,,1006.9,-0.1363067626953125,2.263168334960937,37.0,1006.0,Depression,False
2023129N08091,2023,MOCHA,BB,2023-05-09 12:00:00,7.9,89.3,30.46,1003.2,-4.7099456787109375,-3.02923583984375,46.3,1002.0,Depression,True
2023129N08091,2023,MOCHA,BB,2023-05-09 15:00:00,8.1,89.2,30.46,1004.0,-5.00274658203125,1.0152587890625,46.3,1002.0,Depression,True
2023129N08091,2023,MOCHA,BB,2023-05-09 18:00:00,8.3,89.1,30.65,1004.0,-4.613082885742188,1.4144134521484375,46.3,1002.0,Depression,True
2023129N08091,2023,MOCHA,BB,2023-05-09 21:00:00,8.3,89.1,30.65,1000.5,-5.4650726318359375,-2.2060699462890625,51.9,1001.0,Deep Depression,True
2023129N08091,2023,MOCHA,BB,2023-05-10 00:00:00,8.5,89.0,30.78,1001.2,-2.983673095703125,-3.37347412109375,55.6,1000.0,Deep Depression,True
2023129N08091,2023,MOCHA,BB,2023-05-10 03:00:00,8.8,88.7,30.79,1004.4,3.73516845703125,4.3985443115234375,55.6,1000.0,Deep Depression,True
2023129N08091,2023,MOCHA,BB,2023-05-10 06:00:00,9.3,88.5,30.77,1002.7,1.1703033447265625,7.1945648193359375,55.6,999.0,Deep Depression,True
2023129N08091,2023,MOCHA,BB,2023-05-10 09:00:00,9.7,88.4,30.82,998.1,-6.157516479492188,4.457061767578125,55.6,999.0,Deep Depression,True
2023129N08091,2023,MOCHA,BB,2023-05-10 12:00:00,10.1,88.4,30.84,998.3,-6.46527099609375,-1.4266815185546875,55.6,998.0,Deep Depression,True
2023129N08091,2023,MOCHA,BB,2023-05-10 15:00:00,10.4,88.3,30.92,1000.1,-8.65936279296875,-4.641571044921875,55.6,998.0,Deep Depression,True
2023129N08091,2023,MOCHA,BB,2023-05-10 18:00:00,10.8,88.3,30.97,998.6,-5.4608001708984375,-6.4508819580078125,55.6,998.0,Deep Depression,True
2023129N08091,2023,MOCHA,BB,2023-05-10 21:00:00,11.0,88.2,30.99,995.6,-2.7876739501953125,-3.84796142578125,61.1,998.0,Deep Depression,True
2023129N08091,2023,MOCHA,BB,2023-05-11 00:00:00,11.2,88.1,30.57,995.9,-3.98577880859375,-5.132003784179688,64.8,997.0,Cyclonic Storm,False
2023129N08091,2023,MOCHA,BB,2023-05-11 03:00:00,11.3,88.1,30.57,995.7,4.262237548828125,7.5314788818359375,64.8,996.0,Cyclonic Storm,False
2023129N08091,2023,MOCHA,BB,2023-05-11 06:00:00,11.6,88.1,30.58,992.3,-1.056610107421875,14.044662475585938,83.3,996.0,Cyclonic Storm,False
2023129N08091,2023,MOCHA,BB,2023-05-11 09:00:00,11.8,88.0,30.52,987.7,1.14923095703125,5.9266204833984375,83.3,996.0,Cyclonic Storm,False
2023129N08091,2023,MOCHA,BB,2023-05-11 12:00:00,12.1,88.1,30.45,987.4,-1.392669677734375,2.469818115234375,92.6,994.0,Severe Cyclonic Storm,False
2023129N08091,2023,MOCHA,BB,2023-05-11 15:00:00,12.4,88.1,30.27,987.1,-4.2086029052734375,-1.382293701171875,92.6,992.0,Severe Cyclonic Storm,False
2023129N08091,2023,MOCHA,BB,2023-05-11 18:00:00,12.8,88.1,30.31,985.4,4.3471221923828125,2.7280426025390625,92.6,992.0,Severe Cyclonic Storm,False
2023129N08091,2023,MOCHA,BB,2023-05-11 21:00:00,13.0,88.1,30.24,982.4,8.284942626953125,1.142120361328125,111.1,986.0,Severe Cyclonic Storm,False
2023129N08091,2023,MOCHA,BB,2023-05-12 00:00:00,13.3,88.1,29.62,980.4,-0.7676849365234375,-3.15423583984375,120.4,982.0,Very Severe Cyclonic Storm,False
2023129N08091,2023,MOCHA,BB,2023-05-12 03:00:00,13.7,88.2,29.56,981.8,-3.660247802734375,-3.88824462890625,120.4,982.0,Very Severe Cyclonic Storm,False
2023129N08091,2023,MOCHA,BB,2023-05-12 06:00:00,14.0,88.3,29.61,979.2,0.6728515625,1.560791015625,138.9,974.0,Very Severe Cyclonic Storm,False
2023129N08091,2023,MOCHA,BB,2023-05-12 09:00:00,14.3,88.4,29.73,977.4,4.4861907958984375,12.935989379882812,157.4,970.0,Very Severe Cyclonic Storm,False
2023129N08091,2023,MOCHA,BB,2023-05-12 12:00:00,14.6,88.6,29.81,974.8,-2.5731201171875,4.632598876953125,157.4,970.0,Very Severe Cyclonic Storm,False
2023129N08091,2023,MOCHA,BB,2023-05-12 15:00:00,14.8,88.7,29.69,976.3,-7.718429565429687,4.1120147705078125,166.7,964.0,Extremely Severe Cyclonic Storm,False
2023129N08091,2023,MOCHA,BB,2023-05-12 18:00:00,15.0,88.9,29.67,975.3,-6.4339599609375,6.410247802734375,185.2,954.0,Extremely Severe Cyclonic Storm,False
2023129N08091,2023,MOCHA,BB,2023-05-12 21:00:00,15.1,89.0,29.67,973.3,13.328079223632812,-3.8519439697265625,185.2,954.0,Extremely Severe Cyclonic Storm,False
2023129N08091,2023,MOCHA,BB,2023-05-13 00:00:00,15.4,89.1,28.83,973.8,-1.45855712890625,-10.670974731445312,185.2,954.0,Extremely Severe Cyclonic Storm,False
2023129N08091,2023,MOCHA,BB,2023-05-13 03:00:00,15.7,89.5,29.12,974.4,-6.9996337890625,-3.5228729248046875,185.2,954.0,Extremely Severe Cyclonic Storm,False
2023129N08091,2023,MOCHA,BB,2023-05-13 06:00:00,16.0,90.0,29.52,972.5,-1.678680419921875,9.771453857421877,194.5,950.0,Extremely Severe Cyclonic Storm,False
2023129N08091,2023,MOCHA,BB,2023-05-13 09:00:00,16.4,90.3,29.77,969.7,-1.8507537841796875,8.36962890625,194.5,950.0,Extremely Severe Cyclonic Storm,False
2023129N08091,2023,MOCHA,BB,2023-05-13 12:00:00,16.9,90.8,29.76,970.9,-6.4237213134765625,13.544921875,203.7,944.0,Extremely Severe Cyclonic Storm,False
2023129N08091,2023,MOCHA,BB,2023-05-13 15:00:00,17.4,91.0,29.81,972.4,-11.416122436523438,14.645828247070312,203.7,944.0,Extremely Severe Cyclonic Storm,False
2023129N08091,2023,MOCHA,BB,2023-05-13 18:00:00,17.9,91.2,30.15,971.7,-14.448455810546877,15.06732177734375,213.0,938.0,Extremely Severe Cyclonic Storm,False
2023129N08091,2023,MOCHA,BB,2023-05-13 21:00:00,18.3,91.4,30.34,967.5,-4.5653228759765625,23.38926696777344,213.0,938.0,Extremely Severe Cyclonic Storm,False
2023129N08091,2023,MOCHA,BB,2023-05-14 00:00:00,18.7,91.7,30.31,967.2,-14.243316650390623,19.159454345703125,213.0,938.0,Extremely Severe Cyclonic Storm,False
2023129N08091,2023,MOCHA,BB,2023-05-14 03:00:00,19.3,92.1,30.27,961.6,-20.41688537597656,2.4916229248046875,203.7,944.0,Extremely Severe Cyclonic Storm,False
2023129N08091,2023,MOCHA,BB,2023-05-14 06:00:00,19.9,92.6,30.3,965.7,-24.412124633789062,-0.556396484375,185.2,952.0,Extremely Severe Cyclonic Storm,False
2023129N08091,2023,MOCHA,BB,2023-05-14 09:00:00,20.4,92.9,,973.2,-6.979888916015625,4.8303985595703125,166.7,964.0,Extremely Severe Cyclonic Storm,False
2023129N08091,2023,MOCHA,BB,2023-05-14 12:00:00,21.1,93.3,,992.6,0.2122344970703125,-0.2176971435546875,138.9,974.0,Very Severe Cyclonic Storm,False
2023129N08091,2023,MOCHA,BB,2023-05-14 15:00:00,22.1,94.1,,998.7,3.263031005859375,0.0229644775390625,111.1,984.0,Severe Cyclonic Storm,False
2023129N08091,2023,MOCHA,BB,2023-05-14 18:00:00,23.3,95.2,,997.4,-4.15484619140625,1.2513275146484375,92.6,992.0,Severe Cyclonic Storm,False
2023129N08091,2023,MOCHA,BB,2023-05-14 21:00:00,24.3,96.1,,999.5,-0.62255859375,1.007568359375,64.8,996.0,Cyclonic Storm,False
2023129N08091,2023,MOCHA,BB,2023-05-15 00:00:00,25.1,97.8,,1004.5,-0.6698760986328125,0.7513580322265625,46.3,1000.0,Depression,False
2023156N10067,2023,BIPARJOY,AS,2023-06-06 00:00:00,11.5,66.0,30.94,1003.8,1.51470947265625,5.549774169921875,46.3,1000.0,Depression,True
2023156N10067,2023,BIPARJOY,AS,2023-06-06 03:00:00,11.7,66.0,31.08,1003.0,2.781219482421875,4.401031494140625,46.3,1000.0,Depression,True
2023156N10067,2023,BIPARJOY,AS,2023-06-06 06:00:00,11.9,65.9,31.13,1001.7,1.350555419921875,3.593597412109375,55.6,999.0,Deep Depression,True
2023156N10067,2023,BIPARJOY,AS,2023-06-06 09:00:00,12.0,66.0,31.13,999.0,8.403793334960938,-0.77252197265625,61.1,999.0,Deep Depression,True
2023156N10067,2023,BIPARJOY,AS,2023-06-06 12:00:00,12.2,66.0,31.16,999.1,4.495361328125,-6.57183837890625,64.8,998.0,Cyclonic Storm,False
2023156N10067,2023,BIPARJOY,AS,2023-06-06 15:00:00,12.3,66.0,31.16,1000.4,11.620925903320312,-4.9750823974609375,64.8,998.0,Cyclonic Storm,False
2023156N10067,2023,BIPARJOY,AS,2023-06-06 18:00:00,12.5,66.1,31.32,1000.5,9.154205322265623,-9.781356811523438,74.1,996.0,Cyclonic Storm,False
2023156N10067,2023,BIPARJOY,AS,2023-06-06 21:00:00,12.5,66.2,31.3,998.7,20.612136840820312,3.1165313720703125,83.3,996.0,Cyclonic Storm,False
2023156N10067,2023,BIPARJOY,AS,2023-06-07 00:00:00,12.6,66.3,30.81,999.7,17.940658569335938,8.703018188476562,101.9,990.0,Severe Cyclonic Storm,False
2023156N10067,2023,BIPARJOY,AS,2023-06-07 03:00:00,12.8,66.3,30.98,1000.3,19.852691650390625,11.612930297851562,111.1,988.0,Severe Cyclonic Storm,False
2023156N10067,2023,BIPARJOY,AS,2023-06-07 06:00:00,13.0,66.4,31.0,1000.8,15.98712158203125,13.401763916015623,120.4,983.0,Very Severe Cyclonic Storm,False
2023156N10067,2023,BIPARJOY,AS,2023-06-07 09:00:00,13.2,66.3,31.14,997.0,13.305908203125,10.85345458984375,120.4,983.0,Very Severe Cyclonic Storm,False
2023156N10067,2023,BIPARJOY,AS,2023-06-07 12:00:00,13.3,66.2,31.14,997.7,12.4853515625,10.277679443359377,120.4,983.0,Very Severe Cyclonic Storm,False
2023156N10067,2023,BIPARJOY,AS,2023-06-07 15:00:00,13.4,66.2,31.22,997.4,2.1719207763671875,13.13116455078125,120.4,983.0,Very Severe Cyclonic Storm,False
2023156N10067,2023,BIPARJOY,AS,2023-06-07 18:00:00,13.6,66.1,31.23,995.5,0.3075103759765625,-0.2407989501953125,129.6,980.0,Very Severe Cyclonic Storm,False
2023156N10067,2023,BIPARJOY,AS,2023-06-07 21:00:00,13.6,66.0,31.23,994.5,10.027694702148438,-10.049758911132812,129.6,980.0,Very Severe Cyclonic Storm,False
2023156N10067,2023,BIPARJOY,AS,2023-06-08 00:00:00,13.8,66.1,31.02,996.3,9.6500244140625,-13.476409912109377,138.9,978.0,Very Severe Cyclonic Storm,False
2023156N10067,2023,BIPARJOY,AS,2023-06-08 03:00:00,13.9,66.0,31.08,997.8,14.819564819335938,-9.780181884765623,138.9,978.0,Very Severe Cyclonic Storm,False
2023156N10067,2023,BIPARJOY,AS,2023-06-08 06:00:00,14.0,66.0,31.08,998.5,17.066299438476562,-0.279937744140625,138.9,978.0,Very Severe Cyclonic Storm,False
2023156N10067,2023,BIPARJOY,AS,2023-06-08 09:00:00,14.2,66.0,31.12,993.0,8.360183715820312,-4.744659423828125,138.9,978.0,Very Severe Cyclonic Storm,False
2023156N10067,2023,BIPARJOY,AS,2023-06-08 12:00:00,14.3,66.0,31.12,992.4,11.5477294921875,0.87152099609375,138.9,978.0,Very Severe Cyclonic Storm,False
2023156N10067,2023,BIPARJOY,AS,2023-06-08 15:00:00,14.4,66.0,31.2,991.4,5.572280883789063,-2.763671875,138.9,978.0,Very Severe Cyclonic Storm,False
2023156N10067,2023,BIPARJOY,AS,2023-06-08 18:00:00,14.6,66.1,31.2,993.6,8.022979736328125,-2.5554351806640625,138.9,978.0,Very Severe Cyclonic Storm,False
2023156N10067,2023,BIPARJOY,AS,2023-06-08 21:00:00,14.6,66.1,31.2,994.8,17.842041015625,-3.452239990234375,138.9,978.0,Very Severe Cyclonic Storm,False
2023156N10067,2023,BIPARJOY,AS,2023-06-09 00:00:00,14.8,66.3,30.83,991.3,2.4334869384765625,-7.771240234375,138.9,978.0,Very Severe Cyclonic Storm,False
2023156N10067,2023,BIPARJOY,AS,2023-06-09 03:00:00,14.8,66.5,30.83,992.2,15.672821044921877,4.4442291259765625,129.6,980.0,Very Severe Cyclonic Storm,False
2023156N10067,2023,BIPARJOY,AS,2023-06-09 06:00:00,15.0,66.8,30.88,991.2,12.632293701171877,6.519866943359375,129.6,980.0,Very Severe Cyclonic Storm,False
2023156N10067,2023,BIPARJOY,AS,2023-06-09 09:00:00,15.3,67.0,30.85,988.8,12.102645874023438,8.457199096679688,129.6,980.0,Very Severe Cyclonic Storm,False
2023156N10067,2023,BIPARJOY,AS,2023-06-09 12:00:00,15.6,67.2,30.82,985.7,9.391555786132812,4.468795776367188,120.4,982.0,Very Severe Cyclonic Storm,False
2023156N10067,2023,BIPARJOY,AS,2023-06-09 15:00:00,15.9,67.3,30.87,987.4,-2.5461578369140625,-9.046844482421877,120.4,982.0,Very Severe Cyclonic Storm,False
2023156N10067,2023,BIPARJOY,AS,2023-06-09 18:00:00,16.2,67.4,30.94,985.6,-0.482391357421875,-0.97369384765625,129.6,978.0,Very Severe Cyclonic Storm,False
2023156N10067,2023,BIPARJOY,AS,2023-06-09 21:00:00,16.3,67.4,30.94,985.2,14.024017333984377,9.95672607421875,129.6,976.0,Very Severe Cyclonic Storm,False
2023156N10067,2023,BIPARJOY,AS,2023-06-10 00:00:00,16.5,67.4,30.26,980.9,1.54888916015625,-4.5777130126953125,138.9,974.0,Very Severe Cyclonic Storm,False
2023156N10067,2023,BIPARJOY,AS,2023-06-10 03:00:00,16.6,67.3,30.21,987.3,12.057907104492188,-13.572525024414062,138.9,972.0,Very Severe Cyclonic Storm,False
2023156N10067,2023,BIPARJOY,AS,2023-06-10 06:00:00,16.7,67.3,30.14,986.0,20.032699584960938,-5.1702880859375,138.9,970.0,Very Severe Cyclonic Storm,False
2023156N10067,2023,BIPARJOY,AS,2023-06-10 09:00:00,16.9,67.4,30.12,978.4,13.50628662109375,-2.0479888916015625,148.2,966.0,Very Severe Cyclonic Storm,False
2023156N10067,2023,BIPARJOY,AS,2023-06-10 12:00:00,17.2,67.3,30.2,980.8,7.05657958984375,-14.453750610351562,148.2,964.0,Very Severe Cyclonic Storm,False
2023156N10067,2023,BIPARJOY,AS,2023-06-10 15:00:00,17.4,67.3,30.31,982.6,6.4934844970703125,-15.49578857421875,148.2,964.0,Very Severe Cyclonic Storm,False
2023156N10067,2023,BIPARJOY,AS,2023-06-10 18:00:00,17.5,67.4,30.19,981.0,13.146194458007812,-1.6522216796875,157.4,962.0,Very Severe Cyclonic Storm,False
2023156N10067,2023,BIPARJOY,AS,2023-06-10 21:00:00,17.6,67.4,30.19,979.1,13.133529663085938,0.9481658935546876,157.4,962.0,Very Severe Cyclonic Storm,False
2023156N10067,2023,BIPARJOY,AS,2023-06-11 00:00:00,17.8,67.6,29.94,981.3,12.822219848632812,-8.6900634765625,166.7,960.0,Extremely Severe Cyclonic Storm,False
2023156N10067,2023,BIPARJOY,AS,2023-06-11 03:00:00,18.0,67.7,29.96,973.6,13.713180541992188,3.779693603515625,166.7,958.0,Extremely Severe Cyclonic Storm,False
2023156N10067,2023,BIPARJOY,AS,2023-06-11 06:00:00,18.3,67.8,29.99,968.5,6.29278564453125,0.32440185546875,166.7,958.0,Extremely Severe Cyclonic Storm,False
2023156N10067,2023,BIPARJOY,AS,2023-06-11 09:00:00,18.5,67.8,29.94,966.3,7.290283203125,2.47503662109375,166.7,958.0,Extremely Severe Cyclonic Storm,False
2023156N10067,2023,BIPARJOY,AS,2023-06-11 12:00:00,18.7,67.8,30.01,965.6,-4.6297149658203125,4.333648681640625,166.7,958.0,Extremely Severe Cyclonic Storm,False
2023156N10067,2023,BIPARJOY,AS,2023-06-11 15:00:00,18.8,67.8,30.01,967.0,-0.350799560546875,-1.7530670166015625,166.7,958.0,Extremely Severe Cyclonic Storm,False
2023156N10067,2023,BIPARJOY,AS,2023-06-11 18:00:00,18.9,67.8,30.21,969.5,-2.7480010986328125,-2.74700927734375,166.7,958.0,Extremely Severe Cyclonic Storm,False
2023156N10067,2023,BIPARJOY,AS,2023-06-11 21:00:00,19.0,67.7,30.21,969.2,12.476409912109377,5.4632110595703125,166.7,958.0,Extremely Severe Cyclonic Storm,False
2023156N10067,2023,BIPARJOY,AS,2023-06-12 00:00:00,19.2,67.7,29.81,963.2,2.2899322509765625,9.7061767578125,166.7,958.0,Extremely Severe Cyclonic Storm,False
2023156N10067,2023,BIPARJOY,AS,2023-06-12 03:00:00,19.4,67.6,29.93,964.2,-6.1652679443359375,-9.700149536132812,166.7,958.0,Extremely Severe Cyclonic Storm,False
2023156N10067,2023,BIPARJOY,AS,2023-06-12 06:00:00,19.7,67.5,30.0,965.4,-12.095550537109377,-7.019683837890625,166.7,958.0,Extremely Severe Cyclonic Storm,False
2023156N10067,2023,BIPARJOY,AS,2023-06-12 09:00:00,19.8,67.4,30.0,961.1,6.24798583984375,10.706832885742188,166.7,958.0,Extremely Severe Cyclonic Storm,False
2023156N10067,2023,BIPARJOY,AS,2023-06-12 12:00:00,19.9,67.3,30.04,965.5,-11.768692016601562,-5.3333892822265625,166.7,960.0,Extremely Severe Cyclonic Storm,False
2023156N10067,2023,BIPARJOY,AS,2023-06-12 15:00:00,20.0,67.2,30.04,967.8,3.4732818603515625,-5.9702911376953125,166.7,960.0,Extremely Severe Cyclonic Storm,False
2023156N10067,2023,BIPARJOY,AS,2023-06-12 18:00:00,20.2,67.2,30.05,972.5,8.142715454101562,-1.9530029296875,157.4,962.0,Very Severe Cyclonic Storm,False
2023156N10067,2023,BIPARJOY,AS,2023-06-12 21:00:00,20.4,67.2,30.11,972.6,8.130294799804688,2.868515014648437,157.4,962.0,Very Severe Cyclonic Storm,False
2023156N10067,2023,BIPARJOY,AS,2023-06-13 00:00:00,20.7,67.0,30.01,970.6,1.89666748046875,3.201171875,157.4,962.0,Very Severe Cyclonic Storm,False
2023156N10067,2023,BIPARJOY,AS,2023-06-13 03:00:00,20.9,66.9,30.04,967.2,-7.151458740234375,11.631118774414062,157.4,962.0,Very Severe Cyclonic Storm,False
2023156N10067,2023,BIPARJOY,AS,2023-06-13 06:00:00,21.0,66.8,30.1,965.1,-4.146987915039063,6.824493408203125,157.4,962.0,Very Severe Cyclonic Storm,False
2023156N10067,2023,BIPARJOY,AS,2023-06-13 09:00:00,21.1,66.5,30.09,962.3,5.7901611328125,-7.6610107421875,157.4,962.0,Very Severe Cyclonic Storm,False
2023156N10067,2023,BIPARJOY,AS,2023-06-13 12:00:00,21.2,66.5,30.17,965.3,4.371429443359375,-13.73895263671875,157.4,962.0,Very Severe Cyclonic Storm,False
2023156N10067,2023,BIPARJOY,AS,2023-06-13 15:00:00,21.3,66.4,30.17,968.0,24.8397216796875,1.908477783203125,157.4,962.0,Very Severe Cyclonic Storm,False
2023156N10067,2023,BIPARJOY,AS,2023-06-13 18:00:00,21.5,66.4,30.32,970.4,17.926605224609375,5.40478515625,157.4,962.0,Very Severe Cyclonic Storm,False
2023156N10067,2023,BIPARJOY,AS,2023-06-13 21:00:00,21.5,66.3,30.34,976.1,23.13739013671875,-0.431427001953125,157.4,964.0,Very Severe Cyclonic Storm,False
2023156N10067,2023,BIPARJOY,AS,2023-06-14 00:00:00,21.6,66.3,29.67,974.9,24.05966186523437,6.86285400390625,148.2,966.0,Very Severe Cyclonic Storm,False
2023156N10067,2023,BIPARJOY,AS,2023-06-14 03:00:00,21.6,66.3,29.67,971.5,19.618881225585938,-3.055526733398437,148.2,966.0,Very Severe Cyclonic Storm,False
2023156N10067,2023,BIPARJOY,AS,2023-06-14 06:00:00,21.6,66.4,29.67,973.1,12.427536010742188,5.311920166015625,148.2,966.0,Very Severe Cyclonic Storm,False
2023156N10067,2023,BIPARJOY,AS,2023-06-14 09:00:00,21.7,66.6,29.57,971.4,-0.56549072265625,-14.170547485351562,148.2,966.0,Very Severe Cyclonic Storm,False
2023156N10067,2023,BIPARJOY,AS,2023-06-14 12:00:00,21.9,66.7,29.42,974.2,4.029342651367188,-6.3803558349609375,138.9,970.0,Very Severe Cyclonic Storm,False
2023156N10067,2023,BIPARJOY,AS,2023-06-14 15:00:00,22.1,66.8,29.42,976.8,13.920486450195312,-2.9274444580078125,129.6,974.0,Very Severe Cyclonic Storm,False
2023156N10067,2023,BIPARJOY,AS,2023-06-14 18:00:00,22.2,66.8,29.46,974.7,7.9336395263671875,-3.192230224609375,129.6,974.0,Very Severe Cyclonic Storm,False
2023156N10067,2023,BIPARJOY,AS,2023-06-14 21:00:00,22.3,66.8,29.46,974.1,15.550125122070312,-7.220703125,129.6,974.0,Very Severe Cyclonic Storm,False
2023156N10067,2023,BIPARJOY,AS,2023-06-15 00:00:00,22.3,67.0,29.48,977.0,16.561233520507812,2.6064605712890625,129.6,974.0,Very Severe Cyclonic Storm,False
2023156N10067,2023,BIPARJOY,AS,2023-06-15 03:00:00,22.5,67.1,29.57,971.1,4.777999877929688,-3.09521484375,129.6,974.0,Very Severe Cyclonic Storm,False
2023156N10067,2023,BIPARJOY,AS,2023-06-15 06:00:00,22.6,67.3,29.7,969.7,8.325347900390625,-3.891204833984375,120.4,976.0,Very Severe Cyclonic Storm,False
2023156N10067,2023,BIPARJOY,AS,2023-06-15 09:00:00,22.7,67.7,30.17,972.2,8.458511352539062,2.547332763671875,120.4,976.0,Very Severe Cyclonic Storm,False
2023156N10067,2023,BIPARJOY,AS,2023-06-15 12:00:00,22.8,68.1,30.35,976.3,20.408920288085938,2.581817626953125,120.4,976.0,Very Severe Cyclonic Storm,False
2023156N10067,2023,BIPARJOY,AS,2023-06-15 15:00:00,23.1,68.4,30.68,976.4,15.356185913085938,6.398956298828125,120.4,976.0,Very Severe Cyclonic Storm,False
2023156N10067,2023,BIPARJOY,AS,2023-06-15 18:00:00,23.3,68.6,30.72,980.3,19.083053588867188,-3.109283447265625,111.1,980.0,Severe Cyclonic Storm,False
2023156N10067,2023,BIPARJOY,AS,2023-06-15 21:00:00,23.4,68.8,,977.9,15.408096313476562,1.039703369140625,92.6,982.0,Severe Cyclonic Storm,False
2023156N10067,2023,BIPARJOY,AS,2023-06-16 00:00:00,23.5,69.1,,974.4,7.8583831787109375,-2.8247833251953125,92.6,978.0,Severe Cyclonic Storm,False
2023156N10067,2023,BIPARJOY,AS,2023-06-16 03:00:00,23.5,69.4,,978.9,9.626861572265623,3.4417266845703125,83.3,978.0,Cyclonic Storm,False
2023156N10067,2023,BIPARJOY,AS,2023-06-16 06:00:00,23.7,69.7,,979.6,8.690200805664062,1.2227020263671875,74.1,980.0,Cyclonic Storm,False
2023156N10067,2023,BIPARJOY,AS,2023-06-16 09:00:00,23.9,70.0,,979.2,8.87078857421875,-1.4641571044921875,74.1,984.0,Cyclonic Storm,False
2023156N10067,2023,BIPARJOY,AS,2023-06-16 12:00:00,24.2,70.4,,979.6,8.536514282226562,7.381698608398437,64.8,986.0,Cyclonic Storm,False
2023156N10067,2023,BIPARJOY,AS,2023-06-16 15:00:00,24.5,70.7,,981.6,7.111862182617188,10.476333618164062,64.8,987.0,Cyclonic Storm,False
2023156N10067,2023,BIPARJOY,AS,2023-06-16 18:00:00,24.6,70.9,,985.3,11.585037231445312,11.541732788085938,55.6,988.0,Deep Depression,False
2023156N10067,2023,BIPARJOY,AS,2023-06-16 21:00:00,24.7,71.0,,983.8,14.593902587890623,5.0319671630859375,55.6,988.0,Deep Depression,False
2023156N10067,2023,BIPARJOY,AS,2023-06-17 00:00:00,24.8,71.2,,985.0,13.062149047851562,3.0408172607421875,55.6,988.0,Deep Depression,False
2023156N10067,2023,BIPARJOY,AS,2023-06-17 03:00:00,25.0,71.5,,987.5,10.513809204101562,-0.2269439697265625,55.6,988.0,Deep Depression,False
2023156N10067,2023,BIPARJOY,AS,2023-06-17 06:00:00,25.3,71.9,,989.3,7.2825164794921875,5.41064453125,55.6,989.0,Deep Depression,False
2023156N10067,2023,BIPARJOY,AS,2023-06-17 09:00:00,25.5,72.2,,989.4,8.013687133789062,5.09051513671875,51.9,990.0,Deep Depression,False
2023156N10067,2023,BIPARJOY,AS,2023-06-17 12:00:00,25.6,72.5,,990.7,8.102081298828125,6.170501708984375,46.3,990.0,Depression,False
2023156N10067,2023,BIPARJOY,AS,2023-06-17 15:00:00,25.7,72.7,,991.5,3.261077880859375,6.1202545166015625,46.3,991.0,Depression,False
2023156N10067,2023,BIPARJOY,AS,2023-06-17 18:00:00,25.8,72.8,,991.9,5.222808837890625,-0.9096527099609376,46.3,991.0,Depression,False
2023156N10067,2023,BIPARJOY,AS,2023-06-17 21:00:00,25.9,73.0,,990.1,1.0492095947265625,-4.441192626953125,46.3,991.0,Depression,False
2023156N10067,2023,BIPARJOY,AS,2023-06-18 00:00:00,26.0,73.3,,990.5,4.3331298828125,-4.211456298828125,46.3,991.0,Depression,False
2023156N10067,2023,BIPARJOY,AS,2023-06-18 03:00:00,26.2,73.8,,992.0,1.6806640625,-3.8050537109375,46.3,992.0,Depression,False
2023156N10067,2023,BIPARJOY,AS,2023-06-18 06:00:00,26.3,74.0,,993.3,4.49163818359375,-2.2787628173828125,46.3,994.0,Depression,False
2023156N10067,2023,BIPARJOY,AS,2023-06-18 09:00:00,26.3,74.3,,994.0,6.072540283203125,1.1279296875,42.6,995.0,Depression,False
2023156N10067,2023,BIPARJOY,AS,2023-06-18 12:00:00,26.3,74.7,,994.1,4.0792999267578125,1.68695068359375,37.0,995.0,Depression,False
2023156N10067,2023,BIPARJOY,AS,2023-06-18 15:00:00,26.3,74.9,,995.3,3.247650146484375,1.2614288330078125,37.0,995.0,Depression,False
2023156N10067,2023,BIPARJOY,AS,2023-06-18 18:00:00,26.3,75.2,,996.8,4.3876800537109375,-0.150177001953125,37.0,995.0,Depression,False
2023156N10067,2023,BIPARJOY,AS,2023-06-18 21:00:00,26.3,75.6,,995.6,4.1178741455078125,-1.6301116943359375,37.0,995.0,Depression,False
2023156N10067,2023,BIPARJOY,AS,2023-06-19 00:00:00,26.3,76.0,,994.5,0.7100372314453125,-0.7763214111328125,37.0,995.0,Depression,False
2023292N11063,2023,TEJ,AS,2023-10-20 03:00:00,9.3,61.8,29.5,1008.7,2.182281494140625,3.485443115234375,46.3,1004.0,Depression,True
2023292N11063,2023,TEJ,AS,2023-10-20 06:00:00,9.3,61.6,29.48,1008.9,4.282028198242188,2.8030548095703125,46.3,1004.0,Depression,True
2023292N11063,2023,TEJ,AS,2023-10-20 09:00:00,9.3,61.3,29.44,1006.2,4.724273681640625,3.841110229492188,51.9,1004.0,Deep Depression,True
2023292N11063,2023,TEJ,AS,2023-10-20 12:00:00,9.4,61.1,29.38,1004.7,-2.09454345703125,5.133468627929688,55.6,1003.0,Deep Depression,True
2023292N11063,2023,TEJ,AS,2023-10-20 15:00:00,9.5,60.7,29.39,1005.5,-5.119598388671875,6.724365234375,55.6,1003.0,Deep Depression,True
2023292N11063,2023,TEJ,AS,2023-10-20 18:00:00,9.6,60.3,29.52,1004.8,-1.33270263671875,1.5964508056640625,55.6,1002.0,Deep Depression,True
2023292N11063,2023,TEJ,AS,2023-10-20 21:00:00,9.7,59.7,29.49,1003.0,-1.9609222412109373,3.79888916015625,61.1,1002.0,Deep Depression,True
2023292N11063,2023,TEJ,AS,2023-10-21 00:00:00,9.9,59.2,28.72,1001.4,-7.03265380859375,4.924407958984375,64.8,1001.0,Cyclonic Storm,False
2023292N11063,2023,TEJ,AS,2023-10-21 03:00:00,10.1,58.7,28.45,1001.0,-11.131210327148438,6.411178588867188,83.3,998.0,Cyclonic Storm,False
2023292N11063,2023,TEJ,AS,2023-10-21 06:00:00,10.3,58.3,28.53,1000.6,-7.5893402099609375,-0.7181854248046875,92.6,996.0,Severe Cyclonic Storm,False
2023292N11063,2023,TEJ,AS,2023-10-21 09:00:00,10.3,57.8,28.82,1000.3,7.460830688476562,2.888824462890625,92.6,995.0,Severe Cyclonic Storm,False
2023292N11063,2023,TEJ,AS,2023-10-21 12:00:00,10.7,57.4,29.13,997.9,-3.673049926757813,12.20819091796875,101.9,992.0,Severe Cyclonic Storm,False
2023292N11063,2023,TEJ,AS,2023-10-21 15:00:00,11.1,57.0,29.3,998.9,2.517364501953125,10.180908203125,120.4,988.0,Very Severe Cyclonic Storm,False
2023292N11063,2023,TEJ,AS,2023-10-21 18:00:00,11.4,56.6,29.39,999.4,-9.322158813476562,5.8329010009765625,138.9,980.0,Very Severe Cyclonic Storm,False
2023292N11063,2023,TEJ,AS,2023-10-21 21:00:00,11.7,56.1,29.38,996.9,-8.191787719726562,4.330902099609375,148.2,976.0,Very Severe Cyclonic Storm,False
2023292N11063,2023,TEJ,AS,2023-10-22 00:00:00,12.1,55.9,29.12,996.6,-3.305892944335937,16.268997192382812,157.4,972.0,Very Severe Cyclonic Storm,False
2023292N11063,2023,TEJ,AS,2023-10-22 03:00:00,12.4,55.4,28.96,996.0,-5.714813232421875,13.172576904296877,175.9,964.0,Extremely Severe Cyclonic Storm,False
2023292N11063,2023,TEJ,AS,2023-10-22 06:00:00,12.7,55.1,28.87,996.8,-0.7952880859375,7.46795654296875,175.9,964.0,Extremely Severe Cyclonic Storm,False
2023292N11063,2023,TEJ,AS,2023-10-22 09:00:00,13.0,54.7,28.47,996.6,2.8388671875,14.409042358398438,175.9,964.0,Extremely Severe Cyclonic Storm,False
2023292N11063,2023,TEJ,AS,2023-10-22 12:00:00,13.4,54.4,27.99,996.5,-7.08642578125,12.094863891601562,175.9,964.0,Extremely Severe Cyclonic Storm,False
2023292N11063,2023,TEJ,AS,2023-10-22 15:00:00,13.6,54.1,28.44,996.6,6.39276123046875,7.355560302734375,175.9,964.0,Extremely Severe Cyclonic Storm,False
2023292N11063,2023,TEJ,AS,2023-10-22 18:00:00,13.9,53.9,28.92,999.1,-6.154067993164063,15.69793701171875,175.9,964.0,Extremely Severe Cyclonic Storm,False
2023292N11063,2023,TEJ,AS,2023-10-22 21:00:00,14.1,53.5,28.7,998.4,8.83258056640625,11.2615966796875,175.9,966.0,Extremely Severe Cyclonic Storm,False
2023292N11063,2023,TEJ,AS,2023-10-23 00:00:00,14.3,53.4,28.05,1001.0,2.0123748779296875,16.433151245117188,166.7,968.0,Extremely Severe Cyclonic Storm,False
2023292N11063,2023,TEJ,AS,2023-10-23 03:00:00,14.6,53.1,27.97,1000.0,12.216796875,8.852386474609375,157.4,972.0,Very Severe Cyclonic Storm,False
2023292N11063,2023,TEJ,AS,2023-10-23 06:00:00,14.9,52.9,28.42,1003.0,0.836151123046875,15.276962280273438,148.2,976.0,Very Severe Cyclonic Storm,False
2023292N11063,2023,TEJ,AS,2023-10-23 09:00:00,15.1,52.7,28.49,1001.6,9.741912841796877,14.819534301757812,148.2,978.0,Very Severe Cyclonic Storm,False
2023292N11063,2023,TEJ,AS,2023-10-23 12:00:00,15.4,52.7,28.89,999.9,-4.334274291992188,13.791351318359377,138.9,981.0,Very Severe Cyclonic Storm,False
2023292N11063,2023,TEJ,AS,2023-10-23 15:00:00,15.6,52.5,28.77,1000.5,0.7362060546875,18.008285522460938,129.6,984.0,Very Severe Cyclonic Storm,False
2023292N11063,2023,TEJ,AS,2023-10-23 18:00:00,15.8,52.3,28.52,1003.8,-10.7359619140625,11.613906860351562,129.6,986.0,Very Severe Cyclonic Storm,False
2023292N11063,2023,TEJ,AS,2023-10-23 21:00:00,15.8,52.3,28.52,1005.8,-10.893875122070312,9.857513427734377,120.4,988.0,Very Severe Cyclonic Storm,False
2023292N11063,2023,TEJ,AS,2023-10-24 00:00:00,15.9,52.3,28.39,1007.9,-14.842437744140623,5.619186401367188,111.1,990.0,Severe Cyclonic Storm,False
2023292N11063,2023,TEJ,AS,2023-10-24 03:00:00,15.8,51.9,,1010.3,-5.507843017578125,6.9007720947265625,92.6,996.0,Severe Cyclonic Storm,False
2023292N11063,2023,TEJ,AS,2023-10-24 06:00:00,15.9,51.6,,1012.7,-5.788360595703125,4.563690185546875,74.1,1000.0,Cyclonic Storm,False
2023292N11063,2023,TEJ,AS,2023-10-24 09:00:00,16.1,51.4,,1011.6,-4.96875,2.9796142578125,55.6,1002.0,Deep Depression,False
2023292N11063,2023,TEJ,AS,2023-10-24 12:00:00,16.4,51.3,,1011.0,-7.296295166015625,-0.473602294921875,46.3,1004.0,Depression,False
2023334N08088,2023,MICHAUNG,BB,2023-12-01 00:00:00,8.8,85.8,29.34,1007.1,2.128662109375,-0.524169921875,37.0,1002.0,Depression,True
2023334N08088,2023,MICHAUNG,BB,2023-12-01 03:00:00,9.0,85.6,29.21,1009.1,-1.373382568359375,0.295867919921875,37.0,1002.0,Depression,True
2023334N08088,2023,MICHAUNG,BB,2023-12-01 06:00:00,9.2,85.4,29.13,1007.5,-0.5793609619140625,2.268280029296875,46.3,1002.0,Depression,True
2023334N08088,2023,MICHAUNG,BB,2023-12-01 09:00:00,9.5,85.3,28.92,1004.9,-0.6322784423828125,1.770904541015625,46.3,1002.0,Depression,True
2023334N08088,2023,MICHAUNG,BB,2023-12-01 12:00:00,9.7,85.1,28.9,1005.9,-0.9419708251953124,2.42486572265625,46.3,1001.0,Depression,True
2023334N08088,2023,MICHAUNG,BB,2023-12-01 15:00:00,9.8,85.0,28.9,1007.2,-2.415191650390625,1.7863311767578125,46.3,1001.0,Depression,True
2023334N08088,2023,MICHAUNG,BB,2023-12-01 18:00:00,9.9,84.8,28.9,1006.2,-3.4121551513671875,1.430145263671875,46.3,1000.0,Depression,True
2023334N08088,2023,MICHAUNG,BB,2023-12-01 21:00:00,9.9,84.5,28.86,1004.2,-3.239013671875,-1.898345947265625,51.9,999.0,Deep Depression,True
2023334N08088,2023,MICHAUNG,BB,2023-12-02 00:00:00,10.1,84.1,28.74,1004.5,-0.4452362060546875,0.48431396484375,55.6,998.0,Deep Depression,True
2023334N08088,2023,MICHAUNG,BB,2023-12-02 03:00:00,10.2,83.8,28.69,1006.2,-1.2723388671875,1.4296112060546875,55.6,997.0,Deep Depression,True
2023334N08088,2023,MICHAUNG,BB,2023-12-02 06:00:00,10.3,83.6,28.62,1004.7,-0.744842529296875,3.64483642578125,55.6,997.0,Deep Depression,True
2023334N08088,2023,MICHAUNG,BB,2023-12-02 09:00:00,10.4,83.5,28.73,1001.9,-1.2788543701171875,3.578094482421875,55.6,997.0,Deep Depression,True
2023334N08088,2023,MICHAUNG,BB,2023-12-02 12:00:00,10.5,83.5,28.73,1002.8,-0.4208831787109375,1.29974365234375,55.6,997.0,Deep Depression,True
2023334N08088,2023,MICHAUNG,BB,2023-12-02 15:00:00,10.7,83.3,28.74,1004.2,0.06732177734375,0.982177734375,55.6,997.0,Deep Depression,True
2023334N08088,2023,MICHAUNG,BB,2023-12-02 18:00:00,10.8,83.1,28.68,1003.8,1.5727996826171875,0.2154998779296875,55.6,996.0,Deep Depression,True
2023334N08088,2023,MICHAUNG,BB,2023-12-02 21:00:00,11.0,83.0,28.7,1001.6,2.532196044921875,2.604476928710937,61.1,996.0,Deep Depression,True
2023334N08088,2023,MICHAUNG,BB,2023-12-03 00:00:00,11.3,82.9,28.59,1001.3,2.7557373046875,0.951446533203125,64.8,995.0,Cyclonic Storm,False
2023334N08088,2023,MICHAUNG,BB,2023-12-03 03:00:00,11.5,82.7,28.58,1003.5,-1.3659210205078125,-1.2364654541015625,64.8,995.0,Cyclonic Storm,False
2023334N08088,2023,MICHAUNG,BB,2023-12-03 06:00:00,11.9,82.5,28.44,1002.4,-3.8382568359375,0.5630645751953125,64.8,995.0,Cyclonic Storm,False
2023334N08088,2023,MICHAUNG,BB,2023-12-03 09:00:00,12.1,82.4,28.44,999.6,2.355087280273437,1.7280120849609375,64.8,995.0,Cyclonic Storm,False
2023334N08088,2023,MICHAUNG,BB,2023-12-03 12:00:00,12.3,82.3,28.49,998.2,5.1226959228515625,-1.6953887939453125,64.8,995.0,Cyclonic Storm,False
2023334N08088,2023,MICHAUNG,BB,2023-12-03 15:00:00,12.5,82.1,28.49,998.4,3.943405151367188,2.087646484375,74.1,994.0,Cyclonic Storm,False
2023334N08088,2023,MICHAUNG,BB,2023-12-03 18:00:00,12.8,81.8,28.63,995.9,-2.577789306640625,3.81866455078125,83.3,992.0,Cyclonic Storm,False
2023334N08088,2023,MICHAUNG,BB,2023-12-03 21:00:00,12.9,81.6,28.8,993.5,-7.744461059570312,0.3385772705078125,83.3,992.0,Cyclonic Storm,False
2023334N08088,2023,MICHAUNG,BB,2023-12-04 00:00:00,13.1,81.4,28.6,992.0,-1.7408294677734375,5.6625823974609375,83.3,992.0,Cyclonic Storm,False
2023334N08088,2023,MICHAUNG,BB,2023-12-04 03:00:00,13.3,81.1,28.61,994.4,-6.087448120117188,-2.418060302734375,92.6,988.0,Severe Cyclonic Storm,False
2023334N08088,2023,MICHAUNG,BB,2023-12-04 06:00:00,13.5,80.9,28.63,995.0,-9.981796264648438,-0.9885101318359376,92.6,988.0,Severe Cyclonic Storm,False
2023334N08088,2023,MICHAUNG,BB,2023-12-04 09:00:00,13.7,80.7,28.35,992.7,-8.11444091796875,-5.425994873046875,92.6,988.0,Severe Cyclonic Storm,False
2023334N08088,2023,MICHAUNG,BB,2023-12-04 12:00:00,14.0,80.6,27.98,993.3,-6.5396881103515625,-7.39898681640625,101.9,986.0,Severe Cyclonic Storm,False
2023334N08088,2023,MICHAUNG,BB,2023-12-04 15:00:00,14.2,80.4,27.96,994.6,-3.8329010009765625,-1.6111297607421875,101.9,986.0,Severe Cyclonic Storm,False
2023334N08088,2023,MICHAUNG,BB,2023-12-04 18:00:00,14.4,80.3,,994.1,-1.540802001953125,1.4171600341796875,101.9,986.0,Severe Cyclonic Storm,False
2023334N08088,2023,MICHAUNG,BB,2023-12-04 21:00:00,14.6,80.2,,994.4,4.559585571289063,6.3372344970703125,101.9,986.0,Severe Cyclonic Storm,False
2023334N08088,2023,MICHAUNG,BB,2023-12-05 00:00:00,14.9,80.1,27.46,995.4,-3.572372436523437,-1.269439697265625,92.6,988.0,Severe Cyclonic Storm,False
2023334N08088,2023,MICHAUNG,BB,2023-12-05 03:00:00,15.2,80.1,,998.3,-1.4362335205078125,-0.5340118408203125,92.6,988.0,Severe Cyclonic Storm,False
2023334N08088,2023,MICHAUNG,BB,2023-12-05 06:00:00,15.6,80.2,,999.3,-4.184906005859375,6.268325805664063,92.6,988.0,Severe Cyclonic Storm,False
2023334N08088,2023,MICHAUNG,BB,2023-12-05 09:00:00,15.8,80.2,,997.7,-1.6496429443359375,1.2740325927734375,92.6,990.0,Severe Cyclonic Storm,False
2023334N08088,2023,MICHAUNG,BB,2023-12-05 12:00:00,16.0,80.2,,1000.1,0.247711181640625,-1.705169677734375,74.1,996.0,Cyclonic Storm,False
2023334N08088,2023,MICHAUNG,BB,2023-12-05 15:00:00,16.4,80.3,,1003.1,-0.8475341796875,-3.427719116210937,64.8,998.0,Cyclonic Storm,False
2023334N08088,2023,MICHAUNG,BB,2023-12-05 18:00:00,16.9,80.4,,1004.2,-4.095962524414063,0.66552734375,55.6,1000.0,Deep Depression,False
2023334N08088,2023,MICHAUNG,BB,2023-12-05 21:00:00,17.1,80.5,,1003.6,-1.128387451171875,2.8989715576171875,46.3,1002.0,Depression,False
2023334N08088,2023,MICHAUNG,BB,2023-12-06 00:00:00,17.3,80.6,,1004.9,0.716644287109375,3.2413482666015625,37.0,1004.0,Depression,False
2024201N19086,2024,UNNAMED,BB,2024-07-19 03:00:00,19.1,86.2,30.22,993.3,-2.0460205078125,1.3809661865234375,46.3,992.0,Depression,True
2024201N19086,2024,UNNAMED,BB,2024-07-19 06:00:00,19.2,86.0,30.27,992.1,-5.8638458251953125,0.36846923828125,46.3,992.0,Depression,True
2024201N19086,2024,UNNAMED,BB,2024-07-19 09:00:00,19.3,85.8,30.24,990.3,-5.8047943115234375,-2.666000366210937,46.3,991.0,Depression,True
2024201N19086,2024,UNNAMED,BB,2024-07-19 12:00:00,19.4,85.7,30.41,990.4,-6.77606201171875,-3.6973724365234375,46.3,990.0,Depression,True
2024201N19086,2024,UNNAMED,BB,2024-07-19 15:00:00,19.5,85.6,30.44,992.6,-4.608184814453125,-6.617156982421875,46.3,990.0,Depression,True
2024201N19086,2024,UNNAMED,BB,2024-07-19 18:00:00,19.5,85.6,30.44,993.0,-2.0877838134765625,-8.058273315429688,46.3,990.0,Depression,True
2024201N19086,2024,UNNAMED,BB,2024-07-19 21:00:00,19.6,85.5,30.44,992.0,0.2564544677734375,-8.117843627929688,46.3,991.0,Depression,True
2024201N19086,2024,UNNAMED,BB,2024-07-20 00:00:00,19.6,85.5,30.25,991.9,1.03680419921875,-7.931716918945312,46.3,991.0,Depression,True
2024201N19086,2024,UNNAMED,BB,2024-07-20 03:00:00,19.6,85.5,30.25,993.4,0.6025238037109375,-5.784439086914063,46.3,992.0,Depression,True
2024201N19086,2024,UNNAMED,BB,2024-07-20 06:00:00,19.7,85.4,30.46,993.2,1.756591796875,-1.0214691162109375,46.3,992.0,Depression,True
2024216N24085,2024,UNNAMED,BB,2024-08-02 12:00:00,24.2,85.2,,993.0,1.2275238037109375,3.5107574462890625,37.0,992.0,Depression,False
2024216N24085,2024,UNNAMED,BB,2024-08-02 15:00:00,24.2,85.0,,994.5,1.6604461669921875,2.8942108154296875,37.0,992.0,Depression,False
2024216N24085,2024,UNNAMED,BB,2024-08-02 18:00:00,24.2,84.9,,994.8,2.605316162109375,3.30810546875,37.0,992.0,Depression,False
2024216N24085,2024,UNNAMED,BB,2024-08-02 21:00:00,24.2,84.8,,993.7,2.841033935546875,1.754486083984375,42.6,992.0,Depression,False
2024216N24085,2024,UNNAMED,BB,2024-08-03 00:00:00,24.3,84.6,,992.5,0.74322509765625,4.9669036865234375,46.3,991.0,Depression,False
2024216N24085,2024,UNNAMED,BB,2024-08-03 03:00:00,24.4,84.4,,993.9,-3.834259033203125,5.069595336914063,55.6,990.0,Deep Depression,False
2024216N24085,2024,UNNAMED,BB,2024-08-03 06:00:00,24.5,84.2,,995.2,-1.6590728759765625,5.430572509765625,55.6,988.0,Deep Depression,False
2024216N24085,2024,UNNAMED,BB,2024-08-03 09:00:00,24.7,83.7,,994.2,-1.633697509765625,3.9241943359375,55.6,988.0,Deep Depression,False
2024216N24085,2024,UNNAMED,BB,2024-08-03 12:00:00,24.8,83.0,,993.7,0.60540771484375,3.852935791015625,55.6,988.0,Deep Depression,False
2024216N24085,2024,UNNAMED,BB,2024-08-03 15:00:00,24.8,82.2,,995.3,-1.1888885498046875,1.1669464111328125,55.6,989.0,Deep Depression,False
2024216N24085,2024,UNNAMED,BB,2024-08-03 18:00:00,24.8,81.5,,996.1,-0.2695465087890625,-2.7998046875,55.6,990.0,Deep Depression,False
2024216N24085,2024,UNNAMED,BB,2024-08-03 21:00:00,24.8,81.2,,994.0,-0.0807952880859375,-1.6170501708984375,55.6,990.0,Deep Depression,False
2024216N24085,2024,UNNAMED,BB,2024-08-04 00:00:00,24.9,81.0,,993.6,-2.8401031494140625,2.1720428466796875,55.6,990.0,Deep Depression,False
2024216N24085,2024,UNNAMED,BB,2024-08-04 03:00:00,25.0,80.7,,995.3,-2.105316162109375,3.433197021484375,55.6,991.0,Deep Depression,False
2024216N24085,2024,UNNAMED,BB,2024-08-04 06:00:00,25.3,79.6,,995.9,-1.1660614013671875,-2.6128082275390625,55.6,992.0,Deep Depression,False
2024216N24085,2024,UNNAMED,BB,2024-08-04 09:00:00,25.6,78.9,,994.7,-1.7818756103515625,-1.368011474609375,55.6,992.0,Deep Depression,False
2024216N24085,2024,UNNAMED,BB,2024-08-04 12:00:00,25.8,78.4,,992.9,-1.261383056640625,-1.47265625,55.6,992.0,Deep Depression,False
2024216N24085,2024,UNNAMED,BB,2024-08-04 15:00:00,25.9,78.0,,995.5,-3.85003662109375,-0.981719970703125,55.6,993.0,Deep Depression,False
2024216N24085,2024,UNNAMED,AS,2024-08-04 18:00:00,26.0,77.6,,996.3,-3.87896728515625,-1.5260467529296875,55.6,993.0,Deep Depression,False
2024216N24085,2024,UNNAMED,AS,2024-08-04 21:00:00,26.1,76.9,,994.7,-1.50238037109375,-3.043853759765625,51.9,993.0,Deep Depression,False
2024216N24085,2024,UNNAMED,AS,2024-08-05 00:00:00,26.3,76.2,,995.9,-2.52734375,-2.937728881835937,46.3,993.0,Depression,False
2024216N24085,2024,UNNAMED,AS,2024-08-05 03:00:00,26.5,75.6,,997.4,-3.7612152099609375,-3.4774322509765625,46.3,993.0,Depression,False
2024216N24085,2024,UNNAMED,AS,2024-08-05 06:00:00,26.8,75.2,,998.4,-3.6897125244140634,-2.8489227294921875,46.3,994.0,Depression,False
2024216N24085,2024,UNNAMED,AS,2024-08-05 09:00:00,27.2,74.4,,997.7,-2.9193267822265625,-3.3302459716796875,42.6,994.0,Depression,False
2024216N24085,2024,UNNAMED,AS,2024-08-05 12:00:00,27.6,73.5,,996.6,-0.209197998046875,-4.3209228515625,37.0,994.0,Depression,False
2024216N24085,2024,UNNAMED,AS,2024-08-05 15:00:00,28.2,72.7,,997.9,0.2528533935546875,-0.538421630859375,37.0,995.0,Depression,False
2024216N24085,2024,UNNAMED,AS,2024-08-05 18:00:00,28.8,72.0,,998.8,4.1558380126953125,1.230438232421875,37.0,996.0,Depression,False
2024238N25077,2024,ASNA,AS,2024-08-25 00:00:00,24.5,77.3,,997.1,1.64202880859375,-3.7917327880859375,37.0,997.0,Depression,False
2024238N25077,2024,ASNA,AS,2024-08-25 03:00:00,24.6,76.9,,997.6,-3.1187286376953125,-0.8481292724609375,37.0,997.0,Depression,False
2024238N25077,2024,ASNA,AS,2024-08-25 06:00:00,24.6,76.5,,996.7,-2.3967742919921875,-0.492034912109375,37.0,996.0,Depression,False
2024238N25077,2024,ASNA,AS,2024-08-25 09:00:00,24.5,76.1,,995.2,-1.0052490234375,-3.6790924072265625,42.6,996.0,Depression,False
2024238N25077,2024,ASNA,AS,2024-08-25 12:00:00,24.4,75.6,,995.4,-1.0284271240234375,-4.6861419677734375,46.3,996.0,Depression,False
2024238N25077,2024,ASNA,AS,2024-08-25 15:00:00,24.3,75.1,,996.9,0.67376708984375,-4.1788482666015625,51.9,996.0,Deep Depression,False
2024238N25077,2024,ASNA,AS,2024-08-25 18:00:00,24.3,74.7,,996.8,-0.700836181640625,-3.53228759765625,55.6,995.0,Deep Depression,False
2024238N25077,2024,ASNA,AS,2024-08-25 21:00:00,24.3,74.4,,995.0,-2.189910888671875,-3.7935638427734375,55.6,995.0,Deep Depression,False
2024238N25077,2024,ASNA,AS,2024-08-26 00:00:00,24.2,74.2,,995.4,-2.433441162109375,-2.9073028564453125,55.6,995.0,Deep Depression,False
2024238N25077,2024,ASNA,AS,2024-08-26 03:00:00,24.1,74.0,,995.8,-2.491973876953125,-2.402130126953125,55.6,995.0,Deep Depression,False
2024238N25077,2024,ASNA,AS,2024-08-26 06:00:00,23.8,73.6,,995.4,-1.9183197021484373,-3.3392486572265625,55.6,995.0,Deep Depression,False
2024238N25077,2024,ASNA,AS,2024-08-26 09:00:00,23.7,73.3,,993.4,0.930145263671875,-1.8637237548828125,55.6,995.0,Deep Depression,False
2024238N25077,2024,ASNA,AS,2024-08-26 12:00:00,23.8,73.0,,993.1,3.470703125,-0.42706298828125,55.6,995.0,Deep Depression,False
2024238N25077,2024,ASNA,AS,2024-08-26 15:00:00,23.8,72.7,,995.2,2.850860595703125,2.100677490234375,55.6,995.0,Deep Depression,False
2024238N25077,2024,ASNA,AS,2024-08-26 18:00:00,23.8,72.4,,995.6,2.253936767578125,1.909393310546875,55.6,995.0,Deep Depression,False
2024238N25077,2024,ASNA,AS,2024-08-26 21:00:00,23.8,72.3,,993.2,-0.8921661376953125,1.7549896240234375,55.6,995.0,Deep Depression,False
2024238N25077,2024,ASNA,AS,2024-08-27 00:00:00,23.8,72.2,,992.9,-1.1209869384765625,4.040802001953125,55.6,995.0,Deep Depression,False
2024238N25077,2024,ASNA,AS,2024-08-27 03:00:00,23.8,72.0,,994.6,1.13385009765625,2.3210906982421875,55.6,995.0,Deep Depression,False
2024238N25077,2024,ASNA,AS,2024-08-27 06:00:00,23.7,71.7,,995.2,-0.987030029296875,3.152984619140625,55.6,995.0,Deep Depression,False
2024238N25077,2024,ASNA,AS,2024-08-27 09:00:00,23.7,71.3,,993.9,0.087677001953125,5.24090576171875,55.6,995.0,Deep Depression,False
2024238N25077,2024,ASNA,AS,2024-08-27 12:00:00,23.8,70.9,,993.2,-1.654541015625,6.267745971679688,55.6,995.0,Deep Depression,False
2024238N25077,2024,ASNA,AS,2024-08-27 15:00:00,23.9,70.6,,994.4,0.824371337890625,1.096282958984375,55.6,995.0,Deep Depression,False
2024238N25077,2024,ASNA,AS,2024-08-27 18:00:00,24.0,70.4,,995.6,-1.45513916015625,2.0539093017578125,55.6,995.0,Deep Depression,False
2024238N25077,2024,ASNA,AS,2024-08-27 21:00:00,24.0,70.1,,993.8,-0.5783538818359375,-0.6008453369140625,55.6,995.0,Deep Depression,False
2024238N25077,2024,ASNA,AS,2024-08-28 00:00:00,24.0,70.0,,992.6,0.339202880859375,-3.095489501953125,55.6,995.0,Deep Depression,False
2024238N25077,2024,ASNA,AS,2024-08-28 03:00:00,24.0,69.8,,993.7,2.153717041015625,-2.95928955078125,55.6,995.0,Deep Depression,False
2024238N25077,2024,ASNA,AS,2024-08-28 06:00:00,23.9,69.8,,994.4,1.142242431640625,-2.919586181640625,55.6,994.0,Deep Depression,False
2024238N25077,2024,ASNA,AS,2024-08-28 09:00:00,23.8,69.8,,993.1,3.365951538085937,-0.9278106689453124,55.6,994.0,Deep Depression,False
2024238N25077,2024,ASNA,AS,2024-08-28 12:00:00,23.8,69.8,,992.9,5.5501556396484375,-2.467315673828125,55.6,994.0,Deep Depression,False
2024238N25077,2024,ASNA,AS,2024-08-28 15:00:00,23.8,69.8,,993.5,8.311752319335938,-0.966888427734375,55.6,994.0,Deep Depression,False
2024238N25077,2024,ASNA,AS,2024-08-28 18:00:00,23.8,69.7,,993.4,7.319931030273437,0.19384765625,55.6,994.0,Deep Depression,False
2024238N25077,2024,ASNA,AS,2024-08-28 21:00:00,23.8,69.6,,992.3,4.043365478515625,-2.491119384765625,55.6,994.0,Deep Depression,False
2024238N25077,2024,ASNA,AS,2024-08-29 00:00:00,23.8,69.5,,992.0,4.3193206787109375,-6.060455322265625,55.6,994.0,Deep Depression,False
2024238N25077,2024,ASNA,AS,2024-08-29 03:00:00,23.7,69.4,,993.0,5.435089111328125,-7.21185302734375,55.6,994.0,Deep Depression,False
2024238N25077,2024,ASNA,AS,2024-08-29 06:00:00,23.7,69.5,,993.3,2.8860321044921875,-5.779800415039063,55.6,994.0,Deep Depression,False
2024238N25077,2024,ASNA,AS,2024-08-29 09:00:00,23.6,69.4,,992.4,7.240997314453125,-2.5166778564453125,55.6,994.0,Deep Depression,False
2024238N25077,2024,ASNA,AS,2024-08-29 12:00:00,23.6,69.3,,992.1,9.930526733398438,-3.31103515625,55.6,994.0,Deep Depression,False
2024238N25077,2024,ASNA,AS,2024-08-29 15:00:00,23.5,69.2,,993.5,8.910400390625,0.986297607421875,55.6,994.0,Deep Depression,False
2024238N25077,2024,ASNA,AS,2024-08-29 18:00:00,23.5,69.0,,994.1,4.49591064453125,2.809844970703125,55.6,994.0,Deep Depression,False
2024238N25077,2024,ASNA,AS,2024-08-29 21:00:00,23.4,68.7,,991.3,0.00634765625,-1.2526397705078125,55.6,994.0,Deep Depression,False
2024238N25077,2024,ASNA,AS,2024-08-30 00:00:00,23.3,68.5,28.67,992.4,8.509506225585938,1.274871826171875,55.6,994.0,Deep Depression,True
2024238N25077,2024,ASNA,AS,2024-08-30 03:00:00,23.3,68.2,28.52,993.6,12.02130126953125,7.6938323974609375,55.6,994.0,Deep Depression,True
2024238N25077,2024,ASNA,AS,2024-08-30 06:00:00,23.4,68.0,28.26,992.7,4.445602416992188,7.086395263671875,64.8,993.0,Cyclonic Storm,False
2024238N25077,2024,ASNA,AS,2024-08-30 09:00:00,23.4,67.5,28.2,990.4,4.197311401367188,-2.0693817138671875,64.8,993.0,Cyclonic Storm,False
2024238N25077,2024,ASNA,AS,2024-08-30 12:00:00,23.4,67.1,28.43,992.1,7.9810028076171875,-3.39959716796875,64.8,993.0,Cyclonic Storm,False
2024238N25077,2024,ASNA,AS,2024-08-30 15:00:00,23.5,66.9,28.43,993.0,3.8826904296875,3.050994873046875,64.8,992.0,Cyclonic Storm,False
2024238N25077,2024,ASNA,AS,2024-08-30 18:00:00,23.6,66.4,28.69,994.5,2.098739624023437,-4.129425048828125,64.8,992.0,Cyclonic Storm,False
2024238N25077,2024,ASNA,AS,2024-08-30 21:00:00,23.5,66.1,29.0,993.1,-1.8297882080078125,-6.2245635986328125,64.8,992.0,Cyclonic Storm,False
2024238N25077,2024,ASNA,AS,2024-08-31 00:00:00,23.5,65.7,28.85,992.0,2.455062866210937,4.358154296875,74.1,991.0,Cyclonic Storm,False
2024238N25077,2024,ASNA,AS,2024-08-31 03:00:00,23.5,65.2,29.06,993.6,2.566680908203125,1.8983154296875,74.1,991.0,Cyclonic Storm,False
2024238N25077,2024,ASNA,AS,2024-08-31 06:00:00,23.5,64.9,29.13,994.6,-1.5546875,6.8645782470703125,74.1,991.0,Cyclonic Storm,False
2024238N25077,2024,ASNA,AS,2024-08-31 09:00:00,23.4,64.4,29.1,993.6,0.4110565185546875,2.796630859375,74.1,991.0,Cyclonic Storm,False
2024238N25077,2024,ASNA,AS,2024-08-31 12:00:00,23.5,64.2,29.07,993.9,-2.3028106689453125,6.648284912109375,74.1,990.0,Cyclonic Storm,False
2024238N25077,2024,ASNA,AS,2024-08-31 15:00:00,23.4,63.7,29.09,995.3,-4.0336456298828125,6.33929443359375,74.1,990.0,Cyclonic Storm,False
2024238N25077,2024,ASNA,AS,2024-08-31 18:00:00,23.4,63.5,29.16,997.3,-7.9291534423828125,7.034912109375,74.1,990.0,Cyclonic Storm,False
2024238N25077,2024,ASNA,AS,2024-08-31 21:00:00,23.3,63.0,29.26,994.6,-4.0013275146484375,2.6974029541015625,74.1,990.0,Cyclonic Storm,False
2024238N25077,2024,ASNA,AS,2024-09-01 00:00:00,23.1,62.6,28.66,994.3,-2.007476806640625,-0.5361480712890625,74.1,990.0,Cyclonic Storm,False
2024238N25077,2024,ASNA,AS,2024-09-01 03:00:00,22.9,62.3,28.6,995.2,-6.1219329833984375,1.0116729736328125,64.8,992.0,Cyclonic Storm,False
2024238N25077,2024,ASNA,AS,2024-09-01 06:00:00,22.7,62.1,28.6,996.0,-6.5548858642578125,-2.0684356689453125,64.8,993.0,Cyclonic Storm,False
2024238N25077,2024,ASNA,AS,2024-09-01 09:00:00,22.5,61.9,28.32,995.1,-4.1987152099609375,-0.9979095458984376,64.8,993.0,Cyclonic Storm,False
2024238N25077,2024,ASNA,AS,2024-09-01 12:00:00,22.2,61.8,27.9,995.0,-3.965866088867188,-6.5704193115234375,55.6,996.0,Deep Depression,True
2024238N25077,2024,ASNA,AS,2024-09-01 15:00:00,21.9,61.7,27.58,996.8,-4.346923828125,-3.5846405029296875,55.6,997.0,Deep Depression,True
2024238N25077,2024,ASNA,AS,2024-09-01 18:00:00,21.7,61.6,26.98,999.2,-2.7138824462890625,-6.452728271484375,55.6,998.0,Deep Depression,True
2024238N25077,2024,ASNA,AS,2024-09-01 21:00:00,21.4,61.5,26.5,998.6,-0.9686279296875,-4.6024932861328125,46.3,999.0,Depression,True
2024238N25077,2024,ASNA,AS,2024-09-02 00:00:00,21.2,61.4,26.45,997.9,-2.552459716796875,-0.3355560302734375,37.0,999.0,Depression,False
2024238N25077,2024,ASNA,AS,2024-09-02 03:00:00,20.9,61.2,26.22,999.8,-2.1493072509765625,-2.296844482421875,37.0,1000.0,Depression,False
2024244N18085,2024,UNNAMED,BB,2024-08-31 00:00:00,17.5,84.6,29.55,997.0,-3.4375152587890625,-6.630126953125,46.3,998.0,Depression,True
2024244N18085,2024,UNNAMED,BB,2024-08-31 03:00:00,17.7,84.5,29.59,999.2,-7.811248779296875,-1.3497314453125,46.3,997.0,Depression,True
2024244N18085,2024,UNNAMED,BB,2024-08-31 06:00:00,17.9,84.3,29.33,999.1,-7.5263671875,-0.4196014404296875,46.3,996.0,Depression,True
2024244N18085,2024,UNNAMED,BB,2024-08-31 09:00:00,18.0,84.1,29.23,997.4,-4.7920684814453125,6.466552734375,46.3,997.0,Depression,True
2024244N18085,2024,UNNAMED,BB,2024-08-31 12:00:00,18.1,84.0,29.23,997.8,-4.0352325439453125,1.727386474609375,46.3,997.0,Depression,True
2024244N18085,2024,UNNAMED,BB,2024-08-31 15:00:00,18.1,83.9,29.23,999.4,-4.4018096923828125,7.07952880859375,46.3,997.0,Depression,True
2024244N18085,2024,UNNAMED,BB,2024-08-31 18:00:00,18.2,83.8,29.08,999.9,-3.735794067382813,4.610107421875,46.3,997.0,Depression,True
2024244N18085,2024,UNNAMED,BB,2024-08-31 21:00:00,18.3,83.5,,998.4,-3.308944702148437,-0.6102142333984375,46.3,997.0,Depression,False
2024244N18085,2024,UNNAMED,BB,2024-09-01 00:00:00,18.5,83.0,,1001.3,-3.402984619140625,-0.9277496337890624,46.3,997.0,Depression,False
2024244N18085,2024,UNNAMED,BB,2024-09-01 03:00:00,18.7,82.4,,1001.4,-5.1922454833984375,-0.6006317138671875,46.3,998.0,Depression,False
2024244N18085,2024,UNNAMED,BB,2024-09-01 06:00:00,18.7,82.1,,999.8,-3.3263702392578125,-0.1914825439453125,37.0,999.0,Depression,False
2024244N18085,2024,UNNAMED,BB,2024-09-01 09:00:00,18.8,81.7,,998.4,-1.8188323974609373,1.3780670166015625,37.0,999.0,Depression,False
2024244N18085,2024,UNNAMED,BB,2024-09-01 12:00:00,19.0,81.2,,998.8,-0.7471160888671875,0.3797760009765625,37.0,999.0,Depression,False
2024244N18085,2024,UNNAMED,BB,2024-09-01 15:00:00,19.2,80.8,,1000.4,-0.395751953125,-0.2594451904296875,37.0,999.0,Depression,False
2024244N18085,2024,UNNAMED,BB,2024-09-01 18:00:00,19.3,80.4,,1001.0,-0.8144683837890625,0.852935791015625,37.0,999.0,Depression,False
2024244N18085,2024,UNNAMED,BB,2024-09-01 21:00:00,19.5,80.2,,999.9,-0.7860107421875,-0.4188995361328125,37.0,999.0,Depression,False
2024244N18085,2024,UNNAMED,BB,2024-09-02 00:00:00,19.6,80.0,,1000.1,-0.980194091796875,0.6468658447265625,37.0,999.0,Depression,False
2024244N18085,2024,UNNAMED,BB,2024-09-02 03:00:00,19.7,79.7,,1002.2,-2.3631744384765625,1.058624267578125,37.0,999.0,Depression,False
2024244N18085,2024,UNNAMED,BB,2024-09-02 06:00:00,19.8,79.5,,1002.7,-2.3740234375,0.951995849609375,37.0,999.0,Depression,False
2024252N18087,2024,UNNAMED,BB,2024-09-08 00:00:00,17.9,87.0,29.71,996.5,-2.203826904296875,-1.4752349853515625,46.3,998.0,Depression,True
2024252N18087,2024,UNNAMED,BB,2024-09-08 03:00:00,18.2,86.8,29.75,998.1,-6.011398315429688,-3.053955078125,46.3,998.0,Depression,True
2024252N18087,2024,UNNAMED,BB,2024-09-08 06:00:00,18.4,86.7,29.75,997.3,-4.1077880859375,-1.8681793212890625,46.3,997.0,Depression,True
2024252N18087,2024,UNNAMED,BB,2024-09-08 09:00:00,18.5,86.5,29.79,994.4,-1.7376708984375,-0.2965087890625,46.3,996.0,Depression,True
2024252N18087,2024,UNNAMED,BB,2024-09-08 12:00:00,18.6,86.4,29.79,993.4,0.490325927734375,5.161056518554688,46.3,995.0,Depression,True
2024252N18087,2024,UNNAMED,BB,2024-09-08 15:00:00,18.7,86.3,29.76,995.3,-2.743133544921875,0.9112091064453124,51.9,994.0,Deep Depression,True
2024252N18087,2024,UNNAMED,BB,2024-09-08 18:00:00,18.9,86.3,29.71,995.2,-2.7398223876953125,-2.8574371337890625,55.6,993.0,Deep Depression,True
2024252N18087,2024,UNNAMED,BB,2024-09-08 21:00:00,19.1,86.2,29.71,993.1,-1.8058929443359373,-2.4476776123046875,55.6,992.0,Deep Depression,True
2024252N18087,2024,UNNAMED,BB,2024-09-09 00:00:00,19.3,86.2,29.69,992.6,1.5189666748046875,3.71258544921875,55.6,991.0,Deep Depression,True
2024252N18087,2024,UNNAMED,BB,2024-09-09 03:00:00,19.6,86.2,29.88,994.8,2.46112060546875,7.9715576171875,55.6,991.0,Deep Depression,True
2024252N18087,2024,UNNAMED,BB,2024-09-09 06:00:00,20.0,86.0,,994.9,-0.8552703857421875,4.55145263671875,55.6,992.0,Deep Depression,False
2024252N18087,2024,UNNAMED,BB,2024-09-09 09:00:00,20.4,85.6,,993.6,-2.303070068359375,1.37042236328125,55.6,993.0,Deep Depression,False
2024252N18087,2024,UNNAMED,BB,2024-09-09 12:00:00,20.8,85.1,,994.4,-1.80914306640625,-0.3445892333984375,55.6,994.0,Deep Depression,False
2024252N18087,2024,UNNAMED,BB,2024-09-09 15:00:00,21.1,84.8,,996.6,-3.431488037109375,1.4206085205078125,51.9,995.0,Deep Depression,False
2024252N18087,2024,UNNAMED,BB,2024-09-09 18:00:00,21.3,84.4,,997.2,-3.659011840820313,2.05914306640625,46.3,995.0,Depression,False
2024252N18087,2024,UNNAMED,BB,2024-09-09 21:00:00,21.5,83.9,,995.3,-4.282135009765625,1.7150421142578125,46.3,995.0,Depression,False
2024252N18087,2024,UNNAMED,BB,2024-09-10 00:00:00,21.7,83.3,,995.5,-4.0564727783203125,0.3043975830078125,46.3,995.0,Depression,False
2024252N18087,2024,UNNAMED,BB,2024-09-10 03:00:00,21.8,82.8,,997.2,-3.558944702148437,1.778839111328125,46.3,996.0,Depression,False
2024252N18087,2024,UNNAMED,BB,2024-09-10 06:00:00,21.9,82.1,,996.4,-4.260894775390625,-0.23828125,46.3,996.0,Depression,False
2024255N24080,2024,UNNAMED,BB,2024-09-11 03:00:00,24.0,80.0,,996.7,-3.3721160888671875,-0.00347900390625,37.0,995.0,Depression,False
2024255N24080,2024,UNNAMED,BB,2024-09-11 06:00:00,24.2,79.9,,996.5,1.0362701416015625,1.4453582763671875,37.0,995.0,Depression,False
2024255N24080,2024,UNNAMED,BB,2024-09-11 09:00:00,24.5,79.8,,994.3,1.3725433349609375,1.682769775390625,42.6,995.0,Depression,False
2024255N24080,2024,UNNAMED,BB,2024-09-11 12:00:00,25.0,79.6,,994.4,1.983154296875,-0.3914031982421875,46.3,994.0,Depression,False
2024255N24080,2024,UNNAMED,BB,2024-09-11 15:00:00,25.6,78.9,,995.6,0.52789306640625,-1.5792236328125,46.3,994.0,Depression,False
2024255N24080,2024,UNNAMED,BB,2024-09-11 18:00:00,26.2,78.2,,995.0,3.750045776367188,-6.2692413330078125,46.3,994.0,Depression,False
2024255N24080,2024,UNNAMED,BB,2024-09-11 21:00:00,26.5,78.1,,993.0,4.1635589599609375,-9.60113525390625,46.3,994.0,Depression,False
2024255N24080,2024,UNNAMED,BB,2024-09-12 00:00:00,26.7,78.3,,993.0,-1.8220977783203125,-4.69927978515625,46.3,994.0,Depression,False
2024255N24080,2024,UNNAMED,BB,2024-09-12 03:00:00,27.0,78.5,,995.5,-2.41717529296875,-3.3607635498046875,46.3,994.0,Depression,False
2024255N24080,2024,UNNAMED,BB,2024-09-12 06:00:00,27.3,78.7,,995.8,-4.316375732421875,-3.1485748291015625,46.3,994.0,Depression,False
2024255N24080,2024,UNNAMED,BB,2024-09-12 09:00:00,27.4,78.9,,993.4,-3.5846710205078125,-3.822021484375,42.6,995.0,Depression,False
2024255N24080,2024,UNNAMED,BB,2024-09-12 12:00:00,27.5,79.1,,994.4,0.3957366943359375,1.608917236328125,37.0,995.0,Depression,False
2024255N24080,2024,UNNAMED,BB,2024-09-12 15:00:00,27.6,79.3,,996.3,1.0888519287109375,3.270370483398437,37.0,995.0,Depression,False
2024255N24080,2024,UNNAMED,BB,2024-09-12 18:00:00,27.7,79.5,,996.5,1.3446502685546875,4.6993255615234375,37.0,995.0,Depression,False
2024255N24080,2024,UNNAMED,BB,2024-09-12 21:00:00,27.9,79.5,,995.2,2.5162353515625,5.7479400634765625,37.0,995.0,Depression,False
2024255N24080,2024,UNNAMED,BB,2024-09-13 00:00:00,28.2,79.3,,994.9,-0.4113006591796875,3.76202392578125,37.0,995.0,Depression,False
2024258N22091,2024,UNNAMED,BB,2024-09-13 12:00:00,22.0,90.8,,995.6,1.4865264892578125,0.474609375,37.0,993.0,Depression,False
2024258N22091,2024,UNNAMED,BB,2024-09-13 15:00:00,22.2,90.6,,996.1,2.5577545166015625,-2.3391265869140625,42.6,993.0,Depression,False
2024258N22091,2024,UNNAMED,BB,2024-09-13 18:00:00,22.3,90.4,,995.2,4.943939208984375,-0.49444580078125,46.3,992.0,Depression,False
2024258N22091,2024,UNNAMED,BB,2024-09-13 21:00:00,22.4,90.1,,993.3,4.346710205078125,1.4059906005859375,51.9,991.0,Deep Depression,False
2024258N22091,2024,UNNAMED,BB,2024-09-14 00:00:00,22.5,89.6,,993.4,2.228729248046875,1.843536376953125,55.6,990.0,Deep Depression,False
2024258N22091,2024,UNNAMED,BB,2024-09-14 03:00:00,22.7,88.8,,994.6,2.3693084716796875,-4.340118408203125,55.6,990.0,Deep Depression,False
2024258N22091,2024,UNNAMED,BB,2024-09-14 06:00:00,22.4,88.3,,994.0,5.0694122314453125,-4.0768890380859375,55.6,990.0,Deep Depression,False
2024258N22091,2024,UNNAMED,BB,2024-09-14 09:00:00,22.3,88.3,,991.4,5.2559661865234375,-0.4364013671875,55.6,990.0,Deep Depression,False
2024258N22091,2024,UNNAMED,BB,2024-09-14 12:00:00,22.4,88.5,,990.7,-0.5077667236328125,-0.1953582763671875,55.6,989.0,Deep Depression,False
2024258N22091,2024,UNNAMED,BB,2024-09-14 15:00:00,22.5,88.6,,992.0,0.24761962890625,-1.960906982421875,55.6,989.0,Deep Depression,False
2024258N22091,2024,UNNAMED,BB,2024-09-14 18:00:00,22.6,88.5,,991.5,2.112091064453125,-0.652679443359375,55.6,989.0,Deep Depression,False
2024258N22091,2024,UNNAMED,BB,2024-09-14 21:00:00,22.6,88.3,,990.1,3.60101318359375,0.5538482666015625,55.6,989.0,Deep Depression,False
2024258N22091,2024,UNNAMED,BB,2024-09-15 00:00:00,22.6,88.0,,990.0,0.8907318115234375,1.0204010009765625,55.6,989.0,Deep Depression,False
2024258N22091,2024,UNNAMED,BB,2024-09-15 03:00:00,22.6,87.8,,991.5,0.8696746826171875,0.7551116943359375,55.6,990.0,Deep Depression,False
2024258N22091,2024,UNNAMED,BB,2024-09-15 06:00:00,22.7,87.6,,991.4,0.15380859375,-2.0210113525390625,55.6,990.0,Deep Depression,False
2024258N22091,2024,UNNAMED,BB,2024-09-15 09:00:00,22.8,87.5,,990.1,1.937225341796875,-1.6015472412109375,55.6,990.0,Deep Depression,False
2024258N22091,2024,UNNAMED,BB,2024-09-15 12:00:00,22.8,87.4,,991.6,2.421539306640625,0.6107330322265625,55.6,990.0,Deep Depression,False
2024258N22091,2024,UNNAMED,BB,2024-09-15 15:00:00,22.8,87.3,,993.9,1.4666748046875,0.5349273681640625,55.6,990.0,Deep Depression,False
2024258N22091,2024,UNNAMED,BB,2024-09-15 18:00:00,22.9,87.2,,993.8,-0.9853515625,0.679443359375,55.6,990.0,Deep Depression,False
2024258N22091,2024,UNNAMED,BB,2024-09-15 21:00:00,22.9,87.1,,992.4,-0.85015869140625,0.0775909423828125,55.6,990.0,Deep Depression,False
2024258N22091,2024,UNNAMED,BB,2024-09-16 00:00:00,23.0,87.0,,993.2,-1.721649169921875,2.691879272460937,55.6,990.0,Deep Depression,False
2024258N22091,2024,UNNAMED,BB,2024-09-16 03:00:00,23.1,86.7,,996.0,-2.0065460205078125,3.9569091796875,55.6,990.0,Deep Depression,False
2024258N22091,2024,UNNAMED,BB,2024-09-16 06:00:00,23.2,86.4,,997.2,-3.2292938232421875,3.384307861328125,55.6,990.0,Deep Depression,False
2024258N22091,2024,UNNAMED,BB,2024-09-16 09:00:00,23.3,85.8,,995.0,-3.536224365234375,2.600067138671875,55.6,990.0,Deep Depression,False
2024258N22091,2024,UNNAMED,BB,2024-09-16 12:00:00,23.3,85.2,,996.6,-4.2254486083984375,-0.109832763671875,55.6,990.0,Deep Depression,False
2024258N22091,2024,UNNAMED,BB,2024-09-16 15:00:00,23.3,84.8,,999.1,-2.4309844970703125,-1.5696258544921875,55.6,991.0,Deep Depression,False
2024258N22091,2024,UNNAMED,BB,2024-09-16 18:00:00,23.4,84.6,,999.3,-2.970489501953125,-0.2842254638671875,55.6,991.0,Deep Depression,False
2024258N22091,2024,UNNAMED,BB,2024-09-16 21:00:00,23.5,84.4,,999.0,-4.6825714111328125,2.4133453369140625,51.9,992.0,Deep Depression,False
2024258N22091,2024,UNNAMED,BB,2024-09-17 00:00:00,23.6,84.2,,999.9,-4.760772705078125,3.2576141357421875,46.3,992.0,Depression,False
2024258N22091,2024,UNNAMED,BB,2024-09-17 03:00:00,23.7,83.7,,1000.7,-5.284469604492188,1.29638671875,46.3,993.0,Depression,False
2024258N22091,2024,UNNAMED,BB,2024-09-17 06:00:00,23.7,82.7,,1000.3,-2.940399169921875,3.43731689453125,37.0,995.0,Depression,False
2024258N22091,2024,UNNAMED,BB,2024-09-17 09:00:00,23.8,81.9,,999.0,-2.65966796875,3.3154296875,37.0,995.0,Depression,False
2024258N22091,2024,UNNAMED,BB,2024-09-17 12:00:00,24.0,81.3,,997.8,-0.7188262939453125,1.3282012939453125,37.0,995.0,Depression,False
2024258N22091,2024,UNNAMED,BB,2024-09-17 15:00:00,24.1,80.8,,999.6,-0.94146728515625,0.699005126953125,37.0,995.0,Depression,False
2024258N22091,2024,UNNAMED,BB,2024-09-17 18:00:00,24.2,80.3,,999.8,-2.99627685546875,-1.17742919921875,37.0,995.0,Depression,False
2024329N04089,2024,FENGAL,BB,2024-11-25 03:00:00,4.4,83.9,29.3,1006.4,1.8424835205078125,3.768234252929688,37.0,1003.0,Depression,True
2024329N04089,2024,FENGAL,BB,2024-11-25 06:00:00,4.6,83.6,29.19,1005.3,5.72698974609375,0.2948150634765625,37.0,1003.0,Depression,True
2024329N04089,2024,FENGAL,BB,2024-11-25 09:00:00,4.9,83.4,29.35,1002.4,2.452789306640625,-0.35076904296875,42.6,1003.0,Depression,True
2024329N04089,2024,FENGAL,BB,2024-11-25 12:00:00,5.2,83.3,29.47,1002.7,-0.01708984375,0.183319091796875,46.3,1002.0,Depression,True
2024329N04089,2024,FENGAL,BB,2024-11-25 15:00:00,5.4,83.1,29.61,1004.4,-3.3689117431640625,0.5663604736328125,46.3,1002.0,Depression,True
2024329N04089,2024,FENGAL,BB,2024-11-25 18:00:00,5.6,83.1,29.61,1003.9,0.189849853515625,-1.5994720458984375,46.3,1002.0,Depression,True
2024329N04089,2024,FENGAL,BB,2024-11-25 21:00:00,5.8,83.1,29.76,1001.5,0.0536346435546875,-1.36944580078125,46.3,1002.0,Depression,True
2024329N04089,2024,FENGAL,BB,2024-11-26 00:00:00,6.1,83.1,29.9,1000.8,0.9568634033203124,0.8886871337890625,46.3,1002.0,Depression,True
2024329N04089,2024,FENGAL,BB,2024-11-26 03:00:00,6.4,82.9,29.8,1003.5,-2.687850952148437,5.6894073486328125,55.6,1001.0,Deep Depression,True
2024329N04089,2024,FENGAL,BB,2024-11-26 06:00:00,6.8,82.9,29.53,1002.7,-3.2552490234375,7.218994140625,55.6,1001.0,Deep Depression,True
2024329N04089,2024,FENGAL,BB,2024-11-26 09:00:00,7.1,82.8,29.14,1000.2,-6.335052490234375,2.63983154296875,55.6,1001.0,Deep Depression,True
2024329N04089,2024,FENGAL,BB,2024-11-26 12:00:00,7.3,82.8,29.23,1000.8,-2.270721435546875,2.933990478515625,55.6,1001.0,Deep Depression,True
2024329N04089,2024,FENGAL,BB,2024-11-26 15:00:00,7.5,82.7,29.17,1003.6,-2.3717498779296875,1.7842864990234375,55.6,1001.0,Deep Depression,True
2024329N04089,2024,FENGAL,BB,2024-11-26 18:00:00,7.8,82.6,28.88,1002.8,0.31207275390625,0.3465576171875,55.6,1001.0,Deep Depression,True
2024329N04089,2024,FENGAL,BB,2024-11-26 21:00:00,8.1,82.5,28.79,1000.0,2.0130615234375,-2.07757568359375,55.6,1001.0,Deep Depression,True
2024329N04089,2024,FENGAL,BB,2024-11-27 00:00:00,8.3,82.4,28.53,1000.5,-1.1427001953125,-1.9459075927734373,55.6,1001.0,Deep Depression,True
2024329N04089,2024,FENGAL,BB,2024-11-27 03:00:00,8.5,82.3,28.52,1002.9,-1.3893585205078125,-2.1793365478515625,55.6,1001.0,Deep Depression,True
2024329N04089,2024,FENGAL,BB,2024-11-27 06:00:00,8.7,82.3,28.6,1002.3,-2.1962890625,-2.717010498046875,55.6,1001.0,Deep Depression,True
2024329N04089,2024,FENGAL,BB,2024-11-27 09:00:00,8.8,82.2,28.6,999.4,-1.9696502685546875,-6.66900634765625,55.6,1001.0,Deep Depression,True
2024329N04089,2024,FENGAL,BB,2024-11-27 12:00:00,8.8,82.3,28.6,1000.5,-2.379638671875,-7.0154571533203125,55.6,1000.0,Deep Depression,True
2024329N04089,2024,FENGAL,BB,2024-11-27 15:00:00,8.9,82.5,28.66,1002.3,-2.450164794921875,-4.28826904296875,55.6,1000.0,Deep Depression,True
2024329N04089,2024,FENGAL,BB,2024-11-27 18:00:00,9.0,82.7,28.72,1001.9,0.294036865234375,-0.312347412109375,55.6,1000.0,Deep Depression,True
2024329N04089,2024,FENGAL,BB,2024-11-27 21:00:00,9.1,82.7,28.72,999.4,1.9742889404296875,-1.4043121337890625,55.6,1000.0,Deep Depression,True
2024329N04089,2024,FENGAL,BB,2024-11-28 00:00:00,9.2,82.8,28.81,1000.4,-1.377593994140625,-4.893356323242188,55.6,1000.0,Deep Depression,True
2024329N04089,2024,FENGAL,BB,2024-11-28 03:00:00,9.2,83.0,28.94,1002.5,-1.8175506591796875,-2.0376434326171875,55.6,1000.0,Deep Depression,True
2024329N04089,2024,FENGAL,BB,2024-11-28 06:00:00,9.3,83.2,29.01,1001.3,-0.0577239990234375,1.914581298828125,55.6,1000.0,Deep Depression,True
2024329N04089,2024,FENGAL,BB,2024-11-28 09:00:00,9.4,83.3,29.03,998.9,-0.8063507080078125,0.97955322265625,55.6,1000.0,Deep Depression,True
2024329N04089,2024,FENGAL,BB,2024-11-28 12:00:00,9.6,83.4,29.17,999.7,0.111419677734375,-6.6954498291015625,55.6,1000.0,Deep Depression,True
2024329N04089,2024,FENGAL,BB,2024-11-28 15:00:00,9.9,83.5,29.14,1002.0,-3.4148101806640625,-3.921600341796875,55.6,1000.0,Deep Depression,True
2024329N04089,2024,FENGAL,BB,2024-11-28 18:00:00,10.2,83.5,29.12,1001.4,-4.5899810791015625,2.073211669921875,55.6,1000.0,Deep Depression,True
2024329N04089,2024,FENGAL,BB,2024-11-28 21:00:00,10.5,83.2,29.09,999.0,-2.5068511962890625,0.9103851318359376,55.6,1000.0,Deep Depression,True
2024329N04089,2024,FENGAL,BB,2024-11-29 00:00:00,10.7,82.9,28.87,999.5,-0.7975616455078125,-1.9544219970703125,55.6,1000.0,Deep Depression,True
2024329N04089,2024,FENGAL,BB,2024-11-29 03:00:00,10.9,82.7,28.63,1002.0,-0.7932891845703125,-1.088958740234375,55.6,1000.0,Deep Depression,True
2024329N04089,2024,FENGAL,BB,2024-11-29 06:00:00,11.2,82.6,28.38,1001.3,-3.853424072265625,-3.203765869140625,55.6,1000.0,Deep Depression,True
2024329N04089,2024,FENGAL,BB,2024-11-29 09:00:00,11.4,82.3,28.2,999.0,-3.7517242431640634,-5.934417724609375,64.8,999.0,Cyclonic Storm,False
2024329N04089,2024,FENGAL,BB,2024-11-29 12:00:00,11.7,82.1,28.22,999.1,1.6833648681640625,-8.774200439453125,64.8,999.0,Cyclonic Storm,False
2024329N04089,2024,FENGAL,BB,2024-11-29 15:00:00,11.9,81.8,28.1,1000.5,3.030670166015625,-8.418533325195312,64.8,999.0,Cyclonic Storm,False
2024329N04089,2024,FENGAL,BB,2024-11-29 18:00:00,12.1,81.8,28.1,998.7,-1.685333251953125,-4.3985748291015625,64.8,999.0,Cyclonic Storm,False
2024329N04089,2024,FENGAL,BB,2024-11-29 21:00:00,12.2,81.6,27.99,995.2,-8.912628173828125,2.06304931640625,74.1,996.0,Cyclonic Storm,False
2024329N04089,2024,FENGAL,BB,2024-11-30 00:00:00,12.4,81.3,27.99,996.0,-7.562393188476562,-11.043899536132812,83.3,996.0,Cyclonic Storm,False
2024329N04089,2024,FENGAL,BB,2024-11-30 03:00:00,12.4,81.0,27.96,996.0,-9.695343017578123,-9.667877197265623,83.3,996.0,Cyclonic Storm,False
2024329N04089,2024,FENGAL,BB,2024-11-30 06:00:00,12.3,80.9,28.01,994.2,-2.205551147460937,-5.92535400390625,83.3,996.0,Cyclonic Storm,False
2024329N04089,2024,FENGAL,BB,2024-11-30 09:00:00,12.3,80.7,27.86,994.4,11.31927490234375,-5.263473510742188,83.3,996.0,Cyclonic Storm,False
2024329N04089,2024,FENGAL,BB,2024-11-30 12:00:00,12.3,80.5,27.81,995.2,1.722259521484375,-9.607696533203123,74.1,998.0,Cyclonic Storm,False
2024329N04089,2024,FENGAL,BB,2024-11-30 15:00:00,12.2,80.3,27.8,999.0,1.703094482421875,-10.671432495117188,74.1,998.0,Cyclonic Storm,False
2024329N04089,2024,FENGAL,BB,2024-11-30 18:00:00,12.1,80.1,27.78,999.3,8.251953125,-3.5968170166015625,74.1,998.0,Cyclonic Storm,False
2024329N04089,2024,FENGAL,BB,2024-11-30 21:00:00,12.1,80.0,27.78,997.5,4.727691650390625,-0.9344024658203124,64.8,999.0,Cyclonic Storm,False
2024329N04089,2024,FENGAL,BB,2024-12-01 00:00:00,12.1,79.9,27.77,996.8,0.275360107421875,-5.006607055664063,64.8,999.0,Cyclonic Storm,False
2024329N04089,2024,FENGAL,BB,2024-12-01 03:00:00,12.0,79.8,27.75,1000.3,2.246978759765625,-6.247848510742188,64.8,999.0,Cyclonic Storm,False
2024329N04089,2024,FENGAL,BB,2024-12-01 06:00:00,12.1,79.8,27.75,1001.0,2.1314239501953125,-1.8809661865234373,55.6,1000.0,Deep Depression,True
2024329N04089,2024,FENGAL,BB,2024-12-01 09:00:00,12.1,79.7,27.75,998.9,2.401214599609375,2.30816650390625,51.9,1001.0,Deep Depression,True
2024329N04089,2024,FENGAL,BB,2024-12-01 12:00:00,12.1,79.5,,1000.0,1.2963104248046875,1.9861602783203125,46.3,1001.0,Depression,False
2024329N04089,2024,FENGAL,BB,2024-12-01 15:00:00,12.1,79.4,,1002.7,-0.5261383056640625,3.212188720703125,46.3,1002.0,Depression,False
2024329N04089,2024,FENGAL,BB,2024-12-01 18:00:00,12.2,79.3,,1003.1,-2.903717041015625,-0.55963134765625,46.3,1002.0,Depression,False
2024356N14084,2024,UNNAMED,BB,2024-12-20 12:00:00,13.7,83.5,27.65,1005.3,1.446197509765625,3.3787078857421875,37.0,1003.0,Depression,True
2024356N14084,2024,UNNAMED,BB,2024-12-20 15:00:00,13.8,83.6,27.65,1007.3,0.936859130859375,2.158355712890625,42.6,1003.0,Depression,True
2024356N14084,2024,UNNAMED,BB,2024-12-20 18:00:00,13.9,83.7,27.67,1007.1,-1.3176727294921875,3.017974853515625,46.3,1003.0,Depression,True
2024356N14084,2024,UNNAMED,BB,2024-12-20 21:00:00,13.9,83.9,27.85,1005.5,2.84161376953125,3.78338623046875,46.3,1003.0,Depression,True
2024356N14084,2024,UNNAMED,BB,2024-12-21 00:00:00,13.9,84.2,28.17,1005.5,3.4809112548828125,2.1218414306640625,46.3,1002.0,Depression,True
2024356N14084,2024,UNNAMED,BB,2024-12-21 03:00:00,14.0,84.5,28.16,1008.2,4.0888214111328125,1.819580078125,46.3,1002.0,Depression,True
2024356N14084,2024,UNNAMED,BB,2024-12-21 06:00:00,14.1,84.6,28.16,1007.7,5.061080932617188,-1.189056396484375,37.0,1003.0,Depression,True
2025144N17073,2025,UNNAMED,AS,2025-05-24 00:00:00,17.0,73.0,30.53,997.9,5.487396240234375,-7.6400909423828125,46.3,998.0,Depression,True
2025144N17073,2025,UNNAMED,AS,2025-05-24 03:00:00,17.0,73.2,30.35,1000.1,2.6212158203125,-4.91461181640625,46.3,998.0,Depression,True
2025144N17073,2025,UNNAMED,AS,2025-05-24 06:00:00,17.0,73.3,30.35,1001.0,3.468368530273437,-3.781646728515625,46.3,998.0,Depression,True
2025144N17073,2025,UNNAMED,AS,2025-05-24 09:00:00,17.1,73.7,,999.7,2.4509429931640625,-0.0461273193359375,46.3,998.0,Depression,False
2025144N17073,2025,UNNAMED,AS,2025-05-24 12:00:00,17.2,74.3,,999.4,2.9340362548828125,1.1410980224609375,46.3,998.0,Depression,False
2025144N17073,2025,UNNAMED,AS,2025-05-24 15:00:00,17.3,74.8,,1001.6,3.892868041992188,3.654083251953125,46.3,998.0,Depression,False
2025144N17073,2025,UNNAMED,AS,2025-05-24 18:00:00,17.4,75.3,,1001.4,5.13372802734375,5.378509521484375,46.3,998.0,Depression,False
2025149N21088,2025,UNNAMED,BB,2025-05-29 00:00:00,20.8,88.3,30.56,989.9,1.1371307373046875,-1.3369903564453125,46.3,988.0,Depression,True
2025149N21088,2025,UNNAMED,BB,2025-05-29 03:00:00,21.3,88.3,30.64,990.8,-0.463287353515625,-8.386154174804688,55.6,986.0,Deep Depression,True
2025149N21088,2025,UNNAMED,BB,2025-05-29 06:00:00,22.0,88.4,,990.4,-1.381134033203125,-4.321197509765625,55.6,986.0,Deep Depression,False
2025149N21088,2025,UNNAMED,BB,2025-05-29 09:00:00,22.2,88.5,,988.4,1.2627716064453125,-2.924285888671875,55.6,987.0,Deep Depression,False
2025149N21088,2025,UNNAMED,BB,2025-05-29 12:00:00,22.2,88.6,,988.6,2.768890380859375,-1.621307373046875,55.6,987.0,Deep Depression,False
2025149N21088,2025,UNNAMED,BB,2025-05-29 15:00:00,22.5,88.9,,990.2,3.043487548828125,0.24493408203125,55.6,988.0,Deep Depression,False
2025149N21088,2025,UNNAMED,BB,2025-05-29 18:00:00,23.0,89.2,,990.3,2.73712158203125,1.2946319580078125,55.6,988.0,Deep Depression,False
2025149N21088,2025,UNNAMED,BB,2025-05-29 21:00:00,23.6,89.3,,988.9,3.934783935546875,1.741607666015625,51.9,989.0,Deep Depression,False
2025149N21088,2025,UNNAMED,BB,2025-05-30 00:00:00,24.1,89.4,,988.5,3.150787353515625,0.5386962890625,46.3,990.0,Depression,False
2025149N21088,2025,UNNAMED,BB,2025-05-30 03:00:00,24.3,89.6,,990.4,3.8205718994140634,1.737518310546875,37.0,992.0,Depression,False
2025149N21088,2025,UNNAMED,BB,2025-05-30 06:00:00,25.1,90.2,,990.4,0.63739013671875,1.28985595703125,37.0,992.0,Depression,False
2025195N23089,2025,UNNAMED,BB,2025-07-14 06:00:00,23.0,88.8,,997.6,-2.4918975830078125,-0.499786376953125,37.0,996.0,Depression,False
2025195N23089,2025,UNNAMED,BB,2025-07-14 09:00:00,23.2,88.6,,995.9,-1.9659576416015625,2.6267242431640625,37.0,996.0,Depression,False
2025195N23089,2025,UNNAMED,BB,2025-07-14 12:00:00,23.3,88.4,,996.5,-0.42327880859375,4.88336181640625,37.0,996.0,Depression,False
2025195N23089,2025,UNNAMED,BB,2025-07-14 15:00:00,23.4,88.3,,998.8,-0.5286712646484375,4.345474243164063,37.0,996.0,Depression,False
2025195N23089,2025,UNNAMED,BB,2025-07-14 18:00:00,23.5,88.0,,999.0,0.4733734130859375,5.153167724609375,37.0,996.0,Depression,False
2025195N23089,2025,UNNAMED,BB,2025-07-14 21:00:00,23.7,87.4,,996.8,1.0381317138671875,4.6376495361328125,37.0,996.0,Depression,False
2025195N23089,2025,UNNAMED,BB,2025-07-15 00:00:00,24.0,86.7,,996.9,1.18292236328125,-0.972625732421875,37.0,996.0,Depression,False
2025196N27075,2025,UNNAMED,AS,2025-07-15 03:00:00,27.4,75.4,,997.6,0.162017822265625,4.490509033203125,37.0,993.0,Depression,False
2025196N27075,2025,UNNAMED,AS,2025-07-15 06:00:00,27.7,75.0,,997.1,1.874847412109375,2.978607177734375,37.0,993.0,Depression,False
2025196N27075,2025,UNNAMED,AS,2025-07-15 09:00:00,28.4,74.3,,995.6,0.1890716552734375,-1.252471923828125,37.0,994.0,Depression,False
2025196N27075,2025,UNNAMED,AS,2025-07-15 12:00:00,29.0,73.7,,995.0,-0.3528900146484375,-3.49481201171875,37.0,994.0,Depression,False
2025196N27075,2025,UNNAMED,AS,2025-07-15 15:00:00,29.2,73.5,,995.9,1.1517791748046875,-1.4966278076171875,37.0,995.0,Depression,False
2025196N27075,2025,UNNAMED,AS,2025-07-15 18:00:00,29.2,73.5,,997.1,2.5859527587890625,-0.3318328857421875,37.0,995.0,Depression,False
2025198N25082,2025,UNNAMED,BB,2025-07-17 00:00:00,25.2,81.8,,997.1,-1.27911376953125,-0.41973876953125,46.3,993.0,Depression,False
2025198N25082,2025,UNNAMED,BB,2025-07-17 03:00:00,25.2,81.5,,998.0,-1.5430908203125,-0.6709747314453125,46.3,993.0,Depression,False
2025198N25082,2025,UNNAMED,BB,2025-07-17 06:00:00,25.3,81.2,,998.3,2.675506591796875,-1.7159576416015625,46.3,993.0,Depression,False
2025198N25082,2025,UNNAMED,BB,2025-07-17 09:00:00,25.4,80.8,,996.9,4.175079345703125,-0.8145751953125,46.3,993.0,Depression,False
2025198N25082,2025,UNNAMED,BB,2025-07-17 12:00:00,25.6,80.3,,997.3,4.31573486328125,0.1422882080078125,46.3,993.0,Depression,False
2025198N25082,2025,UNNAMED,BB,2025-07-17 15:00:00,25.7,80.0,,998.2,2.5152587890625,1.0026702880859375,46.3,993.0,Depression,False
2025198N25082,2025,UNNAMED,BB,2025-07-17 18:00:00,25.8,79.8,,998.4,1.343536376953125,0.73333740234375,46.3,993.0,Depression,False
2025198N25082,2025,UNNAMED,BB,2025-07-17 21:00:00,26.1,79.4,,997.0,-1.023834228515625,-0.0577392578125,46.3,993.0,Depression,False
2025198N25082,2025,UNNAMED,BB,2025-07-18 00:00:00,26.3,79.0,,995.7,-2.754302978515625,0.3073883056640625,46.3,993.0,Depression,False
2025198N25082,2025,UNNAMED,BB,2025-07-18 03:00:00,26.4,78.5,,996.9,-3.6527252197265625,-1.937896728515625,46.3,993.0,Depression,False
2025198N25082,2025,UNNAMED,AS,2025-07-18 06:00:00,26.4,78.0,,997.3,-2.358154296875,-1.5519561767578125,46.3,993.0,Depression,False
2025198N25082,2025,UNNAMED,AS,2025-07-18 09:00:00,26.7,77.6,,996.7,-2.132232666015625,-1.7677001953125,46.3,993.0,Depression,False
2025198N25082,2025,UNNAMED,AS,2025-07-18 12:00:00,27.0,77.2,,995.4,-0.0702667236328125,0.4696502685546875,46.3,993.0,Depression,False
2025198N25082,2025,UNNAMED,AS,2025-07-18 15:00:00,27.1,76.9,,996.5,-1.9738616943359373,0.2458648681640625,46.3,993.0,Depression,False
2025198N25082,2025,UNNAMED,AS,2025-07-18 18:00:00,27.2,76.5,,997.2,-4.757476806640625,-0.7834625244140625,46.3,993.0,Depression,False
2025198N25082,2025,UNNAMED,AS,2025-07-18 21:00:00,27.3,75.8,,995.9,-4.665817260742188,-2.014190673828125,46.3,993.0,Depression,False
2025198N25082,2025,UNNAMED,AS,2025-07-19 00:00:00,27.4,75.1,,994.9,-3.847991943359375,-0.659576416015625,46.3,993.0,Depression,False
2025198N25082,2025,UNNAMED,AS,2025-07-19 03:00:00,27.5,74.6,,995.9,-3.3756866455078125,-0.9001617431640625,37.0,993.0,Depression,False
2025198N25082,2025,UNNAMED,AS,2025-07-19 06:00:00,27.5,74.2,,995.9,-2.467758178710937,0.8459930419921875,37.0,993.0,Depression,False
2025198N25082,2025,UNNAMED,AS,2025-07-19 09:00:00,27.5,73.9,,994.7,0.4222412109375,1.9486541748046875,37.0,993.0,Depression,False
2025198N25082,2025,UNNAMED,AS,2025-07-19 12:00:00,27.5,73.7,,993.6,-0.713134765625,2.658599853515625,37.0,993.0,Depression,False
2025198N25082,2025,UNNAMED,AS,2025-07-19 15:00:00,27.5,73.4,,994.5,-0.962982177734375,3.2613067626953125,37.0,993.0,Depression,False
2025198N25082,2025,UNNAMED,AS,2025-07-19 18:00:00,27.5,73.0,,995.9,-0.48297119140625,3.9904632568359375,37.0,993.0,Depression,False
2025206N21090,2025,UNNAMED,BB,2025-07-25 00:00:00,21.4,89.5,29.95,989.8,-1.0909423828125,5.5594482421875,46.3,988.0,Depression,True
2025206N21090,2025,UNNAMED,BB,2025-07-25 03:00:00,21.7,88.8,29.54,991.0,0.093780517578125,-3.0349273681640625,46.3,988.0,Depression,True
2025206N21090,2025,UNNAMED,BB,2025-07-25 06:00:00,22.0,88.4,,990.7,-0.830657958984375,-1.365814208984375,46.3,988.0,Depression,False
2025206N21090,2025,UNNAMED,BB,2025-07-25 09:00:00,22.3,87.9,,989.3,-0.9853057861328124,-1.912689208984375,46.3,988.0,Depression,False
2025206N21090,2025,UNNAMED,BB,2025-07-25 12:00:00,22.6,87.4,,988.8,0.3709564208984375,0.02154541015625,46.3,988.0,Depression,False
2025206N21090,2025,UNNAMED,BB,2025-07-25 15:00:00,22.8,87.0,,990.4,1.1905670166015625,-1.460723876953125,46.3,988.0,Depression,False
2025206N21090,2025,UNNAMED,BB,2025-07-25 18:00:00,23.0,86.6,,991.7,0.4275970458984375,-2.4358062744140625,46.3,988.0,Depression,False
2025206N21090,2025,UNNAMED,BB,2025-07-25 21:00:00,23.2,85.9,,990.3,-0.5368194580078125,-3.304290771484375,46.3,988.0,Depression,False
2025206N21090,2025,UNNAMED,BB,2025-07-26 00:00:00,23.3,85.0,,992.5,0.78656005859375,-1.0610809326171875,46.3,988.0,Depression,False
2025206N21090,2025,UNNAMED,BB,2025-07-26 03:00:00,23.3,84.0,,995.1,-0.2383575439453125,-1.9144744873046875,37.0,990.0,Depression,False
2025206N21090,2025,UNNAMED,BB,2025-07-26 06:00:00,23.3,82.3,,994.6,-0.2913360595703125,-1.3765869140625,37.0,990.0,Depression,False
2025206N21090,2025,UNNAMED,BB,2025-07-26 09:00:00,23.3,81.7,,992.9,0.69354248046875,-1.346435546875,37.0,990.0,Depression,False
2025206N21090,2025,UNNAMED,BB,2025-07-26 12:00:00,23.3,81.7,,992.7,0.5334930419921875,0.9250640869140624,37.0,990.0,Depression,False
2025206N21090,2025,UNNAMED,BB,2025-07-26 15:00:00,23.3,81.5,,995.2,2.21044921875,1.2522735595703125,37.0,991.0,Depression,False
2025206N21090,2025,UNNAMED,BB,2025-07-26 18:00:00,23.3,81.0,,997.4,3.31640625,3.4010467529296875,37.0,992.0,Depression,False
2025231N19085,2025,UNNAMED,BB,2025-08-18 12:00:00,18.9,85.0,30.16,996.0,-3.42950439453125,4.627044677734375,37.0,996.0,Depression,True
2025231N19085,2025,UNNAMED,BB,2025-08-18 15:00:00,19.0,84.9,30.16,998.2,3.439666748046875,4.55169677734375,37.0,996.0,Depression,True
2025231N19085,2025,UNNAMED,BB,2025-08-18 18:00:00,19.0,84.9,30.16,999.0,5.548873901367188,4.024444580078125,37.0,996.0,Depression,True
2025231N19085,2025,UNNAMED,BB,2025-08-18 21:00:00,19.1,85.0,30.16,997.4,3.9495849609375,3.39569091796875,37.0,996.0,Depression,True
2025231N19085,2025,UNNAMED,BB,2025-08-19 00:00:00,19.3,84.8,,998.1,1.11083984375,-0.710784912109375,37.0,996.0,Depression,False
2025231N19085,2025,UNNAMED,BB,2025-08-19 03:00:00,19.8,84.0,,1001.6,-0.64178466796875,1.6040496826171875,37.0,996.0,Depression,False
2025231N19085,2025,UNNAMED,BB,2025-08-19 06:00:00,20.0,83.3,,1000.0,-0.1477813720703125,1.4239044189453125,37.0,996.0,Depression,False
2025250N25073,2025,UNNAMED,AS,2025-09-06 18:00:00,25.0,72.5,,1001.2,2.945953369140625,2.2630157470703125,46.3,998.0,Depression,False
2025250N25073,2025,UNNAMED,AS,2025-09-06 21:00:00,24.6,72.4,,1000.2,3.1790313720703125,2.3718719482421875,46.3,998.0,Depression,False
2025250N25073,2025,UNNAMED,AS,2025-09-07 00:00:00,24.3,72.2,,1000.0,3.3572540283203125,4.268524169921875,46.3,998.0,Depression,False
2025250N25073,2025,UNNAMED,AS,2025-09-07 03:00:00,24.2,71.8,,1000.0,5.095748901367188,3.4554443359375,46.3,998.0,Depression,False
2025250N25073,2025,UNNAMED,AS,2025-09-07 06:00:00,24.3,71.4,,1000.3,6.385757446289063,3.1271514892578125,55.6,996.0,Deep Depression,False
2025250N25073,2025,UNNAMED,AS,2025-09-07 09:00:00,24.4,71.2,,997.2,5.3495635986328125,-2.6650390625,55.6,996.0,Deep Depression,False
2025250N25073,2025,UNNAMED,AS,2025-09-07 12:00:00,24.5,71.2,,997.1,4.7989349365234375,1.5601043701171875,55.6,995.0,Deep Depression,False
2025250N25073,2025,UNNAMED,AS,2025-09-07 15:00:00,24.5,71.1,,998.6,4.5219573974609375,2.65234375,55.6,995.0,Deep Depression,False
2025250N25073,2025,UNNAMED,AS,2025-09-07 18:00:00,24.6,71.0,,997.6,3.336166381835937,6.69573974609375,55.6,995.0,Deep Depression,False
2025250N25073,2025,UNNAMED,AS,2025-09-07 21:00:00,24.7,70.9,,994.3,-0.5099639892578125,2.9827880859375,55.6,995.0,Deep Depression,False
2025250N25073,2025,UNNAMED,AS,2025-09-08 00:00:00,24.8,70.7,,994.0,5.314483642578125,-2.690826416015625,55.6,995.0,Deep Depression,False
2025250N25073,2025,UNNAMED,AS,2025-09-08 03:00:00,25.0,70.5,,995.6,5.038360595703125,-0.7314605712890625,55.6,995.0,Deep Depression,False
2025250N25073,2025,UNNAMED,AS,2025-09-08 06:00:00,25.3,70.2,,997.3,4.304229736328125,1.6454315185546875,55.6,995.0,Deep Depression,False
2025250N25073,2025,UNNAMED,AS,2025-09-08 09:00:00,25.6,69.8,,996.3,4.311004638671875,-1.2311248779296875,55.6,995.0,Deep Depression,False
2025250N25073,2025,UNNAMED,AS,2025-09-08 12:00:00,25.8,69.5,,996.2,3.034759521484375,0.906158447265625,55.6,995.0,Deep Depression,False
2025250N25073,2025,UNNAMED,AS,2025-09-08 15:00:00,25.9,69.2,,997.2,0.4390869140625,-4.65087890625,51.9,996.0,Deep Depression,False
2025250N25073,2025,UNNAMED,AS,2025-09-08 18:00:00,25.9,69.0,,999.5,-0.7369537353515625,-5.259185791015625,46.3,997.0,Depression,False
2025250N25073,2025,UNNAMED,AS,2025-09-08 21:00:00,25.9,68.9,,999.1,-1.2224578857421875,-3.289291381835937,46.3,998.0,Depression,False
2025250N25073,2025,UNNAMED,AS,2025-09-09 00:00:00,25.8,68.7,,999.4,-0.0561370849609375,-2.996063232421875,46.3,998.0,Depression,False
2025250N25073,2025,UNNAMED,AS,2025-09-09 03:00:00,25.4,68.4,,1001.4,-0.8084869384765625,-1.2685394287109375,46.3,998.0,Depression,False
2025250N25073,2025,UNNAMED,AS,2025-09-09 06:00:00,25.2,68.2,,1003.0,-0.3314056396484375,1.255096435546875,46.3,999.0,Depression,False
2025250N25073,2025,UNNAMED,AS,2025-09-09 09:00:00,25.1,68.0,,1002.3,1.9139862060546875,1.86456298828125,46.3,999.0,Depression,False
2025250N25073,2025,UNNAMED,AS,2025-09-09 12:00:00,25.0,67.7,,1002.3,-0.640899658203125,1.1781158447265625,46.3,999.0,Depression,False
2025250N25073,2025,UNNAMED,AS,2025-09-09 15:00:00,24.9,67.4,,1003.9,-1.774200439453125,2.0672607421875,46.3,999.0,Depression,False
2025250N25073,2025,UNNAMED,AS,2025-09-09 18:00:00,24.9,67.1,,1004.8,-2.705902099609375,0.0092620849609375,46.3,999.0,Depression,False
2025250N25073,2025,UNNAMED,AS,2025-09-09 21:00:00,24.8,66.7,27.81,1003.5,-1.9274139404296875,-0.4821319580078125,46.3,1000.0,Depression,True
2025250N25073,2025,UNNAMED,AS,2025-09-10 00:00:00,24.8,66.3,27.7,1003.9,2.3350372314453125,-2.241943359375,46.3,1000.0,Depression,True
2025250N25073,2025,UNNAMED,AS,2025-09-10 03:00:00,24.8,65.8,27.65,1005.3,-3.4302978515625,-2.7097320556640625,46.3,1000.0,Depression,True
2025250N25073,2025,UNNAMED,AS,2025-09-10 06:00:00,24.8,65.3,28.05,1006.0,-5.967987060546875,-4.902359008789063,46.3,1000.0,Depression,True
2025250N25073,2025,UNNAMED,AS,2025-09-10 09:00:00,24.8,64.8,28.65,1004.3,-0.3906097412109375,-6.3727874755859375,46.3,1000.0,Depression,True
2025250N25073,2025,UNNAMED,AS,2025-09-10 12:00:00,24.8,64.4,28.4,1004.0,5.4000244140625,-3.50567626953125,46.3,1000.0,Depression,True
2025250N25073,2025,UNNAMED,AS,2025-09-10 15:00:00,24.8,64.0,28.31,1004.9,4.8434600830078125,1.262115478515625,42.6,1001.0,Depression,True
2025250N25073,2025,UNNAMED,AS,2025-09-10 18:00:00,24.8,63.5,28.55,1005.6,4.029800415039063,2.200424194335937,37.0,1001.0,Depression,True
2025266N11137,2025,BUALOI,MM,2025-09-23 12:00:00,10.0,134.5,28.91,1007.0,5.3850860595703125,0.6962432861328125,64.8,1000.0,Cyclonic Storm,False
2025266N11137,2025,BUALOI,MM,2025-09-23 18:00:00,9.7,133.6,,1008.2,4.43280029296875,0.4246673583984375,64.8,1000.0,Cyclonic Storm,False
2025266N11137,2025,BUALOI,MM,2025-09-24 00:00:00,9.7,132.8,,1007.8,4.3184814453125,-0.0234375,74.1,998.0,Cyclonic Storm,False
2025266N11137,2025,BUALOI,MM,2025-09-24 06:00:00,10.0,131.9,28.9,1007.1,8.247772216796875,0.6753997802734375,92.6,992.0,Severe Cyclonic Storm,False
2025266N11137,2025,BUALOI,MM,2025-09-24 12:00:00,10.3,131.1,,1005.7,4.91741943359375,0.4942626953125,101.9,985.0,Severe Cyclonic Storm,False
2025266N11137,2025,BUALOI,MM,2025-09-24 18:00:00,10.6,130.1,,1007.0,4.162765502929688,1.36383056640625,111.1,980.0,Severe Cyclonic Storm,False
2025266N11137,2025,BUALOI,MM,2025-09-25 00:00:00,11.1,129.2,,1006.5,2.39483642578125,1.427276611328125,120.4,975.0,Very Severe Cyclonic Storm,False
2025266N11137,2025,BUALOI,MM,2025-09-25 06:00:00,11.3,128.1,,1006.7,3.735183715820313,0.9742279052734376,120.4,975.0,Very Severe Cyclonic Storm,False
2025266N11137,2025,BUALOI,MM,2025-09-25 12:00:00,11.8,126.8,,1006.4,1.9699249267578125,2.501129150390625,111.1,980.0,Severe Cyclonic Storm,False
2025266N11137,2025,BUALOI,MM,2025-09-25 18:00:00,12.2,125.0,,1007.6,1.08892822265625,2.4406280517578125,101.9,985.0,Severe Cyclonic Storm,False
2025266N11137,2025,BUALOI,MM,2025-09-26 00:00:00,12.3,122.9,,1008.5,0.2719268798828125,1.3014678955078125,101.9,985.0,Severe Cyclonic Storm,False
2025266N11137,2025,BUALOI,MM,2025-09-26 06:00:00,12.7,120.8,,1008.3,2.6700439453125,0.339508056640625,92.6,990.0,Severe Cyclonic Storm,False
2025266N11137,2025,BUALOI,MM,2025-09-26 12:00:00,13.1,119.1,,1008.7,-0.6125946044921875,0.624237060546875,101.9,985.0,Severe Cyclonic Storm,False
2025266N11137,2025,BUALOI,MM,2025-09-26 18:00:00,13.7,117.3,,1009.8,1.447967529296875,0.1284027099609375,111.1,980.0,Severe Cyclonic Storm,False
2025266N11137,2025,BUALOI,MM,2025-09-27 00:00:00,14.5,115.4,,1010.3,1.016021728515625,-0.583282470703125,111.1,980.0,Severe Cyclonic Storm,False
2025266N11137,2025,BUALOI,MM,2025-09-27 06:00:00,15.1,113.8,,1008.6,0.27398681640625,-2.430404663085937,120.4,975.0,Very Severe Cyclonic Storm,False
2025266N11137,2025,BUALOI,MM,2025-09-27 12:00:00,15.7,112.2,,1006.8,0.426513671875,-2.2832794189453125,120.4,975.0,Very Severe Cyclonic Storm,False
2025266N11137,2025,BUALOI,MM,2025-09-27 18:00:00,15.9,110.7,,1006.5,1.9927825927734373,-1.9995880126953125,120.4,975.0,Very Severe Cyclonic Storm,False
2025266N11137,2025,BUALOI,MM,2025-09-28 00:00:00,16.4,109.4,,1005.4,1.97930908203125,-2.2873687744140625,120.4,975.0,Very Severe Cyclonic Storm,False
2025266N11137,2025,BUALOI,MM,2025-09-28 06:00:00,17.1,108.1,,1002.6,2.40887451171875,-2.326690673828125,120.4,975.0,Very Severe Cyclonic Storm,False
2025266N11137,2025,BUALOI,MM,2025-09-28 12:00:00,17.7,107.1,,1000.2,2.26611328125,-2.769638061523437,111.1,980.0,Severe Cyclonic Storm,False
2025266N11137,2025,BUALOI,MM,2025-09-28 18:00:00,18.1,106.1,,997.9,4.81976318359375,-0.4645843505859375,101.9,980.0,Severe Cyclonic Storm,False
2025266N11137,2025,BUALOI,MM,2025-09-29 00:00:00,18.7,105.1,,996.1,2.944915771484375,2.43048095703125,92.6,985.0,Severe Cyclonic Storm,False
2025266N11137,2025,BUALOI,MM,2025-09-29 06:00:00,19.7,103.5,,1002.6,-0.4872283935546875,1.2926177978515625,64.8,994.0,Cyclonic Storm,False
2025270N19086,2025,UNNAMED,BB,2025-09-26 12:00:00,19.3,86.1,30.35,997.9,-4.192672729492188,1.933807373046875,46.3,998.0,Depression,True
2025270N19086,2025,UNNAMED,BB,2025-09-26 15:00:00,19.3,85.8,30.46,1000.7,-1.395599365234375,1.4294586181640625,46.3,998.0,Depression,True
2025270N19086,2025,UNNAMED,BB,2025-09-26 18:00:00,19.3,85.5,30.38,1000.8,-1.041290283203125,1.8647308349609373,46.3,998.0,Depression,True
2025270N19086,2025,UNNAMED,BB,2025-09-26 21:00:00,19.3,85.2,30.4,999.6,-0.040069580078125,3.0300750732421875,46.3,998.0,Depression,True
2025270N19086,2025,UNNAMED,BB,2025-09-27 00:00:00,19.3,84.8,,1000.8,0.613677978515625,-0.111602783203125,46.3,998.0,Depression,False
2025270N19086,2025,UNNAMED,BB,2025-09-27 03:00:00,19.3,84.2,,1004.6,-0.669891357421875,0.8780059814453125,46.3,998.0,Depression,False
2025270N19086,2025,UNNAMED,BB,2025-09-27 06:00:00,19.3,83.4,,1004.2,-1.58929443359375,2.3283843994140625,46.3,998.0,Depression,False
2025270N19086,2025,UNNAMED,BB,2025-09-27 09:00:00,19.4,82.5,,1000.8,0.3262481689453125,3.2191162109375,42.6,999.0,Depression,False
2025270N19086,2025,UNNAMED,BB,2025-09-27 12:00:00,19.7,81.5,,1002.5,1.093505859375,1.8768768310546875,37.0,999.0,Depression,False
2025270N19086,2025,UNNAMED,BB,2025-09-27 15:00:00,20.0,80.5,,1004.0,0.1197509765625,2.383270263671875,37.0,999.0,Depression,False
2025270N19086,2025,UNNAMED,BB,2025-09-27 18:00:00,20.3,79.5,,1003.2,-1.0394439697265625,2.1742401123046875,37.0,999.0,Depression,False
2025270N19086,2025,UNNAMED,BB,2025-09-27 21:00:00,20.4,78.3,,1001.2,-0.8132476806640625,1.760650634765625,37.0,999.0,Depression,False
2025270N19086,2025,UNNAMED,AS,2025-09-28 00:00:00,20.3,77.0,,1002.6,-0.09686279296875,1.4040374755859375,37.0,999.0,Depression,False
2025275N22068,2025,SHAKHTI,AS,2025-10-01 12:00:00,22.0,68.3,28.49,997.1,-2.7624053955078125,-0.74053955078125,46.3,1001.0,Depression,True
2025275N22068,2025,SHAKHTI,AS,2025-10-01 15:00:00,21.8,68.3,28.51,999.2,-2.7885894775390625,0.4273834228515625,46.3,1001.0,Depression,True
2025275N22068,2025,SHAKHTI,AS,2025-10-01 18:00:00,21.5,68.2,28.54,999.9,-2.125091552734375,0.71429443359375,46.3,1001.0,Depression,True
2025275N22068,2025,SHAKHTI,AS,2025-10-01 21:00:00,21.2,68.1,28.47,998.3,-0.71917724609375,0.085418701171875,46.3,1001.0,Depression,True
2025275N22068,2025,SHAKHTI,AS,2025-10-02 00:00:00,21.0,68.0,28.55,998.2,1.583038330078125,-0.2633056640625,46.3,1001.0,Depression,True
2025275N22068,2025,SHAKHTI,AS,2025-10-02 03:00:00,20.8,67.9,28.49,1000.3,3.637115478515625,2.0219268798828125,46.3,1001.0,Depression,True
2025275N22068,2025,SHAKHTI,AS,2025-10-02 06:00:00,20.8,67.9,28.49,1001.2,5.412841796875,4.1707763671875,46.3,1001.0,Depression,True
2025275N22068,2025,SHAKHTI,AS,2025-10-02 09:00:00,20.8,67.9,28.49,999.8,6.363311767578125,6.1797943115234375,46.3,1001.0,Depression,True
2025275N22068,2025,SHAKHTI,AS,2025-10-02 12:00:00,20.8,67.9,28.49,999.3,6.563034057617188,4.9589385986328125,46.3,1001.0,Depression,True
2025275N22068,2025,SHAKHTI,AS,2025-10-02 15:00:00,20.8,67.8,28.45,1000.8,7.119537353515625,3.4889068603515625,51.9,1001.0,Deep Depression,True
2025275N22068,2025,SHAKHTI,AS,2025-10-02 18:00:00,20.8,67.7,28.45,1002.0,7.911712646484375,6.762496948242188,55.6,1000.0,Deep Depression,True
2025275N22068,2025,SHAKHTI,AS,2025-10-02 21:00:00,21.0,67.5,28.45,1000.3,7.507171630859375,6.229461669921875,55.6,1000.0,Deep Depression,True
2025275N22068,2025,SHAKHTI,AS,2025-10-03 00:00:00,21.4,67.2,27.99,998.3,1.9483795166015625,2.3659820556640625,55.6,1000.0,Deep Depression,True
2025275N22068,2025,SHAKHTI,AS,2025-10-03 03:00:00,21.6,67.0,28.12,999.6,1.3388824462890625,2.763336181640625,55.6,999.0,Deep Depression,True
2025275N22068,2025,SHAKHTI,AS,2025-10-03 06:00:00,21.8,66.8,28.2,1000.4,-1.1708221435546875,4.2487640380859375,64.8,997.0,Cyclonic Storm,False
2025275N22068,2025,SHAKHTI,AS,2025-10-03 09:00:00,21.9,66.6,28.34,998.7,-2.16607666015625,3.054595947265625,64.8,997.0,Cyclonic Storm,False
2025275N22068,2025,SHAKHTI,AS,2025-10-03 12:00:00,22.0,66.4,28.34,998.8,1.633880615234375,7.010757446289063,74.1,996.0,Cyclonic Storm,False
2025275N22068,2025,SHAKHTI,AS,2025-10-03 15:00:00,22.1,66.2,28.44,1000.4,3.194686889648437,6.8624420166015625,74.1,996.0,Cyclonic Storm,False
2025275N22068,2025,SHAKHTI,AS,2025-10-03 18:00:00,22.1,65.8,28.73,1000.2,3.030029296875,0.7739105224609375,83.3,994.0,Cyclonic Storm,False
2025275N22068,2025,SHAKHTI,AS,2025-10-03 21:00:00,22.1,65.4,28.7,998.6,2.268707275390625,-1.17584228515625,83.3,994.0,Cyclonic Storm,False
2025275N22068,2025,SHAKHTI,AS,2025-10-04 00:00:00,22.1,64.8,27.88,998.5,0.79180908203125,-5.553070068359375,92.6,992.0,Severe Cyclonic Storm,False
2025275N22068,2025,SHAKHTI,AS,2025-10-04 03:00:00,22.1,64.4,27.88,999.2,-7.561981201171875,-0.0059661865234375,101.9,990.0,Severe Cyclonic Storm,False
2025275N22068,2025,SHAKHTI,AS,2025-10-04 06:00:00,21.9,64.1,27.98,1000.4,-10.109573364257812,-6.4946136474609375,101.9,990.0,Severe Cyclonic Storm,False
2025275N22068,2025,SHAKHTI,AS,2025-10-04 09:00:00,21.7,63.8,27.82,997.4,-7.163742065429688,-3.60418701171875,101.9,990.0,Severe Cyclonic Storm,False
2025275N22068,2025,SHAKHTI,AS,2025-10-04 12:00:00,21.4,63.5,27.7,995.3,-5.864837646484375,2.42449951171875,101.9,990.0,Severe Cyclonic Storm,False
2025275N22068,2025,SHAKHTI,AS,2025-10-04 15:00:00,21.3,63.0,27.81,996.0,-5.0736236572265625,-5.51898193359375,101.9,990.0,Severe Cyclonic Storm,False
2025275N22068,2025,SHAKHTI,AS,2025-10-04 18:00:00,21.2,62.6,28.01,997.3,-7.677322387695312,-14.073623657226562,101.9,989.0,Severe Cyclonic Storm,False
2025275N22068,2025,SHAKHTI,AS,2025-10-04 21:00:00,21.1,62.0,28.13,997.7,-0.10369873046875,-17.685867309570312,101.9,989.0,Severe Cyclonic Storm,False
2025275N22068,2025,SHAKHTI,AS,2025-10-05 00:00:00,21.0,61.5,27.08,1000.1,-0.1923828125,-16.532485961914062,111.1,987.0,Severe Cyclonic Storm,False
2025275N22068,2025,SHAKHTI,AS,2025-10-05 03:00:00,20.8,61.3,26.94,1000.3,4.524703979492188,-15.62158203125,111.1,986.0,Severe Cyclonic Storm,False
2025275N22068,2025,SHAKHTI,AS,2025-10-05 06:00:00,20.6,61.3,26.89,999.1,2.5844879150390625,-12.217132568359377,111.1,987.0,Severe Cyclonic Storm,False
2025275N22068,2025,SHAKHTI,AS,2025-10-05 09:00:00,20.3,61.0,26.89,998.4,5.102325439453125,-9.555130004882812,111.1,988.0,Severe Cyclonic Storm,False
2025275N22068,2025,SHAKHTI,AS,2025-10-05 12:00:00,20.1,60.6,26.94,1000.0,7.633270263671875,-10.042098999023438,101.9,990.0,Severe Cyclonic Storm,False
2025275N22068,2025,SHAKHTI,AS,2025-10-05 15:00:00,19.8,60.4,26.74,1001.0,7.727157592773437,-7.181884765625,101.9,991.0,Severe Cyclonic Storm,False
2025275N22068,2025,SHAKHTI,AS,2025-10-05 18:00:00,19.7,60.4,26.74,1002.0,5.8333587646484375,-3.7391357421875,92.6,992.0,Severe Cyclonic Storm,False
2025275N22068,2025,SHAKHTI,AS,2025-10-05 21:00:00,19.7,60.5,26.74,1001.3,2.717987060546875,-4.6214599609375,92.6,993.0,Severe Cyclonic Storm,False
2025275N22068,2025,SHAKHTI,AS,2025-10-06 00:00:00,19.8,60.6,26.54,1001.5,0.70062255859375,-4.22479248046875,83.3,994.0,Cyclonic Storm,False
2025275N22068,2025,SHAKHTI,AS,2025-10-06 03:00:00,19.8,60.5,26.54,1003.6,1.7766571044921875,-5.79254150390625,83.3,994.0,Cyclonic Storm,False
2025275N22068,2025,SHAKHTI,AS,2025-10-06 06:00:00,19.8,60.4,26.54,1005.1,1.440338134765625,-4.293853759765625,74.1,995.0,Cyclonic Storm,False
2025275N22068,2025,SHAKHTI,AS,2025-10-06 09:00:00,19.7,60.3,26.47,1003.7,2.302490234375,-6.2816314697265625,74.1,996.0,Cyclonic Storm,False
2025275N22068,2025,SHAKHTI,AS,2025-10-06 12:00:00,19.6,60.2,26.6,1003.8,6.0531768798828125,-2.019805908203125,64.8,997.0,Cyclonic Storm,False
2025275N22068,2025,SHAKHTI,AS,2025-10-06 15:00:00,19.6,60.1,26.47,1005.9,5.2758331298828125,-4.22601318359375,64.8,998.0,Cyclonic Storm,False
2025275N22068,2025,SHAKHTI,AS,2025-10-06 18:00:00,19.5,60.1,26.47,1006.6,4.353607177734375,-3.36456298828125,55.6,999.0,Deep Depression,False
2025275N22068,2025,SHAKHTI,AS,2025-10-06 21:00:00,19.4,60.2,26.6,1005.6,4.43353271484375,-0.803314208984375,55.6,999.0,Deep Depression,True
2025275N22068,2025,SHAKHTI,AS,2025-10-07 00:00:00,19.2,60.3,26.63,1005.1,4.2598876953125,-5.4641876220703125,55.6,999.0,Deep Depression,True
2025275N22068,2025,SHAKHTI,AS,2025-10-07 03:00:00,19.0,60.5,27.01,1006.1,0.138275146484375,-6.198394775390625,46.3,1001.0,Depression,True
2025275N22068,2025,SHAKHTI,AS,2025-10-07 06:00:00,18.9,60.7,26.89,1007.2,-2.699981689453125,-2.955780029296875,37.0,1002.0,Depression,True
2025295N09068,2025,UNNAMED,AS,2025-10-22 00:00:00,8.6,67.6,28.6,1004.7,2.2834930419921875,1.73040771484375,37.0,1002.0,Depression,True
2025295N09068,2025,UNNAMED,AS,2025-10-22 03:00:00,8.9,67.4,28.59,1006.8,-1.11248779296875,1.8980865478515625,37.0,1002.0,Depression,True
2025295N09068,2025,UNNAMED,AS,2025-10-22 06:00:00,9.0,67.0,28.55,1007.4,-2.38055419921875,3.9333648681640634,37.0,1002.0,Depression,True
2025295N09068,2025,UNNAMED,AS,2025-10-22 09:00:00,9.1,67.1,28.55,1004.4,2.70098876953125,4.68353271484375,37.0,1002.0,Depression,True
2025295N09068,2025,UNNAMED,AS,2025-10-22 12:00:00,9.3,67.4,28.56,1004.8,0.249603271484375,1.3110504150390625,37.0,1002.0,Depression,True
2025295N09068,2025,UNNAMED,AS,2025-10-22 15:00:00,9.4,67.5,28.52,1006.6,-0.6888427734375,-0.782073974609375,37.0,1002.0,Depression,True
2025295N09068,2025,UNNAMED,AS,2025-10-22 18:00:00,9.5,67.6,28.52,1007.3,0.7166595458984375,-0.53466796875,37.0,1002.0,Depression,True
2025295N09068,2025,UNNAMED,AS,2025-10-22 21:00:00,9.5,67.6,28.52,1005.0,3.858200073242188,0.5508575439453125,37.0,1002.0,Depression,True
2025295N09068,2025,UNNAMED,AS,2025-10-23 00:00:00,9.6,67.7,28.69,1004.6,3.65911865234375,-4.0838623046875,37.0,1001.0,Depression,True
2025295N09068,2025,UNNAMED,AS,2025-10-23 03:00:00,9.8,67.8,28.67,1007.5,1.844482421875,-3.127716064453125,37.0,1001.0,Depression,True
2025295N09068,2025,UNNAMED,AS,2025-10-23 06:00:00,10.1,68.0,28.72,1008.0,3.847930908203125,-2.0537109375,37.0,1001.0,Depression,True
2025295N09068,2025,UNNAMED,AS,2025-10-23 09:00:00,10.5,68.7,28.74,1004.6,6.16082763671875,-1.510040283203125,37.0,1001.0,Depression,True
2025295N09068,2025,UNNAMED,AS,2025-10-23 12:00:00,11.0,69.4,28.9,1005.0,3.0446014404296875,1.3628082275390625,37.0,1001.0,Depression,True
2025295N09068,2025,UNNAMED,AS,2025-10-23 15:00:00,11.5,69.8,28.91,1006.5,4.0909271240234375,1.8903350830078125,37.0,1001.0,Depression,True
2025295N09068,2025,UNNAMED,AS,2025-10-23 18:00:00,12.0,70.0,28.88,1006.7,5.5916290283203125,3.7470550537109375,37.0,1001.0,Depression,True
2025295N09068,2025,UNNAMED,AS,2025-10-23 21:00:00,12.6,70.3,28.76,1004.7,7.0008392333984375,4.9788970947265625,37.0,1001.0,Depression,True
2025295N09068,2025,UNNAMED,AS,2025-10-24 00:00:00,13.3,70.5,28.88,1004.8,4.417266845703125,4.8602294921875,37.0,1001.0,Depression,True
2025295N09068,2025,UNNAMED,AS,2025-10-24 03:00:00,14.0,70.6,29.03,1006.3,0.8059539794921875,4.1955413818359375,37.0,1001.0,Depression,True
2025295N09068,2025,UNNAMED,AS,2025-10-24 06:00:00,14.4,70.7,29.14,1006.8,0.7245941162109375,5.0931396484375,37.0,1001.0,Depression,True
2025295N09068,2025,UNNAMED,AS,2025-10-24 09:00:00,14.8,70.7,29.2,1004.2,1.932769775390625,6.43841552734375,37.0,1001.0,Depression,True
2025295N09068,2025,UNNAMED,AS,2025-10-24 12:00:00,15.2,70.7,29.27,1003.3,2.3069305419921875,5.17608642578125,37.0,1001.0,Depression,True
2025295N09068,2025,UNNAMED,AS,2025-10-24 15:00:00,15.7,70.7,29.22,1005.3,1.133056640625,5.21368408203125,37.0,1001.0,Depression,True
2025295N09068,2025,UNNAMED,AS,2025-10-24 18:00:00,16.1,70.7,29.11,1005.7,0.3720703125,6.60821533203125,37.0,1001.0,Depression,True
2025295N09068,2025,UNNAMED,AS,2025-10-24 21:00:00,16.3,70.5,28.99,1004.0,0.6909332275390625,6.0869140625,37.0,1001.0,Depression,True
2025295N09068,2025,UNNAMED,AS,2025-10-25 00:00:00,16.4,70.4,28.93,1003.7,-0.8630218505859375,5.418228149414063,37.0,1001.0,Depression,True
2025295N09068,2025,UNNAMED,AS,2025-10-25 03:00:00,16.5,70.4,28.93,1005.5,-0.19256591796875,6.41986083984375,37.0,1001.0,Depression,True
2025295N09068,2025,UNNAMED,AS,2025-10-25 06:00:00,16.6,69.2,28.88,1005.2,-2.5259552001953125,6.514907836914063,37.0,1001.0,Depression,True
2025295N09068,2025,UNNAMED,AS,2025-10-25 09:00:00,16.6,68.4,28.66,1002.1,-1.033050537109375,5.566314697265625,37.0,1001.0,Depression,True
2025295N09068,2025,UNNAMED,AS,2025-10-25 12:00:00,16.6,68.0,28.61,1002.7,-0.077880859375,-0.020965576171875,37.0,1001.0,Depression,True
2025295N09068,2025,UNNAMED,AS,2025-10-25 15:00:00,16.6,67.5,28.61,1003.7,-3.898773193359375,-2.160247802734375,37.0,1001.0,Depression,True
2025295N09068,2025,UNNAMED,AS,2025-10-25 18:00:00,16.6,67.2,28.61,1004.1,-4.998931884765625,-0.386260986328125,37.0,1001.0,Depression,True
2025295N09068,2025,UNNAMED,AS,2025-10-25 21:00:00,16.6,67.0,28.58,1002.5,-4.327789306640625,1.0881195068359375,37.0,1001.0,Depression,True
2025295N09068,2025,UNNAMED,AS,2025-10-26 00:00:00,16.5,66.8,28.62,1001.6,-4.33477783203125,-0.5508270263671875,37.0,1001.0,Depression,True
2025295N09068,2025,UNNAMED,AS,2025-10-26 03:00:00,16.0,66.5,28.57,1002.7,-3.571044921875,-2.1197967529296875,37.0,1001.0,Depression,True
2025295N09068,2025,UNNAMED,AS,2025-10-26 06:00:00,15.5,66.4,28.5,1003.3,-2.0933837890625,-1.3531646728515625,37.0,1001.0,Depression,True
2025295N09068,2025,UNNAMED,AS,2025-10-26 09:00:00,15.2,66.4,28.52,1000.6,1.8592376708984373,-0.415679931640625,37.0,1001.0,Depression,True
2025295N09068,2025,UNNAMED,AS,2025-10-26 12:00:00,15.1,66.4,28.48,1000.0,2.7418212890625,-0.9812164306640624,37.0,1001.0,Depression,True
2025295N09068,2025,UNNAMED,AS,2025-10-26 15:00:00,15.0,66.4,28.48,1001.4,4.0132598876953125,-0.968536376953125,37.0,1001.0,Depression,True
2025295N09068,2025,UNNAMED,AS,2025-10-26 18:00:00,15.1,66.5,28.48,1002.2,4.647186279296875,-1.615020751953125,37.0,1001.0,Depression,True
2025295N09068,2025,UNNAMED,AS,2025-10-26 21:00:00,15.6,66.6,28.5,1000.3,2.8316802978515625,-2.239288330078125,42.6,1001.0,Depression,True
2025295N09068,2025,UNNAMED,AS,2025-10-27 00:00:00,16.1,66.8,28.53,999.8,1.129180908203125,-1.955596923828125,46.3,1000.0,Depression,True
2025295N09068,2025,UNNAMED,AS,2025-10-27 03:00:00,16.4,66.9,28.65,1001.7,-1.426849365234375,-0.908905029296875,46.3,1000.0,Depression,True
2025295N09068,2025,UNNAMED,AS,2025-10-27 06:00:00,16.6,67.2,28.69,1002.3,-0.3730010986328125,0.4165191650390625,46.3,1000.0,Depression,True
2025295N09068,2025,UNNAMED,AS,2025-10-27 09:00:00,16.7,67.3,28.61,999.9,-0.1317291259765625,-1.0654296875,46.3,1000.0,Depression,True
2025295N09068,2025,UNNAMED,AS,2025-10-27 12:00:00,16.7,67.3,28.61,999.8,-0.2720489501953125,-3.056869506835937,46.3,1000.0,Depression,True
2025295N09068,2025,UNNAMED,AS,2025-10-27 15:00:00,16.7,67.3,28.61,1001.6,-2.048812866210937,-4.18109130859375,46.3,1000.0,Depression,True
2025295N09068,2025,UNNAMED,AS,2025-10-27 18:00:00,16.7,67.3,28.61,1002.0,-2.5599517822265625,-4.4053497314453125,46.3,1000.0,Depression,True
2025295N09068,2025,UNNAMED,AS,2025-10-27 21:00:00,16.8,67.6,28.67,1000.1,-2.9313507080078125,-3.43206787109375,46.3,1000.0,Depression,True
2025295N09068,2025,UNNAMED,AS,2025-10-28 00:00:00,17.0,67.8,28.48,999.2,-0.237457275390625,-5.1281585693359375,46.3,1000.0,Depression,True
2025295N09068,2025,UNNAMED,AS,2025-10-28 03:00:00,17.1,67.8,28.48,1000.7,-0.420623779296875,-6.02899169921875,46.3,1000.0,Depression,True
2025295N09068,2025,UNNAMED,AS,2025-10-28 06:00:00,17.2,68.0,28.58,1001.4,0.4110565185546875,-4.818649291992188,46.3,1000.0,Depression,True
2025295N09068,2025,UNNAMED,AS,2025-10-28 09:00:00,17.3,68.2,28.49,998.7,1.551605224609375,-5.068618774414063,46.3,1000.0,Depression,True
2025295N09068,2025,UNNAMED,AS,2025-10-28 12:00:00,17.4,68.5,28.51,998.7,0.1741485595703125,-4.803863525390625,46.3,1000.0,Depression,True
2025295N09068,2025,UNNAMED,AS,2025-10-28 15:00:00,17.6,68.8,28.54,1000.3,1.262115478515625,-0.265350341796875,46.3,1000.0,Depression,True
2025295N09068,2025,UNNAMED,AS,2025-10-28 18:00:00,17.7,69.0,28.72,1000.7,0.06134033203125,2.803314208984375,46.3,1000.0,Depression,True
2025295N09068,2025,UNNAMED,AS,2025-10-28 21:00:00,17.8,69.1,28.72,999.1,0.6609649658203125,2.16131591796875,46.3,1000.0,Depression,True
2025295N09068,2025,UNNAMED,AS,2025-10-29 00:00:00,17.9,69.2,28.86,999.2,-2.719940185546875,3.583602905273437,46.3,1000.0,Depression,True
2025295N09068,2025,UNNAMED,AS,2025-10-29 03:00:00,17.9,69.2,28.86,1001.2,-1.7817535400390625,1.4734344482421875,46.3,1000.0,Depression,True
2025295N09068,2025,UNNAMED,AS,2025-10-29 06:00:00,18.0,69.1,28.82,1001.3,-3.052947998046875,2.7421417236328125,46.3,1000.0,Depression,True
2025295N09068,2025,UNNAMED,AS,2025-10-29 09:00:00,18.0,69.0,28.82,999.3,-1.020477294921875,5.329132080078125,46.3,1000.0,Depression,True
2025295N09068,2025,UNNAMED,AS,2025-10-29 12:00:00,17.9,69.0,28.82,999.9,-2.928802490234375,4.222564697265625,46.3,1000.0,Depression,True
2025295N09068,2025,UNNAMED,AS,2025-10-29 15:00:00,17.9,68.9,28.82,1001.4,-1.6195068359375,4.3468780517578125,46.3,1000.0,Depression,True
2025295N09068,2025,UNNAMED,AS,2025-10-29 18:00:00,17.9,68.8,28.77,1001.9,-0.144500732421875,5.83416748046875,46.3,1000.0,Depression,True
2025295N09068,2025,UNNAMED,AS,2025-10-29 21:00:00,17.9,68.5,28.71,1000.2,0.383575439453125,4.971099853515625,46.3,1000.0,Depression,True
2025295N09068,2025,UNNAMED,AS,2025-10-30 00:00:00,17.9,68.2,28.41,1000.2,-3.0691070556640625,2.601303100585937,46.3,1000.0,Depression,True
2025295N09068,2025,UNNAMED,AS,2025-10-30 03:00:00,17.9,68.2,28.41,1002.1,-1.5501556396484375,3.674713134765625,46.3,1000.0,Depression,True
2025295N09068,2025,UNNAMED,AS,2025-10-30 06:00:00,17.9,68.2,28.41,1002.8,-1.912506103515625,4.135757446289063,46.3,1000.0,Depression,True
2025295N09068,2025,UNNAMED,AS,2025-10-30 09:00:00,18.0,68.2,28.41,1000.6,-0.4797210693359375,5.395751953125,46.3,1000.0,Depression,True
2025295N09068,2025,UNNAMED,AS,2025-10-30 12:00:00,18.1,68.2,28.41,1000.7,-1.2036285400390625,1.8441162109375,46.3,1000.0,Depression,True
2025295N09068,2025,UNNAMED,AS,2025-10-30 15:00:00,18.2,68.2,28.32,1003.1,-0.5288543701171875,0.8511505126953125,46.3,1000.0,Depression,True
2025295N09068,2025,UNNAMED,AS,2025-10-30 18:00:00,18.3,68.2,28.32,1004.0,1.342437744140625,0.142578125,46.3,1000.0,Depression,True
2025295N09068,2025,UNNAMED,AS,2025-10-30 21:00:00,18.4,68.3,28.21,1003.3,2.3037872314453125,-1.5706329345703125,46.3,1000.0,Depression,True
2025295N09068,2025,UNNAMED,AS,2025-10-31 00:00:00,18.6,68.4,28.21,1003.1,2.517318725585937,-3.102752685546875,46.3,1000.0,Depression,True
2025295N09068,2025,UNNAMED,AS,2025-10-31 03:00:00,18.9,68.5,27.95,1005.2,-0.43743896484375,-2.3446502685546875,46.3,1000.0,Depression,True
2025295N09068,2025,UNNAMED,AS,2025-10-31 06:00:00,18.9,68.5,27.95,1005.6,-1.1703033447265625,-3.1140899658203125,46.3,1000.0,Depression,True
2025295N09068,2025,UNNAMED,AS,2025-10-31 09:00:00,19.0,68.7,27.98,1003.4,2.4762115478515625,-2.212142944335937,46.3,1000.0,Depression,True
2025295N09068,2025,UNNAMED,AS,2025-10-31 12:00:00,19.2,69.0,28.11,1003.4,1.782562255859375,-3.6108551025390634,46.3,1000.0,Depression,True
2025295N09068,2025,UNNAMED,AS,2025-10-31 15:00:00,19.3,69.3,28.22,1005.3,0.261260986328125,2.5879364013671875,42.6,1001.0,Depression,True
2025295N09068,2025,UNNAMED,AS,2025-10-31 18:00:00,19.4,69.6,28.17,1005.9,-1.7310943603515625,4.0037384033203125,37.0,1001.0,Depression,True
2025329N05100,2025,SENYAR,BB,2025-11-25 03:00:00,5.4,99.7,29.0,1007.3,-5.6229248046875,-10.475357055664062,37.0,1004.0,Depression,True
2025329N05100,2025,SENYAR,BB,2025-11-25 06:00:00,5.3,99.5,28.64,1004.8,-7.5322418212890625,-9.053085327148438,37.0,1004.0,Depression,True
2025329N05100,2025,SENYAR,BB,2025-11-25 09:00:00,5.2,99.3,28.55,1003.2,-6.4556884765625,-11.349014282226562,42.6,1004.0,Depression,True
2025329N05100,2025,SENYAR,BB,2025-11-25 12:00:00,5.0,99.0,28.59,1004.2,-9.73431396484375,-12.072341918945312,46.3,1003.0,Depression,True
2025329N05100,2025,SENYAR,BB,2025-11-25 15:00:00,4.9,98.7,28.72,1004.9,-11.550445556640623,-10.918380737304688,51.9,1003.0,Deep Depression,True
2025329N05100,2025,SENYAR,BB,2025-11-25 18:00:00,4.9,98.4,28.84,1004.7,-10.814971923828123,-7.7615966796875,55.6,1002.0,Deep Depression,True
2025329N05100,2025,SENYAR,BB,2025-11-25 21:00:00,4.9,98.1,28.74,1005.1,-6.157028198242188,-10.2984619140625,64.8,1001.0,Cyclonic Storm,False
2025329N05100,2025,SENYAR,BB,2025-11-26 00:00:00,4.8,98.0,,1006.4,-9.396209716796877,-6.328460693359375,74.1,999.0,Cyclonic Storm,False
2025329N05100,2025,SENYAR,BB,2025-11-26 03:00:00,4.5,97.9,,1009.0,-3.15374755859375,-3.236480712890625,74.1,999.0,Cyclonic Storm,False
2025329N05100,2025,SENYAR,BB,2025-11-26 06:00:00,4.3,98.0,,1007.8,0.5041351318359375,-2.686874389648437,74.1,999.0,Cyclonic Storm,False
2025329N05100,2025,SENYAR,BB,2025-11-26 09:00:00,4.1,98.1,,1007.2,2.2909088134765625,-2.382598876953125,74.1,999.0,Cyclonic Storm,False
2025329N05100,2025,SENYAR,BB,2025-11-26 12:00:00,4.0,98.4,28.87,1007.5,-1.2184600830078125,-4.368499755859375,64.8,1000.0,Cyclonic Storm,False
2025329N05100,2025,SENYAR,BB,2025-11-26 15:00:00,3.8,98.9,28.91,1009.1,-6.7840118408203125,-0.300933837890625,64.8,1000.0,Cyclonic Storm,False
2025329N05100,2025,SENYAR,BB,2025-11-26 18:00:00,3.7,99.4,29.2,1008.3,-5.394775390625,-4.11395263671875,64.8,1000.0,Cyclonic Storm,False
2025329N05100,2025,SENYAR,BB,2025-11-26 21:00:00,3.7,99.7,29.25,1007.4,-5.1976470947265625,-5.235809326171875,64.8,1001.0,Cyclonic Storm,False
2025329N05100,2025,SENYAR,BB,2025-11-27 00:00:00,3.6,100.0,29.39,1007.9,-3.7884368896484375,-7.023712158203125,55.6,1002.0,Deep Depression,True
2025329N05100,2025,SENYAR,MM,2025-11-27 03:00:00,3.6,100.1,29.39,1009.2,-5.0348052978515625,-9.139984130859377,55.6,1002.0,Deep Depression,True
2025329N05100,2025,SENYAR,MM,2025-11-27 06:00:00,3.6,100.3,29.4,1008.0,-3.4695281982421875,-8.303253173828125,46.3,1003.0,Depression,True
2025329N05100,2025,SENYAR,MM,2025-11-27 09:00:00,3.6,100.6,29.47,1007.5,2.211288452148437,-6.959991455078125,42.6,1004.0,Depression,True
2025329N05100,2025,SENYAR,MM,2025-11-27 12:00:00,3.6,100.9,29.1,1009.0,1.0267181396484375,-5.2802276611328125,37.0,1004.0,Depression,True
2025329N05100,2025,SENYAR,MM,2025-11-27 15:00:00,3.6,101.2,,1009.8,-0.6170501708984375,-2.6955108642578125,37.0,1004.0,Depression,False
