cyclone_id,name,timestamp_t0,lat_t0,lon_t0,wind_t0
2020136N10088,AMPHAN,2020-05-15 18:00:00,9.5,86.5999984741211,
2020136N10088,AMPHAN,2020-05-15 21:00:00,9.600000381469727,86.5,
2020136N10088,AMPHAN,2020-05-16 00:00:00,9.800000190734863,86.4000015258789,46.29999923706055
2020136N10088,AMPHAN,2020-05-16 03:00:00,10.100000381469727,86.19999694824219,46.29999923706055
2020136N10088,AMPHAN,2020-05-16 06:00:00,10.300000190734863,86.0999984741211,46.29999923706055
2020136N10088,AMPHAN,2020-05-16 09:00:00,10.5,86.0999984741211,55.599998474121094
2020136N10088,AMPHAN,2020-05-16 12:00:00,10.600000381469727,86.19999694824219,64.80000305175781
2020136N10088,AMPHAN,2020-05-16 15:00:00,10.800000190734863,86.0999984741211,74.0999984741211
2020136N10088,AMPHAN,2020-05-16 18:00:00,10.899999618530273,86.0999984741211,74.0999984741211
2020136N10088,AMPHAN,2020-05-16 21:00:00,11.100000381469727,86.0999984741211,83.30000305175781
2020136N10088,AMPHAN,2020-05-17 00:00:00,11.199999809265137,86.0999984741211,83.30000305175781
2020136N10088,AMPHAN,2020-05-17 03:00:00,11.300000190734863,86.0999984741211,92.5999984741211
2020136N10088,AMPHAN,2020-05-17 06:00:00,11.5,86.19999694824219,101.9000015258789
2020136N10088,AMPHAN,2020-05-17 09:00:00,11.600000381469727,86.19999694824219,120.4000015258789
2020136N10088,AMPHAN,2020-05-17 12:00:00,11.899999618530273,86.19999694824219,129.60000610351562
2020136N10088,AMPHAN,2020-05-17 15:00:00,12.5,86.4000015258789,138.89999389648438
2020136N10088,AMPHAN,2020-05-17 18:00:00,12.5,86.4000015258789,148.1999969482422
2020136N10088,AMPHAN,2020-05-17 21:00:00,12.899999618530273,86.5,166.6999969482422
2020136N10088,AMPHAN,2020-05-18 00:00:00,13.199999809265137,86.4000015258789,185.1999969482422
2020136N10088,AMPHAN,2020-05-18 03:00:00,13.300000190734863,86.19999694824219,213.0
2020136N10088,AMPHAN,2020-05-18 06:00:00,13.399999618530273,86.19999694824219,222.1999969482422
2020136N10088,AMPHAN,2020-05-18 09:00:00,13.699999809265137,86.19999694824219,222.1999969482422
2020136N10088,AMPHAN,2020-05-18 12:00:00,14.100000381469727,86.4000015258789,231.5
2020136N10088,AMPHAN,2020-05-18 15:00:00,14.5,86.5,231.5
2020136N10088,AMPHAN,2020-05-18 18:00:00,14.899999618530273,86.5999984741211,240.8000030517578
2020136N10088,AMPHAN,2020-05-18 21:00:00,15.199999809265137,86.69999694824219,240.8000030517578
2020136N10088,AMPHAN,2020-05-19 00:00:00,15.600000381469727,86.80000305175781,231.5
2020136N10088,AMPHAN,2020-05-19 03:00:00,16.0,86.9000015258789,222.1999969482422
2020136N10088,AMPHAN,2020-05-19 06:00:00,16.5,87.0,213.0
2020136N10088,AMPHAN,2020-05-19 09:00:00,16.899999618530273,87.0,203.6999969482422
2020136N10088,AMPHAN,2020-05-19 12:00:00,17.299999237060547,87.0999984741211,194.5
2020136N10088,AMPHAN,2020-05-19 15:00:00,17.899999618530273,87.0999984741211,185.1999969482422
2020136N10088,AMPHAN,2020-05-19 18:00:00,18.299999237060547,87.19999694824219,185.1999969482422
2020136N10088,AMPHAN,2020-05-19 21:00:00,18.700000762939453,87.30000305175781,185.1999969482422
2020136N10088,AMPHAN,2020-05-20 00:00:00,19.200000762939453,87.5,175.89999389648438
2020136N10088,AMPHAN,2020-05-20 03:00:00,19.799999237060547,87.69999694824219,175.89999389648438
2020136N10088,AMPHAN,2020-05-20 06:00:00,20.600000381469727,88.0,166.6999969482422
2020136N10088,AMPHAN,2020-05-20 09:00:00,21.399999618530273,88.0999984741211,166.6999969482422
2020136N10088,AMPHAN,2020-05-20 12:00:00,22.100000381469727,88.4000015258789,157.39999389648438
2020136N10088,AMPHAN,2020-05-20 15:00:00,22.799999237060547,88.5999984741211,120.4000015258789
2020136N10088,AMPHAN,2020-05-20 18:00:00,23.5,89.0999984741211,92.5999984741211
2020136N10088,AMPHAN,2020-05-20 21:00:00,24.299999237060547,89.30000305175781,83.30000305175781
2020136N10088,AMPHAN,2020-05-21 00:00:00,24.600000381469727,89.5999984741211,74.0999984741211
2020150N17054,UNNAMED,2020-05-29 21:00:00,17.299999237060547,54.20000076293945,46.29999923706055
2020150N17054,UNNAMED,2020-05-30 00:00:00,17.299999237060547,54.20000076293945,46.29999923706055
2020150N17054,UNNAMED,2020-05-30 03:00:00,17.299999237060547,54.20000076293945,46.29999923706055
2020150N17054,UNNAMED,2020-05-30 06:00:00,17.200000762939453,54.0,46.29999923706055
2020150N17054,UNNAMED,2020-05-30 09:00:00,17.200000762939453,54.0,46.29999923706055
2020150N17054,UNNAMED,2020-05-30 12:00:00,17.200000762939453,54.0,46.29999923706055
2020150N17054,UNNAMED,2020-05-30 15:00:00,17.200000762939453,54.0,46.29999923706055
2020150N17054,UNNAMED,2020-05-30 18:00:00,17.200000762939453,54.0,46.29999923706055
2020150N17054,UNNAMED,2020-05-30 21:00:00,17.100000381469727,53.900001525878906,46.29999923706055
2020150N17054,UNNAMED,2020-05-31 00:00:00,17.100000381469727,53.79999923706055,46.29999923706055
2020150N17054,UNNAMED,2020-05-31 03:00:00,17.100000381469727,53.79999923706055,46.29999923706055
2020150N17054,UNNAMED,2020-05-31 06:00:00,17.0,53.5,46.29999923706055
2020153N13072,NISARGA,2020-06-01 06:00:00,13.399999618530273,71.19999694824219,46.29999923706055
2020153N13072,NISARGA,2020-06-01 09:00:00,13.699999809265137,71.0999984741211,46.29999923706055
2020153N13072,NISARGA,2020-06-01 12:00:00,14.0,71.0999984741211,46.29999923706055
2020153N13072,NISARGA,2020-06-01 15:00:00,14.199999809265137,71.19999694824219,46.29999923706055
2020153N13072,NISARGA,2020-06-01 18:00:00,14.399999618530273,71.19999694824219,46.29999923706055
2020153N13072,NISARGA,2020-06-01 21:00:00,14.699999809265137,71.19999694824219,51.900001525878906
2020153N13072,NISARGA,2020-06-02 00:00:00,15.0,71.30000305175781,55.599998474121094
2020153N13072,NISARGA,2020-06-02 03:00:00,15.300000190734863,71.30000305175781,55.599998474121094
2020153N13072,NISARGA,2020-06-02 06:00:00,15.699999809265137,71.30000305175781,64.80000305175781
2020153N13072,NISARGA,2020-06-02 09:00:00,16.0,71.30000305175781,64.80000305175781
2020153N13072,NISARGA,2020-06-02 12:00:00,16.299999237060547,71.4000015258789,74.0999984741211
2020153N13072,NISARGA,2020-06-02 15:00:00,16.200000762939453,71.5,74.0999984741211
2020153N13072,NISARGA,2020-06-02 18:00:00,16.799999237060547,71.5999984741211,74.0999984741211
2020153N13072,NISARGA,2020-06-02 21:00:00,17.0,71.9000015258789,83.30000305175781
2020153N13072,NISARGA,2020-06-03 00:00:00,17.299999237060547,72.0999984741211,92.5999984741211
2020153N13072,NISARGA,2020-06-03 03:00:00,17.600000381469727,72.4000015258789,101.9000015258789
2020153N13072,NISARGA,2020-06-03 06:00:00,18.100000381469727,72.9000015258789,111.0999984741211
2020153N13072,NISARGA,2020-06-03 09:00:00,18.5,73.19999694824219,101.9000015258789
2020153N13072,NISARGA,2020-06-03 12:00:00,19.100000381469727,73.69999694824219,74.0999984741211
2020153N13072,NISARGA,2020-06-03 15:00:00,19.600000381469727,74.0,55.599998474121094
2020153N13072,NISARGA,2020-06-03 18:00:00,20.0,74.69999694824219,55.599998474121094
2020285N15087,UNNAMED,2020-10-11 12:00:00,15.5,85.4000015258789,46.29999923706055
2020285N15087,UNNAMED,2020-10-11 15:00:00,15.5,85.30000305175781,46.29999923706055
2020285N15087,UNNAMED,2020-10-11 18:00:00,15.600000381469727,85.19999694824219,46.29999923706055
2020285N15087,UNNAMED,2020-10-11 21:00:00,15.699999809265137,85.0999984741211,46.29999923706055
2020285N15087,UNNAMED,2020-10-12 00:00:00,15.699999809265137,85.0,46.29999923706055
2020285N15087,UNNAMED,2020-10-12 03:00:00,15.699999809265137,85.0,55.599998474121094
2020285N15087,UNNAMED,2020-10-12 06:00:00,15.899999618530273,84.80000305175781,55.599998474121094
2020285N15087,UNNAMED,2020-10-12 09:00:00,16.0,84.69999694824219,55.599998474121094
2020285N15087,UNNAMED,2020-10-12 12:00:00,16.100000381469727,84.5999984741211,55.599998474121094
2020285N15087,UNNAMED,2020-10-12 15:00:00,16.299999237060547,84.0999984741211,55.599998474121094
2020285N15087,UNNAMED,2020-10-12 18:00:00,16.5,83.4000015258789,55.599998474121094
2020285N15087,UNNAMED,2020-10-12 21:00:00,16.700000762939453,82.9000015258789,55.599998474121094
2020285N15087,UNNAMED,2020-10-13 00:00:00,16.899999618530273,82.5,55.599998474121094
2020285N15087,UNNAMED,2020-10-13 03:00:00,17.0,82.0999984741211,55.599998474121094
2020285N15087,UNNAMED,2020-10-13 06:00:00,17.299999237060547,81.5,46.29999923706055
2020285N15087,UNNAMED,2020-10-13 09:00:00,17.399999618530273,81.0,46.29999923706055
2020285N15087,UNNAMED,2020-10-13 12:00:00,17.5,80.5,46.29999923706055
2020285N15087,UNNAMED,2020-10-13 15:00:00,17.600000381469727,80.0,46.29999923706055
2020285N15087,UNNAMED,2020-10-13 18:00:00,17.600000381469727,79.5,46.29999923706055
2020291N18069,UNNAMED,2020-10-17 15:00:00,17.799999237060547,67.0999984741211,46.29999923706055
2020291N18069,UNNAMED,2020-10-17 18:00:00,17.799999237060547,66.80000305175781,46.29999923706055
2020291N18069,UNNAMED,2020-10-17 21:00:00,17.799999237060547,66.69999694824219,46.29999923706055
2020291N18069,UNNAMED,2020-10-18 00:00:00,17.799999237060547,66.4000015258789,46.29999923706055
2020291N18069,UNNAMED,2020-10-18 03:00:00,17.799999237060547,65.80000305175781,37.0
2020291N18069,UNNAMED,2020-10-18 06:00:00,17.799999237060547,65.30000305175781,37.0
2020296N19087,UNNAMED,2020-10-22 15:00:00,19.899999618530273,87.4000015258789,46.29999923706055
2020296N19087,UNNAMED,2020-10-22 18:00:00,20.200000762939453,87.5999984741211,46.29999923706055
2020296N19087,UNNAMED,2020-10-22 21:00:00,20.700000762939453,87.9000015258789,46.29999923706055
2020296N19087,UNNAMED,2020-10-23 00:00:00,21.200000762939453,88.19999694824219,46.29999923706055
2020296N19087,UNNAMED,2020-10-23 03:00:00,21.399999618530273,88.4000015258789,46.29999923706055
2020296N19087,UNNAMED,2020-10-23 06:00:00,21.700000762939453,88.5,46.29999923706055
2020326N11063,GATI,2020-11-21 00:00:00,11.300000190734863,60.599998474121094,
2020326N11063,GATI,2020-11-21 03:00:00,11.300000190734863,59.70000076293945,
2020326N11063,GATI,2020-11-21 06:00:00,11.300000190734863,58.79999923706055,
2020326N11063,GATI,2020-11-21 09:00:00,11.300000190734863,57.900001525878906,
2020326N11063,GATI,2020-11-21 12:00:00,11.300000190734863,57.099998474121094,
2020326N11063,GATI,2020-11-21 15:00:00,11.100000381469727,56.20000076293945,
2020326N11063,GATI,2020-11-21 18:00:00,10.899999618530273,55.79999923706055,46.29999923706055
2020326N11063,GATI,2020-11-21 21:00:00,10.899999618530273,55.20000076293945,51.900001525878906
2020326N11063,GATI,2020-11-22 00:00:00,10.800000190734863,54.5,55.599998474121094
2020326N11063,GATI,2020-11-22 03:00:00,10.600000381469727,53.5,74.0999984741211
2020326N11063,GATI,2020-11-22 06:00:00,10.399999618530273,52.599998474121094,92.5999984741211
2020326N11063,GATI,2020-11-22 09:00:00,10.399999618530273,52.0,120.4000015258789
2020326N11063,GATI,2020-11-22 12:00:00,10.399999618530273,51.5,138.89999389648438
2020326N11063,GATI,2020-11-22 15:00:00,10.399999618530273,51.0,138.89999389648438
2020326N11063,GATI,2020-11-22 18:00:00,10.399999618530273,50.599998474121094,120.4000015258789
2020326N11063,GATI,2020-11-22 21:00:00,10.5,50.20000076293945,111.0999984741211
2020326N11063,GATI,2020-11-23 00:00:00,10.699999809265137,50.0,83.30000305175781
2020326N11063,GATI,2020-11-23 03:00:00,10.899999618530273,49.599998474121094,64.80000305175781
2020326N11063,GATI,2020-11-23 06:00:00,11.100000381469727,49.29999923706055,55.599998474121094
2020326N11063,GATI,2020-11-23 09:00:00,11.300000190734863,48.900001525878906,55.599998474121094
2020326N11063,GATI,2020-11-23 12:00:00,11.5,48.599998474121094,55.599998474121094
2020326N11063,GATI,2020-11-23 15:00:00,11.699999809265137,48.0,55.599998474121094
2020326N11063,GATI,2020-11-23 18:00:00,11.800000190734863,47.5,55.599998474121094
2020326N11063,GATI,2020-11-23 21:00:00,11.699999809265137,47.099998474121094,51.900001525878906
2020326N11063,GATI,2020-11-24 00:00:00,11.5,46.79999923706055,46.29999923706055
2020327N08086,NIVAR,2020-11-22 18:00:00,9.0,85.0999984741211,
2020327N08086,NIVAR,2020-11-22 21:00:00,9.0,85.0,46.29999923706055
2020327N08086,NIVAR,2020-11-23 00:00:00,9.300000190734863,84.5999984741211,46.29999923706055
2020327N08086,NIVAR,2020-11-23 03:00:00,9.5,84.19999694824219,46.29999923706055
2020327N08086,NIVAR,2020-11-23 06:00:00,9.600000381469727,84.0,46.29999923706055
2020327N08086,NIVAR,2020-11-23 09:00:00,9.699999809265137,83.80000305175781,51.900001525878906
2020327N08086,NIVAR,2020-11-23 12:00:00,9.899999618530273,83.5999984741211,55.599998474121094
2020327N08086,NIVAR,2020-11-23 15:00:00,9.899999618530273,83.5,55.599998474121094
2020327N08086,NIVAR,2020-11-23 18:00:00,10.0,83.5,55.599998474121094
2020327N08086,NIVAR,2020-11-23 21:00:00,9.899999618530273,83.30000305175781,61.099998474121094
2020327N08086,NIVAR,2020-11-24 00:00:00,9.800000190734863,83.19999694824219,64.80000305175781
2020327N08086,NIVAR,2020-11-24 03:00:00,9.800000190734863,83.0999984741211,64.80000305175781
2020327N08086,NIVAR,2020-11-24 06:00:00,9.800000190734863,83.0,74.0999984741211
2020327N08086,NIVAR,2020-11-24 09:00:00,9.899999618530273,82.9000015258789,83.30000305175781
2020327N08086,NIVAR,2020-11-24 12:00:00,10.0,82.80000305175781,83.30000305175781
2020327N08086,NIVAR,2020-11-24 15:00:00,10.100000381469727,82.69999694824219,83.30000305175781
2020327N08086,NIVAR,2020-11-24 18:00:00,10.199999809265137,82.5999984741211,92.5999984741211
2020327N08086,NIVAR,2020-11-24 21:00:00,10.399999618530273,82.4000015258789,101.9000015258789
2020327N08086,NIVAR,2020-11-25 00:00:00,10.600000381469727,82.19999694824219,111.0999984741211
2020327N08086,NIVAR,2020-11-25 03:00:00,10.800000190734863,81.80000305175781,111.0999984741211
2020327N08086,NIVAR,2020-11-25 06:00:00,11.100000381469727,81.4000015258789,111.0999984741211
2020327N08086,NIVAR,2020-11-25 09:00:00,11.300000190734863,81.0999984741211,120.4000015258789
2020327N08086,NIVAR,2020-11-25 12:00:00,11.5,80.9000015258789,120.4000015258789
2020327N08086,NIVAR,2020-11-25 15:00:00,11.800000190734863,80.5999984741211,120.4000015258789
2020327N08086,NIVAR,2020-11-25 18:00:00,12.0,80.4000015258789,120.4000015258789
2020327N08086,NIVAR,2020-11-25 21:00:00,12.199999809265137,80.0999984741211,111.0999984741211
2020327N08086,NIVAR,2020-11-26 00:00:00,12.5,80.0,92.5999984741211
2020327N08086,NIVAR,2020-11-26 03:00:00,12.699999809265137,79.69999694824219,74.0999984741211
2020327N08086,NIVAR,2020-11-26 06:00:00,13.0,79.5999984741211,64.80000305175781
2020327N08086,NIVAR,2020-11-26 09:00:00,13.300000190734863,79.5999984741211,55.599998474121094
2020327N08086,NIVAR,2020-11-26 12:00:00,13.5,79.80000305175781,55.599998474121094
2020327N08086,NIVAR,2020-11-26 15:00:00,13.600000381469727,80.0,46.29999923706055
2020327N08086,NIVAR,2020-11-26 18:00:00,13.800000190734863,80.30000305175781,37.0
2020327N08086,NIVAR,2020-11-26 21:00:00,13.800000190734863,80.5999984741211,
2020327N08086,NIVAR,2020-11-27 00:00:00,14.0,80.69999694824219,
2020335N06090,BUREVI,2020-11-30 00:00:00,7.5,87.80000305175781,37.0
2020335N06090,BUREVI,2020-11-30 03:00:00,7.599999904632568,87.5999984741211,46.29999923706055
2020335N06090,BUREVI,2020-11-30 06:00:00,7.599999904632568,87.4000015258789,46.29999923706055
2020335N06090,BUREVI,2020-11-30 09:00:00,7.599999904632568,87.19999694824219,46.29999923706055
2020335N06090,BUREVI,2020-11-30 12:00:00,7.5,87.0999984741211,46.29999923706055
2020335N06090,BUREVI,2020-11-30 15:00:00,7.5,87.0,46.29999923706055
2020335N06090,BUREVI,2020-11-30 18:00:00,7.5,86.80000305175781,46.29999923706055
2020335N06090,BUREVI,2020-11-30 21:00:00,7.400000095367432,86.4000015258789,51.900001525878906
2020335N06090,BUREVI,2020-12-01 00:00:00,7.400000095367432,86.0999984741211,55.599998474121094
2020335N06090,BUREVI,2020-12-01 03:00:00,7.400000095367432,85.80000305175781,55.599998474121094
2020335N06090,BUREVI,2020-12-01 06:00:00,7.5,85.4000015258789,55.599998474121094
2020335N06090,BUREVI,2020-12-01 09:00:00,7.599999904632568,85.0999984741211,61.099998474121094
2020335N06090,BUREVI,2020-12-01 12:00:00,7.699999809265137,84.9000015258789,64.80000305175781
2020335N06090,BUREVI,2020-12-01 15:00:00,7.800000190734863,84.5999984741211,64.80000305175781
2020335N06090,BUREVI,2020-12-01 18:00:00,8.0,84.30000305175781,64.80000305175781
2020335N06090,BUREVI,2020-12-01 21:00:00,8.300000190734863,83.69999694824219,64.80000305175781
2020335N06090,BUREVI,2020-12-02 00:00:00,8.5,83.30000305175781,74.0999984741211
2020335N06090,BUREVI,2020-12-02 03:00:00,8.600000381469727,82.9000015258789,74.0999984741211
2020335N06090,BUREVI,2020-12-02 06:00:00,8.699999809265137,82.5999984741211,83.30000305175781
2020335N06090,BUREVI,2020-12-02 09:00:00,8.800000190734863,82.19999694824219,83.30000305175781
2020335N06090,BUREVI,2020-12-02 12:00:00,8.800000190734863,81.9000015258789,83.30000305175781
2020335N06090,BUREVI,2020-12-02 15:00:00,8.899999618530273,81.5999984741211,83.30000305175781
2020335N06090,BUREVI,2020-12-02 18:00:00,9.0,81.19999694824219,83.30000305175781
2020335N06090,BUREVI,2020-12-02 21:00:00,9.0,80.9000015258789,74.0999984741211
2020335N06090,BUREVI,2020-12-03 00:00:00,9.0,80.5,74.0999984741211
2020335N06090,BUREVI,2020-12-03 03:00:00,9.100000381469727,80.4000015258789,74.0999984741211
2020335N06090,BUREVI,2020-12-03 06:00:00,9.300000190734863,80.0999984741211,74.0999984741211
2020335N06090,BUREVI,2020-12-03 09:00:00,9.399999618530273,79.80000305175781,64.80000305175781
2020335N06090,BUREVI,2020-12-03 12:00:00,9.399999618530273,79.5999984741211,55.599998474121094
2020335N06090,BUREVI,2020-12-03 15:00:00,9.399999618530273,79.4000015258789,55.599998474121094
2020335N06090,BUREVI,2020-12-03 18:00:00,9.300000190734863,79.30000305175781,55.599998474121094
2020335N06090,BUREVI,2020-12-03 21:00:00,9.300000190734863,79.30000305175781,55.599998474121094
2020335N06090,BUREVI,2020-12-04 00:00:00,9.199999809265137,79.30000305175781,55.599998474121094
2020335N06090,BUREVI,2020-12-04 03:00:00,9.100000381469727,79.19999694824219,55.599998474121094
2020335N06090,BUREVI,2020-12-04 06:00:00,9.199999809265137,79.30000305175781,55.599998474121094
2020335N06090,BUREVI,2020-12-04 09:00:00,9.300000190734863,79.4000015258789,51.900001525878906
2020335N06090,BUREVI,2020-12-04 12:00:00,9.399999618530273,79.4000015258789,46.29999923706055
2020335N06090,BUREVI,2020-12-04 15:00:00,9.300000190734863,79.30000305175781,46.29999923706055
2020335N06090,BUREVI,2020-12-04 18:00:00,9.199999809265137,79.19999694824219,46.29999923706055
2020353N06129,KROVANH,2020-12-18 00:00:00,7.099999904632568,127.19999694824219,
2020353N06129,KROVANH,2020-12-18 03:00:00,7.599999904632568,126.69999694824219,
2020353N06129,KROVANH,2020-12-18 06:00:00,8.100000381469727,126.0999984741211,
2020353N06129,KROVANH,2020-12-18 09:00:00,8.600000381469727,125.19999694824219,
2020353N06129,KROVANH,2020-12-18 12:00:00,8.899999618530273,124.30000305175781,
2020353N06129,KROVANH,2020-12-18 15:00:00,8.899999618530273,123.30000305175781,
2020353N06129,KROVANH,2020-12-18 18:00:00,8.800000190734863,122.4000015258789,
2020353N06129,KROVANH,2020-12-18 21:00:00,8.800000190734863,121.5999984741211,
2020353N06129,KROVANH,2020-12-19 00:00:00,8.899999618530273,121.0,
2020353N06129,KROVANH,2020-12-19 03:00:00,9.0,120.4000015258789,
2020353N06129,KROVANH,2020-12-19 06:00:00,9.199999809265137,119.80000305175781,
2020353N06129,KROVANH,2020-12-19 09:00:00,9.5,119.0999984741211,
2020353N06129,KROVANH,2020-12-19 12:00:00,9.699999809265137,118.4000015258789,
2020353N06129,KROVANH,2020-12-19 15:00:00,9.699999809265137,117.5999984741211,
2020353N06129,KROVANH,2020-12-19 18:00:00,9.800000190734863,116.9000015258789,
2020353N06129,KROVANH,2020-12-19 21:00:00,9.899999618530273,116.19999694824219,
2020353N06129,KROVANH,2020-12-20 00:00:00,10.0,115.5999984741211,64.80000305175781
2020353N06129,KROVANH,2020-12-20 03:00:00,10.100000381469727,115.30000305175781,
2020353N06129,KROVANH,2020-12-20 06:00:00,10.100000381469727,115.0,64.80000305175781
2020353N06129,KROVANH,2020-12-20 09:00:00,10.0,114.69999694824219,
2020353N06129,KROVANH,2020-12-20 12:00:00,9.899999618530273,114.4000015258789,64.80000305175781
2020353N06129,KROVANH,2020-12-20 15:00:00,9.699999809265137,114.0999984741211,
2020353N06129,KROVANH,2020-12-20 18:00:00,9.5,113.9000015258789,64.80000305175781
2020353N06129,KROVANH,2020-12-20 21:00:00,9.300000190734863,113.69999694824219,
2020353N06129,KROVANH,2020-12-21 00:00:00,9.199999809265137,113.4000015258789,64.80000305175781
2020353N06129,KROVANH,2020-12-21 03:00:00,9.100000381469727,113.19999694824219,
2020353N06129,KROVANH,2020-12-21 06:00:00,9.0,112.9000015258789,64.80000305175781
2020353N06129,KROVANH,2020-12-21 09:00:00,8.899999618530273,112.5999984741211,
2020353N06129,KROVANH,2020-12-21 12:00:00,8.800000190734863,112.30000305175781,64.80000305175781
2020353N06129,KROVANH,2020-12-21 15:00:00,8.600000381469727,111.9000015258789,
2020353N06129,KROVANH,2020-12-21 18:00:00,8.5,111.5999984741211,64.80000305175781
2020353N06129,KROVANH,2020-12-21 21:00:00,8.199999809265137,111.30000305175781,
2020353N06129,KROVANH,2020-12-22 00:00:00,7.900000095367432,111.0,64.80000305175781
2020353N06129,KROVANH,2020-12-22 03:00:00,7.699999809265137,110.69999694824219,
2020353N06129,KROVANH,2020-12-22 06:00:00,7.800000190734863,110.5,
2020353N06129,KROVANH,2020-12-22 09:00:00,7.800000190734863,110.30000305175781,
2020353N06129,KROVANH,2020-12-22 12:00:00,7.900000095367432,110.0,
2020353N06129,KROVANH,2020-12-22 15:00:00,7.900000095367432,109.5999984741211,
2020353N06129,KROVANH,2020-12-22 18:00:00,8.0,109.30000305175781,
2020353N06129,KROVANH,2020-12-22 21:00:00,8.100000381469727,108.9000015258789,
2020353N06129,KROVANH,2020-12-23 00:00:00,8.100000381469727,108.5,
2020353N06129,KROVANH,2020-12-23 03:00:00,8.199999809265137,108.0,
2020353N06129,KROVANH,2020-12-23 06:00:00,8.300000190734863,107.4000015258789,
2020353N06129,KROVANH,2020-12-23 09:00:00,8.199999809265137,106.9000015258789,
2020353N06129,KROVANH,2020-12-23 12:00:00,8.0,106.30000305175781,
2020353N06129,KROVANH,2020-12-23 15:00:00,8.0,105.80000305175781,
2020353N06129,KROVANH,2020-12-23 18:00:00,7.900000095367432,105.19999694824219,
2020353N06129,KROVANH,2020-12-23 21:00:00,7.800000190734863,104.5999984741211,
2020353N06129,KROVANH,2020-12-24 00:00:00,7.800000190734863,103.9000015258789,
2020353N06129,KROVANH,2020-12-24 03:00:00,7.800000190734863,103.30000305175781,
2020353N06129,KROVANH,2020-12-24 06:00:00,7.800000190734863,102.69999694824219,
2020353N06129,KROVANH,2020-12-24 09:00:00,8.0,102.19999694824219,
2020353N06129,KROVANH,2020-12-24 12:00:00,8.199999809265137,101.5999984741211,
2020353N06129,KROVANH,2020-12-24 15:00:00,8.300000190734863,101.0999984741211,
2020353N06129,KROVANH,2020-12-24 18:00:00,8.600000381469727,100.69999694824219,
2020353N06129,KROVANH,2020-12-24 21:00:00,8.899999618530273,100.19999694824219,
2020353N06129,KROVANH,2020-12-25 00:00:00,9.399999618530273,99.5999984741211,
2021092N11096,UNNAMED,2021-04-02 12:00:00,11.800000190734863,96.80000305175781,46.29999923706055
2021092N11096,UNNAMED,2021-04-02 15:00:00,12.0,97.0,46.29999923706055
2021133N10071,TAUKTAE,2021-05-13 18:00:00,10.5,71.5,
2021133N10071,TAUKTAE,2021-05-13 21:00:00,10.699999809265137,71.5999984741211,
2021133N10071,TAUKTAE,2021-05-14 00:00:00,10.899999618530273,71.80000305175781,
2021133N10071,TAUKTAE,2021-05-14 03:00:00,11.0,72.0,46.29999923706055
2021133N10071,TAUKTAE,2021-05-14 06:00:00,11.199999809265137,72.19999694824219,46.29999923706055
2021133N10071,TAUKTAE,2021-05-14 09:00:00,11.5,72.4000015258789,55.599998474121094
2021133N10071,TAUKTAE,2021-05-14 12:00:00,11.699999809265137,72.5999984741211,55.599998474121094
2021133N10071,TAUKTAE,2021-05-14 15:00:00,12.0,72.69999694824219,61.099998474121094
2021133N10071,TAUKTAE,2021-05-14 18:00:00,12.300000190734863,72.80000305175781,64.80000305175781
2021133N10071,TAUKTAE,2021-05-14 21:00:00,12.399999618530273,72.80000305175781,74.0999984741211
2021133N10071,TAUKTAE,2021-05-15 00:00:00,12.800000190734863,72.9000015258789,74.0999984741211
2021133N10071,TAUKTAE,2021-05-15 03:00:00,13.0,72.9000015258789,74.0999984741211
2021133N10071,TAUKTAE,2021-05-15 06:00:00,13.300000190734863,73.0,83.30000305175781
2021133N10071,TAUKTAE,2021-05-15 09:00:00,13.600000381469727,73.0,83.30000305175781
2021133N10071,TAUKTAE,2021-05-15 12:00:00,13.899999618530273,73.0,101.9000015258789
2021133N10071,TAUKTAE,2021-05-15 15:00:00,14.199999809265137,72.9000015258789,101.9000015258789
2021133N10071,TAUKTAE,2021-05-15 18:00:00,14.5,72.80000305175781,111.0999984741211
2021133N10071,TAUKTAE,2021-05-15 21:00:00,14.699999809265137,72.80000305175781,111.0999984741211
2021133N10071,TAUKTAE,2021-05-16 00:00:00,15.0,72.80000305175781,120.4000015258789
2021133N10071,TAUKTAE,2021-05-16 03:00:00,15.399999618530273,72.80000305175781,129.60000610351562
2021133N10071,TAUKTAE,2021-05-16 06:00:00,15.800000190734863,72.80000305175781,129.60000610351562
2021133N10071,TAUKTAE,2021-05-16 09:00:00,16.299999237060547,72.69999694824219,129.60000610351562
2021133N10071,TAUKTAE,2021-05-16 12:00:00,16.799999237060547,72.5,138.89999389648438
2021133N10071,TAUKTAE,2021-05-16 15:00:00,17.299999237060547,72.30000305175781,148.1999969482422
2021133N10071,TAUKTAE,2021-05-16 18:00:00,17.700000762939453,72.0,157.39999389648438
2021133N10071,TAUKTAE,2021-05-16 21:00:00,18.0,71.80000305175781,166.6999969482422
2021133N10071,TAUKTAE,2021-05-17 00:00:00,18.399999618530273,71.69999694824219,185.1999969482422
2021133N10071,TAUKTAE,2021-05-17 03:00:00,18.799999237060547,71.5999984741211,185.1999969482422
2021133N10071,TAUKTAE,2021-05-17 06:00:00,19.299999237060547,71.5,185.1999969482422
2021133N10071,TAUKTAE,2021-05-17 09:00:00,19.600000381469727,71.4000015258789,185.1999969482422
2021133N10071,TAUKTAE,2021-05-17 12:00:00,20.100000381469727,71.4000015258789,175.89999389648438
2021133N10071,TAUKTAE,2021-05-17 15:00:00,20.5,71.30000305175781,166.6999969482422
2021133N10071,TAUKTAE,2021-05-17 18:00:00,20.899999618530273,71.19999694824219,157.39999389648438
2021133N10071,TAUKTAE,2021-05-17 21:00:00,21.200000762939453,71.19999694824219,138.89999389648438
2021133N10071,TAUKTAE,2021-05-18 00:00:00,21.5,71.19999694824219,120.4000015258789
2021133N10071,TAUKTAE,2021-05-18 03:00:00,21.700000762939453,71.30000305175781,101.9000015258789
2021133N10071,TAUKTAE,2021-05-18 06:00:00,22.100000381469727,71.5999984741211,83.30000305175781
2021133N10071,TAUKTAE,2021-05-18 09:00:00,22.600000381469727,71.69999694824219,74.0999984741211
2021133N10071,TAUKTAE,2021-05-18 12:00:00,23.200000762939453,72.0999984741211,64.80000305175781
2021133N10071,TAUKTAE,2021-05-18 15:00:00,23.700000762939453,72.5,55.599998474121094
2021133N10071,TAUKTAE,2021-05-18 18:00:00,24.100000381469727,73.0999984741211,55.599998474121094
2021143N15090,YAAS,2021-05-23 12:00:00,15.699999809265137,89.5999984741211,46.29999923706055
2021143N15090,YAAS,2021-05-23 15:00:00,15.800000190734863,89.5,51.900001525878906
2021143N15090,YAAS,2021-05-23 18:00:00,15.800000190734863,89.5,55.599998474121094
2021143N15090,YAAS,2021-05-23 21:00:00,16.0,89.5999984741211,61.099998474121094
2021143N15090,YAAS,2021-05-24 00:00:00,16.100000381469727,89.80000305175781,64.80000305175781
2021143N15090,YAAS,2021-05-24 03:00:00,16.5,89.69999694824219,74.0999984741211
2021143N15090,YAAS,2021-05-24 06:00:00,16.600000381469727,89.5999984741211,74.0999984741211
2021143N15090,YAAS,2021-05-24 09:00:00,16.899999618530273,89.5999984741211,74.0999984741211
2021143N15090,YAAS,2021-05-24 12:00:00,17.200000762939453,89.4000015258789,83.30000305175781
2021143N15090,YAAS,2021-05-24 15:00:00,17.399999618530273,89.19999694824219,83.30000305175781
2021143N15090,YAAS,2021-05-24 18:00:00,17.600000381469727,89.0,92.5999984741211
2021143N15090,YAAS,2021-05-24 21:00:00,17.799999237060547,88.9000015258789,101.9000015258789
2021143N15090,YAAS,2021-05-25 00:00:00,18.100000381469727,88.5999984741211,101.9000015258789
2021143N15090,YAAS,2021-05-25 03:00:00,18.399999618530273,88.4000015258789,101.9000015258789
2021143N15090,YAAS,2021-05-25 06:00:00,18.799999237060547,88.19999694824219,111.0999984741211
2021143N15090,YAAS,2021-05-25 09:00:00,19.100000381469727,88.19999694824219,111.0999984741211
2021143N15090,YAAS,2021-05-25 12:00:00,19.5,88.19999694824219,120.4000015258789
2021143N15090,YAAS,2021-05-25 15:00:00,19.899999618530273,88.0,120.4000015258789
2021143N15090,YAAS,2021-05-25 18:00:00,20.299999237060547,87.80000305175781,129.60000610351562
2021143N15090,YAAS,2021-05-25 21:00:00,20.399999618530273,87.69999694824219,138.89999389648438
2021143N15090,YAAS,2021-05-26 00:00:00,20.600000381469727,87.5999984741211,138.89999389648438
2021143N15090,YAAS,2021-05-26 03:00:00,21.100000381469727,87.19999694824219,138.89999389648438
2021143N15090,YAAS,2021-05-26 06:00:00,21.5,86.9000015258789,138.89999389648438
2021143N15090,YAAS,2021-05-26 09:00:00,21.700000762939453,86.5999984741211,101.9000015258789
2021143N15090,YAAS,2021-05-26 12:00:00,21.899999618530273,86.5,83.30000305175781
2021143N15090,YAAS,2021-05-26 15:00:00,22.200000762939453,86.0999984741211,74.0999984741211
2021143N15090,YAAS,2021-05-26 18:00:00,22.5,85.80000305175781,55.599998474121094
2021143N15090,YAAS,2021-05-26 21:00:00,22.799999237060547,85.69999694824219,55.599998474121094
2021143N15090,YAAS,2021-05-27 00:00:00,23.100000381469727,85.69999694824219,55.599998474121094
2021143N15090,YAAS,2021-05-27 03:00:00,23.299999237060547,85.69999694824219,55.599998474121094
2021143N15090,YAAS,2021-05-27 06:00:00,23.600000381469727,85.5999984741211,46.29999923706055
2021256N20087,UNNAMED,2021-09-13 00:00:00,20.600000381469727,87.0,55.599998474121094
2021256N20087,UNNAMED,2021-09-13 03:00:00,20.899999618530273,86.5,55.599998474121094
2021256N20087,UNNAMED,2021-09-13 06:00:00,21.100000381469727,86.19999694824219,55.599998474121094
2021256N20087,UNNAMED,2021-09-13 09:00:00,21.299999237060547,85.9000015258789,55.599998474121094
2021256N20087,UNNAMED,2021-09-13 12:00:00,21.399999618530273,85.5,55.599998474121094
2021256N20087,UNNAMED,2021-09-13 15:00:00,21.5,85.19999694824219,55.599998474121094
2021256N20087,UNNAMED,2021-09-13 18:00:00,21.600000381469727,84.80000305175781,55.599998474121094
2021256N20087,UNNAMED,2021-09-13 21:00:00,21.799999237060547,84.19999694824219,55.599998474121094
2021256N20087,UNNAMED,2021-09-14 00:00:00,22.0,83.5999984741211,55.599998474121094
2021256N20087,UNNAMED,2021-09-14 03:00:00,22.100000381469727,83.4000015258789,46.29999923706055
2021256N20087,UNNAMED,2021-09-14 06:00:00,22.399999618530273,83.0,46.29999923706055
2021264N13119,DIANMU,2021-09-21 12:00:00,11.699999809265137,117.5999984741211,
2021264N13119,DIANMU,2021-09-21 15:00:00,11.699999809265137,117.0,
2021264N13119,DIANMU,2021-09-21 18:00:00,11.699999809265137,116.4000015258789,
2021264N13119,DIANMU,2021-09-21 21:00:00,11.800000190734863,115.9000015258789,
2021264N13119,DIANMU,2021-09-22 00:00:00,11.899999618530273,115.30000305175781,
2021264N13119,DIANMU,2021-09-22 03:00:00,12.199999809265137,114.69999694824219,
2021264N13119,DIANMU,2021-09-22 06:00:00,12.5,114.0999984741211,
2021264N13119,DIANMU,2021-09-22 09:00:00,12.600000381469727,113.69999694824219,
2021264N13119,DIANMU,2021-09-22 12:00:00,12.699999809265137,113.5,
2021264N13119,DIANMU,2021-09-22 15:00:00,12.899999618530273,113.0999984741211,
2021264N13119,DIANMU,2021-09-22 18:00:00,13.199999809265137,112.69999694824219,
2021264N13119,DIANMU,2021-09-22 21:00:00,13.5,112.0999984741211,
2021264N13119,DIANMU,2021-09-23 00:00:00,13.899999618530273,111.5999984741211,
2021264N13119,DIANMU,2021-09-23 03:00:00,14.300000190734863,111.0,
2021264N13119,DIANMU,2021-09-23 06:00:00,14.699999809265137,110.5,64.80000305175781
2021264N13119,DIANMU,2021-09-23 09:00:00,15.100000381469727,109.9000015258789,
2021264N13119,DIANMU,2021-09-23 12:00:00,15.300000190734863,109.30000305175781,64.80000305175781
2021264N13119,DIANMU,2021-09-23 15:00:00,15.399999618530273,108.69999694824219,
2021264N13119,DIANMU,2021-09-23 18:00:00,15.600000381469727,108.0999984741211,
2021264N13119,DIANMU,2021-09-23 21:00:00,15.699999809265137,107.19999694824219,
2021264N13119,DIANMU,2021-09-24 00:00:00,15.800000190734863,106.5,
2021264N13119,DIANMU,2021-09-24 03:00:00,16.0,105.9000015258789,
2021264N13119,DIANMU,2021-09-24 06:00:00,16.100000381469727,105.4000015258789,
2021264N13119,DIANMU,2021-09-24 09:00:00,16.200000762939453,105.0,
2021264N13119,DIANMU,2021-09-24 12:00:00,16.299999237060547,104.69999694824219,
2021264N13119,DIANMU,2021-09-24 15:00:00,16.100000381469727,104.0999984741211,
2021264N13119,DIANMU,2021-09-24 18:00:00,16.0,103.5,
2021264N13119,DIANMU,2021-09-24 21:00:00,16.0,103.0,
2021264N13119,DIANMU,2021-09-25 00:00:00,16.0,102.5999984741211,
2021264N13119,DIANMU,2021-09-25 03:00:00,16.0,102.0999984741211,
2021264N13119,DIANMU,2021-09-25 06:00:00,16.0,101.5999984741211,
2021264N13119,DIANMU,2021-09-25 09:00:00,16.0,101.19999694824219,
2021264N13119,DIANMU,2021-09-25 12:00:00,16.100000381469727,101.0,
2021267N18094,GULAB:SHAHEEN-GU,2021-09-24 06:00:00,18.299999237060547,92.4000015258789,
2021267N18094,GULAB:SHAHEEN-GU,2021-09-24 09:00:00,18.299999237060547,91.9000015258789,
2021267N18094,GULAB:SHAHEEN-GU,2021-09-24 12:00:00,18.299999237060547,91.4000015258789,46.29999923706055
2021267N18094,GULAB:SHAHEEN-GU,2021-09-24 15:00:00,18.299999237060547,90.9000015258789,46.29999923706055
2021267N18094,GULAB:SHAHEEN-GU,2021-09-24 18:00:00,18.299999237060547,90.5,46.29999923706055
2021267N18094,GULAB:SHAHEEN-GU,2021-09-24 21:00:00,18.299999237060547,90.0999984741211,51.900001525878906
2021267N18094,GULAB:SHAHEEN-GU,2021-09-25 00:00:00,18.299999237060547,89.80000305175781,55.599998474121094
2021267N18094,GULAB:SHAHEEN-GU,2021-09-25 03:00:00,18.299999237060547,89.4000015258789,55.599998474121094
2021267N18094,GULAB:SHAHEEN-GU,2021-09-25 06:00:00,18.299999237060547,88.9000015258789,55.599998474121094
2021267N18094,GULAB:SHAHEEN-GU,2021-09-25 09:00:00,18.299999237060547,88.5999984741211,61.099998474121094
2021267N18094,GULAB:SHAHEEN-GU,2021-09-25 12:00:00,18.299999237060547,88.5,64.80000305175781
2021267N18094,GULAB:SHAHEEN-GU,2021-09-25 15:00:00,18.200000762939453,88.4000015258789,64.80000305175781
2021267N18094,GULAB:SHAHEEN-GU,2021-09-25 18:00:00,18.299999237060547,88.19999694824219,64.80000305175781
2021267N18094,GULAB:SHAHEEN-GU,2021-09-25 21:00:00,18.299999237060547,87.69999694824219,64.80000305175781
2021267N18094,GULAB:SHAHEEN-GU,2021-09-26 00:00:00,18.299999237060547,87.30000305175781,74.0999984741211
2021267N18094,GULAB:SHAHEEN-GU,2021-09-26 03:00:00,18.399999618530273,86.5,74.0999984741211
2021267N18094,GULAB:SHAHEEN-GU,2021-09-26 06:00:00,18.5,86.0,83.30000305175781
2021267N18094,GULAB:SHAHEEN-GU,2021-09-26 09:00:00,18.399999618530273,85.30000305175781,83.30000305175781
2021267N18094,GULAB:SHAHEEN-GU,2021-09-26 12:00:00,18.399999618530273,84.5999984741211,83.30000305175781
2021267N18094,GULAB:SHAHEEN-GU,2021-09-26 15:00:00,18.299999237060547,83.9000015258789,83.30000305175781
2021267N18094,GULAB:SHAHEEN-GU,2021-09-26 18:00:00,18.299999237060547,83.4000015258789,64.80000305175781
2021267N18094,GULAB:SHAHEEN-GU,2021-09-26 21:00:00,18.200000762939453,82.9000015258789,55.599998474121094
2021267N18094,GULAB:SHAHEEN-GU,2021-09-27 00:00:00,18.200000762939453,82.5999984741211,55.599998474121094
2021267N18094,GULAB:SHAHEEN-GU,2021-09-27 03:00:00,18.200000762939453,82.19999694824219,55.599998474121094
2021267N18094,GULAB:SHAHEEN-GU,2021-09-27 06:00:00,18.5,81.69999694824219,55.599998474121094
2021267N18094,GULAB:SHAHEEN-GU,2021-09-27 09:00:00,18.600000381469727,80.80000305175781,51.900001525878906
2021267N18094,GULAB:SHAHEEN-GU,2021-09-27 12:00:00,18.799999237060547,80.0,46.29999923706055
2021267N18094,GULAB:SHAHEEN-GU,2021-09-27 15:00:00,18.899999618530273,79.5,46.29999923706055
2021267N18094,GULAB:SHAHEEN-GU,2021-09-27 18:00:00,19.100000381469727,79.19999694824219,46.29999923706055
2021267N18094,GULAB:SHAHEEN-GU,2021-09-27 21:00:00,19.200000762939453,78.80000305175781,46.29999923706055
2021267N18094,GULAB:SHAHEEN-GU,2021-09-28 00:00:00,19.5,78.30000305175781,46.29999923706055
2021267N18094,GULAB:SHAHEEN-GU,2021-09-28 03:00:00,19.799999237060547,77.80000305175781,37.0
2021267N18094,GULAB:SHAHEEN-GU,2021-09-28 06:00:00,20.100000381469727,77.5,
2021267N18094,GULAB:SHAHEEN-GU,2021-09-28 09:00:00,20.299999237060547,77.0,
2021267N18094,GULAB:SHAHEEN-GU,2021-09-28 12:00:00,20.5,76.5,
2021267N18094,GULAB:SHAHEEN-GU,2021-09-28 15:00:00,20.700000762939453,75.9000015258789,
2021267N18094,GULAB:SHAHEEN-GU,2021-09-28 18:00:00,20.899999618530273,75.30000305175781,
2021267N18094,GULAB:SHAHEEN-GU,2021-09-28 21:00:00,21.200000762939453,74.69999694824219,
2021267N18094,GULAB:SHAHEEN-GU,2021-09-29 00:00:00,21.5,74.0999984741211,
2021267N18094,GULAB:SHAHEEN-GU,2021-09-29 03:00:00,21.899999618530273,73.30000305175781,
2021267N18094,GULAB:SHAHEEN-GU,2021-09-29 06:00:00,22.200000762939453,72.5999984741211,
2021267N18094,GULAB:SHAHEEN-GU,2021-09-29 09:00:00,22.399999618530273,72.0,
2021267N18094,GULAB:SHAHEEN-GU,2021-09-29 12:00:00,22.600000381469727,71.5,
2021267N18094,GULAB:SHAHEEN-GU,2021-09-29 15:00:00,22.700000762939453,70.80000305175781,
2021267N18094,GULAB:SHAHEEN-GU,2021-09-29 18:00:00,22.700000762939453,70.0999984741211,
2021267N18094,GULAB:SHAHEEN-GU,2021-09-29 21:00:00,22.700000762939453,69.5999984741211,
2021267N18094,GULAB:SHAHEEN-GU,2021-09-30 00:00:00,22.600000381469727,69.30000305175781,46.29999923706055
2021267N18094,GULAB:SHAHEEN-GU,2021-09-30 03:00:00,22.600000381469727,68.69999694824219,46.29999923706055
2021267N18094,GULAB:SHAHEEN-GU,2021-09-30 06:00:00,22.600000381469727,68.30000305175781,46.29999923706055
2021267N18094,GULAB:SHAHEEN-GU,2021-09-30 09:00:00,22.799999237060547,67.69999694824219,46.29999923706055
2021267N18094,GULAB:SHAHEEN-GU,2021-09-30 12:00:00,22.899999618530273,67.19999694824219,46.29999923706055
2021267N18094,GULAB:SHAHEEN-GU,2021-09-30 15:00:00,22.899999618530273,66.80000305175781,51.900001525878906
2021267N18094,GULAB:SHAHEEN-GU,2021-09-30 18:00:00,23.0,66.4000015258789,55.599998474121094
2021267N18094,GULAB:SHAHEEN-GU,2021-09-30 21:00:00,23.0,65.9000015258789,61.099998474121094
2021267N18094,GULAB:SHAHEEN-GU,2021-10-01 00:00:00,23.100000381469727,65.4000015258789,64.80000305175781
2021267N18094,GULAB:SHAHEEN-GU,2021-10-01 03:00:00,23.100000381469727,64.9000015258789,74.0999984741211
2021267N18094,GULAB:SHAHEEN-GU,2021-10-01 06:00:00,23.200000762939453,64.5999984741211,83.30000305175781
2021267N18094,GULAB:SHAHEEN-GU,2021-10-01 09:00:00,23.299999237060547,64.19999694824219,83.30000305175781
2021267N18094,GULAB:SHAHEEN-GU,2021-10-01 12:00:00,23.5,63.900001525878906,101.9000015258789
2021267N18094,GULAB:SHAHEEN-GU,2021-10-01 15:00:00,23.600000381469727,63.5,101.9000015258789
2021267N18094,GULAB:SHAHEEN-GU,2021-10-01 18:00:00,23.700000762939453,63.20000076293945,111.0999984741211
2021267N18094,GULAB:SHAHEEN-GU,2021-10-01 21:00:00,23.799999237060547,62.79999923706055,111.0999984741211
2021267N18094,GULAB:SHAHEEN-GU,2021-10-02 00:00:00,23.799999237060547,62.5,111.0999984741211
2021267N18094,GULAB:SHAHEEN-GU,2021-10-02 03:00:00,24.0,62.099998474121094,111.0999984741211
2021267N18094,GULAB:SHAHEEN-GU,2021-10-02 06:00:00,24.100000381469727,61.70000076293945,111.0999984741211
2021267N18094,GULAB:SHAHEEN-GU,2021-10-02 09:00:00,24.200000762939453,61.29999923706055,111.0999984741211
2021267N18094,GULAB:SHAHEEN-GU,2021-10-02 12:00:00,24.399999618530273,60.900001525878906,111.0999984741211
2021267N18094,GULAB:SHAHEEN-GU,2021-10-02 15:00:00,24.399999618530273,60.5,111.0999984741211
2021267N18094,GULAB:SHAHEEN-GU,2021-10-02 18:00:00,24.299999237060547,60.099998474121094,111.0999984741211
2021267N18094,GULAB:SHAHEEN-GU,2021-10-02 21:00:00,24.299999237060547,59.70000076293945,111.0999984741211
2021267N18094,GULAB:SHAHEEN-GU,2021-10-03 00:00:00,24.200000762939453,59.5,111.0999984741211
2021267N18094,GULAB:SHAHEEN-GU,2021-10-03 03:00:00,24.100000381469727,59.099998474121094,111.0999984741211
2021267N18094,GULAB:SHAHEEN-GU,2021-10-03 06:00:00,24.100000381469727,58.79999923706055,111.0999984741211
2021267N18094,GULAB:SHAHEEN-GU,2021-10-03 09:00:00,24.100000381469727,58.400001525878906,111.0999984741211
2021267N18094,GULAB:SHAHEEN-GU,2021-10-03 12:00:00,24.0,58.099998474121094,111.0999984741211
2021267N18094,GULAB:SHAHEEN-GU,2021-10-03 15:00:00,24.0,57.79999923706055,111.0999984741211
2021267N18094,GULAB:SHAHEEN-GU,2021-10-03 18:00:00,23.899999618530273,57.599998474121094,101.9000015258789
2021280N14068,UNNAMED,2021-10-07 15:00:00,14.399999618530273,66.9000015258789,46.29999923706055
2021280N14068,UNNAMED,2021-10-07 18:00:00,14.5,66.80000305175781,46.29999923706055
2021280N14068,UNNAMED,2021-10-07 21:00:00,14.5,66.69999694824219,46.29999923706055
2021280N14068,UNNAMED,2021-10-08 00:00:00,14.600000381469727,66.5999984741211,46.29999923706055
2021280N14068,UNNAMED,2021-10-08 03:00:00,14.699999809265137,66.4000015258789,46.29999923706055
2021280N14068,UNNAMED,2021-10-08 06:00:00,14.699999809265137,66.19999694824219,46.29999923706055
2021312N07090,UNNAMED,2021-11-08 18:00:00,8.199999809265137,88.5999984741211,
2021312N07090,UNNAMED,2021-11-08 21:00:00,8.399999618530273,88.19999694824219,
2021312N07090,UNNAMED,2021-11-09 00:00:00,8.5,87.9000015258789,
2021312N07090,UNNAMED,2021-11-09 03:00:00,8.600000381469727,87.80000305175781,
2021312N07090,UNNAMED,2021-11-09 06:00:00,8.699999809265137,87.80000305175781,
2021312N07090,UNNAMED,2021-11-09 09:00:00,8.800000190734863,87.69999694824219,
2021312N07090,UNNAMED,2021-11-09 12:00:00,9.0,87.5,
2021312N07090,UNNAMED,2021-11-09 15:00:00,9.300000190734863,87.30000305175781,
2021312N07090,UNNAMED,2021-11-09 18:00:00,9.600000381469727,86.9000015258789,
2021312N07090,UNNAMED,2021-11-09 21:00:00,9.800000190734863,86.5,
2021312N07090,UNNAMED,2021-11-10 00:00:00,9.899999618530273,85.9000015258789,
2021312N07090,UNNAMED,2021-11-10 03:00:00,10.100000381469727,85.0999984741211,
2021312N07090,UNNAMED,2021-11-10 06:00:00,10.300000190734863,84.19999694824219,
2021312N07090,UNNAMED,2021-11-10 09:00:00,10.5,83.5,
2021312N07090,UNNAMED,2021-11-10 12:00:00,10.800000190734863,83.0999984741211,46.29999923706055
2021312N07090,UNNAMED,2021-11-10 15:00:00,11.399999618530273,82.5999984741211,46.29999923706055
2021312N07090,UNNAMED,2021-11-10 18:00:00,11.899999618530273,82.0999984741211,46.29999923706055
2021312N07090,UNNAMED,2021-11-10 21:00:00,12.100000381469727,81.80000305175781,46.29999923706055
2021312N07090,UNNAMED,2021-11-11 00:00:00,12.300000190734863,81.5999984741211,46.29999923706055
2021312N07090,UNNAMED,2021-11-11 03:00:00,12.5,81.19999694824219,46.29999923706055
2021312N07090,UNNAMED,2021-11-11 06:00:00,12.800000190734863,80.80000305175781,46.29999923706055
2021322N11082,UNNAMED,2021-11-18 15:00:00,12.0,80.69999694824219,46.29999923706055
2021335N08096,JAWAD,2021-12-01 06:00:00,8.0,94.0,
2021335N08096,JAWAD,2021-12-01 09:00:00,8.100000381469727,93.4000015258789,
2021335N08096,JAWAD,2021-12-01 12:00:00,8.199999809265137,92.9000015258789,
2021335N08096,JAWAD,2021-12-01 15:00:00,8.5,92.30000305175781,
2021335N08096,JAWAD,2021-12-01 18:00:00,8.899999618530273,91.80000305175781,
2021335N08096,JAWAD,2021-12-01 21:00:00,9.199999809265137,91.30000305175781,
2021335N08096,JAWAD,2021-12-02 00:00:00,9.600000381469727,90.80000305175781,
2021335N08096,JAWAD,2021-12-02 03:00:00,10.0,90.0999984741211,
2021335N08096,JAWAD,2021-12-02 06:00:00,10.5,89.30000305175781,
2021335N08096,JAWAD,2021-12-02 09:00:00,11.0,88.69999694824219,
2021335N08096,JAWAD,2021-12-02 12:00:00,11.399999618530273,88.4000015258789,46.29999923706055
2021335N08096,JAWAD,2021-12-02 15:00:00,11.800000190734863,87.9000015258789,46.29999923706055
2021335N08096,JAWAD,2021-12-02 18:00:00,12.199999809265137,87.30000305175781,46.29999923706055
2021335N08096,JAWAD,2021-12-02 21:00:00,12.899999618530273,86.69999694824219,51.900001525878906
2021335N08096,JAWAD,2021-12-03 00:00:00,13.600000381469727,86.19999694824219,55.599998474121094
2021335N08096,JAWAD,2021-12-03 03:00:00,14.0,85.9000015258789,55.599998474121094
2021335N08096,JAWAD,2021-12-03 06:00:00,14.399999618530273,85.5999984741211,64.80000305175781
2021335N08096,JAWAD,2021-12-03 09:00:00,14.699999809265137,85.30000305175781,64.80000305175781
2021335N08096,JAWAD,2021-12-03 12:00:00,15.0,85.0999984741211,74.0999984741211
2021335N08096,JAWAD,2021-12-03 15:00:00,15.199999809265137,85.0,74.0999984741211
2021335N08096,JAWAD,2021-12-03 18:00:00,15.5,84.9000015258789,74.0999984741211
2021335N08096,JAWAD,2021-12-03 21:00:00,15.699999809265137,84.9000015258789,74.0999984741211
2021335N08096,JAWAD,2021-12-04 00:00:00,16.0,84.80000305175781,74.0999984741211
2021335N08096,JAWAD,2021-12-04 03:00:00,16.200000762939453,84.80000305175781,74.0999984741211
2021335N08096,JAWAD,2021-12-04 06:00:00,16.299999237060547,84.9000015258789,64.80000305175781
2021335N08096,JAWAD,2021-12-04 09:00:00,16.5,84.9000015258789,64.80000305175781
2021335N08096,JAWAD,2021-12-04 12:00:00,16.799999237060547,85.0999984741211,55.599998474121094
2021335N08096,JAWAD,2021-12-04 15:00:00,17.100000381469727,85.0999984741211,55.599998474121094
2021335N08096,JAWAD,2021-12-04 18:00:00,17.299999237060547,85.30000305175781,55.599998474121094
2021335N08096,JAWAD,2021-12-04 21:00:00,17.399999618530273,85.4000015258789,55.599998474121094
2021335N08096,JAWAD,2021-12-05 00:00:00,17.700000762939453,85.69999694824219,55.599998474121094
2021335N08096,JAWAD,2021-12-05 03:00:00,18.299999237060547,85.80000305175781,55.599998474121094
2021335N08096,JAWAD,2021-12-05 06:00:00,18.700000762939453,86.0999984741211,55.599998474121094
2021335N08096,JAWAD,2021-12-05 09:00:00,19.0,86.30000305175781,46.29999923706055
2021335N08096,JAWAD,2021-12-05 12:00:00,19.5,86.69999694824219,46.29999923706055
2021335N08096,JAWAD,2021-12-05 15:00:00,20.0,87.0,46.29999923706055
2021335N08096,JAWAD,2021-12-05 18:00:00,20.700000762939453,87.19999694824219,46.29999923706055
2022062N06085,UNNAMED,2022-03-03 12:00:00,7.699999809265137,83.69999694824219,46.29999923706055
2022062N06085,UNNAMED,2022-03-03 15:00:00,8.0,83.5,46.29999923706055
2022062N06085,UNNAMED,2022-03-03 18:00:00,8.199999809265137,83.4000015258789,46.29999923706055
2022062N06085,UNNAMED,2022-03-03 21:00:00,8.399999618530273,83.19999694824219,46.29999923706055
2022062N06085,UNNAMED,2022-03-04 00:00:00,8.699999809265137,83.19999694824219,46.29999923706055
2022062N06085,UNNAMED,2022-03-04 03:00:00,9.100000381469727,83.0999984741211,46.29999923706055
2022062N06085,UNNAMED,2022-03-04 06:00:00,9.5,83.0999984741211,46.29999923706055
2022062N06085,UNNAMED,2022-03-04 09:00:00,9.899999618530273,83.0999984741211,51.900001525878906
2022062N06085,UNNAMED,2022-03-04 12:00:00,10.300000190734863,83.19999694824219,55.599998474121094
2022062N06085,UNNAMED,2022-03-04 15:00:00,10.600000381469727,83.30000305175781,55.599998474121094
2022062N06085,UNNAMED,2022-03-04 18:00:00,10.899999618530273,83.4000015258789,55.599998474121094
2022062N06085,UNNAMED,2022-03-04 21:00:00,11.100000381469727,83.30000305175781,55.599998474121094
2022062N06085,UNNAMED,2022-03-05 00:00:00,11.300000190734863,83.30000305175781,55.599998474121094
2022062N06085,UNNAMED,2022-03-05 03:00:00,11.5,83.19999694824219,55.599998474121094
2022062N06085,UNNAMED,2022-03-05 06:00:00,11.600000381469727,83.0999984741211,55.599998474121094
2022062N06085,UNNAMED,2022-03-05 09:00:00,11.600000381469727,83.0999984741211,55.599998474121094
2022062N06085,UNNAMED,2022-03-05 12:00:00,11.5,83.0,55.599998474121094
2022062N06085,UNNAMED,2022-03-05 15:00:00,11.399999618530273,82.80000305175781,51.900001525878906
2022062N06085,UNNAMED,2022-03-05 18:00:00,11.300000190734863,82.69999694824219,46.29999923706055
2022062N06085,UNNAMED,2022-03-05 21:00:00,11.100000381469727,82.5999984741211,46.29999923706055
2022062N06085,UNNAMED,2022-03-06 00:00:00,11.0,82.4000015258789,46.29999923706055
2022062N06085,UNNAMED,2022-03-06 03:00:00,10.899999618530273,82.0999984741211,
2022062N06085,UNNAMED,2022-03-06 06:00:00,10.899999618530273,81.80000305175781,
2022079N10093,UNNAMED,2022-03-20 12:00:00,10.899999618530273,93.19999694824219,46.29999923706055
2022079N10093,UNNAMED,2022-03-20 15:00:00,11.100000381469727,93.30000305175781,46.29999923706055
2022079N10093,UNNAMED,2022-03-20 18:00:00,11.300000190734863,93.4000015258789,46.29999923706055
2022079N10093,UNNAMED,2022-03-20 21:00:00,11.600000381469727,93.5999984741211,51.900001525878906
2022079N10093,UNNAMED,2022-03-21 00:00:00,11.899999618530273,93.69999694824219,55.599998474121094
2022079N10093,UNNAMED,2022-03-21 03:00:00,12.300000190734863,93.80000305175781,55.599998474121094
2022079N10093,UNNAMED,2022-03-21 06:00:00,12.600000381469727,93.9000015258789,55.599998474121094
2022079N10093,UNNAMED,2022-03-21 09:00:00,12.899999618530273,94.0,55.599998474121094
2022079N10093,UNNAMED,2022-03-21 12:00:00,13.300000190734863,94.0,55.599998474121094
2022079N10093,UNNAMED,2022-03-21 15:00:00,13.600000381469727,94.0,55.599998474121094
2022079N10093,UNNAMED,2022-03-21 18:00:00,14.0,94.0,55.599998474121094
2022079N10093,UNNAMED,2022-03-21 21:00:00,14.5,94.0999984741211,55.599998474121094
2022079N10093,UNNAMED,2022-03-22 00:00:00,14.899999618530273,94.19999694824219,55.599998474121094
2022079N10093,UNNAMED,2022-03-22 03:00:00,15.199999809265137,94.19999694824219,55.599998474121094
2022079N10093,UNNAMED,2022-03-22 06:00:00,15.800000190734863,94.19999694824219,55.599998474121094
2022079N10093,UNNAMED,2022-03-22 09:00:00,16.299999237060547,94.30000305175781,55.599998474121094
2022079N10093,UNNAMED,2022-03-22 12:00:00,16.600000381469727,94.4000015258789,46.29999923706055
2022126N07095,ASANI,2022-05-06 00:00:00,7.699999809265137,93.5999984741211,
2022126N07095,ASANI,2022-05-06 03:00:00,7.800000190734863,93.4000015258789,
2022126N07095,ASANI,2022-05-06 06:00:00,7.900000095367432,93.30000305175781,
2022126N07095,ASANI,2022-05-06 09:00:00,8.0,93.0999984741211,
2022126N07095,ASANI,2022-05-06 12:00:00,8.199999809265137,92.9000015258789,
2022126N07095,ASANI,2022-05-06 15:00:00,8.300000190734863,92.69999694824219,
2022126N07095,ASANI,2022-05-06 18:00:00,8.5,92.4000015258789,
2022126N07095,ASANI,2022-05-06 21:00:00,8.899999618530273,91.9000015258789,
2022126N07095,ASANI,2022-05-07 00:00:00,9.199999809265137,91.5,
2022126N07095,ASANI,2022-05-07 03:00:00,9.300000190734863,91.30000305175781,
2022126N07095,ASANI,2022-05-07 06:00:00,9.399999618530273,91.19999694824219,46.29999923706055
2022126N07095,ASANI,2022-05-07 09:00:00,9.699999809265137,90.80000305175781,51.900001525878906
2022126N07095,ASANI,2022-05-07 12:00:00,10.100000381469727,90.5,55.599998474121094
2022126N07095,ASANI,2022-05-07 15:00:00,10.399999618530273,90.19999694824219,55.599998474121094
2022126N07095,ASANI,2022-05-07 18:00:00,10.699999809265137,90.0,55.599998474121094
2022126N07095,ASANI,2022-05-07 21:00:00,10.899999618530273,89.5999984741211,61.099998474121094
2022126N07095,ASANI,2022-05-08 00:00:00,11.199999809265137,89.30000305175781,64.80000305175781
2022126N07095,ASANI,2022-05-08 03:00:00,11.5,88.9000015258789,74.0999984741211
2022126N07095,ASANI,2022-05-08 06:00:00,11.899999618530273,88.5999984741211,83.30000305175781
2022126N07095,ASANI,2022-05-08 09:00:00,12.100000381469727,88.19999694824219,83.30000305175781
2022126N07095,ASANI,2022-05-08 12:00:00,12.5,88.0,92.5999984741211
2022126N07095,ASANI,2022-05-08 15:00:00,12.800000190734863,87.5999984741211,92.5999984741211
2022126N07095,ASANI,2022-05-08 18:00:00,13.100000381469727,87.4000015258789,101.9000015258789
2022126N07095,ASANI,2022-05-08 21:00:00,13.5,86.9000015258789,101.9000015258789
2022126N07095,ASANI,2022-05-09 00:00:00,13.800000190734863,86.5,101.9000015258789
2022126N07095,ASANI,2022-05-09 03:00:00,14.0,86.19999694824219,101.9000015258789
2022126N07095,ASANI,2022-05-09 06:00:00,14.300000190734863,85.9000015258789,101.9000015258789
2022126N07095,ASANI,2022-05-09 09:00:00,14.399999618530273,85.5999984741211,101.9000015258789
2022126N07095,ASANI,2022-05-09 12:00:00,14.600000381469727,85.30000305175781,101.9000015258789
2022126N07095,ASANI,2022-05-09 15:00:00,14.699999809265137,85.0,101.9000015258789
2022126N07095,ASANI,2022-05-09 18:00:00,14.800000190734863,84.69999694824219,101.9000015258789
2022126N07095,ASANI,2022-05-09 21:00:00,14.899999618530273,84.4000015258789,101.9000015258789
2022126N07095,ASANI,2022-05-10 00:00:00,15.0,84.0999984741211,101.9000015258789
2022126N07095,ASANI,2022-05-10 03:00:00,15.100000381469727,83.5999984741211,101.9000015258789
2022126N07095,ASANI,2022-05-10 06:00:00,15.199999809265137,83.30000305175781,101.9000015258789
2022126N07095,ASANI,2022-05-10 09:00:00,15.199999809265137,82.9000015258789,101.9000015258789
2022126N07095,ASANI,2022-05-10 12:00:00,15.399999618530273,82.5999984741211,92.5999984741211
2022126N07095,ASANI,2022-05-10 15:00:00,15.399999618530273,82.19999694824219,92.5999984741211
2022126N07095,ASANI,2022-05-10 18:00:00,15.600000381469727,82.0,92.5999984741211
2022126N07095,ASANI,2022-05-10 21:00:00,15.699999809265137,81.80000305175781,83.30000305175781
2022126N07095,ASANI,2022-05-11 00:00:00,15.800000190734863,81.69999694824219,83.30000305175781
2022126N07095,ASANI,2022-05-11 03:00:00,15.899999618530273,81.5999984741211,83.30000305175781
2022126N07095,ASANI,2022-05-11 06:00:00,16.0,81.5,74.0999984741211
2022126N07095,ASANI,2022-05-11 09:00:00,16.0,81.4000015258789,74.0999984741211
2022126N07095,ASANI,2022-05-11 12:00:00,16.100000381469727,81.30000305175781,55.599998474121094
2022126N07095,ASANI,2022-05-11 15:00:00,16.0,81.0999984741211,55.599998474121094
2022126N07095,ASANI,2022-05-11 18:00:00,15.899999618530273,80.9000015258789,55.599998474121094
2022126N07095,ASANI,2022-05-11 21:00:00,15.800000190734863,80.5999984741211,51.900001525878906
2022126N07095,ASANI,2022-05-12 00:00:00,15.600000381469727,80.4000015258789,46.29999923706055
2022126N07095,ASANI,2022-05-12 03:00:00,15.199999809265137,80.19999694824219,
2022126N07095,ASANI,2022-05-12 06:00:00,15.100000381469727,80.0999984741211,
2022126N07095,ASANI,2022-05-12 09:00:00,15.0,80.0999984741211,
2022126N07095,ASANI,2022-05-12 12:00:00,15.0,80.19999694824219,
2022126N07095,ASANI,2022-05-12 15:00:00,14.800000190734863,80.19999694824219,
2022126N07095,ASANI,2022-05-12 18:00:00,14.699999809265137,80.30000305175781,
2022197N22069,UNNAMED,2022-07-16 15:00:00,22.299999237060547,68.80000305175781,46.29999923706055
2022197N22069,UNNAMED,2022-07-16 18:00:00,22.600000381469727,68.69999694824219,46.29999923706055
2022197N22069,UNNAMED,2022-07-16 21:00:00,22.700000762939453,68.5999984741211,46.29999923706055
2022197N22069,UNNAMED,2022-07-17 00:00:00,22.799999237060547,68.5,46.29999923706055
2022197N22069,UNNAMED,2022-07-17 03:00:00,23.0,68.19999694824219,46.29999923706055
2022197N22069,UNNAMED,2022-07-17 06:00:00,23.200000762939453,67.80000305175781,46.29999923706055
2022224N22067,UNNAMED,2022-08-12 06:00:00,21.899999618530273,66.0999984741211,46.29999923706055
2022224N22067,UNNAMED,2022-08-12 09:00:00,22.0,65.5999984741211,46.29999923706055
2022224N22067,UNNAMED,2022-08-12 12:00:00,22.100000381469727,65.19999694824219,46.29999923706055
2022224N22067,UNNAMED,2022-08-12 15:00:00,22.200000762939453,64.9000015258789,46.29999923706055
2022224N22067,UNNAMED,2022-08-12 18:00:00,22.299999237060547,64.5999984741211,46.29999923706055
2022224N22067,UNNAMED,2022-08-12 21:00:00,22.200000762939453,64.19999694824219,46.29999923706055
2022224N22067,UNNAMED,2022-08-13 00:00:00,22.0,63.900001525878906,46.29999923706055
2022224N22067,UNNAMED,2022-08-13 03:00:00,21.799999237060547,63.599998474121094,46.29999923706055
2022224N22067,UNNAMED,2022-08-13 06:00:00,21.600000381469727,63.599998474121094,37.0
2022224N22067,UNNAMED,2022-08-13 09:00:00,21.5,64.0,
2022224N22067,UNNAMED,2022-08-13 12:00:00,21.600000381469727,64.69999694824219,
2022224N22067,UNNAMED,2022-08-13 15:00:00,21.799999237060547,65.4000015258789,
2022226N22088,UNNAMED,2022-08-14 15:00:00,22.200000762939453,85.0,46.29999923706055
2022226N22088,UNNAMED,2022-08-14 18:00:00,22.200000762939453,84.0,46.29999923706055
2022226N22088,UNNAMED,2022-08-14 21:00:00,22.299999237060547,83.4000015258789,46.29999923706055
2022226N22088,UNNAMED,2022-08-15 00:00:00,22.399999618530273,82.80000305175781,46.29999923706055
2022226N22088,UNNAMED,2022-08-15 03:00:00,22.600000381469727,82.0,46.29999923706055
2022226N22088,UNNAMED,2022-08-15 06:00:00,22.799999237060547,81.0999984741211,46.29999923706055
2022226N22088,UNNAMED,2022-08-15 09:00:00,23.100000381469727,80.4000015258789,46.29999923706055
2022226N22088,UNNAMED,2022-08-15 12:00:00,23.299999237060547,79.80000305175781,46.29999923706055
2022226N22088,UNNAMED,2022-08-15 15:00:00,23.399999618530273,79.4000015258789,46.29999923706055
2022226N22088,UNNAMED,2022-08-15 18:00:00,23.600000381469727,79.0,46.29999923706055
2022230N18095,UNNAMED,2022-08-18 00:00:00,18.899999618530273,93.19999694824219,
2022230N18095,UNNAMED,2022-08-18 03:00:00,19.200000762939453,92.69999694824219,
2022230N18095,UNNAMED,2022-08-18 06:00:00,19.5,92.19999694824219,
2022230N18095,UNNAMED,2022-08-18 09:00:00,19.899999618530273,91.4000015258789,
2022230N18095,UNNAMED,2022-08-18 12:00:00,20.200000762939453,90.69999694824219,
2022230N18095,UNNAMED,2022-08-18 15:00:00,20.299999237060547,90.5,
2022230N18095,UNNAMED,2022-08-18 18:00:00,20.399999618530273,90.30000305175781,
2022230N18095,UNNAMED,2022-08-18 21:00:00,20.700000762939453,89.80000305175781,
2022230N18095,UNNAMED,2022-08-19 00:00:00,20.899999618530273,89.4000015258789,46.29999923706055
2022230N18095,UNNAMED,2022-08-19 03:00:00,21.0,89.19999694824219,46.29999923706055
2022230N18095,UNNAMED,2022-08-19 06:00:00,21.200000762939453,88.9000015258789,55.599998474121094
2022230N18095,UNNAMED,2022-08-19 09:00:00,21.399999618530273,88.5999984741211,55.599998474121094
2022230N18095,UNNAMED,2022-08-19 12:00:00,21.600000381469727,88.0999984741211,55.599998474121094
2022230N18095,UNNAMED,2022-08-19 15:00:00,21.899999618530273,87.5999984741211,55.599998474121094
2022230N18095,UNNAMED,2022-08-19 18:00:00,22.200000762939453,87.0,55.599998474121094
2022230N18095,UNNAMED,2022-08-19 21:00:00,22.399999618530273,86.4000015258789,55.599998474121094
2022230N18095,UNNAMED,2022-08-20 00:00:00,22.600000381469727,85.9000015258789,55.599998474121094
2022230N18095,UNNAMED,2022-08-20 03:00:00,22.700000762939453,85.4000015258789,55.599998474121094
2022230N18095,UNNAMED,2022-08-20 06:00:00,22.899999618530273,84.69999694824219,55.599998474121094
2022230N18095,UNNAMED,2022-08-20 09:00:00,23.100000381469727,84.0999984741211,55.599998474121094
2022230N18095,UNNAMED,2022-08-20 12:00:00,23.299999237060547,83.5999984741211,55.599998474121094
2022230N18095,UNNAMED,2022-08-20 15:00:00,23.399999618530273,83.19999694824219,55.599998474121094
2022230N18095,UNNAMED,2022-08-20 18:00:00,23.5,82.9000015258789,55.599998474121094
2022230N18095,UNNAMED,2022-08-20 21:00:00,23.600000381469727,82.5999984741211,51.900001525878906
2022230N18095,UNNAMED,2022-08-21 00:00:00,23.700000762939453,82.19999694824219,46.29999923706055
2022230N18095,UNNAMED,2022-08-21 03:00:00,23.799999237060547,81.69999694824219,46.29999923706055
2022230N18095,UNNAMED,2022-08-21 06:00:00,24.0,81.19999694824219,46.29999923706055
2022230N18095,UNNAMED,2022-08-21 09:00:00,24.100000381469727,80.80000305175781,46.29999923706055
2022230N18095,UNNAMED,2022-08-21 12:00:00,24.200000762939453,80.5,46.29999923706055
2022230N18095,UNNAMED,2022-08-21 15:00:00,24.299999237060547,80.0999984741211,46.29999923706055
2022230N18095,UNNAMED,2022-08-21 18:00:00,24.299999237060547,79.80000305175781,46.29999923706055
2022230N18095,UNNAMED,2022-08-21 21:00:00,24.299999237060547,79.5,46.29999923706055
2022230N18095,UNNAMED,2022-08-22 00:00:00,24.299999237060547,79.0999984741211,46.29999923706055
2022230N18095,UNNAMED,2022-08-22 03:00:00,24.299999237060547,78.4000015258789,46.29999923706055
2022230N18095,UNNAMED,2022-08-22 06:00:00,24.399999618530273,77.80000305175781,46.29999923706055
2022230N18095,UNNAMED,2022-08-22 09:00:00,24.399999618530273,77.5,46.29999923706055
2022230N18095,UNNAMED,2022-08-22 12:00:00,24.399999618530273,77.4000015258789,46.29999923706055
2022254N20085,UNNAMED,2022-09-11 12:00:00,19.899999618530273,81.69999694824219,46.29999923706055
2022295N13093,SITRANG,2022-10-22 06:00:00,13.899999618530273,91.4000015258789,46.29999923706055
2022295N13093,SITRANG,2022-10-22 09:00:00,14.199999809265137,90.9000015258789,46.29999923706055
2022295N13093,SITRANG,2022-10-22 12:00:00,14.399999618530273,90.5,46.29999923706055
2022295N13093,SITRANG,2022-10-22 15:00:00,14.699999809265137,90.0,46.29999923706055
2022295N13093,SITRANG,2022-10-22 18:00:00,15.0,89.5,46.29999923706055
2022295N13093,SITRANG,2022-10-22 21:00:00,15.199999809265137,89.0999984741211,51.900001525878906
2022295N13093,SITRANG,2022-10-23 00:00:00,15.399999618530273,88.69999694824219,55.599998474121094
2022295N13093,SITRANG,2022-10-23 03:00:00,15.5,88.30000305175781,55.599998474121094
2022295N13093,SITRANG,2022-10-23 06:00:00,15.600000381469727,88.0999984741211,55.599998474121094
2022295N13093,SITRANG,2022-10-23 09:00:00,15.800000190734863,88.0999984741211,61.099998474121094
2022295N13093,SITRANG,2022-10-23 12:00:00,16.200000762939453,88.0999984741211,64.80000305175781
2022295N13093,SITRANG,2022-10-23 15:00:00,16.600000381469727,88.4000015258789,64.80000305175781
2022295N13093,SITRANG,2022-10-23 18:00:00,17.100000381469727,88.5999984741211,64.80000305175781
2022295N13093,SITRANG,2022-10-23 21:00:00,17.5,88.80000305175781,74.0999984741211
2022295N13093,SITRANG,2022-10-24 00:00:00,18.0,89.0,74.0999984741211
2022295N13093,SITRANG,2022-10-24 03:00:00,18.700000762939453,89.30000305175781,83.30000305175781
2022295N13093,SITRANG,2022-10-24 06:00:00,19.399999618530273,89.5999984741211,83.30000305175781
2022295N13093,SITRANG,2022-10-24 09:00:00,20.0,89.9000015258789,83.30000305175781
2022295N13093,SITRANG,2022-10-24 12:00:00,20.799999237060547,90.0999984741211,83.30000305175781
2022324N10086,UNNAMED,2022-11-20 12:00:00,10.899999618530273,85.0,46.29999923706055
2022324N10086,UNNAMED,2022-11-20 15:00:00,11.199999809265137,84.80000305175781,46.29999923706055
2022324N10086,UNNAMED,2022-11-20 18:00:00,11.399999618530273,84.5999984741211,46.29999923706055
2022324N10086,UNNAMED,2022-11-20 21:00:00,11.699999809265137,84.4000015258789,46.29999923706055
2022324N10086,UNNAMED,2022-11-21 00:00:00,11.899999618530273,84.19999694824219,46.29999923706055
2022324N10086,UNNAMED,2022-11-21 03:00:00,12.100000381469727,84.0,46.29999923706055
2022324N10086,UNNAMED,2022-11-21 06:00:00,12.600000381469727,83.4000015258789,46.29999923706055
2022324N10086,UNNAMED,2022-11-21 09:00:00,12.800000190734863,82.5999984741211,46.29999923706055
2022324N10086,UNNAMED,2022-11-21 12:00:00,12.899999618530273,82.0,46.29999923706055
2022338N05100,MANDOUS,2022-12-04 12:00:00,6.099999904632568,98.0999984741211,
2022338N05100,MANDOUS,2022-12-04 15:00:00,6.300000190734863,97.9000015258789,
2022338N05100,MANDOUS,2022-12-04 18:00:00,6.599999904632568,97.69999694824219,
2022338N05100,MANDOUS,2022-12-04 21:00:00,6.900000095367432,97.5,
2022338N05100,MANDOUS,2022-12-05 00:00:00,7.199999809265137,97.19999694824219,
2022338N05100,MANDOUS,2022-12-05 03:00:00,7.300000190734863,96.5,
2022338N05100,MANDOUS,2022-12-05 06:00:00,7.300000190734863,95.69999694824219,
2022338N05100,MANDOUS,2022-12-05 09:00:00,7.400000095367432,95.0,
2022338N05100,MANDOUS,2022-12-05 12:00:00,7.5,94.0999984741211,
2022338N05100,MANDOUS,2022-12-05 15:00:00,7.800000190734863,92.80000305175781,
2022338N05100,MANDOUS,2022-12-05 18:00:00,8.0,91.5999984741211,
2022338N05100,MANDOUS,2022-12-05 21:00:00,8.0,90.80000305175781,
2022338N05100,MANDOUS,2022-12-06 00:00:00,8.0,90.19999694824219,
2022338N05100,MANDOUS,2022-12-06 03:00:00,8.0,89.5,
2022338N05100,MANDOUS,2022-12-06 06:00:00,8.100000381469727,88.69999694824219,
2022338N05100,MANDOUS,2022-12-06 09:00:00,8.300000190734863,87.80000305175781,
2022338N05100,MANDOUS,2022-12-06 12:00:00,8.399999618530273,87.19999694824219,46.29999923706055
2022338N05100,MANDOUS,2022-12-06 15:00:00,8.399999618530273,86.9000015258789,46.29999923706055
2022338N05100,MANDOUS,2022-12-06 18:00:00,8.5,86.69999694824219,46.29999923706055
2022338N05100,MANDOUS,2022-12-06 21:00:00,8.5,86.5,51.900001525878906
2022338N05100,MANDOUS,2022-12-07 00:00:00,8.600000381469727,86.30000305175781,55.599998474121094
2022338N05100,MANDOUS,2022-12-07 03:00:00,8.699999809265137,85.9000015258789,55.599998474121094
2022338N05100,MANDOUS,2022-12-07 06:00:00,8.800000190734863,85.69999694824219,55.599998474121094
2022338N05100,MANDOUS,2022-12-07 09:00:00,8.800000190734863,85.4000015258789,55.599998474121094
2022338N05100,MANDOUS,2022-12-07 12:00:00,9.0,85.0999984741211,55.599998474121094
2022338N05100,MANDOUS,2022-12-07 15:00:00,9.100000381469727,84.9000015258789,61.099998474121094
2022338N05100,MANDOUS,2022-12-07 18:00:00,9.199999809265137,84.69999694824219,64.80000305175781
2022338N05100,MANDOUS,2022-12-07 21:00:00,9.300000190734863,84.5,64.80000305175781
2022338N05100,MANDOUS,2022-12-08 00:00:00,9.399999618530273,84.30000305175781,74.0999984741211
2022338N05100,MANDOUS,2022-12-08 03:00:00,9.5,84.0,74.0999984741211
2022338N05100,MANDOUS,2022-12-08 06:00:00,9.800000190734863,83.5999984741211,83.30000305175781
2022338N05100,MANDOUS,2022-12-08 09:00:00,9.899999618530273,83.19999694824219,83.30000305175781
2022338N05100,MANDOUS,2022-12-08 12:00:00,10.199999809265137,82.9000015258789,92.5999984741211
2022338N05100,MANDOUS,2022-12-08 15:00:00,10.399999618530273,82.5,92.5999984741211
2022338N05100,MANDOUS,2022-12-08 18:00:00,10.600000381469727,82.19999694824219,92.5999984741211
2022338N05100,MANDOUS,2022-12-08 21:00:00,10.699999809265137,82.0,92.5999984741211
2022338N05100,MANDOUS,2022-12-09 00:00:00,11.0,81.80000305175781,92.5999984741211
2022338N05100,MANDOUS,2022-12-09 03:00:00,11.100000381469727,81.5999984741211,83.30000305175781
2022338N05100,MANDOUS,2022-12-09 06:00:00,11.399999618530273,81.4000015258789,83.30000305175781
2022338N05100,MANDOUS,2022-12-09 09:00:00,11.699999809265137,81.19999694824219,83.30000305175781
2022338N05100,MANDOUS,2022-12-09 12:00:00,12.0,81.0,74.0999984741211
2022338N05100,MANDOUS,2022-12-09 15:00:00,12.300000190734863,80.69999694824219,74.0999984741211
2022338N05100,MANDOUS,2022-12-09 18:00:00,12.600000381469727,80.4000015258789,64.80000305175781
2022338N05100,MANDOUS,2022-12-09 21:00:00,12.800000190734863,80.0999984741211,64.80000305175781
2022338N05100,MANDOUS,2022-12-10 00:00:00,12.800000190734863,79.80000305175781,55.599998474121094
2022347N12074,UNNAMED,2022-12-13 00:00:00,12.600000381469727,73.0999984741211,
2022347N12074,UNNAMED,2022-12-13 03:00:00,12.699999809265137,72.80000305175781,
2022347N12074,UNNAMED,2022-12-13 06:00:00,12.800000190734863,72.5999984741211,
2022347N12074,UNNAMED,2022-12-13 09:00:00,12.899999618530273,72.4000015258789,
2022347N12074,UNNAMED,2022-12-13 12:00:00,13.0,72.0999984741211,
2022347N12074,UNNAMED,2022-12-13 15:00:00,13.100000381469727,71.80000305175781,
2022347N12074,UNNAMED,2022-12-13 18:00:00,13.199999809265137,71.5,
2022347N12074,UNNAMED,2022-12-13 21:00:00,13.199999809265137,71.19999694824219,
2022347N12074,UNNAMED,2022-12-14 00:00:00,13.300000190734863,70.80000305175781,
2022347N12074,UNNAMED,2022-12-14 03:00:00,13.399999618530273,70.4000015258789,
2022347N12074,UNNAMED,2022-12-14 06:00:00,13.5,70.0,
2022347N12074,UNNAMED,2022-12-14 09:00:00,13.600000381469727,69.5999984741211,46.29999923706055
2022347N12074,UNNAMED,2022-12-14 12:00:00,13.699999809265137,69.30000305175781,46.29999923706055
2022347N12074,UNNAMED,2022-12-14 15:00:00,13.699999809265137,68.9000015258789,46.29999923706055
2022347N12074,UNNAMED,2022-12-14 18:00:00,13.800000190734863,68.5999984741211,46.29999923706055
2022347N12074,UNNAMED,2022-12-14 21:00:00,13.800000190734863,68.4000015258789,51.900001525878906
2022347N12074,UNNAMED,2022-12-15 00:00:00,13.899999618530273,68.0999984741211,55.599998474121094
2022347N12074,UNNAMED,2022-12-15 03:00:00,13.899999618530273,67.69999694824219,55.599998474121094
2022347N12074,UNNAMED,2022-12-15 06:00:00,13.899999618530273,67.4000015258789,55.599998474121094
2022347N12074,UNNAMED,2022-12-15 09:00:00,14.0,67.0,55.599998474121094
2022347N12074,UNNAMED,2022-12-15 12:00:00,14.100000381469727,66.69999694824219,55.599998474121094
2022347N12074,UNNAMED,2022-12-15 15:00:00,14.0,66.19999694824219,55.599998474121094
2022347N12074,UNNAMED,2022-12-15 18:00:00,13.899999618530273,65.69999694824219,55.599998474121094
2022347N12074,UNNAMED,2022-12-15 21:00:00,13.899999618530273,65.4000015258789,55.599998474121094
2022347N12074,UNNAMED,2022-12-16 00:00:00,13.899999618530273,65.0999984741211,55.599998474121094
2022347N12074,UNNAMED,2022-12-16 03:00:00,13.899999618530273,64.69999694824219,55.599998474121094
2022347N12074,UNNAMED,2022-12-16 06:00:00,13.899999618530273,64.30000305175781,55.599998474121094
2022347N12074,UNNAMED,2022-12-16 09:00:00,14.0,63.900001525878906,51.900001525878906
2022347N12074,UNNAMED,2022-12-16 12:00:00,14.100000381469727,63.599998474121094,46.29999923706055
2022347N12074,UNNAMED,2022-12-16 15:00:00,14.100000381469727,63.20000076293945,46.29999923706055
2022347N12074,UNNAMED,2022-12-16 18:00:00,14.100000381469727,62.900001525878906,46.29999923706055
2022347N12074,UNNAMED,2022-12-16 21:00:00,14.100000381469727,62.599998474121094,46.29999923706055
2022347N12074,UNNAMED,2022-12-17 00:00:00,14.0,62.29999923706055,46.29999923706055
2022347N12074,UNNAMED,2022-12-17 03:00:00,14.0,62.0,46.29999923706055
2022347N12074,UNNAMED,2022-12-17 06:00:00,13.899999618530273,61.599998474121094,46.29999923706055
2022347N12074,UNNAMED,2022-12-17 09:00:00,13.800000190734863,61.29999923706055,
2022347N12074,UNNAMED,2022-12-17 12:00:00,13.699999809265137,60.900001525878906,
2022347N12074,UNNAMED,2022-12-17 15:00:00,13.600000381469727,60.29999923706055,
2022347N12074,UNNAMED,2022-12-17 18:00:00,13.600000381469727,59.70000076293945,
2022347N12074,UNNAMED,2022-12-17 21:00:00,13.5,59.099998474121094,
2022347N12074,UNNAMED,2022-12-18 00:00:00,13.5,58.599998474121094,
2022347N12074,UNNAMED,2022-12-18 03:00:00,13.5,58.099998474121094,
2022347N12074,UNNAMED,2022-12-18 06:00:00,13.399999618530273,57.5,
2022347N12074,UNNAMED,2022-12-18 09:00:00,13.300000190734863,56.900001525878906,
2022347N12074,UNNAMED,2022-12-18 12:00:00,13.100000381469727,56.400001525878906,
2022356N09085,UNNAMED,2022-12-22 15:00:00,10.0,84.30000305175781,46.29999923706055
2022356N09085,UNNAMED,2022-12-22 18:00:00,10.100000381469727,84.19999694824219,46.29999923706055
2022356N09085,UNNAMED,2022-12-22 21:00:00,10.100000381469727,84.19999694824219,46.29999923706055
2022356N09085,UNNAMED,2022-12-23 00:00:00,10.100000381469727,84.19999694824219,46.29999923706055
2022356N09085,UNNAMED,2022-12-23 03:00:00,10.100000381469727,84.19999694824219,46.29999923706055
2022356N09085,UNNAMED,2022-12-23 06:00:00,10.399999618530273,84.80000305175781,46.29999923706055
2022356N09085,UNNAMED,2022-12-23 09:00:00,10.600000381469727,85.19999694824219,46.29999923706055
2022356N09085,UNNAMED,2022-12-23 12:00:00,10.600000381469727,85.4000015258789,46.29999923706055
2022356N09085,UNNAMED,2022-12-23 15:00:00,10.5,85.5,46.29999923706055
2022356N09085,UNNAMED,2022-12-23 18:00:00,10.399999618530273,85.30000305175781,46.29999923706055
2022356N09085,UNNAMED,2022-12-23 21:00:00,10.600000381469727,84.9000015258789,46.29999923706055
2022356N09085,UNNAMED,2022-12-24 00:00:00,10.800000190734863,84.5,46.29999923706055
2022356N09085,UNNAMED,2022-12-24 03:00:00,10.699999809265137,84.19999694824219,46.29999923706055
2022356N09085,UNNAMED,2022-12-24 06:00:00,10.399999618530273,83.69999694824219,46.29999923706055
2022356N09085,UNNAMED,2022-12-24 09:00:00,10.0,83.30000305175781,46.29999923706055
2022356N09085,UNNAMED,2022-12-24 12:00:00,9.699999809265137,83.0,46.29999923706055
2022356N09085,UNNAMED,2022-12-24 15:00:00,9.5,82.69999694824219,46.29999923706055
2022356N09085,UNNAMED,2022-12-24 18:00:00,9.300000190734863,82.5,46.29999923706055
2023030N08087,UNNAMED,2023-01-30 15:00:00,8.100000381469727,85.5999984741211,46.29999923706055
2023030N08087,UNNAMED,2023-01-30 18:00:00,8.100000381469727,85.30000305175781,46.29999923706055
2023030N08087,UNNAMED,2023-01-30 21:00:00,8.100000381469727,85.0999984741211,46.29999923706055
2023030N08087,UNNAMED,2023-01-31 00:00:00,8.199999809265137,84.80000305175781,46.29999923706055
2023030N08087,UNNAMED,2023-01-31 03:00:00,8.399999618530273,84.30000305175781,46.29999923706055
2023030N08087,UNNAMED,2023-01-31 06:00:00,8.600000381469727,83.9000015258789,46.29999923706055
2023030N08087,UNNAMED,2023-01-31 09:00:00,8.699999809265137,83.69999694824219,46.29999923706055
2023030N08087,UNNAMED,2023-01-31 12:00:00,8.600000381469727,83.5,46.29999923706055
2023030N08087,UNNAMED,2023-01-31 15:00:00,8.5,83.19999694824219,46.29999923706055
2023030N08087,UNNAMED,2023-01-31 18:00:00,8.300000190734863,82.9000015258789,46.29999923706055
2023030N08087,UNNAMED,2023-01-31 21:00:00,8.199999809265137,82.80000305175781,46.29999923706055
2023030N08087,UNNAMED,2023-02-01 00:00:00,8.199999809265137,82.69999694824219,46.29999923706055
2023030N08087,UNNAMED,2023-02-01 03:00:00,8.199999809265137,82.5,46.29999923706055
2023030N08087,UNNAMED,2023-02-01 06:00:00,8.199999809265137,82.5,46.29999923706055
2023030N08087,UNNAMED,2023-02-01 09:00:00,8.199999809265137,82.4000015258789,46.29999923706055
2023030N08087,UNNAMED,2023-02-01 12:00:00,8.199999809265137,82.30000305175781,46.29999923706055
2023030N08087,UNNAMED,2023-02-01 15:00:00,8.199999809265137,82.19999694824219,46.29999923706055
2023030N08087,UNNAMED,2023-02-01 18:00:00,8.100000381469727,82.0999984741211,46.29999923706055
2023030N08087,UNNAMED,2023-02-01 21:00:00,7.900000095367432,81.80000305175781,46.29999923706055
2023030N08087,UNNAMED,2023-02-02 00:00:00,7.599999904632568,81.4000015258789,46.29999923706055
2023129N08091,MOCHA,2023-05-09 06:00:00,7.599999904632568,89.5999984741211,
2023129N08091,MOCHA,2023-05-09 09:00:00,7.699999809265137,89.30000305175781,
2023129N08091,MOCHA,2023-05-09 12:00:00,7.900000095367432,89.30000305175781,46.29999923706055
2023129N08091,MOCHA,2023-05-09 15:00:00,8.100000381469727,89.19999694824219,46.29999923706055
2023129N08091,MOCHA,2023-05-09 18:00:00,8.300000190734863,89.0999984741211,46.29999923706055
2023129N08091,MOCHA,2023-05-09 21:00:00,8.300000190734863,89.0999984741211,51.900001525878906
2023129N08091,MOCHA,2023-05-10 00:00:00,8.5,89.0,55.599998474121094
2023129N08091,MOCHA,2023-05-10 03:00:00,8.800000190734863,88.69999694824219,55.599998474121094
2023129N08091,MOCHA,2023-05-10 06:00:00,9.300000190734863,88.5,55.599998474121094
2023129N08091,MOCHA,2023-05-10 09:00:00,9.699999809265137,88.4000015258789,55.599998474121094
2023129N08091,MOCHA,2023-05-10 12:00:00,10.100000381469727,88.4000015258789,55.599998474121094
2023129N08091,MOCHA,2023-05-10 15:00:00,10.399999618530273,88.30000305175781,55.599998474121094
2023129N08091,MOCHA,2023-05-10 18:00:00,10.800000190734863,88.30000305175781,55.599998474121094
2023129N08091,MOCHA,2023-05-10 21:00:00,11.0,88.19999694824219,61.099998474121094
2023129N08091,MOCHA,2023-05-11 00:00:00,11.199999809265137,88.0999984741211,64.80000305175781
2023129N08091,MOCHA,2023-05-11 03:00:00,11.300000190734863,88.0999984741211,64.80000305175781
2023129N08091,MOCHA,2023-05-11 06:00:00,11.600000381469727,88.0999984741211,83.30000305175781
2023129N08091,MOCHA,2023-05-11 09:00:00,11.800000190734863,88.0,83.30000305175781
2023129N08091,MOCHA,2023-05-11 12:00:00,12.100000381469727,88.0999984741211,92.5999984741211
2023129N08091,MOCHA,2023-05-11 15:00:00,12.399999618530273,88.0999984741211,92.5999984741211
2023129N08091,MOCHA,2023-05-11 18:00:00,12.800000190734863,88.0999984741211,92.5999984741211
2023129N08091,MOCHA,2023-05-11 21:00:00,13.0,88.0999984741211,111.0999984741211
2023129N08091,MOCHA,2023-05-12 00:00:00,13.300000190734863,88.0999984741211,120.4000015258789
2023129N08091,MOCHA,2023-05-12 03:00:00,13.699999809265137,88.19999694824219,120.4000015258789
2023129N08091,MOCHA,2023-05-12 06:00:00,14.0,88.30000305175781,138.89999389648438
2023129N08091,MOCHA,2023-05-12 09:00:00,14.300000190734863,88.4000015258789,157.39999389648438
2023129N08091,MOCHA,2023-05-12 12:00:00,14.600000381469727,88.5999984741211,157.39999389648438
2023129N08091,MOCHA,2023-05-12 15:00:00,14.800000190734863,88.69999694824219,166.6999969482422
2023129N08091,MOCHA,2023-05-12 18:00:00,15.0,88.9000015258789,185.1999969482422
2023129N08091,MOCHA,2023-05-12 21:00:00,15.100000381469727,89.0,185.1999969482422
2023129N08091,MOCHA,2023-05-13 00:00:00,15.399999618530273,89.0999984741211,185.1999969482422
2023129N08091,MOCHA,2023-05-13 03:00:00,15.699999809265137,89.5,185.1999969482422
2023129N08091,MOCHA,2023-05-13 06:00:00,16.0,90.0,194.5
2023129N08091,MOCHA,2023-05-13 09:00:00,16.399999618530273,90.30000305175781,194.5
2023129N08091,MOCHA,2023-05-13 12:00:00,16.899999618530273,90.80000305175781,203.6999969482422
2023129N08091,MOCHA,2023-05-13 15:00:00,17.399999618530273,91.0,203.6999969482422
2023129N08091,MOCHA,2023-05-13 18:00:00,17.899999618530273,91.19999694824219,213.0
2023129N08091,MOCHA,2023-05-13 21:00:00,18.299999237060547,91.4000015258789,213.0
2023129N08091,MOCHA,2023-05-14 00:00:00,18.700000762939453,91.69999694824219,213.0
2023129N08091,MOCHA,2023-05-14 03:00:00,19.299999237060547,92.0999984741211,203.6999969482422
2023129N08091,MOCHA,2023-05-14 06:00:00,19.899999618530273,92.5999984741211,185.1999969482422
2023129N08091,MOCHA,2023-05-14 09:00:00,20.399999618530273,92.9000015258789,166.6999969482422
2023129N08091,MOCHA,2023-05-14 12:00:00,21.100000381469727,93.30000305175781,138.89999389648438
2023156N10067,BIPARJOY,2023-06-05 12:00:00,11.0,66.30000305175781,
2023156N10067,BIPARJOY,2023-06-05 15:00:00,11.199999809265137,66.19999694824219,
2023156N10067,BIPARJOY,2023-06-05 18:00:00,11.399999618530273,66.0999984741211,
2023156N10067,BIPARJOY,2023-06-05 21:00:00,11.5,66.0,
2023156N10067,BIPARJOY,2023-06-06 00:00:00,11.5,66.0,46.29999923706055
2023156N10067,BIPARJOY,2023-06-06 03:00:00,11.699999809265137,66.0,46.29999923706055
2023156N10067,BIPARJOY,2023-06-06 06:00:00,11.899999618530273,65.9000015258789,55.599998474121094
2023156N10067,BIPARJOY,2023-06-06 09:00:00,12.0,66.0,61.099998474121094
2023156N10067,BIPARJOY,2023-06-06 12:00:00,12.199999809265137,66.0,64.80000305175781
2023156N10067,BIPARJOY,2023-06-06 15:00:00,12.300000190734863,66.0,64.80000305175781
2023156N10067,BIPARJOY,2023-06-06 18:00:00,12.5,66.0999984741211,74.0999984741211
2023156N10067,BIPARJOY,2023-06-06 21:00:00,12.5,66.19999694824219,83.30000305175781
2023156N10067,BIPARJOY,2023-06-07 00:00:00,12.600000381469727,66.30000305175781,101.9000015258789
2023156N10067,BIPARJOY,2023-06-07 03:00:00,12.800000190734863,66.30000305175781,111.0999984741211
2023156N10067,BIPARJOY,2023-06-07 06:00:00,13.0,66.4000015258789,120.4000015258789
2023156N10067,BIPARJOY,2023-06-07 09:00:00,13.199999809265137,66.30000305175781,120.4000015258789
2023156N10067,BIPARJOY,2023-06-07 12:00:00,13.300000190734863,66.19999694824219,120.4000015258789
2023156N10067,BIPARJOY,2023-06-07 15:00:00,13.399999618530273,66.19999694824219,120.4000015258789
2023156N10067,BIPARJOY,2023-06-07 18:00:00,13.600000381469727,66.0999984741211,129.60000610351562
2023156N10067,BIPARJOY,2023-06-07 21:00:00,13.600000381469727,66.0,129.60000610351562
2023156N10067,BIPARJOY,2023-06-08 00:00:00,13.800000190734863,66.0999984741211,138.89999389648438
2023156N10067,BIPARJOY,2023-06-08 03:00:00,13.899999618530273,66.0,138.89999389648438
2023156N10067,BIPARJOY,2023-06-08 06:00:00,14.0,66.0,138.89999389648438
2023156N10067,BIPARJOY,2023-06-08 09:00:00,14.199999809265137,66.0,138.89999389648438
2023156N10067,BIPARJOY,2023-06-08 12:00:00,14.300000190734863,66.0,138.89999389648438
2023156N10067,BIPARJOY,2023-06-08 15:00:00,14.399999618530273,66.0,138.89999389648438
2023156N10067,BIPARJOY,2023-06-08 18:00:00,14.600000381469727,66.0999984741211,138.89999389648438
2023156N10067,BIPARJOY,2023-06-08 21:00:00,14.600000381469727,66.0999984741211,138.89999389648438
2023156N10067,BIPARJOY,2023-06-09 00:00:00,14.800000190734863,66.30000305175781,138.89999389648438
2023156N10067,BIPARJOY,2023-06-09 03:00:00,14.800000190734863,66.5,129.60000610351562
2023156N10067,BIPARJOY,2023-06-09 06:00:00,15.0,66.80000305175781,129.60000610351562
2023156N10067,BIPARJOY,2023-06-09 09:00:00,15.300000190734863,67.0,129.60000610351562
2023156N10067,BIPARJOY,2023-06-09 12:00:00,15.600000381469727,67.19999694824219,120.4000015258789
2023156N10067,BIPARJOY,2023-06-09 15:00:00,15.899999618530273,67.30000305175781,120.4000015258789
2023156N10067,BIPARJOY,2023-06-09 18:00:00,16.200000762939453,67.4000015258789,129.60000610351562
2023156N10067,BIPARJOY,2023-06-09 21:00:00,16.299999237060547,67.4000015258789,129.60000610351562
2023156N10067,BIPARJOY,2023-06-10 00:00:00,16.5,67.4000015258789,138.89999389648438
2023156N10067,BIPARJOY,2023-06-10 03:00:00,16.600000381469727,67.30000305175781,138.89999389648438
2023156N10067,BIPARJOY,2023-06-10 06:00:00,16.700000762939453,67.30000305175781,138.89999389648438
2023156N10067,BIPARJOY,2023-06-10 09:00:00,16.899999618530273,67.4000015258789,148.1999969482422
2023156N10067,BIPARJOY,2023-06-10 12:00:00,17.200000762939453,67.30000305175781,148.1999969482422
2023156N10067,BIPARJOY,2023-06-10 15:00:00,17.399999618530273,67.30000305175781,148.1999969482422
2023156N10067,BIPARJOY,2023-06-10 18:00:00,17.5,67.4000015258789,157.39999389648438
2023156N10067,BIPARJOY,2023-06-10 21:00:00,17.600000381469727,67.4000015258789,157.39999389648438
2023156N10067,BIPARJOY,2023-06-11 00:00:00,17.799999237060547,67.5999984741211,166.6999969482422
2023156N10067,BIPARJOY,2023-06-11 03:00:00,18.0,67.69999694824219,166.6999969482422
2023156N10067,BIPARJOY,2023-06-11 06:00:00,18.299999237060547,67.80000305175781,166.6999969482422
2023156N10067,BIPARJOY,2023-06-11 09:00:00,18.5,67.80000305175781,166.6999969482422
2023156N10067,BIPARJOY,2023-06-11 12:00:00,18.700000762939453,67.80000305175781,166.6999969482422
2023156N10067,BIPARJOY,2023-06-11 15:00:00,18.799999237060547,67.80000305175781,166.6999969482422
2023156N10067,BIPARJOY,2023-06-11 18:00:00,18.899999618530273,67.80000305175781,166.6999969482422
2023156N10067,BIPARJOY,2023-06-11 21:00:00,19.0,67.69999694824219,166.6999969482422
2023156N10067,BIPARJOY,2023-06-12 00:00:00,19.200000762939453,67.69999694824219,166.6999969482422
2023156N10067,BIPARJOY,2023-06-12 03:00:00,19.399999618530273,67.5999984741211,166.6999969482422
2023156N10067,BIPARJOY,2023-06-12 06:00:00,19.700000762939453,67.5,166.6999969482422
2023156N10067,BIPARJOY,2023-06-12 09:00:00,19.799999237060547,67.4000015258789,166.6999969482422
2023156N10067,BIPARJOY,2023-06-12 12:00:00,19.899999618530273,67.30000305175781,166.6999969482422
2023156N10067,BIPARJOY,2023-06-12 15:00:00,20.0,67.19999694824219,166.6999969482422
2023156N10067,BIPARJOY,2023-06-12 18:00:00,20.200000762939453,67.19999694824219,157.39999389648438
2023156N10067,BIPARJOY,2023-06-12 21:00:00,20.399999618530273,67.19999694824219,157.39999389648438
2023156N10067,BIPARJOY,2023-06-13 00:00:00,20.700000762939453,67.0,157.39999389648438
2023156N10067,BIPARJOY,2023-06-13 03:00:00,20.899999618530273,66.9000015258789,157.39999389648438
2023156N10067,BIPARJOY,2023-06-13 06:00:00,21.0,66.80000305175781,157.39999389648438
2023156N10067,BIPARJOY,2023-06-13 09:00:00,21.100000381469727,66.5,157.39999389648438
2023156N10067,BIPARJOY,2023-06-13 12:00:00,21.200000762939453,66.5,157.39999389648438
2023156N10067,BIPARJOY,2023-06-13 15:00:00,21.299999237060547,66.4000015258789,157.39999389648438
2023156N10067,BIPARJOY,2023-06-13 18:00:00,21.5,66.4000015258789,157.39999389648438
2023156N10067,BIPARJOY,2023-06-13 21:00:00,21.5,66.30000305175781,157.39999389648438
2023156N10067,BIPARJOY,2023-06-14 00:00:00,21.600000381469727,66.30000305175781,148.1999969482422
2023156N10067,BIPARJOY,2023-06-14 03:00:00,21.600000381469727,66.30000305175781,148.1999969482422
2023156N10067,BIPARJOY,2023-06-14 06:00:00,21.600000381469727,66.4000015258789,148.1999969482422
2023156N10067,BIPARJOY,2023-06-14 09:00:00,21.700000762939453,66.5999984741211,148.1999969482422
2023156N10067,BIPARJOY,2023-06-14 12:00:00,21.899999618530273,66.69999694824219,138.89999389648438
2023156N10067,BIPARJOY,2023-06-14 15:00:00,22.100000381469727,66.80000305175781,129.60000610351562
2023156N10067,BIPARJOY,2023-06-14 18:00:00,22.200000762939453,66.80000305175781,129.60000610351562
2023156N10067,BIPARJOY,2023-06-14 21:00:00,22.299999237060547,66.80000305175781,129.60000610351562
2023156N10067,BIPARJOY,2023-06-15 00:00:00,22.299999237060547,67.0,129.60000610351562
2023156N10067,BIPARJOY,2023-06-15 03:00:00,22.5,67.0999984741211,129.60000610351562
2023156N10067,BIPARJOY,2023-06-15 06:00:00,22.600000381469727,67.30000305175781,120.4000015258789
2023156N10067,BIPARJOY,2023-06-15 09:00:00,22.700000762939453,67.69999694824219,120.4000015258789
2023156N10067,BIPARJOY,2023-06-15 12:00:00,22.799999237060547,68.0999984741211,120.4000015258789
2023156N10067,BIPARJOY,2023-06-15 15:00:00,23.100000381469727,68.4000015258789,120.4000015258789
2023156N10067,BIPARJOY,2023-06-15 18:00:00,23.299999237060547,68.5999984741211,111.0999984741211
2023156N10067,BIPARJOY,2023-06-15 21:00:00,23.399999618530273,68.80000305175781,92.5999984741211
2023156N10067,BIPARJOY,2023-06-16 00:00:00,23.5,69.0999984741211,92.5999984741211
2023156N10067,BIPARJOY,2023-06-16 03:00:00,23.5,69.4000015258789,83.30000305175781
2023156N10067,BIPARJOY,2023-06-16 06:00:00,23.700000762939453,69.69999694824219,74.0999984741211
2023156N10067,BIPARJOY,2023-06-16 09:00:00,23.899999618530273,70.0,74.0999984741211
2023156N10067,BIPARJOY,2023-06-16 12:00:00,24.200000762939453,70.4000015258789,64.80000305175781
2023156N10067,BIPARJOY,2023-06-16 15:00:00,24.5,70.69999694824219,64.80000305175781
2023156N10067,BIPARJOY,2023-06-16 18:00:00,24.600000381469727,70.9000015258789,55.599998474121094
2023156N10067,BIPARJOY,2023-06-16 21:00:00,24.700000762939453,71.0,55.599998474121094
2023156N10067,BIPARJOY,2023-06-17 00:00:00,24.799999237060547,71.19999694824219,55.599998474121094
2023156N10067,BIPARJOY,2023-06-17 03:00:00,25.0,71.5,55.599998474121094
2023156N10067,BIPARJOY,2023-06-17 06:00:00,25.299999237060547,71.9000015258789,55.599998474121094
2023156N10067,BIPARJOY,2023-06-17 09:00:00,25.5,72.19999694824219,51.900001525878906
2023156N10067,BIPARJOY,2023-06-17 12:00:00,25.600000381469727,72.5,46.29999923706055
2023156N10067,BIPARJOY,2023-06-17 15:00:00,25.700000762939453,72.69999694824219,46.29999923706055
2023156N10067,BIPARJOY,2023-06-17 18:00:00,25.799999237060547,72.80000305175781,46.29999923706055
2023156N10067,BIPARJOY,2023-06-17 21:00:00,25.899999618530273,73.0,46.29999923706055
2023156N10067,BIPARJOY,2023-06-18 00:00:00,26.0,73.30000305175781,46.29999923706055
2023156N10067,BIPARJOY,2023-06-18 03:00:00,26.200000762939453,73.80000305175781,46.29999923706055
2023156N10067,BIPARJOY,2023-06-18 06:00:00,26.299999237060547,74.0,46.29999923706055
2023156N10067,BIPARJOY,2023-06-18 09:00:00,26.299999237060547,74.30000305175781,42.599998474121094
2023156N10067,BIPARJOY,2023-06-18 12:00:00,26.299999237060547,74.69999694824219,37.0
2023160N20092,UNNAMED,2023-06-09 00:00:00,19.799999237060547,91.5,
2023160N20092,UNNAMED,2023-06-09 03:00:00,19.899999618530273,91.5,
2023160N20092,UNNAMED,2023-06-09 06:00:00,19.899999618530273,91.5,
2023160N20092,UNNAMED,2023-06-09 09:00:00,19.899999618530273,91.5,
2023160N20092,UNNAMED,2023-06-09 12:00:00,20.0,91.5,
2023160N20092,UNNAMED,2023-06-09 15:00:00,20.0,91.5,
2023160N20092,UNNAMED,2023-06-09 18:00:00,20.200000762939453,91.5999984741211,
2023212N19090,UNNAMED,2023-07-31 00:00:00,18.600000381469727,91.0,
2023212N19090,UNNAMED,2023-07-31 03:00:00,18.600000381469727,91.19999694824219,
2023212N19090,UNNAMED,2023-07-31 06:00:00,18.600000381469727,91.30000305175781,
2023212N19090,UNNAMED,2023-07-31 09:00:00,18.700000762939453,91.5999984741211,
2023212N19090,UNNAMED,2023-07-31 12:00:00,19.0,91.80000305175781,
2023212N19090,UNNAMED,2023-07-31 15:00:00,19.5,91.9000015258789,
2023212N19090,UNNAMED,2023-07-31 18:00:00,19.899999618530273,92.0,
2023212N19090,UNNAMED,2023-07-31 21:00:00,19.799999237060547,92.0999984741211,
2023212N19090,UNNAMED,2023-08-01 00:00:00,20.0,91.9000015258789,46.29999923706055
2023212N19090,UNNAMED,2023-08-01 03:00:00,20.899999618530273,91.30000305175781,55.599998474121094
2023212N19090,UNNAMED,2023-08-01 06:00:00,21.600000381469727,90.69999694824219,55.599998474121094
2023212N19090,UNNAMED,2023-08-01 09:00:00,22.0,90.19999694824219,55.599998474121094
2023212N19090,UNNAMED,2023-08-01 12:00:00,22.299999237060547,89.69999694824219,55.599998474121094
2023212N19090,UNNAMED,2023-08-01 15:00:00,22.600000381469727,89.30000305175781,55.599998474121094
2023212N19090,UNNAMED,2023-08-01 18:00:00,22.799999237060547,88.80000305175781,55.599998474121094
2023212N19090,UNNAMED,2023-08-01 21:00:00,22.899999618530273,88.0999984741211,55.599998474121094
2023212N19090,UNNAMED,2023-08-02 00:00:00,23.100000381469727,87.4000015258789,55.599998474121094
2023212N19090,UNNAMED,2023-08-02 03:00:00,23.200000762939453,86.9000015258789,55.599998474121094
2023212N19090,UNNAMED,2023-08-02 06:00:00,23.299999237060547,86.19999694824219,55.599998474121094
2023212N19090,UNNAMED,2023-08-02 09:00:00,23.299999237060547,85.5999984741211,51.900001525878906
2023212N19090,UNNAMED,2023-08-02 12:00:00,23.299999237060547,85.0999984741211,46.29999923706055
2023212N19090,UNNAMED,2023-08-02 15:00:00,23.299999237060547,84.5999984741211,46.29999923706055
2023212N19090,UNNAMED,2023-08-02 18:00:00,23.299999237060547,84.0999984741211,46.29999923706055
2023292N11063,TEJ,2023-10-19 18:00:00,9.899999618530273,62.29999923706055,
2023292N11063,TEJ,2023-10-19 21:00:00,9.699999809265137,62.20000076293945,
2023292N11063,TEJ,2023-10-20 00:00:00,9.5,62.099998474121094,
2023292N11063,TEJ,2023-10-20 03:00:00,9.300000190734863,61.79999923706055,46.29999923706055
2023292N11063,TEJ,2023-10-20 06:00:00,9.300000190734863,61.599998474121094,46.29999923706055
2023292N11063,TEJ,2023-10-20 09:00:00,9.300000190734863,61.29999923706055,51.900001525878906
2023292N11063,TEJ,2023-10-20 12:00:00,9.399999618530273,61.099998474121094,55.599998474121094
2023292N11063,TEJ,2023-10-20 15:00:00,9.5,60.70000076293945,55.599998474121094
2023292N11063,TEJ,2023-10-20 18:00:00,9.600000381469727,60.29999923706055,55.599998474121094
2023292N11063,TEJ,2023-10-20 21:00:00,9.699999809265137,59.70000076293945,61.099998474121094
2023292N11063,TEJ,2023-10-21 00:00:00,9.899999618530273,59.20000076293945,64.80000305175781
2023292N11063,TEJ,2023-10-21 03:00:00,10.100000381469727,58.70000076293945,83.30000305175781
2023292N11063,TEJ,2023-10-21 06:00:00,10.300000190734863,58.29999923706055,92.5999984741211
2023292N11063,TEJ,2023-10-21 09:00:00,10.300000190734863,57.79999923706055,92.5999984741211
2023292N11063,TEJ,2023-10-21 12:00:00,10.699999809265137,57.400001525878906,101.9000015258789
2023292N11063,TEJ,2023-10-21 15:00:00,11.100000381469727,57.0,120.4000015258789
2023292N11063,TEJ,2023-10-21 18:00:00,11.399999618530273,56.599998474121094,138.89999389648438
2023292N11063,TEJ,2023-10-21 21:00:00,11.699999809265137,56.099998474121094,148.1999969482422
2023292N11063,TEJ,2023-10-22 00:00:00,12.100000381469727,55.900001525878906,157.39999389648438
2023292N11063,TEJ,2023-10-22 03:00:00,12.399999618530273,55.400001525878906,175.89999389648438
2023292N11063,TEJ,2023-10-22 06:00:00,12.699999809265137,55.099998474121094,175.89999389648438
2023292N11063,TEJ,2023-10-22 09:00:00,13.0,54.70000076293945,175.89999389648438
2023292N11063,TEJ,2023-10-22 12:00:00,13.399999618530273,54.400001525878906,175.89999389648438
2023292N11063,TEJ,2023-10-22 15:00:00,13.600000381469727,54.099998474121094,175.89999389648438
2023292N11063,TEJ,2023-10-22 18:00:00,13.899999618530273,53.900001525878906,175.89999389648438
2023292N11063,TEJ,2023-10-22 21:00:00,14.100000381469727,53.5,175.89999389648438
2023292N11063,TEJ,2023-10-23 00:00:00,14.300000190734863,53.400001525878906,166.6999969482422
2023292N11063,TEJ,2023-10-23 03:00:00,14.600000381469727,53.099998474121094,157.39999389648438
2023292N11063,TEJ,2023-10-23 06:00:00,14.899999618530273,52.900001525878906,148.1999969482422
2023292N11063,TEJ,2023-10-23 09:00:00,15.100000381469727,52.70000076293945,148.1999969482422
2023292N11063,TEJ,2023-10-23 12:00:00,15.399999618530273,52.70000076293945,138.89999389648438
2023292N11063,TEJ,2023-10-23 15:00:00,15.600000381469727,52.5,129.60000610351562
2023292N11063,TEJ,2023-10-23 18:00:00,15.800000190734863,52.29999923706055,129.60000610351562
2023292N11063,TEJ,2023-10-23 21:00:00,15.800000190734863,52.29999923706055,120.4000015258789
2023292N11063,TEJ,2023-10-24 00:00:00,15.899999618530273,52.29999923706055,111.0999984741211
2023293N12089,HAMOON,2023-10-20 18:00:00,12.800000190734863,88.0,
2023293N12089,HAMOON,2023-10-20 21:00:00,13.0,87.80000305175781,
2023293N12089,HAMOON,2023-10-21 00:00:00,13.199999809265137,87.5,
2023293N12089,HAMOON,2023-10-21 03:00:00,13.399999618530273,87.30000305175781,
2023293N12089,HAMOON,2023-10-21 06:00:00,13.600000381469727,87.0999984741211,
2023293N12089,HAMOON,2023-10-21 09:00:00,14.100000381469727,86.5,
2023293N12089,HAMOON,2023-10-21 12:00:00,14.600000381469727,86.0,
2023293N12089,HAMOON,2023-10-21 15:00:00,15.0,85.80000305175781,
2023293N12089,HAMOON,2023-10-21 18:00:00,15.100000381469727,86.0,46.29999923706055
2023293N12089,HAMOON,2023-10-21 21:00:00,15.199999809265137,86.0999984741211,46.29999923706055
2023293N12089,HAMOON,2023-10-22 00:00:00,15.199999809265137,86.19999694824219,46.29999923706055
2023293N12089,HAMOON,2023-10-22 03:00:00,15.300000190734863,86.19999694824219,46.29999923706055
2023293N12089,HAMOON,2023-10-22 06:00:00,15.5,86.30000305175781,46.29999923706055
2023293N12089,HAMOON,2023-10-22 09:00:00,15.699999809265137,86.4000015258789,46.29999923706055
2023293N12089,HAMOON,2023-10-22 12:00:00,15.899999618530273,86.5999984741211,55.599998474121094
2023293N12089,HAMOON,2023-10-22 15:00:00,16.200000762939453,86.69999694824219,55.599998474121094
2023293N12089,HAMOON,2023-10-22 18:00:00,16.200000762939453,86.80000305175781,55.599998474121094
2023293N12089,HAMOON,2023-10-22 21:00:00,16.399999618530273,86.80000305175781,55.599998474121094
2023293N12089,HAMOON,2023-10-23 00:00:00,16.799999237060547,86.9000015258789,55.599998474121094
2023293N12089,HAMOON,2023-10-23 03:00:00,17.100000381469727,86.9000015258789,55.599998474121094
2023293N12089,HAMOON,2023-10-23 06:00:00,17.5,87.0,55.599998474121094
2023293N12089,HAMOON,2023-10-23 09:00:00,17.899999618530273,87.19999694824219,55.599998474121094
2023293N12089,HAMOON,2023-10-23 12:00:00,18.399999618530273,87.4000015258789,64.80000305175781
2023293N12089,HAMOON,2023-10-23 15:00:00,18.799999237060547,87.80000305175781,74.0999984741211
2023293N12089,HAMOON,2023-10-23 18:00:00,19.200000762939453,88.19999694824219,74.0999984741211
2023293N12089,HAMOON,2023-10-23 21:00:00,19.399999618530273,88.5999984741211,92.5999984741211
2023293N12089,HAMOON,2023-10-24 00:00:00,19.700000762939453,89.0,101.9000015258789
2023293N12089,HAMOON,2023-10-24 03:00:00,20.0,89.5999984741211,120.4000015258789
2023293N12089,HAMOON,2023-10-24 06:00:00,20.299999237060547,90.19999694824219,120.4000015258789
2023293N12089,HAMOON,2023-10-24 09:00:00,20.700000762939453,90.80000305175781,120.4000015258789
2023293N12089,HAMOON,2023-10-24 12:00:00,21.0,91.19999694824219,101.9000015258789
2023293N12089,HAMOON,2023-10-24 15:00:00,20.899999618530273,91.0,101.9000015258789
2023293N12089,HAMOON,2023-10-24 18:00:00,20.899999618530273,90.80000305175781,92.5999984741211
2023317N10094,MIDHILI,2023-11-13 18:00:00,11.800000190734863,91.69999694824219,
2023317N10094,MIDHILI,2023-11-13 21:00:00,12.100000381469727,91.0999984741211,
2023317N10094,MIDHILI,2023-11-14 00:00:00,12.399999618530273,90.5999984741211,
2023317N10094,MIDHILI,2023-11-14 03:00:00,12.699999809265137,90.0,
2023317N10094,MIDHILI,2023-11-14 06:00:00,12.899999618530273,89.4000015258789,
2023317N10094,MIDHILI,2023-11-14 09:00:00,13.199999809265137,88.5999984741211,
2023317N10094,MIDHILI,2023-11-14 12:00:00,13.399999618530273,87.9000015258789,
2023317N10094,MIDHILI,2023-11-14 15:00:00,13.5,87.4000015258789,
2023317N10094,MIDHILI,2023-11-14 18:00:00,13.600000381469727,87.0999984741211,
2023317N10094,MIDHILI,2023-11-14 21:00:00,13.600000381469727,86.69999694824219,
2023317N10094,MIDHILI,2023-11-15 00:00:00,13.800000190734863,86.5,
2023317N10094,MIDHILI,2023-11-15 03:00:00,14.300000190734863,86.5999984741211,46.29999923706055
2023317N10094,MIDHILI,2023-11-15 06:00:00,14.800000190734863,86.69999694824219,46.29999923706055
2023317N10094,MIDHILI,2023-11-15 09:00:00,15.100000381469727,86.69999694824219,46.29999923706055
2023317N10094,MIDHILI,2023-11-15 12:00:00,15.399999618530273,86.69999694824219,46.29999923706055
2023317N10094,MIDHILI,2023-11-15 15:00:00,15.699999809265137,86.5999984741211,46.29999923706055
2023317N10094,MIDHILI,2023-11-15 18:00:00,16.100000381469727,86.69999694824219,46.29999923706055
2023317N10094,MIDHILI,2023-11-15 21:00:00,16.600000381469727,86.80000305175781,51.900001525878906
2023317N10094,MIDHILI,2023-11-16 00:00:00,17.200000762939453,87.0,55.599998474121094
2023317N10094,MIDHILI,2023-11-16 03:00:00,17.5,87.0999984741211,55.599998474121094
2023317N10094,MIDHILI,2023-11-16 06:00:00,17.899999618530273,87.30000305175781,55.599998474121094
2023317N10094,MIDHILI,2023-11-16 09:00:00,18.299999237060547,87.5,55.599998474121094
2023317N10094,MIDHILI,2023-11-16 12:00:00,18.600000381469727,87.5999984741211,55.599998474121094
2023317N10094,MIDHILI,2023-11-16 15:00:00,18.799999237060547,87.9000015258789,55.599998474121094
2023317N10094,MIDHILI,2023-11-16 18:00:00,19.200000762939453,88.0999984741211,55.599998474121094
2023317N10094,MIDHILI,2023-11-16 21:00:00,19.600000381469727,88.30000305175781,61.099998474121094
2023317N10094,MIDHILI,2023-11-17 00:00:00,20.200000762939453,88.69999694824219,64.80000305175781
2023317N10094,MIDHILI,2023-11-17 03:00:00,20.799999237060547,89.19999694824219,74.0999984741211
2023317N10094,MIDHILI,2023-11-17 06:00:00,21.399999618530273,89.69999694824219,83.30000305175781
2023317N10094,MIDHILI,2023-11-17 09:00:00,22.100000381469727,90.30000305175781,92.5999984741211
2023317N10094,MIDHILI,2023-11-17 12:00:00,23.0,91.0,74.0999984741211
2023334N08088,MICHAUNG,2023-11-30 18:00:00,8.399999618530273,86.4000015258789,
2023334N08088,MICHAUNG,2023-11-30 21:00:00,8.5,86.0,
2023334N08088,MICHAUNG,2023-12-01 00:00:00,8.800000190734863,85.80000305175781,37.0
2023334N08088,MICHAUNG,2023-12-01 03:00:00,9.0,85.5999984741211,37.0
2023334N08088,MICHAUNG,2023-12-01 06:00:00,9.199999809265137,85.4000015258789,46.29999923706055
2023334N08088,MICHAUNG,2023-12-01 09:00:00,9.5,85.30000305175781,46.29999923706055
2023334N08088,MICHAUNG,2023-12-01 12:00:00,9.699999809265137,85.0999984741211,46.29999923706055
2023334N08088,MICHAUNG,2023-12-01 15:00:00,9.800000190734863,85.0,46.29999923706055
2023334N08088,MICHAUNG,2023-12-01 18:00:00,9.899999618530273,84.80000305175781,46.29999923706055
2023334N08088,MICHAUNG,2023-12-01 21:00:00,9.899999618530273,84.5,51.900001525878906
2023334N08088,MICHAUNG,2023-12-02 00:00:00,10.100000381469727,84.0999984741211,55.599998474121094
2023334N08088,MICHAUNG,2023-12-02 03:00:00,10.199999809265137,83.80000305175781,55.599998474121094
2023334N08088,MICHAUNG,2023-12-02 06:00:00,10.300000190734863,83.5999984741211,55.599998474121094
2023334N08088,MICHAUNG,2023-12-02 09:00:00,10.399999618530273,83.5,55.599998474121094
2023334N08088,MICHAUNG,2023-12-02 12:00:00,10.5,83.5,55.599998474121094
2023334N08088,MICHAUNG,2023-12-02 15:00:00,10.699999809265137,83.30000305175781,55.599998474121094
2023334N08088,MICHAUNG,2023-12-02 18:00:00,10.800000190734863,83.0999984741211,55.599998474121094
2023334N08088,MICHAUNG,2023-12-02 21:00:00,11.0,83.0,61.099998474121094
2023334N08088,MICHAUNG,2023-12-03 00:00:00,11.300000190734863,82.9000015258789,64.80000305175781
2023334N08088,MICHAUNG,2023-12-03 03:00:00,11.5,82.69999694824219,64.80000305175781
2023334N08088,MICHAUNG,2023-12-03 06:00:00,11.899999618530273,82.5,64.80000305175781
2023334N08088,MICHAUNG,2023-12-03 09:00:00,12.100000381469727,82.4000015258789,64.80000305175781
2023334N08088,MICHAUNG,2023-12-03 12:00:00,12.300000190734863,82.30000305175781,64.80000305175781
2023334N08088,MICHAUNG,2023-12-03 15:00:00,12.5,82.0999984741211,74.0999984741211
2023334N08088,MICHAUNG,2023-12-03 18:00:00,12.800000190734863,81.80000305175781,83.30000305175781
2023334N08088,MICHAUNG,2023-12-03 21:00:00,12.899999618530273,81.5999984741211,83.30000305175781
2023334N08088,MICHAUNG,2023-12-04 00:00:00,13.100000381469727,81.4000015258789,83.30000305175781
2023334N08088,MICHAUNG,2023-12-04 03:00:00,13.300000190734863,81.0999984741211,92.5999984741211
2023334N08088,MICHAUNG,2023-12-04 06:00:00,13.5,80.9000015258789,92.5999984741211
2023334N08088,MICHAUNG,2023-12-04 09:00:00,13.699999809265137,80.69999694824219,92.5999984741211
2023334N08088,MICHAUNG,2023-12-04 12:00:00,14.0,80.5999984741211,101.9000015258789
2023334N08088,MICHAUNG,2023-12-04 15:00:00,14.199999809265137,80.4000015258789,101.9000015258789
2023334N08088,MICHAUNG,2023-12-04 18:00:00,14.399999618530273,80.30000305175781,101.9000015258789
2023334N08088,MICHAUNG,2023-12-04 21:00:00,14.600000381469727,80.19999694824219,101.9000015258789
2023334N08088,MICHAUNG,2023-12-05 00:00:00,14.899999618530273,80.0999984741211,92.5999984741211
2023334N08088,MICHAUNG,2023-12-05 03:00:00,15.199999809265137,80.0999984741211,92.5999984741211
2023334N08088,MICHAUNG,2023-12-05 06:00:00,15.600000381469727,80.19999694824219,92.5999984741211
2023334N08088,MICHAUNG,2023-12-05 09:00:00,15.800000190734863,80.19999694824219,92.5999984741211
2023334N08088,MICHAUNG,2023-12-05 12:00:00,16.0,80.19999694824219,74.0999984741211
2023334N08088,MICHAUNG,2023-12-05 15:00:00,16.399999618530273,80.30000305175781,64.80000305175781
2023334N08088,MICHAUNG,2023-12-05 18:00:00,16.899999618530273,80.4000015258789,55.599998474121094
2024145N14087,REMAL,2024-05-24 00:00:00,15.199999809265137,88.5999984741211,46.29999923706055
2024145N14087,REMAL,2024-05-24 03:00:00,15.5,89.0,46.29999923706055
2024145N14087,REMAL,2024-05-24 06:00:00,15.899999618530273,89.30000305175781,46.29999923706055
2024145N14087,REMAL,2024-05-24 09:00:00,16.100000381469727,89.4000015258789,46.29999923706055
2024145N14087,REMAL,2024-05-24 12:00:00,16.399999618530273,89.5999984741211,46.29999923706055
2024145N14087,REMAL,2024-05-24 15:00:00,16.700000762939453,89.69999694824219,46.29999923706055
2024145N14087,REMAL,2024-05-24 18:00:00,17.0,89.9000015258789,46.29999923706055
2024145N14087,REMAL,2024-05-24 21:00:00,17.200000762939453,89.9000015258789,51.900001525878906
2024145N14087,REMAL,2024-05-25 00:00:00,17.600000381469727,90.0,55.599998474121094
2024145N14087,REMAL,2024-05-25 03:00:00,17.899999618530273,89.80000305175781,55.599998474121094
2024145N14087,REMAL,2024-05-25 06:00:00,18.200000762939453,89.5999984741211,55.599998474121094
2024145N14087,REMAL,2024-05-25 09:00:00,18.399999618530273,89.5,61.099998474121094
2024145N14087,REMAL,2024-05-25 12:00:00,18.700000762939453,89.30000305175781,64.80000305175781
2024145N14087,REMAL,2024-05-25 15:00:00,18.899999618530273,89.19999694824219,64.80000305175781
2024145N14087,REMAL,2024-05-25 18:00:00,19.200000762939453,89.19999694824219,74.0999984741211
2024145N14087,REMAL,2024-05-25 21:00:00,19.399999618530273,89.19999694824219,83.30000305175781
2024145N14087,REMAL,2024-05-26 00:00:00,19.600000381469727,89.19999694824219,92.5999984741211
2024145N14087,REMAL,2024-05-26 03:00:00,19.899999618530273,89.0999984741211,92.5999984741211
2024145N14087,REMAL,2024-05-26 06:00:00,20.299999237060547,89.0999984741211,92.5999984741211
2024145N14087,REMAL,2024-05-26 09:00:00,20.600000381469727,89.0999984741211,101.9000015258789
2024145N14087,REMAL,2024-05-26 12:00:00,21.200000762939453,89.0999984741211,111.0999984741211
2024145N14087,REMAL,2024-05-26 14:00:00,21.5,89.0,111.0999984741211
2024145N14087,REMAL,2024-05-26 15:00:00,21.600000381469727,89.0,111.0999984741211
2024145N14087,REMAL,2024-05-26 18:00:00,22.0,88.9000015258789,111.0999984741211
2024145N14087,REMAL,2024-05-26 21:00:00,22.200000762939453,88.9000015258789,101.9000015258789
2024145N14087,REMAL,2024-05-27 00:00:00,22.600000381469727,89.0,83.30000305175781
2024145N14087,REMAL,2024-05-27 03:00:00,22.799999237060547,89.0999984741211,74.0999984741211
2024145N14087,REMAL,2024-05-27 06:00:00,23.100000381469727,89.0999984741211,64.80000305175781
2024145N14087,REMAL,2024-05-27 09:00:00,23.299999237060547,89.30000305175781,64.80000305175781
2024145N14087,REMAL,2024-05-27 12:00:00,23.600000381469727,89.5999984741211,64.80000305175781
2024145N14087,REMAL,2024-05-27 15:00:00,23.799999237060547,90.0999984741211,55.599998474121094
2024145N14087,REMAL,2024-05-27 18:00:00,24.100000381469727,90.5,55.599998474121094
2024201N19086,UNNAMED,2024-07-19 15:00:00,19.5,85.5999984741211,46.29999923706055
2024201N19086,UNNAMED,2024-07-19 18:00:00,19.5,85.5999984741211,46.29999923706055
2024216N24085,UNNAMED,2024-08-03 00:00:00,24.299999237060547,84.5999984741211,46.29999923706055
2024216N24085,UNNAMED,2024-08-03 03:00:00,24.399999618530273,84.4000015258789,55.599998474121094
2024216N24085,UNNAMED,2024-08-03 06:00:00,24.5,84.19999694824219,55.599998474121094
2024216N24085,UNNAMED,2024-08-03 09:00:00,24.700000762939453,83.69999694824219,55.599998474121094
2024216N24085,UNNAMED,2024-08-03 12:00:00,24.799999237060547,83.0,55.599998474121094
2024216N24085,UNNAMED,2024-08-03 15:00:00,24.799999237060547,82.19999694824219,55.599998474121094
2024216N24085,UNNAMED,2024-08-03 18:00:00,24.799999237060547,81.5,55.599998474121094
2024216N24085,UNNAMED,2024-08-03 21:00:00,24.799999237060547,81.19999694824219,55.599998474121094
2024216N24085,UNNAMED,2024-08-04 00:00:00,24.899999618530273,81.0,55.599998474121094
2024216N24085,UNNAMED,2024-08-04 03:00:00,25.0,80.69999694824219,55.599998474121094
2024216N24085,UNNAMED,2024-08-04 06:00:00,25.299999237060547,79.5999984741211,55.599998474121094
2024216N24085,UNNAMED,2024-08-04 09:00:00,25.600000381469727,78.9000015258789,55.599998474121094
2024216N24085,UNNAMED,2024-08-04 12:00:00,25.799999237060547,78.4000015258789,55.599998474121094
2024216N24085,UNNAMED,2024-08-04 15:00:00,25.899999618530273,78.0,55.599998474121094
2024216N24085,UNNAMED,2024-08-04 18:00:00,26.0,77.5999984741211,55.599998474121094
2024216N24085,UNNAMED,2024-08-04 21:00:00,26.100000381469727,76.9000015258789,51.900001525878906
2024216N24085,UNNAMED,2024-08-05 00:00:00,26.299999237060547,76.19999694824219,46.29999923706055
2024216N24085,UNNAMED,2024-08-05 03:00:00,26.5,75.5999984741211,46.29999923706055
2024216N24085,UNNAMED,2024-08-05 06:00:00,26.799999237060547,75.19999694824219,46.29999923706055
2024238N25077,ASNA,2024-08-25 12:00:00,24.399999618530273,75.5999984741211,46.29999923706055
2024238N25077,ASNA,2024-08-25 15:00:00,24.299999237060547,75.0999984741211,51.900001525878906
2024238N25077,ASNA,2024-08-25 18:00:00,24.299999237060547,74.69999694824219,55.599998474121094
2024238N25077,ASNA,2024-08-25 21:00:00,24.299999237060547,74.4000015258789,55.599998474121094
2024238N25077,ASNA,2024-08-26 00:00:00,24.200000762939453,74.19999694824219,55.599998474121094
2024238N25077,ASNA,2024-08-26 03:00:00,24.100000381469727,74.0,55.599998474121094
2024238N25077,ASNA,2024-08-26 06:00:00,23.799999237060547,73.5999984741211,55.599998474121094
2024238N25077,ASNA,2024-08-26 09:00:00,23.700000762939453,73.30000305175781,55.599998474121094
2024238N25077,ASNA,2024-08-26 12:00:00,23.799999237060547,73.0,55.599998474121094
2024238N25077,ASNA,2024-08-26 15:00:00,23.799999237060547,72.69999694824219,55.599998474121094
2024238N25077,ASNA,2024-08-26 18:00:00,23.799999237060547,72.4000015258789,55.599998474121094
2024238N25077,ASNA,2024-08-26 21:00:00,23.799999237060547,72.30000305175781,55.599998474121094
2024238N25077,ASNA,2024-08-27 00:00:00,23.799999237060547,72.19999694824219,55.599998474121094
2024238N25077,ASNA,2024-08-27 03:00:00,23.799999237060547,72.0,55.599998474121094
2024238N25077,ASNA,2024-08-27 06:00:00,23.700000762939453,71.69999694824219,55.599998474121094
2024238N25077,ASNA,2024-08-27 09:00:00,23.700000762939453,71.30000305175781,55.599998474121094
2024238N25077,ASNA,2024-08-27 12:00:00,23.799999237060547,70.9000015258789,55.599998474121094
2024238N25077,ASNA,2024-08-27 15:00:00,23.899999618530273,70.5999984741211,55.599998474121094
2024238N25077,ASNA,2024-08-27 18:00:00,24.0,70.4000015258789,55.599998474121094
2024238N25077,ASNA,2024-08-27 21:00:00,24.0,70.0999984741211,55.599998474121094
2024238N25077,ASNA,2024-08-28 00:00:00,24.0,70.0,55.599998474121094
2024238N25077,ASNA,2024-08-28 03:00:00,24.0,69.80000305175781,55.599998474121094
2024238N25077,ASNA,2024-08-28 06:00:00,23.899999618530273,69.80000305175781,55.599998474121094
2024238N25077,ASNA,2024-08-28 09:00:00,23.799999237060547,69.80000305175781,55.599998474121094
2024238N25077,ASNA,2024-08-28 12:00:00,23.799999237060547,69.80000305175781,55.599998474121094
2024238N25077,ASNA,2024-08-28 15:00:00,23.799999237060547,69.80000305175781,55.599998474121094
2024238N25077,ASNA,2024-08-28 18:00:00,23.799999237060547,69.69999694824219,55.599998474121094
2024238N25077,ASNA,2024-08-28 21:00:00,23.799999237060547,69.5999984741211,55.599998474121094
2024238N25077,ASNA,2024-08-29 00:00:00,23.799999237060547,69.5,55.599998474121094
2024238N25077,ASNA,2024-08-29 03:00:00,23.700000762939453,69.4000015258789,55.599998474121094
2024238N25077,ASNA,2024-08-29 06:00:00,23.700000762939453,69.5,55.599998474121094
2024238N25077,ASNA,2024-08-29 09:00:00,23.600000381469727,69.4000015258789,55.599998474121094
2024238N25077,ASNA,2024-08-29 12:00:00,23.600000381469727,69.30000305175781,55.599998474121094
2024238N25077,ASNA,2024-08-29 15:00:00,23.5,69.19999694824219,55.599998474121094
2024238N25077,ASNA,2024-08-29 18:00:00,23.5,69.0,55.599998474121094
2024238N25077,ASNA,2024-08-29 21:00:00,23.399999618530273,68.69999694824219,55.599998474121094
2024238N25077,ASNA,2024-08-30 00:00:00,23.299999237060547,68.5,55.599998474121094
2024238N25077,ASNA,2024-08-30 03:00:00,23.299999237060547,68.19999694824219,55.599998474121094
2024238N25077,ASNA,2024-08-30 06:00:00,23.399999618530273,68.0,64.80000305175781
2024238N25077,ASNA,2024-08-30 09:00:00,23.399999618530273,67.5,64.80000305175781
2024238N25077,ASNA,2024-08-30 12:00:00,23.399999618530273,67.0999984741211,64.80000305175781
2024238N25077,ASNA,2024-08-30 15:00:00,23.5,66.9000015258789,64.80000305175781
2024238N25077,ASNA,2024-08-30 18:00:00,23.600000381469727,66.4000015258789,64.80000305175781
2024238N25077,ASNA,2024-08-30 21:00:00,23.5,66.0999984741211,64.80000305175781
2024238N25077,ASNA,2024-08-31 00:00:00,23.5,65.69999694824219,74.0999984741211
2024238N25077,ASNA,2024-08-31 03:00:00,23.5,65.19999694824219,74.0999984741211
2024238N25077,ASNA,2024-08-31 06:00:00,23.5,64.9000015258789,74.0999984741211
2024238N25077,ASNA,2024-08-31 09:00:00,23.399999618530273,64.4000015258789,74.0999984741211
2024238N25077,ASNA,2024-08-31 12:00:00,23.5,64.19999694824219,74.0999984741211
2024238N25077,ASNA,2024-08-31 15:00:00,23.399999618530273,63.70000076293945,74.0999984741211
2024238N25077,ASNA,2024-08-31 18:00:00,23.399999618530273,63.5,74.0999984741211
2024238N25077,ASNA,2024-08-31 21:00:00,23.299999237060547,63.0,74.0999984741211
2024238N25077,ASNA,2024-09-01 00:00:00,23.100000381469727,62.599998474121094,74.0999984741211
2024238N25077,ASNA,2024-09-01 03:00:00,22.899999618530273,62.29999923706055,64.80000305175781
2024238N25077,ASNA,2024-09-01 06:00:00,22.700000762939453,62.099998474121094,64.80000305175781
2024238N25077,ASNA,2024-09-01 09:00:00,22.5,61.900001525878906,64.80000305175781
2024238N25077,ASNA,2024-09-01 12:00:00,22.200000762939453,61.79999923706055,55.599998474121094
2024238N25077,ASNA,2024-09-01 15:00:00,21.899999618530273,61.70000076293945,55.599998474121094
2024238N25077,ASNA,2024-09-01 18:00:00,21.700000762939453,61.599998474121094,55.599998474121094
2024238N25077,ASNA,2024-09-01 21:00:00,21.399999618530273,61.5,46.29999923706055
2024238N25077,ASNA,2024-09-02 00:00:00,21.200000762939453,61.400001525878906,37.0
2024238N25077,ASNA,2024-09-02 03:00:00,20.899999618530273,61.20000076293945,37.0
2024238N25077,ASNA,2024-09-02 06:00:00,20.600000381469727,61.099998474121094,
2024238N25077,ASNA,2024-09-02 09:00:00,20.399999618530273,61.0,
2024238N25077,ASNA,2024-09-02 12:00:00,20.200000762939453,61.0,
2024238N25077,ASNA,2024-09-02 15:00:00,19.899999618530273,60.900001525878906,
2024238N25077,ASNA,2024-09-02 18:00:00,19.700000762939453,60.900001525878906,
2024244N18085,UNNAMED,2024-08-31 12:00:00,18.100000381469727,84.0,46.29999923706055
2024244N18085,UNNAMED,2024-08-31 15:00:00,18.100000381469727,83.9000015258789,46.29999923706055
2024244N18085,UNNAMED,2024-08-31 18:00:00,18.200000762939453,83.80000305175781,46.29999923706055
2024244N18085,UNNAMED,2024-08-31 21:00:00,18.299999237060547,83.5,46.29999923706055
2024244N18085,UNNAMED,2024-09-01 00:00:00,18.5,83.0,46.29999923706055
2024244N18085,UNNAMED,2024-09-01 03:00:00,18.700000762939453,82.4000015258789,46.29999923706055
2024244N18085,UNNAMED,2024-09-01 06:00:00,18.700000762939453,82.0999984741211,37.0
2024244N18085,UNNAMED,2024-09-01 09:00:00,18.799999237060547,81.69999694824219,37.0
2024244N18085,UNNAMED,2024-09-01 12:00:00,19.0,81.19999694824219,37.0
2024244N18085,UNNAMED,2024-09-01 15:00:00,19.200000762939453,80.80000305175781,37.0
2024244N18085,UNNAMED,2024-09-01 18:00:00,19.299999237060547,80.4000015258789,37.0
2024252N18087,UNNAMED,2024-09-08 12:00:00,18.600000381469727,86.4000015258789,46.29999923706055
2024252N18087,UNNAMED,2024-09-08 15:00:00,18.700000762939453,86.30000305175781,51.900001525878906
2024252N18087,UNNAMED,2024-09-08 18:00:00,18.899999618530273,86.30000305175781,55.599998474121094
2024252N18087,UNNAMED,2024-09-08 21:00:00,19.100000381469727,86.19999694824219,55.599998474121094
2024252N18087,UNNAMED,2024-09-09 00:00:00,19.299999237060547,86.19999694824219,55.599998474121094
2024252N18087,UNNAMED,2024-09-09 03:00:00,19.600000381469727,86.19999694824219,55.599998474121094
2024252N18087,UNNAMED,2024-09-09 06:00:00,20.0,86.0,55.599998474121094
2024252N18087,UNNAMED,2024-09-09 09:00:00,20.399999618530273,85.5999984741211,55.599998474121094
2024252N18087,UNNAMED,2024-09-09 12:00:00,20.799999237060547,85.0999984741211,55.599998474121094
2024252N18087,UNNAMED,2024-09-09 15:00:00,21.100000381469727,84.80000305175781,51.900001525878906
2024252N18087,UNNAMED,2024-09-09 18:00:00,21.299999237060547,84.4000015258789,46.29999923706055
2024255N24080,UNNAMED,2024-09-11 15:00:00,25.600000381469727,78.9000015258789,46.29999923706055
2024255N24080,UNNAMED,2024-09-11 18:00:00,26.200000762939453,78.19999694824219,46.29999923706055
2024255N24080,UNNAMED,2024-09-11 21:00:00,26.5,78.0999984741211,46.29999923706055
2024255N24080,UNNAMED,2024-09-12 00:00:00,26.700000762939453,78.30000305175781,46.29999923706055
2024255N24080,UNNAMED,2024-09-12 03:00:00,27.0,78.5,46.29999923706055
2024255N24080,UNNAMED,2024-09-12 06:00:00,27.299999237060547,78.69999694824219,46.29999923706055
2024255N24080,UNNAMED,2024-09-12 09:00:00,27.399999618530273,78.9000015258789,42.599998474121094
2024255N24080,UNNAMED,2024-09-12 12:00:00,27.5,79.0999984741211,37.0
2024258N22091,UNNAMED,2024-09-14 00:00:00,22.5,89.5999984741211,55.599998474121094
2024258N22091,UNNAMED,2024-09-14 03:00:00,22.700000762939453,88.80000305175781,55.599998474121094
2024258N22091,UNNAMED,2024-09-14 06:00:00,22.399999618530273,88.30000305175781,55.599998474121094
2024258N22091,UNNAMED,2024-09-14 09:00:00,22.299999237060547,88.30000305175781,55.599998474121094
2024258N22091,UNNAMED,2024-09-14 12:00:00,22.399999618530273,88.5,55.599998474121094
2024258N22091,UNNAMED,2024-09-14 15:00:00,22.5,88.5999984741211,55.599998474121094
2024258N22091,UNNAMED,2024-09-14 18:00:00,22.600000381469727,88.5,55.599998474121094
2024258N22091,UNNAMED,2024-09-14 21:00:00,22.600000381469727,88.30000305175781,55.599998474121094
2024258N22091,UNNAMED,2024-09-15 00:00:00,22.600000381469727,88.0,55.599998474121094
2024258N22091,UNNAMED,2024-09-15 03:00:00,22.600000381469727,87.80000305175781,55.599998474121094
2024258N22091,UNNAMED,2024-09-15 06:00:00,22.700000762939453,87.5999984741211,55.599998474121094
2024258N22091,UNNAMED,2024-09-15 09:00:00,22.799999237060547,87.5,55.599998474121094
2024258N22091,UNNAMED,2024-09-15 12:00:00,22.799999237060547,87.4000015258789,55.599998474121094
2024258N22091,UNNAMED,2024-09-15 15:00:00,22.799999237060547,87.30000305175781,55.599998474121094
2024258N22091,UNNAMED,2024-09-15 18:00:00,22.899999618530273,87.19999694824219,55.599998474121094
2024258N22091,UNNAMED,2024-09-15 21:00:00,22.899999618530273,87.0999984741211,55.599998474121094
2024258N22091,UNNAMED,2024-09-16 00:00:00,23.0,87.0,55.599998474121094
2024258N22091,UNNAMED,2024-09-16 03:00:00,23.100000381469727,86.69999694824219,55.599998474121094
2024258N22091,UNNAMED,2024-09-16 06:00:00,23.200000762939453,86.4000015258789,55.599998474121094
2024258N22091,UNNAMED,2024-09-16 09:00:00,23.299999237060547,85.80000305175781,55.599998474121094
2024258N22091,UNNAMED,2024-09-16 12:00:00,23.299999237060547,85.19999694824219,55.599998474121094
2024258N22091,UNNAMED,2024-09-16 15:00:00,23.299999237060547,84.80000305175781,55.599998474121094
2024258N22091,UNNAMED,2024-09-16 18:00:00,23.399999618530273,84.5999984741211,55.599998474121094
2024258N22091,UNNAMED,2024-09-16 21:00:00,23.5,84.4000015258789,51.900001525878906
2024258N22091,UNNAMED,2024-09-17 00:00:00,23.600000381469727,84.19999694824219,46.29999923706055
2024258N22091,UNNAMED,2024-09-17 03:00:00,23.700000762939453,83.69999694824219,46.29999923706055
2024258N22091,UNNAMED,2024-09-17 06:00:00,23.700000762939453,82.69999694824219,37.0
2024288N16065,UNNAMED,2024-10-14 00:00:00,15.800000190734863,64.5,37.0
2024288N16065,UNNAMED,2024-10-14 03:00:00,15.800000190734863,64.30000305175781,46.29999923706055
2024288N16065,UNNAMED,2024-10-14 06:00:00,16.0,64.0,46.29999923706055
2024288N16065,UNNAMED,2024-10-14 09:00:00,16.100000381469727,63.0,46.29999923706055
2024288N16065,UNNAMED,2024-10-14 12:00:00,16.100000381469727,62.0,46.29999923706055
2024288N16065,UNNAMED,2024-10-14 15:00:00,16.100000381469727,61.599998474121094,46.29999923706055
2024288N16065,UNNAMED,2024-10-14 18:00:00,16.100000381469727,61.5,46.29999923706055
2024288N16065,UNNAMED,2024-10-14 21:00:00,16.0,61.29999923706055,42.599998474121094
2024288N16065,UNNAMED,2024-10-15 00:00:00,16.100000381469727,61.0,37.0
2024290N11084,UNNAMED,2024-10-16 00:00:00,12.100000381469727,83.4000015258789,37.0
2024290N11084,UNNAMED,2024-10-16 03:00:00,12.300000190734863,83.0,46.29999923706055
2024290N11084,UNNAMED,2024-10-16 06:00:00,12.5,82.69999694824219,46.29999923706055
2024295N15092,DANA,2024-10-21 18:00:00,15.199999809265137,92.0,
2024295N15092,DANA,2024-10-21 21:00:00,15.100000381469727,92.0,
2024295N15092,DANA,2024-10-22 00:00:00,15.199999809265137,91.9000015258789,37.0
2024295N15092,DANA,2024-10-22 03:00:00,15.199999809265137,91.80000305175781,37.0
2024295N15092,DANA,2024-10-22 06:00:00,15.300000190734863,91.5999984741211,46.29999923706055
2024295N15092,DANA,2024-10-22 09:00:00,15.300000190734863,91.5,51.900001525878906
2024295N15092,DANA,2024-10-22 12:00:00,15.399999618530273,91.4000015258789,55.599998474121094
2024295N15092,DANA,2024-10-22 15:00:00,15.5,91.0999984741211,55.599998474121094
2024295N15092,DANA,2024-10-22 18:00:00,15.600000381469727,90.69999694824219,55.599998474121094
2024295N15092,DANA,2024-10-22 21:00:00,15.800000190734863,90.30000305175781,61.099998474121094
2024295N15092,DANA,2024-10-23 00:00:00,16.100000381469727,89.9000015258789,64.80000305175781
2024295N15092,DANA,2024-10-23 03:00:00,16.399999618530273,89.5999984741211,64.80000305175781
2024295N15092,DANA,2024-10-23 06:00:00,16.700000762939453,89.30000305175781,74.0999984741211
2024295N15092,DANA,2024-10-23 09:00:00,16.899999618530273,89.0999984741211,83.30000305175781
2024295N15092,DANA,2024-10-23 12:00:00,17.299999237060547,89.0,83.30000305175781
2024295N15092,DANA,2024-10-23 15:00:00,17.600000381469727,88.80000305175781,83.30000305175781
2024295N15092,DANA,2024-10-23 18:00:00,18.0,88.69999694824219,92.5999984741211
2024295N15092,DANA,2024-10-23 21:00:00,18.299999237060547,88.4000015258789,92.5999984741211
2024295N15092,DANA,2024-10-24 00:00:00,18.700000762939453,88.19999694824219,101.9000015258789
2024295N15092,DANA,2024-10-24 03:00:00,19.0,88.0,101.9000015258789
2024295N15092,DANA,2024-10-24 06:00:00,19.299999237060547,87.80000305175781,101.9000015258789
2024295N15092,DANA,2024-10-24 09:00:00,19.5,87.5999984741211,111.0999984741211
2024295N15092,DANA,2024-10-24 12:00:00,19.799999237060547,87.5,111.0999984741211
2024295N15092,DANA,2024-10-24 15:00:00,20.100000381469727,87.30000305175781,111.0999984741211
2024295N15092,DANA,2024-10-24 18:00:00,20.5,87.0999984741211,101.9000015258789
2024295N15092,DANA,2024-10-24 21:00:00,20.700000762939453,87.0,101.9000015258789
2024295N15092,DANA,2024-10-25 00:00:00,20.899999618530273,86.9000015258789,92.5999984741211
2024295N15092,DANA,2024-10-25 03:00:00,21.100000381469727,86.80000305175781,83.30000305175781
2024295N15092,DANA,2024-10-25 06:00:00,21.200000762939453,86.69999694824219,64.80000305175781
2024295N15092,DANA,2024-10-25 09:00:00,21.299999237060547,86.5999984741211,55.599998474121094
2024295N15092,DANA,2024-10-25 12:00:00,21.299999237060547,86.5,55.599998474121094
2024329N04089,FENGAL,2024-11-24 06:00:00,3.799999952316284,86.80000305175781,
2024329N04089,FENGAL,2024-11-24 09:00:00,3.9000000953674316,86.19999694824219,
2024329N04089,FENGAL,2024-11-24 12:00:00,4.0,85.5999984741211,
2024329N04089,FENGAL,2024-11-24 15:00:00,4.099999904632568,85.0999984741211,
2024329N04089,FENGAL,2024-11-24 18:00:00,4.199999809265137,84.69999694824219,
2024329N04089,FENGAL,2024-11-24 21:00:00,4.300000190734863,84.30000305175781,
2024329N04089,FENGAL,2024-11-25 00:00:00,4.300000190734863,83.9000015258789,
2024329N04089,FENGAL,2024-11-25 03:00:00,4.400000095367432,83.9000015258789,37.0
2024329N04089,FENGAL,2024-11-25 06:00:00,4.599999904632568,83.5999984741211,37.0
2024329N04089,FENGAL,2024-11-25 09:00:00,4.900000095367432,83.4000015258789,42.599998474121094
2024329N04089,FENGAL,2024-11-25 12:00:00,5.199999809265137,83.30000305175781,46.29999923706055
2024329N04089,FENGAL,2024-11-25 15:00:00,5.400000095367432,83.0999984741211,46.29999923706055
2024329N04089,FENGAL,2024-11-25 18:00:00,5.599999904632568,83.0999984741211,46.29999923706055
2024329N04089,FENGAL,2024-11-25 21:00:00,5.800000190734863,83.0999984741211,46.29999923706055
2024329N04089,FENGAL,2024-11-26 00:00:00,6.099999904632568,83.0999984741211,46.29999923706055
2024329N04089,FENGAL,2024-11-26 03:00:00,6.400000095367432,82.9000015258789,55.599998474121094
2024329N04089,FENGAL,2024-11-26 06:00:00,6.800000190734863,82.9000015258789,55.599998474121094
2024329N04089,FENGAL,2024-11-26 09:00:00,7.099999904632568,82.80000305175781,55.599998474121094
2024329N04089,FENGAL,2024-11-26 12:00:00,7.300000190734863,82.80000305175781,55.599998474121094
2024329N04089,FENGAL,2024-11-26 15:00:00,7.5,82.69999694824219,55.599998474121094
2024329N04089,FENGAL,2024-11-26 18:00:00,7.800000190734863,82.5999984741211,55.599998474121094
2024329N04089,FENGAL,2024-11-26 21:00:00,8.100000381469727,82.5,55.599998474121094
2024329N04089,FENGAL,2024-11-27 00:00:00,8.300000190734863,82.4000015258789,55.599998474121094
2024329N04089,FENGAL,2024-11-27 03:00:00,8.5,82.30000305175781,55.599998474121094
2024329N04089,FENGAL,2024-11-27 06:00:00,8.699999809265137,82.30000305175781,55.599998474121094
2024329N04089,FENGAL,2024-11-27 09:00:00,8.800000190734863,82.19999694824219,55.599998474121094
2024329N04089,FENGAL,2024-11-27 12:00:00,8.800000190734863,82.30000305175781,55.599998474121094
2024329N04089,FENGAL,2024-11-27 15:00:00,8.899999618530273,82.5,55.599998474121094
2024329N04089,FENGAL,2024-11-27 18:00:00,9.0,82.69999694824219,55.599998474121094
2024329N04089,FENGAL,2024-11-27 21:00:00,9.100000381469727,82.69999694824219,55.599998474121094
2024329N04089,FENGAL,2024-11-28 00:00:00,9.199999809265137,82.80000305175781,55.599998474121094
2024329N04089,FENGAL,2024-11-28 03:00:00,9.199999809265137,83.0,55.599998474121094
2024329N04089,FENGAL,2024-11-28 06:00:00,9.300000190734863,83.19999694824219,55.599998474121094
2024329N04089,FENGAL,2024-11-28 09:00:00,9.399999618530273,83.30000305175781,55.599998474121094
2024329N04089,FENGAL,2024-11-28 12:00:00,9.600000381469727,83.4000015258789,55.599998474121094
2024329N04089,FENGAL,2024-11-28 15:00:00,9.899999618530273,83.5,55.599998474121094
2024329N04089,FENGAL,2024-11-28 18:00:00,10.199999809265137,83.5,55.599998474121094
2024329N04089,FENGAL,2024-11-28 21:00:00,10.5,83.19999694824219,55.599998474121094
2024329N04089,FENGAL,2024-11-29 00:00:00,10.699999809265137,82.9000015258789,55.599998474121094
2024329N04089,FENGAL,2024-11-29 03:00:00,10.899999618530273,82.69999694824219,55.599998474121094
2024329N04089,FENGAL,2024-11-29 06:00:00,11.199999809265137,82.5999984741211,55.599998474121094
2024329N04089,FENGAL,2024-11-29 09:00:00,11.399999618530273,82.30000305175781,64.80000305175781
2024329N04089,FENGAL,2024-11-29 12:00:00,11.699999809265137,82.0999984741211,64.80000305175781
2024329N04089,FENGAL,2024-11-29 15:00:00,11.899999618530273,81.80000305175781,64.80000305175781
2024329N04089,FENGAL,2024-11-29 18:00:00,12.100000381469727,81.80000305175781,64.80000305175781
2024329N04089,FENGAL,2024-11-29 21:00:00,12.199999809265137,81.5999984741211,74.0999984741211
2024329N04089,FENGAL,2024-11-30 00:00:00,12.399999618530273,81.30000305175781,83.30000305175781
2024329N04089,FENGAL,2024-11-30 03:00:00,12.399999618530273,81.0,83.30000305175781
2024329N04089,FENGAL,2024-11-30 06:00:00,12.300000190734863,80.9000015258789,83.30000305175781
2024329N04089,FENGAL,2024-11-30 09:00:00,12.300000190734863,80.69999694824219,83.30000305175781
2024329N04089,FENGAL,2024-11-30 12:00:00,12.300000190734863,80.5,74.0999984741211
2024329N04089,FENGAL,2024-11-30 15:00:00,12.199999809265137,80.30000305175781,74.0999984741211
2024329N04089,FENGAL,2024-11-30 18:00:00,12.100000381469727,80.0999984741211,74.0999984741211
2024329N04089,FENGAL,2024-11-30 21:00:00,12.100000381469727,80.0,64.80000305175781
2024329N04089,FENGAL,2024-12-01 00:00:00,12.100000381469727,79.9000015258789,64.80000305175781
2024329N04089,FENGAL,2024-12-01 03:00:00,12.0,79.80000305175781,64.80000305175781
2024329N04089,FENGAL,2024-12-01 06:00:00,12.100000381469727,79.80000305175781,55.599998474121094
2024329N04089,FENGAL,2024-12-01 09:00:00,12.100000381469727,79.69999694824219,51.900001525878906
2024329N04089,FENGAL,2024-12-01 12:00:00,12.100000381469727,79.5,46.29999923706055
2024329N04089,FENGAL,2024-12-01 15:00:00,12.100000381469727,79.4000015258789,46.29999923706055
2024329N04089,FENGAL,2024-12-01 18:00:00,12.199999809265137,79.30000305175781,46.29999923706055
2024329N04089,FENGAL,2024-12-01 21:00:00,12.100000381469727,79.19999694824219,
2024329N04089,FENGAL,2024-12-02 00:00:00,12.100000381469727,79.0999984741211,
2024329N04089,FENGAL,2024-12-02 03:00:00,12.100000381469727,78.9000015258789,
2024329N04089,FENGAL,2024-12-02 06:00:00,12.199999809265137,78.5999984741211,
2024329N04089,FENGAL,2024-12-02 09:00:00,12.300000190734863,78.30000305175781,
2024329N04089,FENGAL,2024-12-02 12:00:00,12.5,77.9000015258789,
2024329N04089,FENGAL,2024-12-02 15:00:00,12.699999809265137,77.5,
2024329N04089,FENGAL,2024-12-02 18:00:00,12.899999618530273,76.9000015258789,
2024329N04089,FENGAL,2024-12-02 21:00:00,13.0,76.30000305175781,
2024329N04089,FENGAL,2024-12-03 00:00:00,13.100000381469727,75.5,
2024329N04089,FENGAL,2024-12-03 03:00:00,13.199999809265137,74.5999984741211,
2024329N04089,FENGAL,2024-12-03 06:00:00,13.300000190734863,73.69999694824219,
2024329N04089,FENGAL,2024-12-03 09:00:00,13.5,72.69999694824219,
2024329N04089,FENGAL,2024-12-03 12:00:00,13.5,71.80000305175781,
2024329N04089,FENGAL,2024-12-03 15:00:00,13.199999809265137,71.4000015258789,
2024329N04089,FENGAL,2024-12-03 18:00:00,12.800000190734863,71.19999694824219,
2024329N04089,FENGAL,2024-12-03 21:00:00,12.5,71.0,
2024329N04089,FENGAL,2024-12-04 00:00:00,12.300000190734863,70.9000015258789,
